{
    "rub2rsd": {
        "bank": {
            "current": 1.3231919222080162,
            "sparkline_full": "                 1.36             \n  ‚ĖĀ‚ĖĀ‚ĖĀ‚ĖĀ‚Ėā‚Ėā‚Ėā‚Ėā‚Ėā‚ĖÉ‚ĖĄ‚ĖÖ‚ĖÖ‚ĖÖ‚ĖÜ‚Ėá‚Ėą‚Ėą‚Ėą‚Ėą‚Ėą‚Ėą‚Ėą‚Ėą‚Ėą‚Ėą‚Ėą‚Ėą‚Ėá‚ĖÜ  \n 1.26                             "
        },
        "korona": {
            "current": 1.284124164473282,
            "diff_percent": -2.9525390141092847
        },
        "crypto": {
            "current": 1.3601627667847478,
            "diff_percent": 2.794065165923791
        },
        "forex": {
            "current": 1.3837261376834318,
            "diff_percent": 4.574862834289518
        }
    },
    "rub2eur": {
        "bank": {
            "current": 0.011355893708834885,
            "sparkline_full": "                 85.7             \n  ‚ĖĀ‚ĖĀ‚ĖĀ‚ĖĀ‚Ėā‚Ėā‚Ėā‚Ėā‚Ėā‚ĖÉ‚ĖĄ‚ĖÖ‚ĖÖ‚ĖÖ‚ĖÜ‚Ėá‚Ėą‚Ėą‚Ėą‚Ėą‚Ėą‚Ėá‚Ėá‚Ėá‚Ėą‚Ėą‚Ėą‚Ėą‚Ėą‚ĖÖ  \n  91.8                            "
        },
        "korona": {
            "current": 0.010987158626509364,
            "diff_percent": -3.247081134958543
        },
        "crypto": {
            "current": 0.011641509277735915,
            "diff_percent": 2.51513069974247
        },
        "forex": {
            "current": 0.011785826297399805,
            "diff_percent": 3.7859863749026847
        }
    },
    "rub2usd": {
        "bank": {
            "current": 0.013245033112582781,
            "sparkline_full": "                          73.7    \n  ‚ĖĀ‚ĖĀ‚Ėā‚Ėā‚Ėā‚ĖÉ‚ĖÉ‚ĖÉ‚ĖÉ‚ĖĄ‚ĖĄ‚ĖÖ‚ĖÖ‚ĖÖ‚ĖÜ‚Ėá‚Ėą‚Ėą‚Ėą‚Ėą‚Ėą‚Ėá‚Ėá‚Ėá‚Ėą‚Ėą‚Ėą‚Ėą‚Ėá‚ĖÖ  \n  78.5                            "
        },
        "korona": {
            "current": 0.01255662481557968,
            "diff_percent": -5.1974826423734095
        },
        "crypto": {
            "current": 0.013550339746352533,
            "diff_percent": 2.305065084961627
        },
        "forex": {
            "current": 0.01378175488597665,
            "diff_percent": 4.052249389123707
        }
    },
    "xdr": {
        "rub2xdr": {
            "current_rate": 0.009630368577969806,
            "sparkline": "‚ĖĀ‚ĖĀ‚ĖĀ‚ĖĀ‚ĖĀ‚ĖĀ‚ĖĀ‚ĖĀ‚Ėā‚Ėā‚Ėā‚Ėā‚ĖÉ‚ĖÉ‚ĖĄ‚ĖĄ‚ĖÖ‚ĖÜ‚Ėą‚ĖÜ‚ĖÖ‚ĖÖ‚ĖĄ‚ĖÖ‚ĖÖ‚ĖÖ‚ĖÖ‚ĖÖ‚ĖĄ‚ĖÉ"
        },
        "usd2xdr": {
            "current_rate": 0.701353,
            "sparkline": "‚ĖÉ‚ĖÉ‚ĖÉ‚ĖÉ‚ĖÉ‚ĖÉ‚Ėā‚Ėā‚Ėā‚ĖÉ‚ĖÉ‚ĖÉ‚ĖÉ‚ĖÉ‚ĖÉ‚ĖÉ‚ĖÉ‚ĖĄ‚Ėá‚ĖÖ‚ĖÉ‚ĖÉ‚ĖÉ‚ĖÉ‚ĖÉ‚ĖÉ‚ĖÉ‚ĖÉ‚ĖÉ‚ĖÉ"
        },
        "eur2xdr": {
            "current_rate": 0.8171144164999667,
            "sparkline": "‚ĖÉ‚ĖÉ‚ĖÉ‚ĖÉ‚ĖÉ‚ĖÉ‚ĖÉ‚ĖÉ‚ĖÉ‚ĖÉ‚ĖÉ‚ĖÉ‚ĖÉ‚ĖÉ‚ĖÉ‚ĖÉ‚ĖÉ‚ĖÉ‚ĖÜ‚ĖĄ‚ĖÉ‚ĖÉ‚ĖÉ‚ĖÉ‚ĖÉ‚ĖÉ‚ĖÉ‚ĖÉ‚ĖÉ‚ĖÉ"
        },
        "cny2xdr": {
            "current_rate": 0.1036706970969077,
            "sparkline": "‚Ėā‚Ėā‚ĖÉ‚Ėā‚ĖÉ‚ĖÉ‚Ėā‚Ėā‚Ėā‚ĖÉ‚ĖÉ‚ĖÉ‚ĖÉ‚ĖÉ‚ĖÉ‚ĖÉ‚ĖÉ‚ĖĄ‚Ėá‚ĖÖ‚ĖÉ‚ĖÉ‚ĖÉ‚ĖÉ‚ĖÉ‚ĖÉ‚ĖÉ‚ĖÉ‚ĖÉ‚ĖĄ"
        },
        "rsd2xdr": {
            "current_rate": 0.00695973597354496,
            "sparkline": "‚ĖÉ‚ĖÉ‚ĖÉ‚ĖÉ‚ĖÉ‚ĖĄ‚ĖÉ‚ĖÉ‚ĖÉ‚ĖÉ‚ĖÉ‚ĖÉ‚ĖÉ‚ĖÉ‚ĖÉ‚ĖÉ‚ĖÉ‚ĖĄ‚ĖÜ‚ĖĄ‚ĖÉ‚ĖÉ‚ĖÉ‚ĖÉ‚ĖÉ‚ĖÉ‚ĖÉ‚ĖÉ‚ĖÉ‚ĖÉ"
        }
    },
    "neer": {
        "rub": {
            "current_rate": 106.22714973738617,
            "sparkline": "‚Ėā‚ĖĀ‚ĖĀ‚ĖĀ‚Ėā‚Ėā‚Ėā‚Ėā‚Ėā‚ĖÉ‚ĖĄ‚ĖÖ‚ĖÖ‚ĖÖ‚ĖÖ‚ĖÜ‚Ėą‚Ėą‚Ėą‚Ėá‚Ėá‚Ėą‚Ėá‚ĖÜ‚Ėą‚Ėá‚Ėá‚Ėá‚Ėá‚ĖÜ"
        },
        "usd": {
            "current_rate": 102.27867360275572,
            "sparkline": "‚ĖÖ‚ĖÖ‚ĖĄ‚ĖĄ‚ĖĄ‚ĖĄ‚ĖĄ‚ĖĄ‚ĖĄ‚ĖĄ‚ĖĄ‚ĖÖ‚ĖÖ‚ĖÖ‚ĖÖ‚ĖÖ‚ĖÖ‚ĖÖ‚ĖÖ‚ĖÖ‚ĖÖ‚ĖĄ‚ĖÖ‚ĖÖ‚ĖÖ‚ĖÖ‚ĖÖ‚ĖÖ‚ĖÖ‚ĖÖ"
        },
        "eur": {
            "current_rate": 109.04935897256821,
            "sparkline": "‚ĖÖ‚ĖÖ‚ĖÖ‚ĖÖ‚ĖÖ‚ĖÖ‚ĖÖ‚ĖÖ‚ĖÖ‚ĖÖ‚ĖÖ‚ĖĄ‚ĖĄ‚ĖĄ‚ĖÖ‚ĖĄ‚ĖĄ‚ĖĄ‚ĖĄ‚ĖĄ‚ĖĄ‚ĖĄ‚ĖĄ‚ĖĄ‚ĖĄ‚ĖĄ‚ĖĄ‚ĖĄ‚ĖĄ‚ĖĄ"
        },
        "cny": {
            "current_rate": 111.92828289598941,
            "sparkline": "‚ĖĄ‚ĖĄ‚ĖĄ‚ĖĄ‚ĖĄ‚ĖÉ‚ĖÉ‚ĖĄ‚ĖÖ‚ĖÖ‚ĖÖ‚ĖÖ‚ĖĄ‚ĖĄ‚ĖÖ‚ĖÜ‚ĖÜ‚ĖÜ‚ĖÜ‚ĖÖ‚ĖÖ‚ĖÜ‚ĖÜ‚ĖÖ‚ĖÖ‚ĖÖ‚ĖÖ‚ĖÖ‚ĖÖ‚ĖÖ"
        },
        "rsd": {
            "current_rate": 109.39399688600847,
            "sparkline": "‚Ėá‚ĖÜ‚ĖÜ‚ĖÜ‚ĖÜ‚ĖÉ‚ĖÉ‚ĖÜ‚Ėá‚Ėá‚ĖÜ‚ĖÜ‚Ėā‚Ėā‚ĖÜ‚ĖÜ‚ĖÜ‚ĖÜ‚ĖÜ‚ĖÉ‚Ėā‚ĖÜ‚ĖÜ‚Ėā‚Ėā‚Ėā‚Ėā‚Ėā‚Ėā‚Ėā"
        }
    },
    "specific_rates": {
        "rub_kzt_bank": 6.53,
        "rub_kzt_crypto": 6.6938678346981515,
        "kzt_rsd_bank": 0.20319534241985554,
        "rsd_eur_cash": 0.008456659619450317,
        "eur_rsd_cash": 116.875,
        "rsd_usd_cash": 0.009778357235984355,
        "usd_rsd_cash": 99.0,
        "eur_usd_exch": 1.165054425517488,
        "usd_kzt_bank": 487.0
    },
    "update_time": "2026-06-02 17:35:45",
    "update_time_display": "02.06 17:35"
}