{
    "rub2rsd": {
        "bank": {
            "current": 1.203992997965132,
            "sparkline_full": "                 1.22             \n  ▁▂▃▂▁▁▁▁▃▅▅▅▅▅▇██▅▄▄▄▄▄▆▅▄▄▄▆▆  \n       1.16                       "
        },
        "korona": {
            "current": 1.1757902856619509,
            "diff_percent": -2.342431588127718
        },
        "crypto": {
            "current": 1.2303582312456476,
            "diff_percent": 2.189816163804558
        },
        "forex": {
            "current": 1.2701273154432444,
            "diff_percent": 5.4929154563096265
        }
    },
    "rub2eur": {
        "bank": {
            "current": 0.010384215991692628,
            "sparkline_full": "                95.0              \n  ▁▂▃▂▁▁▁▂▃▄▅▅▅▅▇██▄▃▃▄▅▄▅▄▃▃▃▆▆  \n 100                              "
        },
        "korona": {
            "current": 0.010071008870766174,
            "diff_percent": -3.0161845745217515
        },
        "crypto": {
            "current": 0.0105667585466261,
            "diff_percent": 1.7578848040093304
        },
        "forex": {
            "current": 0.010834315463925619,
            "diff_percent": 4.3344579176037055
        }
    },
    "rub2usd": {
        "bank": {
            "current": 0.012109469605231292,
            "sparkline_full": "                 81.4             \n  ▁▃▄▃▂▂▁▂▃▄▄▄▄▄▆▇█▅▃▃▄▄▃▅▄▃▃▃▅▆  \n       85.2                       "
        },
        "korona": {
            "current": 0.011496762117102467,
            "diff_percent": -5.059738436967831
        },
        "crypto": {
            "current": 0.012298368885738011,
            "diff_percent": 1.5599302584244903
        },
        "forex": {
            "current": 0.012528596521560461,
            "diff_percent": 3.4611500750462807
        }
    },
    "xdr": {
        "rub2xdr": {
            "current_rate": 0.008838411926724894,
            "sparkline": "▁▁▂▁▁▁▁▁▃▄▅▄▅▅▇█▇▅▄▄▄▄▄▄▅▇▇▆▇█"
        },
        "usd2xdr": {
            "current_rate": 0.700447,
            "sparkline": "▄▄▄▃▃▄▄▄▅▅▆▅▅▅▆▅▅▅▅▅▄▅▅▅▅▅▅▅▅▅"
        },
        "eur2xdr": {
            "current_rate": 0.8157794515171386,
            "sparkline": "▅▅▅▄▄▄▄▄▄▄▅▄▄▄▄▅▅▅▅▅▄▄▄▄▅▅▄▅▅▄"
        },
        "cny2xdr": {
            "current_rate": 0.09864617074613413,
            "sparkline": "▄▄▄▃▄▄▄▄▅▅▆▅▅▅▅▅▅▅▄▄▄▅▅▅▅▅▅▅▅▅"
        },
        "rsd2xdr": {
            "current_rate": 0.006958681873273858,
            "sparkline": "▅▅▅▄▄▅▄▄▄▄▅▄▄▄▅▅▅▅▅▅▄▄▄▄▄▄▄▄▅▄"
        }
    },
    "neer": {
        "rub": {
            "current_rate": 97.08338077232214,
            "sparkline": "▁▁▃▄▂▂▄▁▃▄▄▄▄▄▆▇██▄▄█▄▄▄▄▇▇▇██"
        },
        "usd": {
            "current_rate": 103.97405090065689,
            "sparkline": "▄▄▄▄▄▄▄▄▅▄▅▅▅▅▅▅▅▄▄▄▄▅▅▅▅▅▅▅▄▄"
        },
        "eur": {
            "current_rate": 110.330357838757,
            "sparkline": "▅▅▅▅▅▅▄▅▄▄▄▄▄▄▄▄▄▅▄▄▄▄▄▄▄▄▄▄▄▄"
        },
        "cny": {
            "current_rate": 105.75186212519657,
            "sparkline": "▄▄▄▄▄▄▄▅▅▅▅▅▅▅▅▅▅▅▅▅▅▅▅▅▅▅▅▅▅▅"
        },
        "rsd": {
            "current_rate": 110.30451417224111,
            "sparkline": "▅▅▅▅▅▅▅▅▄▅▄▅▅▅▅▄▅▅▄▄▄▄▄▄▄▄▄▄▄▄"
        }
    },
    "update_time": "2025-10-29 05:20:49",
    "update_time_display": "29.10 05:20"
}