{
    "rub2rsd": {
        "bank": {
            "current": 1.2298137402279086,
            "sparkline_full": "     1.26                         \n  ▅▅▃▇██▇▇▃▂ ▄▅▅  ▄▄▃▃▃▂▁▁▁▁▁▁▂▃  \n                       1.22       "
        },
        "korona": {
            "current": 1.1903460193036592,
            "diff_percent": -3.209243776779985
        },
        "crypto": {
            "current": 1.235997287303222,
            "diff_percent": 0.5028035443942422
        },
        "forex": {
            "current": 1.2915929266991346,
            "diff_percent": 5.023458793018295
        }
    },
    "rub2eur": {
        "bank": {
            "current": 0.010615711252653927,
            "sparkline_full": "     92.2                         \n  ▄▄▃▇███▆▃▂▃▄▄▄▄▄▄▅▄▃▃▁▁▁▁▁▁▁▂▃  \n                        95.4      "
        },
        "korona": {
            "current": 0.010184778774790668,
            "diff_percent": -4.059383941471905
        },
        "crypto": {
            "current": 0.010709509968002332,
            "diff_percent": 0.8835838985819714
        },
        "forex": {
            "current": 0.01099899591064107,
            "diff_percent": 3.61054147823889
        }
    },
    "rub2usd": {
        "bank": {
            "current": 0.01257071024512885,
            "sparkline_full": "     78.6                         \n  ▂▂▂▆▇▇▇▆▅▆▇▇▇▇▅▅▄▅▄▄▄▂▃▃▃▃▃▃▄▅  \n 80.7                             "
        },
        "korona": {
            "current": 0.011829945531519294,
            "diff_percent": -5.892783296764022
        },
        "crypto": {
            "current": 0.01265669359854821,
            "diff_percent": 0.6839975764510031
        },
        "forex": {
            "current": 0.013051405571122983,
            "diff_percent": 3.8239313182833237
        }
    },
    "xdr": {
        "rub2xdr": {
            "current_rate": 0.008962644601841391,
            "sparkline": "▄▄▄▇███▅▃▃▃▅▅▄▃▄▄▄▄▃▃▃▂▁▁▂▄▂▂▃"
        },
        "usd2xdr": {
            "current_rate": 0.688759,
            "sparkline": "█▇▇▆▅▅▄▃▃▃▁▂▃▃▃▄▄▄▅▄▄▄▃▃▃▃▃▃▃▄"
        },
        "eur2xdr": {
            "current_rate": 0.8148602540319527,
            "sparkline": "▄▅▅▄▄▆▅▄▅▆▄▄▄▄▃▄▄▄▄▄▄▅▅▄▄▄▄▄▄▄"
        },
        "cny2xdr": {
            "current_rate": 0.09969444323823586,
            "sparkline": "▇▇▇▆▅▅▄▃▃▃▂▂▃▃▃▅▄▅▅▄▄▅▅▄▄▅▅▄▅▅"
        },
        "rsd2xdr": {
            "current_rate": 0.0069392177802853235,
            "sparkline": "▄▅▅▄▄▅▅▄▅▆▄▄▄▄▃▄▄▄▄▄▄▅▅▄▄▄▄▄▄▄"
        }
    },
    "neer": {
        "rub": {
            "current_rate": 98.68661121380974,
            "sparkline": "▂▃▃▄███▇▆▃▄▆▆▇▇▄▄▄▆▅▄▄▁▂▂▂▅▃▃▄"
        },
        "usd": {
            "current_rate": 101.39396093734389,
            "sparkline": "▇▆▆▆▅▄▄▄▃▂▂▃▄▄▄▄▄▄▄▄▄▃▃▂▂▃▂▂▂▃"
        },
        "eur": {
            "current_rate": 110.20871840976461,
            "sparkline": "▃▄▅▄▄▄▄▅▅▆▆▅▄▄▅▄▄▄▄▄▄▅▅▅▄▄▄▄▄▄"
        },
        "cny": {
            "current_rate": 107.62866862108778,
            "sparkline": "▇▆▆▆▅▄▄▄▃▂▃▃▄▄▅▅▅▅▅▅▅▅▅▄▄▅▄▄▄▅"
        },
        "rsd": {
            "current_rate": 110.21937465368097,
            "sparkline": "▄▃▄▄▄▄▄▅▄▆▅▅▅▅▅▅▅▃▆▅▅▄▄▅▅▅▄▄▅▅"
        }
    },
    "specific_rates": {
        "rub_kzt_bank": 6.21,
        "rub_kzt_crypto": 6.265063331281364,
        "kzt_rsd_bank": 0.19728408508369047,
        "rsd_eur_cash": 0.008450406675821273,
        "eur_rsd_cash": 116.875,
        "rsd_usd_cash": 0.009938240931355148,
        "usd_rsd_cash": 96.72142857142856,
        "eur_usd_exch": 1.1830847277958658,
        "usd_kzt_bank": 488.0
    },
    "update_time": "2026-02-17 15:37:09",
    "update_time_display": "17.02 15:37"
}