{
    "rub2rsd": {
        "bank": {
            "current": 1.2240712402175449,
            "sparkline_full": "                       1.24       \n           ▁▁▂▁▁▃▅▆▇▆▆▅▆██▇▆▆▇▅▃  \n          1.21                    "
        },
        "korona": {
            "current": 1.1764609789866864,
            "diff_percent": -3.889500844934239
        },
        "crypto": {
            "current": 1.2438552110693941,
            "diff_percent": 1.6162434180165188
        },
        "forex": {
            "current": 1.2714109756364909,
            "diff_percent": 3.867400349225806
        }
    },
    "rub2eur": {
        "bank": {
            "current": 0.010565240359218171,
            "sparkline_full": "                        93.4      \n           ▂▁▂▂▂▂▄▅▆▇▇▅▆▇█▆▆▆▆▅▄  \n           95.5                   "
        },
        "korona": {
            "current": 0.010079631406425989,
            "diff_percent": -4.596288738178004
        },
        "crypto": {
            "current": 0.01062595837688305,
            "diff_percent": 0.5746960371980847
        },
        "forex": {
            "current": 0.010852250669006505,
            "diff_percent": 2.7165525821465875
        }
    },
    "rub2usd": {
        "bank": {
            "current": 0.01235941169200346,
            "sparkline_full": "                    80.1          \n           ▃▃▄▄▄▄▅▆▆▆▆▅▅▆▆▄▄▄▅▄▃  \n           81.0                   "
        },
        "korona": {
            "current": 0.011624288027252176,
            "diff_percent": -5.947885571502641
        },
        "crypto": {
            "current": 0.012405188616733235,
            "diff_percent": 0.37038109798860547
        },
        "forex": {
            "current": 0.01280603215338553,
            "diff_percent": 3.613606153042326
        }
    },
    "xdr": {
        "rub2xdr": {
            "current_rate": 0.008889531805567473,
            "sparkline": "         ▂▇████▁▂▂▁▁▁▂▂▂▂▂▁▂▁▁"
        },
        "usd2xdr": {
            "current_rate": 0.697858,
            "sparkline": "         ▃█████▁▁▁▁▁▁▁▂▂▂▂▂▂▁▁"
        },
        "eur2xdr": {
            "current_rate": 0.8191417685324519,
            "sparkline": "         ▃█████▁▁▁▁▁▁▁▁▁▁▁▁▁▁▁"
        },
        "cny2xdr": {
            "current_rate": 0.09726515024809053,
            "sparkline": "         ▃█████▁▁▁▁▁▁▁▂▂▂▂▂▂▁▁"
        },
        "rsd2xdr": {
            "current_rate": 0.006991863351751558,
            "sparkline": "         ▃█████▁▁▁▁▁▁▁▁▁▁▁▁▁▁▁"
        }
    },
    "neer": {
        "rub": {
            "current_rate": 97.49619750812039,
            "sparkline": "▆▆▅▄▄▄▄▁▃▁▁▂▁▂▂▅▅▇▆▆▇▇█▇█▆▆▅▆▃"
        },
        "usd": {
            "current_rate": 103.32575792102865,
            "sparkline": "▆▆▅▄▄▄▄▂▄▃▃▃▃▄▄▅▅▅▅▅▅▆▇▆▆▆▆▆▅▄"
        },
        "eur": {
            "current_rate": 110.66350420065537,
            "sparkline": "▃▃▄▄▄▅▅▆▅▆▆▆▆▅▅▅▅▅▅▅▅▅▅▅▅▅▅▅▅▆"
        },
        "cny": {
            "current_rate": 103.32622648920409,
            "sparkline": "▅▅▄▄▄▄▄▂▃▃▃▃▃▄▄▅▅▅▅▅▆▆▆▆▆▆▇▇▆▅"
        },
        "rsd": {
            "current_rate": 110.57014175586373,
            "sparkline": "▃▄▄▃▄▄▄▄▆▅▅▄▄▆▅▅▅▄▄▄▄▄▄▄▄▄▄▄▄▅"
        }
    },
    "update_time": "2025-07-23 05:20:44",
    "update_time_display": "23.07 05:20"
}