{
    "rub2rsd": {
        "bank": {
            "current": 1.326620191066357,
            "sparkline_full": "    1.35                          \n  ▇▇▇██▇▇▆▅▃▁▂▃▃▄▆▇▆▆▅▅▅▆ ▃   ▆▄  \n           1.30                   "
        },
        "korona": {
            "current": 1.270389000648819,
            "diff_percent": -4.238680429877871
        },
        "crypto": {
            "current": 1.421879207645753,
            "diff_percent": 7.180579431919035
        },
        "forex": {
            "current": 1.3839014746452916,
            "diff_percent": 4.317835953702086
        }
    },
    "rub2eur": {
        "bank": {
            "current": 0.011305822498586773,
            "sparkline_full": "     85.8                         \n  ▇▆▆████▇▅▃▁▂▂▂▃▆▆▆▆▅▅▅▆ ▅▅▅▅▅▃  \n           89.4                   "
        },
        "korona": {
            "current": 0.0108704135822774,
            "diff_percent": -3.851191864756396
        },
        "crypto": {
            "current": 0.012051959256930906,
            "diff_percent": 6.5995796275538625
        },
        "forex": {
            "current": 0.01179030708802673,
            "diff_percent": 4.285266193596422
        }
    },
    "rub2usd": {
        "bank": {
            "current": 0.012909888974954816,
            "sparkline_full": "     73.7                         \n  ▇▇▇█████▆▃▂▂▃▃▃▅▆▆▆▅▅▅▆ ▄▃▃▃▃▁  \n                              77.5"
        },
        "korona": {
            "current": 0.012187154649355514,
            "diff_percent": -5.598300086092192
        },
        "crypto": {
            "current": 0.013735056523189352,
            "diff_percent": 6.391747828624713
        },
        "forex": {
            "current": 0.013556564766488172,
            "diff_percent": 5.009150681217371
        }
    },
    "xdr": {
        "rub2xdr": {
            "current_rate": 0.009614783732517779,
            "sparkline": "▅▄▅▆▆▅▅▄▃▁▁▁▁▁▂▄▅▅▄▃▃▃▄ ▂▂██▂▂"
        },
        "usd2xdr": {
            "current_rate": 0.713895,
            "sparkline": "▁▁▁▁▁▁▁▁▁▁▁▁▁▁▃▃▃▂▂▂▂▂▂ ▂▂██▃▄"
        },
        "eur2xdr": {
            "current_rate": 0.815482044762156,
            "sparkline": "▃▃▃▃▃▃▃▃▃▃▃▃▂▂▃▃▃▃▃▃▃▃▃ ▁▁█▇▃▃"
        },
        "cny2xdr": {
            "current_rate": 0.10530822675576404,
            "sparkline": "▁▁▁▁▁▁▁▁▁▁▁▁▁▁▃▃▃▂▂▂▂▂▂ ▂▂██▃▄"
        },
        "rsd2xdr": {
            "current_rate": 0.006947592663691719,
            "sparkline": "▃▃▃▃▃▃▃▃▃▃▃▃▂▂▃▃▃▃▃▃▃▃▃ ▁▁█▇▃▃"
        }
    },
    "neer": {
        "rub": {
            "current_rate": 104.25762493771218,
            "sparkline": "█▇▆█▇▇▇▇▆▅▃▁▂▂▁▃▇▇▆▄▄▆▅▄▄▄▄▄▄▂"
        },
        "usd": {
            "current_rate": 103.46445112224286,
            "sparkline": "▃▃▃▄▃▄▄▃▃▄▄▄▅▅▄▄▅▄▄▄▄▄▄▄▅▆▅▆▆▆"
        },
        "eur": {
            "current_rate": 108.41336412243339,
            "sparkline": "▅▅▅▅▅▅▅▅▅▅▅▅▄▄▅▅▅▅▅▄▅▅▅▅▄▄▄▄▄▄"
        },
        "cny": {
            "current_rate": 112.94011879602259,
            "sparkline": "▄▄▄▄▄▃▃▅▅▅▅▅▅▅▆▆▆▆▆▄▄▅▅▄▄▅▅▅▅▅"
        },
        "rsd": {
            "current_rate": 109.18826716706775,
            "sparkline": "▇▇▇▇▇▂▂▇▇█▇▇▂▂▇▇▇▇▇▂▂▇▇▂▂▁▂▂▂▂"
        }
    },
    "specific_rates": {
        "rub_kzt_bank": 6.32,
        "rub_kzt_crypto": 6.737045224624377,
        "kzt_rsd_bank": 0.2110538315,
        "rsd_eur_cash": 0.008456659619450317,
        "eur_rsd_cash": 116.86666666666667,
        "rsd_usd_cash": 0.009593246354566385,
        "usd_rsd_cash": 100.41,
        "eur_usd_exch": 1.1422997006032485,
        "usd_kzt_bank": 483.5
    },
    "conversion_rates": {
        "rub_usd": {
            "rub_to_usd": [
                0.012909888974954816,
                0.01277139208173691
            ],
            "usd_to_rub": [
                72.56,
                73.7
            ]
        },
        "rub_eur": {
            "rub_to_eur": [
                0.011305822498586773,
                0.011273957158962795
            ],
            "eur_to_rub": [
                82.76,
                83.6
            ]
        },
        "rub_kzt": {
            "rub_to_kzt": [
                6.32,
                6.211180124223603
            ],
            "kzt_to_rub": [
                0.14992503748125938,
                0.151
            ]
        },
        "rub_rsd": {
            "rub_to_rsd": [
                1.4015165914
            ],
            "rsd_to_rub": [
                0.7135127804666815
            ]
        },
        "usd_eur": {
            "usd_to_eur": [
                0.8688852202624033
            ],
            "eur_to_usd": [
                1.1309
            ]
        },
        "usd_kzt": {
            "usd_to_kzt": [
                483.5
            ],
            "kzt_to_usd": [
                0.0020387359836901123
            ]
        },
        "usd_rsd": {
            "usd_to_rsd": [
                102.76
            ],
            "rsd_to_usd": [
                0.009731413001167769
            ]
        },
        "eur_kzt": {
            "eur_to_kzt": [
                552.0
            ],
            "kzt_to_eur": [
                0.0017889087656529517
            ]
        },
        "eur_rsd": {
            "eur_to_rsd": [
                117.9272580315
            ],
            "rsd_to_eur": [
                0.008479803708595397
            ]
        },
        "kzt_rsd": {
            "kzt_to_rsd": [
                0.2110538315
            ],
            "rsd_to_kzt": [
                4.7381276752608965
            ]
        },
        "eur_usd_forex": {
            "eur_to_usd": [
                1.1422997006032485
            ],
            "usd_to_eur": [
                0.875427
            ]
        }
    },
    "update_time": "2026-06-23 12:21:06",
    "update_time_display": "23.06 12:21"
}