{
    "rub2rsd": {
        "bank": {
            "current": 1.1838191357658912,
            "sparkline_full": "                    1.22          \n  ▁▁▁▂▃▄▃▂▂▁▂▃▅▅▅▅▅▇██▅▄▄▄▅▅▆▆▄▄  \n  1.15                            "
        },
        "korona": {
            "current": 1.1503579071360746,
            "diff_percent": -2.8265490579494905
        },
        "crypto": {
            "current": 1.3289334491869222,
            "diff_percent": 12.25814898887802
        },
        "forex": {
            "current": 1.2666215593707983,
            "diff_percent": 6.994516400627095
        }
    },
    "rub2eur": {
        "bank": {
            "current": 0.010183299389002037,
            "sparkline_full": "                   95.0           \n  ▁▁▁▂▃▄▃▂▂▂▃▄▄▅▆▆▅▇██▅▄▄▅▅▅▅▅▄▄  \n  101                             "
        },
        "korona": {
            "current": 0.009853172652129118,
            "diff_percent": -3.241844556092061
        },
        "crypto": {
            "current": 0.011405533915791407,
            "diff_percent": 12.002343053071613
        },
        "forex": {
            "current": 0.010820890362556328,
            "diff_percent": 6.261143360303141
        }
    },
    "rub2usd": {
        "bank": {
            "current": 0.011865211200759373,
            "sparkline_full": "                    81.4          \n  ▁▁▁▂▄▅▄▃▃▂▃▃▄▄▅▅▅▆██▅▄▄▅▅▄▅▅▄▄  \n  86.1                            "
        },
        "korona": {
            "current": 0.01129278050199026,
            "diff_percent": -4.82444592922608
        },
        "crypto": {
            "current": 0.01326249410929676,
            "diff_percent": 11.7763003531531
        },
        "forex": {
            "current": 0.012350054895994013,
            "diff_percent": 4.086262663437541
        }
    },
    "xdr": {
        "rub2xdr": {
            "current_rate": 0.008812878435661798,
            "sparkline": "▁▁▁▂▂▃▂▂▂▂▂▄▅▅▅▅▆▇█▇▅▅▅▅▅▄▅▆▇▇"
        },
        "usd2xdr": {
            "current_rate": 0.701673,
            "sparkline": "▄▄▄▄▄▄▄▄▄▄▄▅▅▅▅▅▅▅▅▅▅▅▅▄▅▅▅▅▅▅"
        },
        "eur2xdr": {
            "current_rate": 0.8144319127524958,
            "sparkline": "▅▄▅▅▅▅▄▄▄▄▄▄▄▅▄▄▄▄▅▅▅▅▅▄▄▄▄▅▅▄"
        },
        "cny2xdr": {
            "current_rate": 0.09852812941003013,
            "sparkline": "▄▄▄▄▄▄▄▄▄▄▄▅▅▅▅▅▅▅▅▅▅▄▄▄▅▅▅▅▅▅"
        },
        "rsd2xdr": {
            "current_rate": 0.0069577833808858,
            "sparkline": "▄▄▅▅▅▅▄▄▅▄▄▄▄▅▄▄▄▅▅▅▅▅▅▄▄▄▄▄▄▄"
        }
    },
    "neer": {
        "rub": {
            "current_rate": 96.47130160116319,
            "sparkline": "▁▁▁▁▂▃▄▂▂▅▂▄▄▅▅▄▅▆▇██▅▅█▅▅▅▅▇▇"
        },
        "usd": {
            "current_rate": 104.28348393033923,
            "sparkline": "▄▄▄▄▄▄▄▄▄▄▄▅▄▅▅▅▅▅▅▅▄▄▄▄▅▅▅▅▅▅"
        },
        "eur": {
            "current_rate": 110.37053640825445,
            "sparkline": "▅▅▅▅▅▅▅▅▅▄▅▄▄▄▄▄▄▄▄▄▅▄▄▄▄▄▄▄▄▄"
        },
        "cny": {
            "current_rate": 105.74208071777376,
            "sparkline": "▄▄▄▄▄▄▄▄▄▄▅▅▅▅▅▅▅▅▅▅▅▅▅▅▅▅▅▅▅▅"
        },
        "rsd": {
            "current_rate": 110.37547076032696,
            "sparkline": "▅▅▅▅▅▅▅▅▅▅▅▄▅▄▅▅▅▅▄▅▅▄▄▄▄▄▄▄▄▄"
        }
    },
    "update_time": "2025-10-26 19:20:44",
    "update_time_display": "26.10 19:20"
}