{
    "rub2rsd": {
        "bank": {
            "current": 1.1469999423802766,
            "sparkline_full": "  1.21                            \n  █████▇▇▇▆▇██▆▆▅▇▆▇▆▆▆▆▅▆▅▅▃▃▃▁  \n                              1.15"
        },
        "korona": {
            "current": 1.1113210537512916,
            "diff_percent": -3.110626889391417
        },
        "crypto": {
            "current": 1.1637111102983053,
            "diff_percent": 1.456945837621351
        },
        "forex": {
            "current": 1.1950979381301654,
            "diff_percent": 4.193373859293744
        }
    },
    "rub2eur": {
        "bank": {
            "current": 0.009881422924901186,
            "sparkline_full": "  95.8                            \n  ████▇▇▇▇▇▇▇▇▆▆▆▇▇▇▆▆▆▆▆▆▅▄▃▃▃▁  \n                              101 "
        },
        "korona": {
            "current": 0.009518809882238044,
            "diff_percent": -3.6696439917509927
        },
        "crypto": {
            "current": 0.009974511798131937,
            "diff_percent": 0.9420593970952046
        },
        "forex": {
            "current": 0.010203601536787597,
            "diff_percent": 3.260447552290476
        }
    },
    "rub2usd": {
        "bank": {
            "current": 0.01162655505173817,
            "sparkline_full": "           82.0                   \n  ▇▇██▇▇▇▇▆▇█▇▆▆▆▆▆▆▆▆▆▆▆▅▅▄▄▄▄▁  \n                              86.0"
        },
        "korona": {
            "current": 0.01081972548376577,
            "diff_percent": -6.939541114130615
        },
        "crypto": {
            "current": 0.011712424882514517,
            "diff_percent": 0.7385664145073656
        },
        "forex": {
            "current": 0.012013094272757305,
            "diff_percent": 3.3246238399855828
        }
    },
    "xdr": {
        "rub2xdr": {
            "current_rate": 0.008286081826042211,
            "sparkline": "███████▇▆▆▆▇▇▆▆▆▇▇▆▇▇▇▆▆▅▅▅▅▄▁"
        },
        "usd2xdr": {
            "current_rate": 0.693539,
            "sparkline": "▅▅▅▅▅▆▅▄▄▄▅▅▅▄▄▅▅▅▅▄▄▄▄▄▄▅▄▄▄▃"
        },
        "eur2xdr": {
            "current_rate": 0.8120742265530412,
            "sparkline": "▄▄▅▅▅▆▅▄▄▄▄▄▅▄▄▄▄▄▄▄▄▄▄▃▄▅▄▄▄▄"
        },
        "cny2xdr": {
            "current_rate": 0.09738664607175455,
            "sparkline": "▄▅▅▅▅▅▄▄▄▄▄▅▅▄▄▅▅▅▅▅▅▅▅▅▅▅▅▄▄▄"
        },
        "rsd2xdr": {
            "current_rate": 0.006933391449914562,
            "sparkline": "▄▄▅▅▅▅▅▄▄▄▄▄▅▄▄▄▄▄▄▄▄▄▄▄▄▅▄▄▄▄"
        }
    },
    "neer": {
        "rub": {
            "current_rate": 92.60918407454983,
            "sparkline": "█▇▆▇▇▆▆▇▆▆▆▆▅▅▆▅▆▅▆▆▆▅▆▆▅▄▄▄▄▁"
        },
        "usd": {
            "current_rate": 103.45713142476674,
            "sparkline": "▅▅▄▄▄▅▄▅▅▅▅▅▄▄▄▅▅▄▄▄▄▄▅▅▅▅▄▄▄▄"
        },
        "eur": {
            "current_rate": 110.94346612479137,
            "sparkline": "▄▄▅▄▅▅▅▄▅▄▄▄▅▅▅▄▄▄▄▄▄▅▄▄▄▄▅▅▅▅"
        },
        "cny": {
            "current_rate": 104.35196725611736,
            "sparkline": "▄▄▄▄▄▄▄▄▄▄▄▅▄▄▄▅▅▅▅▅▅▅▅▅▅▅▅▅▅▅"
        },
        "rsd": {
            "current_rate": 110.82014570553432,
            "sparkline": "▅▅▄▅▄▅▅▅▄▄▅▄▅▅▅▄▅▄▅▄▄▅▄▄▄▄▅▅▅▅"
        }
    },
    "update_time": "2025-09-09 20:50:43",
    "update_time_display": "09.09 20:50"
}