{
    "rub2rsd": {
        "bank": {
            "current": 1.1842476369337755,
            "sparkline_full": "                             1.22 \n  ▁▁▁▁▁▁▁▁▂▂▂▂▃▄▄▄▃▃▂▃▄▅▆▅▅▆▇██▅  \n       1.14                       "
        },
        "korona": {
            "current": 1.1468612669281721,
            "diff_percent": -3.156972312176469
        },
        "crypto": {
            "current": 1.3028026773221417,
            "diff_percent": 10.011000798390945
        },
        "forex": {
            "current": 1.2363281767538048,
            "diff_percent": 4.397774434650753
        }
    },
    "rub2eur": {
        "bank": {
            "current": 0.010182262498727218,
            "sparkline_full": "                            95.0  \n  ▁▁▁▁▁▁▁▁▁▂▂▂▃▃▄▃▃▃▃▃▄▅▆▆▆▆▇██▅  \n      102                         "
        },
        "korona": {
            "current": 0.00982021879938496,
            "diff_percent": -3.5556311712403232
        },
        "crypto": {
            "current": 0.01114136700642037,
            "diff_percent": 9.419365370054445
        },
        "forex": {
            "current": 0.01055525002637168,
            "diff_percent": 3.663110508996252
        }
    },
    "rub2usd": {
        "bank": {
            "current": 0.011920371915603767,
            "sparkline_full": "                             81.4 \n  ▂▂▂▂▁▂▁▁▁▁▁▂▃▄▅▄▃▃▃▃▄▅▄▅▅▅▆▇█▄  \n         86.2                     "
        },
        "korona": {
            "current": 0.011257928577334462,
            "diff_percent": -5.557237164741203
        },
        "crypto": {
            "current": 0.013017156826187723,
            "diff_percent": 9.200928614888802
        },
        "forex": {
            "current": 0.012348209633085298,
            "diff_percent": 3.5891306119525646
        }
    },
    "xdr": {
        "rub2xdr": {
            "current_rate": 0.0086302129061465,
            "sparkline": "▁▁▁▁▁▁▁▁▁▁▂▂▂▃▃▃▃▃▂▃▄▅▆▅▆▆▇██▅"
        },
        "usd2xdr": {
            "current_rate": 0.700567,
            "sparkline": "▃▄▄▄▄▄▄▄▄▅▄▄▄▄▄▄▄▄▄▄▅▅▆▅▅▅▆▅▅▅"
        },
        "eur2xdr": {
            "current_rate": 0.817622783409622,
            "sparkline": "▄▄▄▅▅▅▅▄▄▅▅▅▅▅▅▄▅▅▄▄▄▄▅▅▅▄▅▅▅▅"
        },
        "cny2xdr": {
            "current_rate": 0.0983389949466592,
            "sparkline": "▃▄▄▄▄▄▄▄▄▄▄▄▄▄▄▄▄▄▄▄▅▅▆▅▅▅▅▅▅▅"
        },
        "rsd2xdr": {
            "current_rate": 0.006980519467579091,
            "sparkline": "▄▄▄▄▅▅▅▄▄▅▅▅▅▅▅▄▅▅▄▄▄▄▅▅▅▄▅▅▅▅"
        }
    },
    "neer": {
        "rub": {
            "current_rate": 95.58571540411072,
            "sparkline": "▂▂▁▁▂▁▂▁▂▂▂▁▂▃▄▅▃▃▅▃▄▅▅▅▅▅▆██▆"
        },
        "usd": {
            "current_rate": 103.98845564993142,
            "sparkline": "▄▄▄▄▄▄▄▄▅▄▄▄▄▄▄▄▄▄▅▅▅▅▅▅▅▅▅▅▅▅"
        },
        "eur": {
            "current_rate": 110.74994247257099,
            "sparkline": "▅▅▅▅▅▅▅▅▅▅▅▅▅▅▅▅▅▅▄▄▄▄▄▄▄▄▄▄▄▅"
        },
        "cny": {
            "current_rate": 105.1916710212628,
            "sparkline": "▄▄▄▄▄▄▄▄▄▄▄▄▄▄▄▄▄▄▅▅▅▅▅▅▅▅▅▅▅▅"
        },
        "rsd": {
            "current_rate": 110.62570627241759,
            "sparkline": "▄▅▄▄▄▅▅▅▄▅▄▅▄▅▄▄▄▄▅▅▄▄▄▄▄▅▅▄▄▄"
        }
    },
    "update_time": "2025-10-17 19:35:43",
    "update_time_display": "17.10 19:35"
}