{
    "rub2rsd": {
        "bank": {
            "current": 1.24036957707185,
            "sparkline_full": " 1.25                             \n  █         ▁▁▁▁▁▂▄▆▆▆▆▅▅█▇▆▅▅▆▇  \n           1.21                   "
        },
        "korona": {
            "current": 1.1874850343480767,
            "diff_percent": -4.2636117251938845
        },
        "crypto": {
            "current": 1.2030306289688988,
            "diff_percent": -3.0103082817540137
        },
        "forex": {
            "current": 1.2815164333552487,
            "diff_percent": 3.3173061516499347
        }
    },
    "rub2eur": {
        "bank": {
            "current": 0.010658708164570456,
            "sparkline_full": " 93.2                             \n  █         ▁▁▂▂▂▂▄▅▆▆▆▅▅▇█▆▆▆▆▆  \n            95.5                  "
        },
        "korona": {
            "current": 0.01017408283034194,
            "diff_percent": -4.54675488573193
        },
        "crypto": {
            "current": 0.010346552340121471,
            "diff_percent": -2.928645944980372
        },
        "forex": {
            "current": 0.010939636220483199,
            "diff_percent": 2.6356670205733534
        }
    },
    "rub2usd": {
        "bank": {
            "current": 0.01246416552411816,
            "sparkline_full": "                     80.1         \n  ▄         ▃▃▄▄▄▄▅▆▆▆▆▅▅▆▆▄▄▄▅▆  \n            81.0                  "
        },
        "korona": {
            "current": 0.011716675227904061,
            "diff_percent": -5.997114646525711
        },
        "crypto": {
            "current": 0.012074213049822806,
            "diff_percent": -3.1285887012716227
        },
        "forex": {
            "current": 0.0127669244734282,
            "diff_percent": 2.429035050314455
        }
    },
    "xdr": {
        "rub2xdr": {
            "current_rate": 0.0089824471710408,
            "sparkline": "▃         ▂▇████▁▂▂▁▁▁▂▂▂▂▂▁▂▂"
        },
        "usd2xdr": {
            "current_rate": 0.70222,
            "sparkline": "▃         ▃█████▁▁▁▁▁▁▁▂▂▂▂▂▂▂"
        },
        "eur2xdr": {
            "current_rate": 0.8210919440101868,
            "sparkline": "▁         ▃█████▁▁▁▁▁▁▁▁▁▁▁▁▁▁"
        },
        "cny2xdr": {
            "current_rate": 0.09785674470457079,
            "sparkline": "▂         ▃█████▁▁▁▁▁▁▁▂▂▂▂▂▂▂"
        },
        "rsd2xdr": {
            "current_rate": 0.007009232919099665,
            "sparkline": "▁         ▃█████▁▁▁▁▁▁▁▁▁▁▁▁▁▁"
        }
    },
    "neer": {
        "rub": {
            "current_rate": 97.9139862975981,
            "sparkline": "█▆▅▅▄▄▄▄▂▃▂▁▂▁▂▃▅▅▆▆▆▇▆█▇█▆▅▅▅"
        },
        "usd": {
            "current_rate": 103.98393190863105,
            "sparkline": "▇▅▅▃▃▃▃▃▂▂▂▂▂▂▃▃▃▃▄▄▃▄▄▅▅▅▅▅▅▅"
        },
        "eur": {
            "current_rate": 110.15779042898406,
            "sparkline": "▃▄▃▅▅▅▅▅▆▆▆▆▆▆▆▆▅▆▅▆▅▆▆▅▅▅▅▅▅▅"
        },
        "cny": {
            "current_rate": 103.88180970905273,
            "sparkline": "▇▄▅▃▃▃▃▃▂▃▃▃▂▃▃▄▄▄▅▄▄▅▅▆▆▅▅▆▆▆"
        },
        "rsd": {
            "current_rate": 110.33593085647753,
            "sparkline": "▃▄▄▄▄▄▄▄▄▆▅▅▄▄▅▅▅▅▄▄▄▄▄▄▄▄▄▄▄▄"
        }
    },
    "update_time": "2025-07-22 02:51:26",
    "update_time_display": "22.07 02:51"
}