{
    "rub2rsd": {
        "bank": {
            "current": 1.2549013082781524,
            "sparkline_full": "                            1.26  \n  ▃ ▃▃▃▃▄▁▁▁▁▁▁▃▃▄▃▂▂▃▅▅▃▃▃▃▄███  \n        1.19                      "
        },
        "korona": {
            "current": 1.2034959455221075,
            "diff_percent": -4.096366974593253
        },
        "crypto": {
            "current": 1.2685573236264964,
            "diff_percent": 1.0882142889054307
        },
        "forex": {
            "current": 1.3116220206387792,
            "diff_percent": 4.519934116448822
        }
    },
    "rub2eur": {
        "bank": {
            "current": 0.010790978741771878,
            "sparkline_full": "                            92.5  \n  ▂▂▃▃▃▂▃▁▁▁▂▂▂▃▃▄▃▂▂▄▅▆▃▃▃▃▆███  \n         97.7                     "
        },
        "korona": {
            "current": 0.010303903643168728,
            "diff_percent": -4.513724938755391
        },
        "crypto": {
            "current": 0.010821637430000166,
            "diff_percent": 0.2841140638115447
        },
        "forex": {
            "current": 0.01108844612380085,
            "diff_percent": 2.7566302292624822
        }
    },
    "rub2usd": {
        "bank": {
            "current": 0.012118274357731459,
            "sparkline_full": "                              82.5\n  ▃▃▄▄▄▄▅▃▂▂▃▃▃▄▄▅▃▃▃▄▆▆▄▃▃▃▄▆▇▇  \n          85.5                    "
        },
        "korona": {
            "current": 0.011433554489094696,
            "diff_percent": -5.650308355990572
        },
        "crypto": {
            "current": 0.012128242144041082,
            "diff_percent": 0.08225417262700842
        },
        "forex": {
            "current": 0.012465144340138888,
            "diff_percent": 2.862371094826107
        }
    },
    "xdr": {
        "rub2xdr": {
            "current_rate": 0.008946029064700363,
            "sparkline": "▂▂▃▃▃▅▃▂▁▂▃▃▂▃▃▃▃▂▂▄▇▆▅▂▃▃▅▇██"
        },
        "usd2xdr": {
            "current_rate": 0.720178,
            "sparkline": "▅▅▅▅▅▅▃▄▅▆▆▆▅▅▅▅▆▆▆▆▆▆▆▆▆▆▆▆▆▆"
        },
        "eur2xdr": {
            "current_rate": 0.8067883421012537,
            "sparkline": "▅▅▅▅▅▇▅▄▅▅▆▆▅▅▅▄▅▅▅▅▅▆▄▄▄▄▂▂▃▃"
        },
        "cny2xdr": {
            "current_rate": 0.09988460631613985,
            "sparkline": "▄▄▄▄▄▄▂▃▄▅▄▄▄▃▃▄▅▅▅▅▅▅▆▆▆▆▆▇▇▇"
        },
        "rsd2xdr": {
            "current_rate": 0.006820584683644999,
            "sparkline": "▆▆▆▇▇▇▆▆▆▆▆▆▆▆▆▆▆▆▆▆▆▆▆▆▆▆▅▂▂▂"
        }
    },
    "neer": {
        "rub": {
            "current_rate": 97.59113722838448,
            "sparkline": "▃▂▃▃▃▃▅▄▂▂▂▂▂▂▃▄▄▂▂▃▃▄▅▅▂▂▆▆▇▆"
        },
        "usd": {
            "current_rate": 105.77131896671857,
            "sparkline": "▅▅▅▅▅▅▄▄▅▅▅▅▅▄▄▄▄▄▄▄▄▄▄▄▄▄▅▅▄▄"
        },
        "eur": {
            "current_rate": 107.57017092462269,
            "sparkline": "▆▆▆▆▆▅▆▆▆▅▆▆▅▅▅▅▅▄▅▄▄▅▄▄▄▄▃▃▃▃"
        },
        "cny": {
            "current_rate": 104.6266044122706,
            "sparkline": "▄▄▄▄▄▄▃▄▄▄▄▄▄▄▄▄▃▄▄▃▄▄▄▄▄▄▆▆▅▅"
        },
        "rsd": {
            "current_rate": 109.19744137712333,
            "sparkline": "▄▅▅▄▄▄▆▄▄▄▄▄▅▅▄▄▅▄▄▄▄▄▄▄▅▅▅▄▃▃"
        }
    },
    "update_time": "2025-05-15 15:35:39",
    "update_time_display": "15.05 15:35"
}