{
    "rub2rsd": {
        "bank": {
            "current": 1.2089744997703822,
            "sparkline_full": "               1.26               \n  ▅▅▅▆▆▆▆▇▇▇█████▇▄▂▁▁▂▂▁▁▁▁▁▂▄▃  \n                          1.19    "
        },
        "korona": {
            "current": 1.1762975441823902,
            "diff_percent": -2.70286557691649
        },
        "crypto": {
            "current": 1.2210207680031124,
            "diff_percent": 0.9964038310996775
        },
        "forex": {
            "current": 1.2735471985385587,
            "diff_percent": 5.341113380012619
        }
    },
    "rub2eur": {
        "bank": {
            "current": 0.01038637307852098,
            "sparkline_full": "               92.8               \n  ▆▅▆▆▇▇▇▇▇▇█████▇▄▂▂▂▃▂▂▂▁▁▁▂▄▃  \n                           97.9   "
        },
        "korona": {
            "current": 0.010050389133479068,
            "diff_percent": -3.2348534228635337
        },
        "crypto": {
            "current": 0.010378384825462666,
            "diff_percent": -0.07691090044545033
        },
        "forex": {
            "current": 0.010844580002031713,
            "diff_percent": 4.411616259561331
        }
    },
    "rub2usd": {
        "bank": {
            "current": 0.012260912211868563,
            "sparkline_full": "               79.4               \n  ▄▃▅▅▅▅▆▆▆▇▇▇▇▇█▆▄▂▂▂▃▃▂▂▂▁▁▃▅▄  \n                           83.4   "
        },
        "korona": {
            "current": 0.01156634753375015,
            "diff_percent": -5.664869514733783
        },
        "crypto": {
            "current": 0.01222700322612591,
            "diff_percent": -0.27656168771708056
        },
        "forex": {
            "current": 0.012749117761050935,
            "diff_percent": 3.981804459131424
        }
    },
    "xdr": {
        "rub2xdr": {
            "current_rate": 0.008836306933227112,
            "sparkline": "▆▅▆▇▇▇▇▇▇██████▆▃▂▂▂▂▂▁▁▁▁▁▂▄▄"
        },
        "usd2xdr": {
            "current_rate": 0.691435,
            "sparkline": "▆▅▅▅▅▅▅▅▅▅▄▅▅▅▅▅▄▄▄▄▄▃▃▄▄▄▄▄▄▃"
        },
        "eur2xdr": {
            "current_rate": 0.8148131999184521,
            "sparkline": "▅▄▄▄▄▄▄▄▅▅▄▄▄▄▄▄▅▅▄▄▄▄▄▄▄▄▄▄▅▄"
        },
        "cny2xdr": {
            "current_rate": 0.09857364849452556,
            "sparkline": "▅▅▅▅▅▅▅▅▅▄▄▄▄▄▄▅▄▄▄▄▄▄▄▄▄▄▄▄▄▄"
        },
        "rsd2xdr": {
            "current_rate": 0.0069383427197414384,
            "sparkline": "▅▄▅▄▄▄▄▄▅▅▄▄▄▄▄▄▅▅▅▄▄▄▄▄▄▄▄▄▅▄"
        }
    },
    "neer": {
        "rub": {
            "current_rate": 97.9243267210797,
            "sparkline": "▅▅▅▆▇▇▅▆▆▆▇██▇▇█▅▃▂▂▃▂▃▁▂▁▁▁▄▅"
        },
        "usd": {
            "current_rate": 102.94828579359721,
            "sparkline": "▆▅▅▅▅▅▅▅▅▅▅▅▅▅▅▅▄▄▄▄▄▄▄▄▄▄▄▄▄▃"
        },
        "eur": {
            "current_rate": 111.08512044097539,
            "sparkline": "▄▄▄▄▄▄▄▄▄▄▄▄▄▄▄▄▅▅▅▅▅▅▅▅▅▅▅▅▅▅"
        },
        "cny": {
            "current_rate": 106.79196718975622,
            "sparkline": "▅▅▄▅▄▄▄▅▄▄▄▄▄▄▄▅▄▄▄▄▄▄▅▅▅▅▅▅▅▄"
        },
        "rsd": {
            "current_rate": 110.48614532921077,
            "sparkline": "▄▅▅▅▅▅▄▅▃▅▅▅▅▅▅▅▅▅▅▅▅▅▆▆▆▅▅▅▅▅"
        }
    },
    "specific_rates": {
        "rub_kzt_bank": 6.32,
        "rub_kzt_crypto": 6.315247166294032,
        "kzt_rsd_bank": 0.19334488989124432,
        "rsd_eur_cash": 0.008433125316242199,
        "eur_rsd_cash": 117.04,
        "rsd_usd_cash": 0.00983284169124877,
        "usd_rsd_cash": 97.38333333333333,
        "eur_usd_exch": 1.1784378863066696,
        "usd_kzt_bank": 510.5
    },
    "update_time": "2025-12-24 17:05:42",
    "update_time_display": "24.12 17:05"
}