{
    "rub2rsd": {
        "bank": {
            "current": 1.2299366582620994,
            "sparkline_full": "     1.26                         \n  ▄▅▆▇█▇▇▇         ▁▁▁▁▁▂▄▅▅▅▅▄▃  \n                  1.21            "
        },
        "korona": {
            "current": 1.189323721601025,
            "diff_percent": -3.3020348152286503
        },
        "crypto": {
            "current": 1.197139979579748,
            "diff_percent": -2.666533960268587
        },
        "forex": {
            "current": 1.2856956728573836,
            "diff_percent": 4.533486681669583
        }
    },
    "rub2eur": {
        "bank": {
            "current": 0.010616838305552607,
            "sparkline_full": "       92.8                       \n  ▅▆▇████▇         ▂▁▂▂▂▂▄▄▅▅▅▄▄  \n                   95.5           "
        },
        "korona": {
            "current": 0.010186926951614775,
            "diff_percent": -4.04933504274044
        },
        "crypto": {
            "current": 0.010292756901249162,
            "diff_percent": -3.0525227471341507
        },
        "forex": {
            "current": 0.010975895262000882,
            "diff_percent": 3.381957472786299
        }
    },
    "rub2usd": {
        "bank": {
            "current": 0.012422360248447204,
            "sparkline_full": "                            80.1  \n  ▃▄▄▅▅▅▅▄         ▄▄▄▄▄▄▅▆▆▆▆▅▅  \n 81.2                             "
        },
        "korona": {
            "current": 0.011567421510141273,
            "diff_percent": -6.882256843362749
        },
        "crypto": {
            "current": 0.012019598580416084,
            "diff_percent": -3.242231427650514
        },
        "forex": {
            "current": 0.012759626500213084,
            "diff_percent": 2.7149933267153337
        }
    },
    "xdr": {
        "rub2xdr": {
            "current_rate": 0.008903828478645967,
            "sparkline": "▂▂▂▃▃▃▃▃         ▂▇████▁▂▂▁▁▁▁"
        },
        "usd2xdr": {
            "current_rate": 0.695413,
            "sparkline": "▂▂▂▃▃▃▃▃         ▃█████▁▁▁▁▁▁▁"
        },
        "eur2xdr": {
            "current_rate": 0.811216603849299,
            "sparkline": "▁▁▁▁▁▁▁▁         ▃█████▁▁▁▁▁▁▁"
        },
        "cny2xdr": {
            "current_rate": 0.09701632254464285,
            "sparkline": "▂▂▂▂▂▂▂▂         ▃█████▁▁▁▁▁▁▁"
        },
        "rsd2xdr": {
            "current_rate": 0.006925300183096773,
            "sparkline": "▁▁▁▁▁▁▁▁         ▃█████▁▁▁▁▁▁▁"
        }
    },
    "neer": {
        "rub": {
            "current_rate": 98.28092861184136,
            "sparkline": "▃▅▅▅▆▆▆▇▅▅▄▄▄▄▄▂▃▂▂▂▂▂▃▄▄▇▆▅▅▅"
        },
        "usd": {
            "current_rate": 103.57219788802209,
            "sparkline": "▄▄▅▆▅▆▆▇▅▅▄▃▃▃▃▂▃▃▂▂▂▃▃▃▃▄▄▄▄▄"
        },
        "eur": {
            "current_rate": 110.41185197086007,
            "sparkline": "▃▃▃▃▃▄▄▃▄▄▅▅▅▅▅▆▆▆▆▆▆▆▆▆▆▅▆▆▆▆"
        },
        "cny": {
            "current_rate": 103.49471478629204,
            "sparkline": "▄▄▅▅▅▅▅▆▄▅▄▃▃▃▃▃▃▃▃▃▃▄▄▄▄▄▄▄▅▅"
        },
        "rsd": {
            "current_rate": 110.49196370309446,
            "sparkline": "▃▃▃▃▄▃▃▄▄▄▄▄▄▄▅▃▆▃▄▄▄▄▅▄▅▄▄▄▅▅"
        }
    },
    "update_time": "2025-07-15 00:21:26",
    "update_time_display": "15.07 00:21"
}