{
    "rub2rsd": {
        "bank": {
            "current": 1.2766627879676424,
            "sparkline_full": "                             1.28 \n  ▃▄▄▂▂▂▂▄▅▆▅▅▅▅▆▆▆▇▆▆▆▅▅▆▆▇▇▇▇▇  \n    1.25                          "
        },
        "korona": {
            "current": 1.2444051310914748,
            "diff_percent": -2.5267170924218436
        },
        "crypto": {
            "current": 1.3144873894504665,
            "diff_percent": 2.9627715195676836
        },
        "forex": {
            "current": 1.3531837731867447,
            "diff_percent": 5.993829062795687
        }
    },
    "rub2eur": {
        "bank": {
            "current": 0.011003521126760564,
            "sparkline_full": "                              90.9\n  ▂▃▄▂▂▂▂▄▅▆▅▅▅▅▅▆▆▇▇▇▇▅▅▅▆▇▇▇▇▇  \n     93.3                         "
        },
        "korona": {
            "current": 0.010654153519618792,
            "diff_percent": -3.1750528137044274
        },
        "crypto": {
            "current": 0.011260655151295674,
            "diff_percent": 2.336834014975072
        },
        "forex": {
            "current": 0.011529051507847074,
            "diff_percent": 4.776020103314196
        }
    },
    "rub2usd": {
        "bank": {
            "current": 0.012938284383490747,
            "sparkline_full": "                             77.3 \n  ▂▃▄▃▃▃▃▄▆▆▅▄▄▄▅▆▅▆▆▆▆▅▄▅▆▇▇▇▇▇  \n 79.5                             "
        },
        "korona": {
            "current": 0.012247220973835252,
            "diff_percent": -5.341229093227327
        },
        "crypto": {
            "current": 0.01321378805762319,
            "diff_percent": 2.1293678973696477
        },
        "forex": {
            "current": 0.01345962046562211,
            "diff_percent": 4.029406578793306
        }
    },
    "xdr": {
        "rub2xdr": {
            "current_rate": 0.009419410073519166,
            "sparkline": "▁▂▃▁▁▁▁▃▄▄▄▄▅▄▅▅▅▆▅▅▅▄▄▅▆▇▇▇▇█"
        },
        "usd2xdr": {
            "current_rate": 0.693248,
            "sparkline": "▅▅▄▃▄▄▄▄▄▄▄▅▅▅▅▅▆▆▅▅▅▅▅▅▅▅▅▄▄▄"
        },
        "eur2xdr": {
            "current_rate": 0.8170151783178337,
            "sparkline": "▄▅▄▄▅▄▄▅▄▄▃▄▄▄▅▄▅▅▅▄▅▄▄▅▅▅▆▅▄▅"
        },
        "cny2xdr": {
            "current_rate": 0.1020232523914643,
            "sparkline": "▅▅▄▄▄▄▄▄▄▄▄▅▅▄▅▅▅▅▅▅▅▅▅▅▅▅▅▅▅▅"
        },
        "rsd2xdr": {
            "current_rate": 0.006960924495374694,
            "sparkline": "▅▅▄▄▅▄▄▅▄▄▃▄▄▄▄▄▅▅▅▄▄▄▄▅▅▅▆▅▄▅"
        }
    },
    "neer": {
        "rub": {
            "current_rate": 102.05353479365776,
            "sparkline": "▁▃▅▆▄▂▂▄▆███▆▆▇████▆▆█▆▅▆▇▇▇▇▇"
        },
        "usd": {
            "current_rate": 101.63890173074299,
            "sparkline": "▅▄▄▄▄▅▅▄▄▄▅▅▅▅▄▅▅▅▅▅▅▅▅▅▄▄▄▄▄▄"
        },
        "eur": {
            "current_rate": 109.68608830098769,
            "sparkline": "▅▅▅▅▅▅▅▄▄▄▄▄▅▅▅▄▄▄▄▄▄▄▄▄▄▄▄▄▄▄"
        },
        "cny": {
            "current_rate": 110.3618471766011,
            "sparkline": "▆▅▅▅▅▃▃▅▅▅▅▅▃▃▅▅▅▅▅▃▃▅▅▃▃▄▃▃▄▄"
        },
        "rsd": {
            "current_rate": 110.13807616311186,
            "sparkline": "▇████▁▁███▇▇▁▁▇██▇█▁▁██▁▁▁▁▁▁▁"
        }
    },
    "specific_rates": {
        "rub_kzt_bank": 6.03,
        "rub_kzt_crypto": 6.170839022910029,
        "kzt_rsd_bank": 0.2130159909487614,
        "rsd_eur_cash": 0.00844880027036161,
        "eur_rsd_cash": 116.8,
        "rsd_usd_cash": 0.00984182776801406,
        "usd_rsd_cash": 97.92857142857143,
        "eur_usd_exch": 1.1785323265524512,
        "usd_kzt_bank": 460.0
    },
    "update_time": "2026-05-12 02:51:26",
    "update_time_display": "12.05 02:51"
}