{
    "rub2rsd": {
        "bank": {
            "current": 1.1469999423802766,
            "sparkline_full": "  1.21                            \n  █████▇▇▇▆▇██▆▆▅▇▆▇▆▆▆▆▅▆▅▅▃▃▃▁  \n                              1.15"
        },
        "korona": {
            "current": 1.1075527231382203,
            "diff_percent": -3.439164884367358
        },
        "crypto": {
            "current": 1.169530001055465,
            "diff_percent": 1.9642597913678714
        },
        "forex": {
            "current": 1.193261161909218,
            "diff_percent": 4.033236430068094
        }
    },
    "rub2eur": {
        "bank": {
            "current": 0.009881422924901186,
            "sparkline_full": "  95.8                            \n  ████▇▇▇▇▇▇▇▇▆▆▆▇▇▇▆▆▆▆▆▆▅▄▃▃▃▁  \n                              101 "
        },
        "korona": {
            "current": 0.009486532960498674,
            "diff_percent": -3.996286439753418
        },
        "crypto": {
            "current": 0.01002438723026943,
            "diff_percent": 1.446798770326624
        },
        "forex": {
            "current": 0.010185351296296562,
            "diff_percent": 3.0757551185212098
        }
    },
    "rub2usd": {
        "bank": {
            "current": 0.01162655505173817,
            "sparkline_full": "           82.0                   \n  ▇▇██▇▇▇▇▆▇█▇▆▆▆▆▆▆▆▆▆▆▆▅▅▄▄▄▄▁  \n                              86.0"
        },
        "korona": {
            "current": 0.010783037343441356,
            "diff_percent": -7.255095809060896
        },
        "crypto": {
            "current": 0.01177099038067782,
            "diff_percent": 1.2422882642099287
        },
        "forex": {
            "current": 0.01214480985478451,
            "diff_percent": 4.457509561001575
        }
    },
    "xdr": {
        "rub2xdr": {
            "current_rate": 0.008294726453271563,
            "sparkline": "███████▇▆▆▆▇▆▆▆▆▇▇▆▇▇▇▆▅▅▅▅▅▄▁"
        },
        "usd2xdr": {
            "current_rate": 0.693539,
            "sparkline": "▅▅▅▅▅▆▅▄▄▄▅▅▅▄▄▅▅▅▅▄▄▄▄▄▄▅▄▄▄▃"
        },
        "eur2xdr": {
            "current_rate": 0.8143780427374716,
            "sparkline": "▄▄▅▅▅▆▅▄▄▄▄▄▅▄▄▄▄▄▄▄▄▄▄▃▄▅▄▄▄▄"
        },
        "cny2xdr": {
            "current_rate": 0.09738664607175455,
            "sparkline": "▄▅▅▅▅▅▄▄▄▄▄▅▅▄▄▅▅▅▅▅▅▅▅▅▅▅▅▄▄▄"
        },
        "rsd2xdr": {
            "current_rate": 0.006951308496456887,
            "sparkline": "▄▄▅▅▅▅▅▄▄▄▄▄▅▄▄▄▄▄▄▄▄▄▄▄▄▅▄▄▄▄"
        }
    },
    "neer": {
        "rub": {
            "current_rate": 92.60918407454983,
            "sparkline": "█▇▆▇▇▆▆▇▆▆▆▆▅▅▆▅▆▅▆▆▆▅▆▆▅▄▄▄▄▁"
        },
        "usd": {
            "current_rate": 103.45713142476674,
            "sparkline": "▅▅▄▄▄▅▄▅▅▅▅▅▄▄▄▅▅▄▄▄▄▄▅▅▅▅▄▄▄▄"
        },
        "eur": {
            "current_rate": 110.94346612479137,
            "sparkline": "▄▄▅▄▅▅▅▄▅▄▄▄▅▅▅▄▄▄▄▄▄▅▄▄▄▄▅▅▅▅"
        },
        "cny": {
            "current_rate": 104.35196725611736,
            "sparkline": "▄▄▄▄▄▄▄▄▄▄▄▅▄▄▄▅▅▅▅▅▅▅▅▅▅▅▅▅▅▅"
        },
        "rsd": {
            "current_rate": 110.82014570553432,
            "sparkline": "▅▅▄▅▄▅▅▅▄▄▅▄▅▅▅▄▅▄▅▄▄▅▄▄▄▄▅▅▅▅"
        }
    },
    "update_time": "2025-09-09 15:50:50",
    "update_time_display": "09.09 15:50"
}