{
    "rub2rsd": {
        "bank": {
            "current": 1.2505296312248453,
            "sparkline_full": "                   1.26           \n  ▂▃▇▆▆▆▆▆▆▅▆▆▆▆▆▅▅▅▇▇▆▆▇▅▇▆▅▆▆▆  \n 1.21                             "
        },
        "korona": {
            "current": 1.2018225744855404,
            "diff_percent": -3.8949142445827687
        },
        "crypto": {
            "current": 1.2635043531365655,
            "diff_percent": 1.0375381428596766
        },
        "forex": {
            "current": 1.301370971914065,
            "diff_percent": 4.065584646676665
        }
    },
    "rub2eur": {
        "bank": {
            "current": 0.010760787689658883,
            "sparkline_full": "                   92.1           \n  ▂▄▇▆▆▆▆▆▅▇▆▆▆▆▆▅▅▅▇▇▇▇▇▆▇▆▆▆▆▆  \n 96.1                             "
        },
        "korona": {
            "current": 0.010293983507370796,
            "diff_percent": -4.338011266003192
        },
        "crypto": {
            "current": 0.010843168212307129,
            "diff_percent": 0.7655621969701484
        },
        "forex": {
            "current": 0.011102024010258576,
            "diff_percent": 3.1711091273329433
        }
    },
    "rub2usd": {
        "bank": {
            "current": 0.012297097884899164,
            "sparkline_full": "                         80.8     \n  ▁▂▄▄▄▄▄▄▄▄▅▆▆▆▆▆▅▅▇█▇▇▇▇█▇▇▇▇▇  \n 84.8                             "
        },
        "korona": {
            "current": 0.011408676459721701,
            "diff_percent": -7.224643029543129
        },
        "crypto": {
            "current": 0.012366501112377594,
            "diff_percent": 0.5643870458545872
        },
        "forex": {
            "current": 0.012633552441244505,
            "diff_percent": 2.736048452200315
        }
    },
    "xdr": {
        "rub2xdr": {
            "current_rate": 0.009073293477544436,
            "sparkline": "▁▁▂▂▂▂▅▅▃▃▃▃▃▃▃▃▂▂▄▅▅█▄▃▃▃▃▄▄▃"
        },
        "usd2xdr": {
            "current_rate": 0.716787,
            "sparkline": "▃▃▃▃▃▃▆▆▄▄▃▃▃▃▃▃▃▃▃▃▃▆▄▃▃▃▃▃▃▃"
        },
        "eur2xdr": {
            "current_rate": 0.8172648040718038,
            "sparkline": "▃▂▂▃▃▃▆▆▄▄▄▃▄▄▄▃▃▃▃▃▃▇▄▄▃▄▄▄▄▄"
        },
        "cny2xdr": {
            "current_rate": 0.099778251064896,
            "sparkline": "▃▃▃▃▃▃▆▆▄▄▃▃▃▃▃▃▃▃▃▃▃▆▄▃▃▃▃▃▃▃"
        },
        "rsd2xdr": {
            "current_rate": 0.006972103783903661,
            "sparkline": "▃▃▂▂▂▃▆▆▄▄▄▄▄▄▄▄▃▃▃▄▄▇▅▄▄▄▄▄▄▄"
        }
    },
    "neer": {
        "rub": {
            "current_rate": 98.61122708308024,
            "sparkline": "▁▄▄▄▅▅▄▄▄▄▃▅▄▄▄▄▄▅▅▇██▆▅▅▅▇▆▆▆"
        },
        "usd": {
            "current_rate": 104.35151170846108,
            "sparkline": "▅▆▆▅▅▅▅▅▅▅▄▄▄▃▃▃▄▄▄▄▄▄▃▄▄▃▃▃▃▃"
        },
        "eur": {
            "current_rate": 108.50767691909712,
            "sparkline": "▅▄▄▄▄▄▄▄▄▄▅▅▄▅▅▅▅▅▄▅▅▅▅▅▅▅▅▅▅▅"
        },
        "cny": {
            "current_rate": 103.7222623259439,
            "sparkline": "▄▆▆▅▅▅▅▅▄▄▄▄▄▃▄▃▄▄▄▄▄▄▃▄▄▃▃▃▄▃"
        },
        "rsd": {
            "current_rate": 109.3790211455163,
            "sparkline": "▆▆▄▄▄▅▄▄▃▄▅▅▅▄▄▅▅▄▄▅▄▄▄▅▅▅▅▅▅▄"
        }
    },
    "update_time": "2025-06-09 17:50:38",
    "update_time_display": "09.06 17:50"
}