{
    "rub2rsd": {
        "bank": {
            "current": 1.2489461114134461,
            "sparkline_full": "                              1.25\n  ▄▃▃ ▄▃▃▃▄▁▁▁▂▂▂▃▃▄▃▃▂▄▆▆▃▄▄▄▅█  \n          1.19                    "
        },
        "korona": {
            "current": 1.2055685915114036,
            "diff_percent": -3.4731298256697163
        },
        "crypto": {
            "current": 1.3034626549148194,
            "diff_percent": 4.365003662141698
        },
        "forex": {
            "current": 1.3036068558116836,
            "diff_percent": 4.376549468285486
        }
    },
    "rub2eur": {
        "bank": {
            "current": 0.010751532093323298,
            "sparkline_full": "                              93.0\n  ▃▄▂▂▃▄▄▂▃▂▁▁▂▂▂▄▄▄▃▃▃▄▆▆▄▃▃▃▆█  \n           97.7                   "
        },
        "korona": {
            "current": 0.010321648899926402,
            "diff_percent": -3.9983435817845336
        },
        "crypto": {
            "current": 0.011178580893882524,
            "diff_percent": 3.97198089400136
        },
        "forex": {
            "current": 0.011116046928807022,
            "diff_percent": 3.3903524848341138
        }
    },
    "rub2usd": {
        "bank": {
            "current": 0.011943150603129105,
            "sparkline_full": "                       83.2       \n  ▄▄▄▄▅▅▅▅▆▄▃▃▃▃▃▅▅▅▄▃▃▅▆▆▅▄▄▄▅▆  \n            85.5                  "
        },
        "korona": {
            "current": 0.011473410340341694,
            "diff_percent": -3.933135220318995
        },
        "crypto": {
            "current": 0.012391760215699231,
            "diff_percent": 3.756208286049662
        },
        "forex": {
            "current": 0.01236272736600967,
            "diff_percent": 3.5131162355989614
        }
    },
    "xdr": {
        "rub2xdr": {
            "current_rate": 0.008891360954243784,
            "sparkline": " ▃▂▂▄▄▄▆▃▂▁▂▃▄▃▄▄▄▃▃▃▅██▆▂▄▄▇█"
        },
        "usd2xdr": {
            "current_rate": 0.720178,
            "sparkline": " ▅▅▅▅▅▅▅▃▄▅▆▆▆▅▅▅▅▆▆▆▆▆▆▆▆▆▆▆▆"
        },
        "eur2xdr": {
            "current_rate": 0.7998671660158246,
            "sparkline": " ▄▆▆▆▆▆█▆▅▅▆▇▆▆▅▅▄▅▅▅▆▆▆▅▄▄▄▂▁"
        },
        "cny2xdr": {
            "current_rate": 0.09997889856038206,
            "sparkline": " ▃▃▄▄▄▄▄▁▃▃▅▄▄▄▃▃▄▅▅▅▅▅▅▇▇▇▇▇█"
        },
        "rsd2xdr": {
            "current_rate": 0.006820584683644999,
            "sparkline": " ▆▆▆▆▇▇▇▆▇▇▇▇▇▇▇▇▆▇▇▇▇▇▇▇▇▇▆▅▂"
        }
    },
    "neer": {
        "rub": {
            "current_rate": 97.29496669446077,
            "sparkline": "▁▅▅▅▆▅▆▆▇▆▅▄▅▄▄▄▆▆▆▄▄▆▅▆█▅▅▅▃█"
        },
        "usd": {
            "current_rate": 106.23205762919712,
            "sparkline": "▅▅▅▅▅▅▅▅▄▄▄▅▄▄▅▄▄▄▄▄▄▄▄▄▄▅▄▄▄▅"
        },
        "eur": {
            "current_rate": 107.11278596401824,
            "sparkline": "▆▅▆▆▆▆▆▅▆▆▆▅▆▆▅▅▅▅▅▄▅▄▄▄▄▄▄▄▄▃"
        },
        "cny": {
            "current_rate": 105.53480592681817,
            "sparkline": "▄▄▄▄▄▄▄▄▃▄▄▄▄▄▄▄▄▄▃▄▄▃▄▄▄▅▄▄▅▆"
        },
        "rsd": {
            "current_rate": 108.99111783273646,
            "sparkline": "▅▅▅▅▅▄▄▅▆▄▄▄▄▄▅▅▅▅▅▄▄▄▄▄▄▄▅▅▄▃"
        }
    },
    "update_time": "2025-05-13 06:35:49",
    "update_time_display": "13.05 06:35"
}