{
    "rub2rsd": {
        "bank": {
            "current": 1.1464848279787823,
            "sparkline_full": " 1.21                             \n  ████▇▇▇▆▇██▆▆▆▇▆▇▆▆▆▆▅▆▅▅▃▃▃▁▁  \n                              1.15"
        },
        "korona": {
            "current": 1.1063622872434522,
            "diff_percent": -3.499613754685692
        },
        "crypto": {
            "current": 1.164543547732279,
            "diff_percent": 1.5751381363967705
        },
        "forex": {
            "current": 1.195174988751335,
            "diff_percent": 4.24690842689929
        }
    },
    "rub2eur": {
        "bank": {
            "current": 0.009881422924901186,
            "sparkline_full": " 95.8                             \n  ███▇▇▇▇▇▇▇▇▆▆▆▇▇▇▆▆▆▆▆▆▅▄▃▃▃▁▁  \n                              101 "
        },
        "korona": {
            "current": 0.009476336507438564,
            "diff_percent": -4.099474544721739
        },
        "crypto": {
            "current": 0.010007131271638462,
            "diff_percent": 1.2721684689812378
        },
        "forex": {
            "current": 0.010203687870435067,
            "diff_percent": 3.2613212488028784
        }
    },
    "rub2usd": {
        "bank": {
            "current": 0.011596892032935173,
            "sparkline_full": "          82.0                    \n  ███▇▇▇▇▆▇█▇▆▆▆▆▆▆▆▆▆▆▆▅▅▄▄▄▄▂▁  \n                              86.2"
        },
        "korona": {
            "current": 0.010771447362720721,
            "diff_percent": -7.1178093912592155
        },
        "crypto": {
            "current": 0.011721315795020976,
            "diff_percent": 1.0729061004658766
        },
        "forex": {
            "current": 0.012013094272757305,
            "diff_percent": 3.588911913986243
        }
    },
    "xdr": {
        "rub2xdr": {
            "current_rate": 0.008332374987613985,
            "sparkline": "█████▇▆▅▆▆▆▆▆▆▆▇▇▆▇▇▆▆▅▅▅▅▄▃▁▁"
        },
        "usd2xdr": {
            "current_rate": 0.697447,
            "sparkline": "▅▅▅▅▆▅▄▄▄▅▅▅▄▄▅▅▅▅▄▄▄▄▄▄▅▄▄▄▃▄"
        },
        "eur2xdr": {
            "current_rate": 0.8166042604808438,
            "sparkline": "▄▅▅▅▆▅▄▄▃▄▄▅▄▄▄▄▄▄▄▄▄▄▃▃▅▄▄▄▄▄"
        },
        "cny2xdr": {
            "current_rate": 0.09788455060910572,
            "sparkline": "▅▅▅▅▅▄▄▄▄▄▅▅▄▄▅▅▅▅▅▅▅▅▅▅▅▅▄▄▄▅"
        },
        "rsd2xdr": {
            "current_rate": 0.006971677843023869,
            "sparkline": "▄▅▅▅▆▅▄▄▄▄▄▅▄▄▄▄▄▄▄▄▄▄▃▄▅▄▄▄▄▄"
        }
    },
    "neer": {
        "rub": {
            "current_rate": 91.57319883406159,
            "sparkline": "█▇██▇▇█▆▇▇▇▆▆▇▆▇▆▇▇▇▆▇▇▆▅▅▅▅▂▁"
        },
        "usd": {
            "current_rate": 103.70128589185231,
            "sparkline": "▅▄▄▄▅▄▅▅▅▅▅▄▄▄▅▅▄▄▄▄▄▅▅▅▅▄▄▄▄▄"
        },
        "eur": {
            "current_rate": 110.53283306063577,
            "sparkline": "▄▅▄▅▅▅▄▅▄▄▄▅▅▅▄▄▄▄▄▄▅▄▄▄▄▅▅▅▅▅"
        },
        "cny": {
            "current_rate": 104.54723421100486,
            "sparkline": "▄▄▄▄▄▄▄▄▄▄▅▄▄▄▅▅▅▅▅▅▅▅▅▅▅▅▅▅▅▅"
        },
        "rsd": {
            "current_rate": 110.6750589146267,
            "sparkline": "▅▄▅▄▅▅▅▄▄▅▄▅▅▅▄▅▄▅▄▄▅▄▄▄▅▅▅▅▅▅"
        }
    },
    "update_time": "2025-09-10 06:20:43",
    "update_time_display": "10.09 06:20"
}