{
    "rub2rsd": {
        "bank": {
            "current": 1.3302811452153727,
            "sparkline_full": "   1.35                           \n  ▇▇█▇▇▇▆▅▃▁▂▃▃▄▆▆▆▆▅▅▅▆ ▃   ▆▅▅  \n          1.30                    "
        },
        "korona": {
            "current": 1.2796789653602736,
            "diff_percent": -3.803871086732314
        },
        "crypto": {
            "current": 1.3999210249057807,
            "diff_percent": 5.23497457217086
        },
        "forex": {
            "current": 1.3807181608787105,
            "diff_percent": 3.7914553509793634
        }
    },
    "rub2eur": {
        "bank": {
            "current": 0.011361054305839582,
            "sparkline_full": "    85.8                          \n  ▆▆████▇▅▃▁▂▂▂▃▆▆▆▆▅▅▅▆ ▅▅▅▅▅▄▄  \n          89.4                    "
        },
        "korona": {
            "current": 0.010956155525344808,
            "diff_percent": -3.5639190659149986
        },
        "crypto": {
            "current": 0.011911034455944313,
            "diff_percent": 4.840925281221843
        },
        "forex": {
            "current": 0.011762537516047123,
            "diff_percent": 3.533855216246782
        }
    },
    "rub2usd": {
        "bank": {
            "current": 0.012896569512509672,
            "sparkline_full": "    73.7                          \n  ▇▇█████▆▄▂▃▃▃▃▅▆▆▆▅▅▅▆ ▄▄▃▃▃▁▁  \n                              77.5"
        },
        "korona": {
            "current": 0.012228179315435007,
            "diff_percent": -5.182697588116954
        },
        "crypto": {
            "current": 0.013492683566539574,
            "diff_percent": 4.622268374947861
        },
        "forex": {
            "current": 0.013373668316977338,
            "diff_percent": 3.6994241298422867
        }
    },
    "xdr": {
        "rub2xdr": {
            "current_rate": 0.009571549900724837,
            "sparkline": "▄▅▆▆▅▅▄▃▁▁▁▁▁▂▄▅▅▄▃▃▃▄ ▂▂██▂▁▁"
        },
        "usd2xdr": {
            "current_rate": 0.716966,
            "sparkline": "▁▁▁▁▁▁▁▁▁▁▁▁▁▃▃▃▂▂▂▂▂▂ ▂▂██▃▄▄"
        },
        "eur2xdr": {
            "current_rate": 0.8137317213795733,
            "sparkline": "▃▃▃▃▃▃▃▃▃▃▃▂▂▃▃▃▃▃▃▃▃▃ ▁▁█▇▃▃▂"
        },
        "cny2xdr": {
            "current_rate": 0.10542377367368545,
            "sparkline": "▁▁▁▁▁▁▁▁▁▁▁▁▁▃▃▃▂▂▂▂▂▂ ▂▂██▃▄▄"
        },
        "rsd2xdr": {
            "current_rate": 0.006932298112623762,
            "sparkline": "▃▃▃▃▃▃▃▃▃▃▃▂▂▃▃▃▃▃▃▃▃▃ ▁▁█▇▃▃▂"
        }
    },
    "neer": {
        "rub": {
            "current_rate": 104.29790353697443,
            "sparkline": "▇▆█▇▇▇▇▆▅▃▁▂▂▂▃▇▇▆▄▅▆▅▄▄▄▄▄▄▂▂"
        },
        "usd": {
            "current_rate": 103.96716358092844,
            "sparkline": "▃▃▃▃▃▃▃▃▃▃▃▅▅▄▄▄▄▄▄▄▃▃▄▄▅▅▅▅▅▆"
        },
        "eur": {
            "current_rate": 108.22616423356742,
            "sparkline": "▅▅▅▅▅▅▅▅▅▅▅▄▄▅▅▅▅▅▅▅▅▅▅▄▄▄▄▄▄▄"
        },
        "cny": {
            "current_rate": 112.95982574248187,
            "sparkline": "▄▄▄▄▃▃▅▅▅▅▅▅▅▆▆▆▆▆▄▄▅▅▄▄▅▅▅▅▅▅"
        },
        "rsd": {
            "current_rate": 109.14578155332435,
            "sparkline": "▇▇▇▇▂▂▇▇▇▇▇▂▂▇▇▇▇▇▂▂▇▇▂▂▂▂▂▂▂▂"
        }
    },
    "specific_rates": {
        "rub_kzt_bank": 6.3,
        "rub_kzt_crypto": 6.6046686058211215,
        "kzt_rsd_bank": 0.21195931369999998,
        "rsd_eur_cash": 0.00844880027036161,
        "eur_rsd_cash": 116.8,
        "rsd_usd_cash": 0.009555661729574772,
        "usd_rsd_cash": 101.31875,
        "eur_usd_exch": 1.1349655651447534,
        "usd_kzt_bank": 482.5
    },
    "conversion_rates": {
        "rub_usd": {
            "rub_to_usd": [
                0.012896569512509672,
                0.012690355329949238
            ],
            "usd_to_rub": [
                72.63,
                74.3
            ]
        },
        "rub_eur": {
            "rub_to_eur": [
                0.011361054305839582,
                0.011198208286674132
            ],
            "eur_to_rub": [
                82.33,
                84.2
            ]
        },
        "rub_kzt": {
            "rub_to_kzt": [
                6.3,
                6.211180124223603
            ],
            "kzt_to_rub": [
                0.15037593984962405,
                0.151
            ]
        },
        "rub_rsd": {
            "rub_to_rsd": [
                1.3879063899
            ],
            "rsd_to_rub": [
                0.7205096880287806
            ]
        },
        "usd_eur": {
            "usd_to_eur": [
                0.8736676568233444
            ],
            "eur_to_usd": [
                1.1246
            ]
        },
        "usd_kzt": {
            "usd_to_kzt": [
                482.5
            ],
            "kzt_to_usd": [
                0.0020429009193054137
            ]
        },
        "usd_rsd": {
            "usd_to_rsd": [
                103.15
            ],
            "rsd_to_usd": [
                0.009694619486185167
            ]
        },
        "eur_kzt": {
            "eur_to_kzt": [
                547.5
            ],
            "kzt_to_eur": [
                0.0018034265103697023
            ]
        },
        "eur_rsd": {
            "eur_to_rsd": [
                118.01379699639999
            ],
            "rsd_to_eur": [
                0.008473585508230914
            ]
        },
        "kzt_rsd": {
            "kzt_to_rsd": [
                0.21195931369999998
            ],
            "rsd_to_kzt": [
                4.717886572398352
            ]
        },
        "eur_usd_forex": {
            "eur_to_usd": [
                1.1349655651447534
            ],
            "usd_to_eur": [
                0.881084
            ]
        }
    },
    "update_time": "2026-06-24 21:35:46",
    "update_time_display": "24.06 21:35"
}