{
    "rub2rsd": {
        "bank": {
            "current": 1.2494541050645582,
            "sparkline_full": "                    1.26          \n  ▂▂▃▇▆▆▆▆▆▆▅▆▆▆▆▆▅▅▅▇▇▆▆▇▅▇▆▅▆▆  \n  1.21                            "
        },
        "korona": {
            "current": 1.1984930912647613,
            "diff_percent": -4.078662320867223
        },
        "crypto": {
            "current": 1.2840057954600366,
            "diff_percent": 2.765342900985794
        },
        "forex": {
            "current": 1.3089796953046933,
            "diff_percent": 4.764127789796601
        }
    },
    "rub2eur": {
        "bank": {
            "current": 0.010725010725010725,
            "sparkline_full": "                    92.1          \n  ▂▂▄▇▆▆▆▆▆▅▇▆▆▆▆▆▅▅▅▇▇▇▇▇▆▇▆▆▆▆  \n  96.1                            "
        },
        "korona": {
            "current": 0.010265465449805236,
            "diff_percent": -4.2848001460159795
        },
        "crypto": {
            "current": 0.01098153210532214,
            "diff_percent": 2.391805350023635
        },
        "forex": {
            "current": 0.01116579900698723,
            "diff_percent": 4.109909941148938
        }
    },
    "rub2usd": {
        "bank": {
            "current": 0.012286521685710775,
            "sparkline_full": "                          80.8    \n  ▁▁▂▄▄▄▄▄▄▄▄▅▆▆▆▆▆▅▅▇█▇▇▇▇█▇▇▇▇  \n  84.8                            "
        },
        "korona": {
            "current": 0.011324089409264129,
            "diff_percent": -7.833236297999252
        },
        "crypto": {
            "current": 0.012554909512225019,
            "diff_percent": 2.1844085199994345
        },
        "forex": {
            "current": 0.012630999250981744,
            "diff_percent": 2.8037029037404246
        }
    },
    "xdr": {
        "rub2xdr": {
            "current_rate": 0.009124384598869476,
            "sparkline": "▁▁▁▂▂▂▂▅▅▃▃▃▃▃▃▃▃▂▂▄▅▅█▄▃▃▃▃▄▄"
        },
        "usd2xdr": {
            "current_rate": 0.716787,
            "sparkline": "▃▃▃▃▃▃▃▆▆▄▄▃▃▃▃▃▃▃▃▃▃▃▆▄▃▃▃▃▃▃"
        },
        "eur2xdr": {
            "current_rate": 0.8171725635720026,
            "sparkline": "▃▃▂▂▃▃▃▆▆▄▄▄▃▄▄▄▃▃▃▃▃▃▇▄▄▃▄▄▄▄"
        },
        "cny2xdr": {
            "current_rate": 0.09969914458585437,
            "sparkline": "▃▃▃▃▃▃▃▆▆▄▄▃▃▃▃▃▃▃▃▃▃▃▆▄▃▃▃▃▃▃"
        },
        "rsd2xdr": {
            "current_rate": 0.006970608200874788,
            "sparkline": "▄▃▃▂▂▂▃▆▆▄▄▄▄▄▄▄▄▃▃▃▄▄▇▅▄▄▄▄▄▄"
        }
    },
    "neer": {
        "rub": {
            "current_rate": 98.37353617889019,
            "sparkline": "▁▁▄▄▄▅▅▄▄▄▄▃▅▄▄▄▄▄▅▅▇██▆▅▅▅▇▆▆"
        },
        "usd": {
            "current_rate": 104.47908360663807,
            "sparkline": "▅▅▆▆▅▅▅▅▅▅▅▄▄▄▃▃▃▄▄▄▄▄▄▃▄▄▃▃▃▃"
        },
        "eur": {
            "current_rate": 108.36115929489812,
            "sparkline": "▅▅▄▄▄▄▄▄▄▄▄▅▅▄▅▅▅▅▅▄▅▅▅▅▅▅▅▅▅▅"
        },
        "cny": {
            "current_rate": 103.81165785299963,
            "sparkline": "▄▄▆▆▅▅▅▅▅▄▄▄▄▄▃▄▃▄▄▄▄▄▄▃▄▄▃▃▃▄"
        },
        "rsd": {
            "current_rate": 109.56213393962256,
            "sparkline": "▆▆▆▄▄▄▅▄▄▃▄▅▅▅▄▄▅▅▄▄▅▄▄▄▅▅▅▅▅▅"
        }
    },
    "update_time": "2025-06-08 23:20:41",
    "update_time_display": "08.06 23:20"
}