{
    "rub2rsd": {
        "bank": {
            "current": 1.2466561776233251,
            "sparkline_full": "                       1.26       \n  ▄▂▂▂▂▃▇▇▆▆▆▆▇▆▆▆▆▆▆▆▅▅▇▇▇▇▇▅▇▆  \n  1.21                            "
        },
        "korona": {
            "current": 1.1941979185790028,
            "diff_percent": -4.207917145554185
        },
        "crypto": {
            "current": 1.246112467286196,
            "diff_percent": -0.0436134955963262
        },
        "forex": {
            "current": 1.2916697030732063,
            "diff_percent": 3.610740977171164
        }
    },
    "rub2eur": {
        "bank": {
            "current": 0.010725010725010725,
            "sparkline_full": "                       92.1       \n  ▄▂▂▂▂▄▇▆▆▆▆▆▅▇▆▆▆▆▆▅▅▅▇▇▇▇▇▆▇▆  \n     96.1                         "
        },
        "korona": {
            "current": 0.010228675962132786,
            "diff_percent": -4.627825329073903
        },
        "crypto": {
            "current": 0.0106813662144169,
            "diff_percent": -0.4069414167768228
        },
        "forex": {
            "current": 0.01102342825770136,
            "diff_percent": 2.7824450748074816
        }
    },
    "rub2usd": {
        "bank": {
            "current": 0.012286521685710775,
            "sparkline_full": "                             80.8 \n  ▄▂▁▁▁▂▄▄▄▄▄▄▄▄▅▆▆▆▆▆▅▅▇█▇▇▇▇█▇  \n     84.8                         "
        },
        "korona": {
            "current": 0.011237998830480633,
            "diff_percent": -8.533927518718123
        },
        "crypto": {
            "current": 0.012211737397184234,
            "diff_percent": -0.6086693243175157
        },
        "forex": {
            "current": 0.012738447820133118,
            "diff_percent": 3.6782268080634504
        }
    },
    "xdr": {
        "rub2xdr": {
            "current_rate": 0.009030940806249846,
            "sparkline": "▂▂▁▁▁▂▂▃▃▂▅▅▃▃▃▃▃▃▄▃▂▂▄▅▅█▅▃▃▃"
        },
        "usd2xdr": {
            "current_rate": 0.716787,
            "sparkline": "▃▃▃▃▃▃▃▃▃▃▆▆▄▄▃▃▃▃▃▃▃▃▃▃▃▆▄▃▃▃"
        },
        "eur2xdr": {
            "current_rate": 0.8192497465514422,
            "sparkline": "▄▃▃▃▃▂▂▃▃▃▆▆▄▄▄▃▄▄▄▃▃▃▃▄▄▇▄▄▄▄"
        },
        "cny2xdr": {
            "current_rate": 0.099872788073011,
            "sparkline": "▃▃▃▃▃▃▃▃▃▃▆▆▄▄▃▃▃▄▄▃▃▃▃▃▃▆▄▃▃▃"
        },
        "rsd2xdr": {
            "current_rate": 0.006991679672259071,
            "sparkline": "▄▄▄▄▄▃▂▂▂▃▆▆▄▄▄▄▄▄▄▄▃▃▃▄▄▇▅▄▄▄"
        }
    },
    "neer": {
        "rub": {
            "current_rate": 97.6854971497755,
            "sparkline": "▂▃▃▁▁▄▄▄▅▅▄▄▄▄▃▅▄▄▄▄▄▅▅▇██▆▅▅▅"
        },
        "usd": {
            "current_rate": 104.33400545825342,
            "sparkline": "▄▅▅▅▅▆▆▅▅▅▅▅▅▅▄▄▄▃▃▃▄▄▄▄▄▄▃▄▃▃"
        },
        "eur": {
            "current_rate": 108.43320900645409,
            "sparkline": "▅▅▅▅▅▄▄▄▄▄▄▄▅▄▅▅▄▅▅▅▅▅▄▅▅▅▅▅▅▅"
        },
        "cny": {
            "current_rate": 103.65730205739982,
            "sparkline": "▃▄▄▄▄▆▆▅▅▅▅▅▄▄▄▄▄▃▄▃▄▄▄▄▄▄▃▄▄▃"
        },
        "rsd": {
            "current_rate": 109.59877072071895,
            "sparkline": "▅▅▄▆▆▆▄▄▄▅▄▄▃▄▅▅▅▄▄▅▅▄▄▅▄▄▄▅▅▅"
        }
    },
    "update_time": "2025-06-05 16:20:41",
    "update_time_display": "05.06 16:20"
}