{
    "rub2rsd": {
        "bank": {
            "current": 1.2681309199591195,
            "sparkline_full": "                           1.28   \n  ▂▂▂▃▃▂▃▄▄▅▆▆▅▅▅▅▅▆▇▇▆▆▆▇▇▇▇▇▇▇  \n 1.22                             "
        },
        "korona": {
            "current": 1.2401255138677196,
            "diff_percent": -2.208400225136274
        },
        "crypto": {
            "current": 1.270669950291656,
            "diff_percent": 0.20021831283937164
        },
        "forex": {
            "current": 1.335045363718914,
            "diff_percent": 5.276619527733894
        }
    },
    "rub2eur": {
        "bank": {
            "current": 0.010970927043335162,
            "sparkline_full": "                           91.1   \n  ▂▂▂▂▂▃▃▄▄▅▅▆▅▅▅▅▆▇▇▇▆▆▆▇▇▇▇▇▇▇  \n  95.6                            "
        },
        "korona": {
            "current": 0.01061751296119623,
            "diff_percent": -3.221369358696371
        },
        "crypto": {
            "current": 0.01093341745710935,
            "diff_percent": -0.34189987844828085
        },
        "forex": {
            "current": 0.011369090024234061,
            "diff_percent": 3.629255570893465
        }
    },
    "rub2usd": {
        "bank": {
            "current": 0.012851818532322323,
            "sparkline_full": "                             77.8 \n  ▁▁▁▂▂▃▄▅▅▆▇▇▇▆▇▇▇███▇▇▇███████  \n  82.8                            "
        },
        "korona": {
            "current": 0.012182727464777745,
            "diff_percent": -5.206197596564359
        },
        "crypto": {
            "current": 0.012782967733579668,
            "diff_percent": -0.5357280650165918
        },
        "forex": {
            "current": 0.013368733740277588,
            "diff_percent": 4.022117233099922
        }
    },
    "xdr": {
        "rub2xdr": {
            "current_rate": 0.00927845899498802,
            "sparkline": "▁▁▁▂▃▃▄▄▄▅▆▆▅▅▅▅▆▇▇▇▇█▇███████"
        },
        "usd2xdr": {
            "current_rate": 0.69563,
            "sparkline": "▆▆▆▆▆▄▄▄▄▄▃▃▃▃▃▃▃▃▃▃▄▄▄▄▄▄▄▄▄▄"
        },
        "eur2xdr": {
            "current_rate": 0.816112721001443,
            "sparkline": "▄▄▄▄▆▄▄▄▄▄▅▄▄▄▄▄▄▄▄▃▄▄▄▄▄▄▄▄▄▄"
        },
        "cny2xdr": {
            "current_rate": 0.10187529747739171,
            "sparkline": "▅▅▅▅▆▄▄▄▄▄▄▃▃▃▄▄▄▄▄▄▄▄▄▄▄▄▄▄▄▄"
        },
        "rsd2xdr": {
            "current_rate": 0.006949920390077132,
            "sparkline": "▄▄▄▄▆▄▄▄▄▄▅▄▄▄▄▄▄▄▄▃▄▄▄▄▄▄▄▄▄▄"
        }
    },
    "neer": {
        "rub": {
            "current_rate": 101.652263707532,
            "sparkline": "▁▁▁▃▂▃▃▄▄▄▅▆▇▆▅▅▆▇███▇▇██▇█▇▇▇"
        },
        "usd": {
            "current_rate": 101.97905244780334,
            "sparkline": "▆▆▆▅▄▄▄▄▄▄▃▃▃▃▄▄▃▃▃▄▄▄▄▃▄▄▅▄▄▄"
        },
        "eur": {
            "current_rate": 109.69491172235473,
            "sparkline": "▄▄▄▄▄▄▄▅▅▄▄▄▄▄▄▄▄▄▄▄▄▄▄▄▄▄▄▄▄▄"
        },
        "cny": {
            "current_rate": 110.12652694864387,
            "sparkline": "▄▄▅▆▅▅▅▄▄▅▄▄▄▄▃▃▄▄▅▅▅▄▄▄▅▄▄▃▃▃"
        },
        "rsd": {
            "current_rate": 109.85088028937146,
            "sparkline": "▂▂▆▆▆▆▆▄▄▆▆▆▆▇▂▂▆▆▆▇▇▂▂▆▇▂▂▂▂▂"
        }
    },
    "specific_rates": {
        "rub_kzt_bank": 5.99,
        "rub_kzt_crypto": 5.969645931581705,
        "kzt_rsd_bank": 0.21285516173904506,
        "rsd_eur_cash": 0.00844880027036161,
        "eur_rsd_cash": 116.8,
        "rsd_usd_cash": 0.009823785841468655,
        "usd_rsd_cash": 98.25,
        "eur_usd_exch": 1.173199432171475,
        "usd_kzt_bank": 460.0
    },
    "update_time": "2026-05-03 22:05:42",
    "update_time_display": "03.05 22:05"
}