{
    "rub2rsd": {
        "bank": {
            "current": 1.1718750001171874,
            "sparkline_full": "                         1.18     \n  ▆▄▃▁▂▃▃▄▅▃▃▃▃▃▃▃▃▃▄▄▄▄▅▇█▇▆▆▅▇  \n    1.13                          "
        },
        "korona": {
            "current": 1.1387496008844464,
            "diff_percent": -2.826700734244557
        },
        "crypto": {
            "current": 1.1067423880166454,
            "diff_percent": -5.557982898690453
        },
        "forex": {
            "current": 1.223221492510604,
            "diff_percent": 4.381567350466726
        }
    },
    "rub2eur": {
        "bank": {
            "current": 0.010121457489878543,
            "sparkline_full": "                         98.6     \n  ▇▄▃▂▂▃▃▄▄▃▄▄▄▄▃▃▃▃▄▄▄▄▅▆▇▆▆▆▅▇  \n    103                           "
        },
        "korona": {
            "current": 0.00974789933987713,
            "diff_percent": -3.690754522013949
        },
        "crypto": {
            "current": 0.009574744265587817,
            "diff_percent": -5.401526655992369
        },
        "forex": {
            "current": 0.010439816709471998,
            "diff_percent": 3.145389089583338
        }
    },
    "rub2usd": {
        "bank": {
            "current": 0.011837121212121212,
            "sparkline_full": "                         83.7     \n  ▇▅▃▁▂▃▃▄▅▅▄▄▄▄▃▄▄▄▃▄▄▄▅▇█▇▆▆▅▆  \n    87.6                          "
        },
        "korona": {
            "current": 0.011246116261556327,
            "diff_percent": -4.992809822372146
        },
        "crypto": {
            "current": 0.011175519073907661,
            "diff_percent": -5.589214863628077
        },
        "forex": {
            "current": 0.012204811380742517,
            "diff_percent": 3.106246544512783
        }
    },
    "xdr": {
        "rub2xdr": {
            "current_rate": 0.008488898981212722,
            "sparkline": "█▄▁▁▁▂▃▅▅▃▁▃▂▂▂▂▂▂▂▃▄▄▅▇█▆▇▇▆█"
        },
        "usd2xdr": {
            "current_rate": 0.69675,
            "sparkline": "▅▅▆▆▅▅▅▅▅▅▃▄▄▅▅▄▄▅▅▆▆▅▅▅▅▅▅▅▅▆"
        },
        "eur2xdr": {
            "current_rate": 0.8131272049547368,
            "sparkline": "▄▄▄▄▄▄▄▄▆▆▃▃▃▄▄▄▄▃▃▄▄▄▄▄▄▃▄▄▃▃"
        },
        "cny2xdr": {
            "current_rate": 0.09786433131307457,
            "sparkline": "▅▄▅▆▅▅▅▅▅▅▃▄▄▄▅▄▄▄▄▅▅▅▅▅▅▅▅▅▅▅"
        },
        "rsd2xdr": {
            "current_rate": 0.006939788936989376,
            "sparkline": "▄▄▄▄▄▄▄▄▆▆▃▃▄▄▄▄▄▃▃▄▄▄▄▄▄▃▄▄▄▃"
        }
    },
    "neer": {
        "rub": {
            "current_rate": 92.43158499915629,
            "sparkline": "█▆▅▂▁▄▄▁▅▅▅▅▄▄▅▃▅▄▅▅▅▅▆▆▇▇▇▇▇▆"
        },
        "usd": {
            "current_rate": 103.76017054441803,
            "sparkline": "▅▅▅▅▅▅▄▄▄▄▄▅▄▄▄▄▅▅▅▅▅▅▅▅▅▅▅▅▅▅"
        },
        "eur": {
            "current_rate": 110.67223350023896,
            "sparkline": "▄▄▄▄▄▄▄▅▅▅▅▄▅▅▅▅▅▅▄▅▅▅▅▅▅▅▅▅▅▄"
        },
        "cny": {
            "current_rate": 105.14744538503852,
            "sparkline": "▄▄▄▅▅▄▄▄▄▄▄▅▅▄▄▄▄▅▅▅▅▅▅▅▄▅▅▅▅▅"
        },
        "rsd": {
            "current_rate": 110.68387790247428,
            "sparkline": "▄▅▄▄▅▄▄▄▅▄▅▄▄▄▅▅▄▄▅▄▄▄▄▄▄▄▄▄▄▄"
        }
    },
    "update_time": "2025-10-07 21:05:39",
    "update_time_display": "07.10 21:05"
}