{
    "rub2rsd": {
        "bank": {
            "current": 1.20315680775439,
            "sparkline_full": "                       1.22       \n          ▅▄▃▄▄▄▆▅▅ ▆▅▅▅▆▃▄▃▄▄▄▄  \n           1.19                   "
        },
        "korona": {
            "current": 1.16709149296301,
            "diff_percent": -2.9975573058256066
        },
        "crypto": {
            "current": 1.2304236938828228,
            "diff_percent": 2.2662786722974744
        },
        "forex": {
            "current": 1.2597000057126113,
            "diff_percent": 4.699570130327019
        }
    },
    "rub2eur": {
        "bank": {
            "current": 0.010375596596804317,
            "sparkline_full": "                     95.8         \n          ▅▃▄▃▃▃▅▆▅▅▆▆▆▅▆▅▄▄▅▅▅▅  \n          98.5                    "
        },
        "korona": {
            "current": 0.009985809565458909,
            "diff_percent": -3.7567674081070415
        },
        "crypto": {
            "current": 0.010597656273978996,
            "diff_percent": 2.140211168609559
        },
        "forex": {
            "current": 0.01076423527132226,
            "diff_percent": 3.745699545003938
        }
    },
    "rub2usd": {
        "bank": {
            "current": 0.011810558639423645,
            "sparkline_full": "                       83.5       \n          ▁▁▁▄▄▄▇▇▆▆███▇█▇▅▅▆▆▆▇  \n          89.1                    "
        },
        "korona": {
            "current": 0.010839020134320967,
            "diff_percent": -8.226016522704372
        },
        "crypto": {
            "current": 0.012038114408306237,
            "diff_percent": 1.9267146951289071
        },
        "forex": {
            "current": 0.012114354662269964,
            "diff_percent": 2.5722409254397816
        }
    },
    "xdr": {
        "rub2xdr": {
            "current_rate": 0.008767516586326872,
            "sparkline": "               ▅▃▃▅▅▅█▅▃▁▃▅▅▃▆"
        },
        "usd2xdr": {
            "current_rate": 0.715661,
            "sparkline": "               ▆▆▆▆▆▆▆▂▅▅▇▇▇▆▅"
        },
        "eur2xdr": {
            "current_rate": 0.8145043623939562,
            "sparkline": "               ▂▄▄▄▄▄▇▃▂▂▄▅▅▄▃"
        },
        "cny2xdr": {
            "current_rate": 0.0981029472241261,
            "sparkline": "               ▅▅▆▆▆▆▆▂▄▅▇▇▇▆▅"
        },
        "rsd2xdr": {
            "current_rate": 0.006960003609245913,
            "sparkline": "               ▄▄▄▄▅▅▅▄▄▄▅▅▅▄▄"
        }
    },
    "neer": {
        "rub": {
            "current_rate": 94.58417049034024,
            "sparkline": "▆▄▅▄▄▅▅▅▃▃▂▂▂▂▂▅▆▅▆▆▆▆▇▆▄▄▅▅▅▅"
        },
        "usd": {
            "current_rate": 105.80165804824182,
            "sparkline": "▆▆▆▅▅▅▆▆▆▆▅▄▄▄▄▄▃▃▃▃▃▃▃▃▃▃▃▃▃▃"
        },
        "eur": {
            "current_rate": 109.22186933760666,
            "sparkline": "▂▂▂▄▄▄▄▄▄▅▅▆▇▇▇▆▆▆▆▆▆▆▇▆▆▆▆▆▆▆"
        },
        "cny": {
            "current_rate": 103.66032106454153,
            "sparkline": "▇▇▆▅▅▅▅▆▅▅▅▄▃▃▃▃▃▃▃▃▃▃▂▃▃▃▃▃▃▃"
        },
        "rsd": {
            "current_rate": 109.89905468789806,
            "sparkline": "▄▄▃▂▅▅▅▅▅▅▄▅▅▅▆▄▅▅▅▅▅▇▆▅▅▅▅▅▅▅"
        }
    },
    "update_time": "2025-04-29 14:50:45",
    "update_time_display": "29.04 14:50"
}