{
    "rub2rsd": {
        "bank": {
            "current": 1.1953879806936174,
            "sparkline_full": " 1.24                             \n  ██▇▇▇▇▇▇▇▇▇▇▆▅▄▂▂▁▁▁▁▁▃▅▅▅▅▆▆▆  \n                     1.12         "
        },
        "korona": {
            "current": 1.167671774266646,
            "diff_percent": -2.318595039820393
        },
        "crypto": {
            "current": 1.1816936772048297,
            "diff_percent": -1.1455948788142998
        },
        "forex": {
            "current": 1.2647142137204168,
            "diff_percent": 5.799475496363385
        }
    },
    "rub2eur": {
        "bank": {
            "current": 0.010297600659046443,
            "sparkline_full": "  93.5                            \n  ██▇▇▇▇▇▇▇▇▆▆▆▅▃▂▁▁▁▁▁▁▃▅▅▅▅▅▅▅  \n                    104           "
        },
        "korona": {
            "current": 0.009998616591408414,
            "diff_percent": -2.903434280832902
        },
        "crypto": {
            "current": 0.010138938468489844,
            "diff_percent": -1.5407685324951297
        },
        "forex": {
            "current": 0.01077903291969601,
            "diff_percent": 4.67518868316794
        }
    },
    "rub2usd": {
        "bank": {
            "current": 0.011957431543704412,
            "sparkline_full": " 80.7                             \n  ██▇▇▇▇▇▇▇▆▆▆▅▄▃▂▁▁▁▁▁▁▃▅▅▅▅▅▅▆  \n                    89.9          "
        },
        "korona": {
            "current": 0.01128730569614931,
            "diff_percent": -5.604262463103327
        },
        "crypto": {
            "current": 0.01174930278114445,
            "diff_percent": -1.7405808412889725
        },
        "forex": {
            "current": 0.012403346919132658,
            "diff_percent": 3.7291902847064184
        }
    },
    "xdr": {
        "rub2xdr": {
            "current_rate": 0.008760365325237243,
            "sparkline": "██▇▆▆█▇▆▇▆▇▇▆▄▂▁▁▂▂▃▄▅▄▄▄▄▅▅▆▅"
        },
        "usd2xdr": {
            "current_rate": 0.703479,
            "sparkline": "▄▄▄▄▄▅▄▄▄▅▅▅▅▅▄▅▅▄▄▄▄▄▄▄▄▄▅▅▅▄"
        },
        "eur2xdr": {
            "current_rate": 0.8127227544903262,
            "sparkline": "▄▄▄▄▄▅▄▄▄▄▄▄▄▄▄▄▄▄▄▄▄▄▄▄▄▄▄▄▅▄"
        },
        "cny2xdr": {
            "current_rate": 0.10218895716215626,
            "sparkline": "▄▄▄▄▄▄▄▄▅▅▅▅▅▅▅▅▅▄▄▄▄▄▄▄▄▄▅▅▅▄"
        },
        "rsd2xdr": {
            "current_rate": 0.006926754859081426,
            "sparkline": "▄▄▄▄▄▅▅▄▄▄▄▄▅▅▄▄▅▄▄▄▄▄▄▄▄▄▄▄▅▄"
        }
    },
    "neer": {
        "rub": {
            "current_rate": 94.86142044515651,
            "sparkline": "██▇▆▆█▇▇▆▇▆▆▇▅▄▃▂▃▂▁▄▅▅▄▄▄▄▅▄▄"
        },
        "usd": {
            "current_rate": 103.60028832410916,
            "sparkline": "▄▄▄▄▄▄▄▄▄▄▅▅▄▄▄▅▄▅▅▄▄▅▅▅▅▅▅▅▅▅"
        },
        "eur": {
            "current_rate": 109.88791498000553,
            "sparkline": "▅▅▄▅▅▄▄▄▄▄▄▄▄▄▄▄▅▅▅▅▅▅▅▅▅▅▅▅▅▅"
        },
        "cny": {
            "current_rate": 110.64796230532488,
            "sparkline": "▄▄▅▄▄▅▄▅▅▅▅▄▅▅▅▅▅▅▅▅▅▄▄▄▄▅▄▅▅▅"
        },
        "rsd": {
            "current_rate": 110.05754124381082,
            "sparkline": "▅▅▆▃▃▆▅▆▅▅▃▃▆▅▆▆▅▃▃▆▆▃▃▃▃▃▃▃▃▃"
        }
    },
    "specific_rates": {
        "rub_kzt_bank": 5.71,
        "rub_kzt_crypto": 5.622041380777619,
        "kzt_rsd_bank": 0.2101894307013056,
        "rsd_eur_cash": 0.008447135013374631,
        "eur_rsd_cash": 116.78333333333335,
        "rsd_usd_cash": 0.009666505558240696,
        "usd_rsd_cash": 99.34166666666665,
        "eur_usd_exch": 1.155290711578208,
        "usd_kzt_bank": 471.5
    },
    "update_time": "2026-04-02 04:21:25",
    "update_time_display": "02.04 04:21"
}