{
    "rub2rsd": {
        "bank": {
            "current": 1.2632906495895302,
            "sparkline_full": "                              1.26\n  ▅▅▆▆▆▆▅▂  ▁▁▂▂▂▃▄▅▅▅▅▅▅▆▇▇▇▆▆█  \n            1.16                  "
        },
        "korona": {
            "current": 1.220557489312319,
            "diff_percent": -3.382686343091045
        },
        "crypto": {
            "current": 1.230418708839314,
            "diff_percent": -2.602088502823721
        },
        "forex": {
            "current": 1.317372174235238,
            "diff_percent": 4.281004111229671
        }
    },
    "rub2eur": {
        "bank": {
            "current": 0.010897994768962511,
            "sparkline_full": "                              91.8\n  ▄▄▅▅▅▅▄▂  ▁▁▂▂▂▃▄▄▄▅▅▅▆▆▆▆▆▆▆█  \n           99.8                   "
        },
        "korona": {
            "current": 0.010448700532207696,
            "diff_percent": -4.1227239164621805
        },
        "crypto": {
            "current": 0.010568251745829753,
            "diff_percent": -3.02572198026619
        },
        "forex": {
            "current": 0.011220710943855681,
            "diff_percent": 2.9612436208197286
        }
    },
    "rub2usd": {
        "bank": {
            "current": 0.012738853503184714,
            "sparkline_full": "                              78.5\n  ▅▅▆▆▆▆▅▃  ▁▁▂▂▂▂▃▄▄▄▅▅▅▅▆▆▆▆▆█  \n            85.0                  "
        },
        "korona": {
            "current": 0.011889512031616062,
            "diff_percent": -6.667330551813919
        },
        "crypto": {
            "current": 0.012327901889601601,
            "diff_percent": -3.2259701666274356
        },
        "forex": {
            "current": 0.013151284485955742,
            "diff_percent": 3.2375832147525685
        }
    },
    "xdr": {
        "rub2xdr": {
            "current_rate": 0.009189374320433938,
            "sparkline": "▄▂▃▃▃▄▃▂▃▂▁▁▁▁▁▂▃▃▄▄▅▅▅▆▆▆▆▆▆█"
        },
        "usd2xdr": {
            "current_rate": 0.697951,
            "sparkline": "▄▃▄▄▄▄▄▄▄▄▄▄▅▄▅▅▅▅▅▅▅▅▅▅▅▆▅▅▅▅"
        },
        "eur2xdr": {
            "current_rate": 0.8189654262028666,
            "sparkline": "▄▄▄▄▄▄▄▄▄▄▄▄▄▄▄▄▄▄▄▅▄▄▄▄▄▄▄▅▅▅"
        },
        "cny2xdr": {
            "current_rate": 0.10008761866521353,
            "sparkline": "▃▃▄▄▄▄▄▄▄▄▄▄▅▅▅▅▅▅▅▅▅▆▆▆▆▆▆▆▆▅"
        },
        "rsd2xdr": {
            "current_rate": 0.006975533945650979,
            "sparkline": "▄▄▄▄▄▄▄▄▄▄▄▅▄▄▄▄▄▄▄▅▄▄▄▄▄▄▅▅▅▅"
        }
    },
    "neer": {
        "rub": {
            "current_rate": 99.60544414221637,
            "sparkline": "▃▄▄▄▄▄▅▄▄▄▄▄▄▄▄▄▄▃▄▄▄▄▄▄▅▅▄▅▄▆"
        },
        "usd": {
            "current_rate": 102.87370071002006,
            "sparkline": "▄▄▄▄▄▄▄▄▄▄▅▅▅▄▅▅▅▅▅▅▅▅▅▅▅▅▅▄▄▄"
        },
        "eur": {
            "current_rate": 110.12840746897291,
            "sparkline": "▅▅▅▅▅▅▅▅▅▅▅▄▄▅▄▄▄▄▄▅▄▄▄▄▄▄▄▅▅▄"
        },
        "cny": {
            "current_rate": 108.26788289636421,
            "sparkline": "▄▄▄▄▄▄▄▄▄▄▄▅▅▄▄▅▅▅▅▅▅▅▅▅▅▅▅▅▅▅"
        },
        "rsd": {
            "current_rate": 110.0347069979335,
            "sparkline": "▅▅▅▅▅▅▅▅▅▅▅▅▅▅▅▅▅▅▅▅▄▄▅▅▅▄▄▄▅▅"
        }
    },
    "specific_rates": {
        "rub_kzt_bank": 6.49,
        "rub_kzt_crypto": 6.293393914641618,
        "kzt_rsd_bank": 0.19550956535181083,
        "rsd_eur_cash": 0.008443908323281062,
        "eur_rsd_cash": 116.81428571428572,
        "rsd_usd_cash": 0.009741050409935871,
        "usd_rsd_cash": 98.28333333333335,
        "eur_usd_exch": 1.1733852751881817,
        "usd_kzt_bank": 503.5
    },
    "update_time": "2026-01-22 17:35:48",
    "update_time_display": "22.01 17:35"
}