{
    "rub2rsd": {
        "bank": {
            "current": 1.2364441880621633,
            "sparkline_full": " 1.25                             \n  █▇▄▂ ▅▅▅  ▄▅▄▃▃▂▁▁▁▁▁▁▂▃▄▄▅▄▄▅  \n                 1.22             "
        },
        "korona": {
            "current": 1.1938096207314282,
            "diff_percent": -3.448159467477042
        },
        "crypto": {
            "current": 1.2214065339689695,
            "diff_percent": -1.2162016076731939
        },
        "forex": {
            "current": 1.298114202792446,
            "diff_percent": 4.987690938718065
        }
    },
    "rub2eur": {
        "bank": {
            "current": 0.010608953957139825,
            "sparkline_full": " 92.3                             \n  █▆▃▂▃▅▄▄▄▄▄▅▄▄▄▁▁▁▁▁▁▁▃▃▄▄▄▄▄▃  \n                  95.4            "
        },
        "korona": {
            "current": 0.010219722814137211,
            "diff_percent": -3.6688927539426355
        },
        "crypto": {
            "current": 0.010474872397799139,
            "diff_percent": -1.2638527783453068
        },
        "forex": {
            "current": 0.011061808838786076,
            "diff_percent": 4.2686101143975685
        }
    },
    "rub2usd": {
        "bank": {
            "current": 0.012540757461750691,
            "sparkline_full": "      78.6                        \n  ▇▆▅▅▆▇▆▆▅▄▄▅▄▃▃▂▂▃▃▂▃▃▄▄▅▄▄▃▃▄  \n                80.4              "
        },
        "korona": {
            "current": 0.011779078645598698,
            "diff_percent": -6.073626879995993
        },
        "crypto": {
            "current": 0.012356586002194194,
            "diff_percent": -1.4685832185035097
        },
        "forex": {
            "current": 0.013028993419055423,
            "diff_percent": 3.893193523547933
        }
    },
    "xdr": {
        "rub2xdr": {
            "current_rate": 0.009019065936006286,
            "sparkline": "█▆▃▃▄▅▅▄▃▄▄▄▄▃▃▃▂▁▁▂▄▂▂▃▄▃▄▄▄▄"
        },
        "usd2xdr": {
            "current_rate": 0.689818,
            "sparkline": "▆▅▄▄▃▄▅▅▄▅▅▆▆▅▅▅▅▄▄▄▄▄▅▅▅▅▆▆▆▅"
        },
        "eur2xdr": {
            "current_rate": 0.8153337367739252,
            "sparkline": "▅▅▅▆▄▄▄▄▄▄▄▄▅▄▄▅▅▄▄▄▄▄▄▄▄▃▄▄▄▄"
        },
        "cny2xdr": {
            "current_rate": 0.09984628300138954,
            "sparkline": "▅▄▃▃▂▃▄▄▄▅▅▅▆▅▅▅▅▄▅▅▅▅▅▅▆▆▇▇▇▆"
        },
        "rsd2xdr": {
            "current_rate": 0.0069478216297186104,
            "sparkline": "▅▄▅▆▄▄▅▄▄▄▄▄▅▄▄▅▅▄▄▄▄▄▄▄▄▃▄▄▄▄"
        }
    },
    "neer": {
        "rub": {
            "current_rate": 99.10966141102442,
            "sparkline": "█▇▆▃▄▆▆▇▇▄▄▄▆▅▄▄▁▂▁▂▅▃▂▄▅▄▅▅▅▅"
        },
        "usd": {
            "current_rate": 101.47924354481287,
            "sparkline": "▆▅▄▃▃▄▅▅▅▅▅▆▆▅▅▄▄▄▄▄▄▄▄▄▄▅▅▄▄▄"
        },
        "eur": {
            "current_rate": 110.24884369012133,
            "sparkline": "▄▅▆▆▆▅▅▄▅▄▄▄▄▄▄▅▅▅▄▄▄▄▄▄▄▃▃▃▃▄"
        },
        "cny": {
            "current_rate": 107.80777892092307,
            "sparkline": "▄▄▃▃▃▄▄▄▅▅▅▆▆▅▅▅▅▅▅▅▅▅▅▅▅▆▆▆▆▅"
        },
        "rsd": {
            "current_rate": 109.96793100671694,
            "sparkline": "▄▅▄▅▅▅▅▅▅▄▅▄▄▄▄▄▅▅▄▄▄▄▄▅▄▄▄▄▄▄"
        }
    },
    "specific_rates": {
        "rub_kzt_bank": 6.27,
        "rub_kzt_crypto": 6.1906495870992915,
        "kzt_rsd_bank": 0.19729860603227506,
        "rsd_eur_cash": 0.008446965126101122,
        "eur_rsd_cash": 116.81428571428572,
        "rsd_usd_cash": 0.00986679822397632,
        "usd_rsd_cash": 97.44285714285715,
        "eur_usd_exch": 1.1819548587800335,
        "usd_kzt_bank": 494.0
    },
    "update_time": "2026-02-23 08:50:44",
    "update_time_display": "23.02 08:50"
}