{
    "rub2rsd": {
        "bank": {
            "current": 1.2042605793543555,
            "sparkline_full": "               1.24               \n   ▄▄▅▅▅▅▆▇▇▇▇▆▇██▇▇▇▇▆▅▄▃▃▃▃▁▁▃  \n                            1.19  "
        },
        "korona": {
            "current": 1.1663459996945345,
            "diff_percent": -3.1483700712140155
        },
        "crypto": {
            "current": 1.201100120319944,
            "diff_percent": -0.26243979821259705
        },
        "forex": {
            "current": 1.2636738383349002,
            "diff_percent": 4.933588294686036
        }
    },
    "rub2eur": {
        "bank": {
            "current": 0.010309278350515464,
            "sparkline_full": "                93.4              \n   ▅▄▅▅▅▅▆▇▇▇▇▇▇██▇▇▇▇▇▅▄▃▃▃▃▁▁▂  \n                            97.6  "
        },
        "korona": {
            "current": 0.00998014261005021,
            "diff_percent": -3.1926166825129694
        },
        "crypto": {
            "current": 0.010234809675172062,
            "diff_percent": -0.7223461508310007
        },
        "forex": {
            "current": 0.010788439445143636,
            "diff_percent": 4.64786261789327
        }
    },
    "rub2usd": {
        "bank": {
            "current": 0.011917530687641521,
            "sparkline_full": "            80.1                  \n   ▇▇▇▇▇▇█████████▇▇▇██▇▆▅▅▅▅▁▁▁  \n                             84.1 "
        },
        "korona": {
            "current": 0.011447109625032235,
            "diff_percent": -3.947303136354521
        },
        "crypto": {
            "current": 0.011807955169617539,
            "diff_percent": -0.9194481717392329
        },
        "forex": {
            "current": 0.012219755189424536,
            "diff_percent": 2.535965794461276
        }
    },
    "xdr": {
        "rub2xdr": {
            "current_rate": 0.00855005617012428,
            "sparkline": " ▄█████▃▄▄▃▃▃▄▄▄▄▄▄▄▄▃▃▂▂▂▂▁▁▁"
        },
        "usd2xdr": {
            "current_rate": 0.69341,
            "sparkline": " ▃▇▇▇▇▇▂▂▂▂▂▂▂▃▃▃▃▃▃▂▂▂▂▂▂▂▂▂▂"
        },
        "eur2xdr": {
            "current_rate": 0.7925201984586424,
            "sparkline": " ▄█████▃▃▂▂▂▂▂▃▂▃▃▃▃▃▃▃▂▃▃▂▁▁▁"
        },
        "cny2xdr": {
            "current_rate": 0.0964087091930371,
            "sparkline": " ▃▇▇▇▇▇▂▂▂▂▂▂▂▃▃▃▃▃▃▂▂▂▂▂▂▂▂▂▂"
        },
        "rsd2xdr": {
            "current_rate": 0.006766030846527928,
            "sparkline": " ▄█████▃▃▂▂▂▂▂▃▂▃▃▃▃▃▃▃▂▃▃▂▁▁▁"
        }
    },
    "neer": {
        "rub": {
            "current_rate": 95.97849206404045,
            "sparkline": "▅▄▄▅▄▅▅▆▆▇▇▇▇▆██▇▇▆▇▆▅▅▄▄▄▄▁▂▃"
        },
        "usd": {
            "current_rate": 104.79982099357957,
            "sparkline": "▃▃▃▃▃▄▄▄▄▄▄▄▄▄▅▅▅▅▅▄▄▄▃▄▄▄▄▅▅▆"
        },
        "eur": {
            "current_rate": 109.27914122057649,
            "sparkline": "▅▅▅▅▅▅▅▅▅▅▅▅▅▅▄▄▅▅▅▅▅▅▅▅▆▆▆▅▄▃"
        },
        "cny": {
            "current_rate": 104.5127326658544,
            "sparkline": "▃▃▃▃▃▄▄▄▄▄▄▄▄▅▅▅▅▅▅▄▄▄▄▄▄▄▄▅▅▆"
        },
        "rsd": {
            "current_rate": 110.02821930047601,
            "sparkline": "▅▅▅▅▅▅▅▅▅▅▅▄▄▄▄▅▄▄▄▅▅▅▅▅▅▅▅▅▄▄"
        }
    },
    "update_time": "2025-07-31 06:20:43",
    "update_time_display": "31.07 06:20"
}