{
    "rub2rsd": {
        "bank": {
            "current": 1.2007761868261402,
            "sparkline_full": "     1.23                         \n  ▄▁▂▆█▆▆▆▆▅▆▆▄▄▄▅▄▄▅▃▃▃▂▃▅▅▁▁▁▃  \n                             1.19 "
        },
        "korona": {
            "current": 1.158404520474455,
            "diff_percent": -3.5286897605523615
        },
        "crypto": {
            "current": 1.1541062357653369,
            "diff_percent": -3.886648617188193
        },
        "forex": {
            "current": 1.2472672042310937,
            "diff_percent": 3.871747117823628
        }
    },
    "rub2eur": {
        "bank": {
            "current": 0.010349824052991098,
            "sparkline_full": "     94.8                         \n  ▄▁▁▆█▆▆▆▆▅▆▆▅▅▅▅▄▄▄▄▄▃▂▄▄▃▁▁▁▃  \n  97.6                            "
        },
        "korona": {
            "current": 0.009922094393785483,
            "diff_percent": -4.132723967244656
        },
        "crypto": {
            "current": 0.009907723532038538,
            "diff_percent": -4.271575233443632
        },
        "forex": {
            "current": 0.010644461038068272,
            "diff_percent": 2.846782549815651
        }
    },
    "rub2usd": {
        "bank": {
            "current": 0.01208313194780087,
            "sparkline_full": "            81.9                  \n  ▇▂▁▄▅▅▅▆▆▅▇█▆▆▆▇▇▇▆▆▆▅▅▅▇▆▄▄▄▅  \n   84.1                           "
        },
        "korona": {
            "current": 0.011301507516823952,
            "diff_percent": -6.468723790764967
        },
        "crypto": {
            "current": 0.011543692723785162,
            "diff_percent": -4.464399017953999
        },
        "forex": {
            "current": 0.012418225981909128,
            "diff_percent": 2.7732382262799513
        }
    },
    "xdr": {
        "rub2xdr": {
            "current_rate": 0.008690076083638764,
            "sparkline": "▄▁▁▃▃▅▅██▇█▇▆▇▇███▇▇▇▅▄▄▅▅▅▅▄▅"
        },
        "usd2xdr": {
            "current_rate": 0.700396,
            "sparkline": "▃▃▃▃▃▃▃▆▆▆▆▅▅▅▅▅▅▅▅▆▅▄▄▄▅▅▅▄▄▅"
        },
        "eur2xdr": {
            "current_rate": 0.8163941840324322,
            "sparkline": "▅▃▂▁▁▃▃▆▆▇▇▆▆▆▆▆█▇▇█▇▆▅▅▆▆▇▆▆▆"
        },
        "cny2xdr": {
            "current_rate": 0.09791776761872806,
            "sparkline": "▄▃▃▃▃▃▃▆▆▆▆▅▅▅▅▅▆▆▆▆▅▄▄▄▅▆▆▄▅▆"
        },
        "rsd2xdr": {
            "current_rate": 0.0069672930180153005,
            "sparkline": "▅▃▂▁▁▃▃▆▆▇▇▆▆▆▆▇█▇▇█▇▆▆▅▆▆▇▆▆▆"
        }
    },
    "neer": {
        "rub": {
            "current_rate": 95.31477648623925,
            "sparkline": "██▁▃█▇▆▅█▆▅▇▆▆▇▇▅▆▆▅▅▆▄▄▄▄▄▃▄▃"
        },
        "usd": {
            "current_rate": 103.96243300553624,
            "sparkline": "▃▄▄▅▆▄▄▄▅▄▃▃▃▃▄▄▃▃▃▃▃▄▄▄▄▄▃▃▃▃"
        },
        "eur": {
            "current_rate": 110.32056802452239,
            "sparkline": "▅▄▄▃▃▅▅▄▄▅▅▅▅▅▅▅▆▅▅▆▆▅▅▅▅▅▆▆▆▅"
        },
        "cny": {
            "current_rate": 104.3365897627902,
            "sparkline": "▄▅▅▆▆▃▄▅▅▄▄▄▄▄▄▄▃▄▄▃▃▄▄▄▅▅▄▄▄▅"
        },
        "rsd": {
            "current_rate": 110.50102621149016,
            "sparkline": "▆▅▄▄▄▄▄▅▄▄▅▅▄▄▅▅▄▅▅▄▅▃▃▄▄▄▅▅▅▄"
        }
    },
    "update_time": "2025-08-26 20:35:49",
    "update_time_display": "26.08 20:35"
}