{
    "rub2rsd": {
        "bank": {
            "current": 1.2094399606137292,
            "sparkline_full": " 1.24                             \n  █▇▇▇▇▆▅▄▃▄▄▃▁▂▅▆▅▄▅▄▄▄▅▃▃▃▄▃▃▄  \n             1.19                 "
        },
        "korona": {
            "current": 1.1589783948110386,
            "diff_percent": -4.172308460610471
        },
        "crypto": {
            "current": 1.158574906476698,
            "diff_percent": -4.205670045102513
        },
        "forex": {
            "current": 1.2558307425768664,
            "diff_percent": 3.8357242586557443
        }
    },
    "rub2eur": {
        "bank": {
            "current": 0.010361620557455185,
            "sparkline_full": " 93.4                             \n  █▇▇▇▇▇▅▄▃▃▃▃▁▁▄▆▅▅▄▄▄▄▄▃▃▄▄▃▃▃  \n             97.6                 "
        },
        "korona": {
            "current": 0.009923974022846813,
            "diff_percent": -4.223726705505392
        },
        "crypto": {
            "current": 0.009857950269401951,
            "diff_percent": -4.8609219500017575
        },
        "forex": {
            "current": 0.010716678987538919,
            "diff_percent": 3.426668908738121
        }
    },
    "rub2usd": {
        "bank": {
            "current": 0.012138868657441126,
            "sparkline_full": " 80.2                             \n  █▇▇▇██▇▆▅▅▅▅▁▁▃▄▃▃▄▄▄▅▅▄▄▄▄▄▄▄  \n              84.1                "
        },
        "korona": {
            "current": 0.011397918978636668,
            "diff_percent": -6.1039434539911275
        },
        "crypto": {
            "current": 0.011525103623786104,
            "diff_percent": -5.05619634725007
        },
        "forex": {
            "current": 0.012496500979725676,
            "diff_percent": 2.9461750709801215
        }
    },
    "xdr": {
        "rub2xdr": {
            "current_rate": 0.00879649409229372,
            "sparkline": "██████▆▅▄▅▅▃▁▁▂▂▄▄▆▆▆▆▅▅▅▅▆▆▆▅"
        },
        "usd2xdr": {
            "current_rate": 0.702337,
            "sparkline": "▅▅▅▅▅▄▄▃▃▃▃▃▃▃▃▃▃▃▆▆▆▆▅▅▅▅▅▅▅▅"
        },
        "eur2xdr": {
            "current_rate": 0.8208227663180038,
            "sparkline": "▆▆▆▆▇▆▆▆▆▆▆▅▃▃▂▂▄▄▆▆▆▇▆▆▆▆▆▇▇▇"
        },
        "cny2xdr": {
            "current_rate": 0.0978307865888482,
            "sparkline": "▅▅▅▅▅▅▄▄▄▄▄▄▄▄▃▃▃▃▆▆▆▆▅▅▅▅▅▅▆▅"
        },
        "rsd2xdr": {
            "current_rate": 0.007004522022007522,
            "sparkline": "▆▆▆▆▇▆▆▆▆▆▆▅▃▃▂▂▄▄▆▆▆▇▆▆▆▆▆▇▇▇"
        }
    },
    "neer": {
        "rub": {
            "current_rate": 96.44778343914979,
            "sparkline": "█▇▇▇▇▇▇▆▆▄▄▆▆▁▂▅▅▅▄▅▄▄▅▄▄▅▆▅▄▄"
        },
        "usd": {
            "current_rate": 104.01409656170426,
            "sparkline": "▄▄▄▄▄▄▃▃▃▃▃▄▅▅▆▆▅▅▅▅▄▄▄▄▄▄▄▄▃▄"
        },
        "eur": {
            "current_rate": 110.39026855285485,
            "sparkline": "▄▅▅▅▅▅▅▅▅▆▆▅▄▄▄▃▅▅▄▄▅▅▅▅▅▅▅▅▅▅"
        },
        "cny": {
            "current_rate": 103.80119823498589,
            "sparkline": "▅▄▄▄▄▄▄▄▄▄▄▄▅▅▅▅▄▄▅▅▄▄▄▄▄▄▄▄▄▄"
        },
        "rsd": {
            "current_rate": 110.5133609036221,
            "sparkline": "▅▄▄▄▄▅▅▅▅▅▅▄▅▄▃▅▄▄▅▅▅▄▄▅▅▄▆▅▅▅"
        }
    },
    "update_time": "2025-08-15 17:05:49",
    "update_time_display": "15.08 17:05"
}