{
    "rub2rsd": {
        "bank": {
            "current": 1.1442018229543525,
            "sparkline_full": "   1.21                           \n  ▇▇██▆▆▆▇▇▇▆▆▆▆▆▆▆▆▄▄▄▃▂▁▁▂▂▂▃▂  \n                        1.13      "
        },
        "korona": {
            "current": 1.101317451118815,
            "diff_percent": -3.7479726893642833
        },
        "crypto": {
            "current": 1.1122238924174195,
            "diff_percent": -2.794780596867545
        },
        "forex": {
            "current": 1.1892363344205164,
            "diff_percent": 3.9358888058650225
        }
    },
    "rub2eur": {
        "bank": {
            "current": 0.009852216748768473,
            "sparkline_full": "   96.5                           \n  ▇███▇▇▇▇██▇▇▇▇▇▇▆▆▅▅▅▃▂▁▁▂▂▃▃▂  \n                        103       "
        },
        "korona": {
            "current": 0.009433125919647237,
            "diff_percent": -4.253771915580542
        },
        "crypto": {
            "current": 0.00953383348200104,
            "diff_percent": -3.231590157689445
        },
        "forex": {
            "current": 0.010152896102572691,
            "diff_percent": 3.051895441112817
        }
    },
    "rub2usd": {
        "bank": {
            "current": 0.011684973124561814,
            "sparkline_full": "   82.0                           \n  ▇▇██▇▇▇▇▇▆▆▇▇▇▆▆▆▅▅▅▅▃▂▁▁▂▂▃▄▃  \n                        87.6      "
        },
        "korona": {
            "current": 0.010748055801419796,
            "diff_percent": -8.018138451449383
        },
        "crypto": {
            "current": 0.011284767087510873,
            "diff_percent": -3.4249632650819497
        },
        "forex": {
            "current": 0.01207206054379804,
            "diff_percent": 3.312694133823629
        }
    },
    "xdr": {
        "rub2xdr": {
            "current_rate": 0.008362147349937312,
            "sparkline": "▇▇████▇███████▇▇▆▆▆▆▅▂▁▁▁▂▂▃▃▂"
        },
        "usd2xdr": {
            "current_rate": 0.695295,
            "sparkline": "▄▄▅▅▅▄▄▅▅▅▅▅▅▄▄▄▄▅▄▄▄▄▄▅▄▄▄▄▄▄"
        },
        "eur2xdr": {
            "current_rate": 0.8236218774875856,
            "sparkline": "▄▄▄▄▅▄▄▄▄▄▄▄▄▄▄▄▄▅▄▄▄▄▄▄▄▄▄▄▅▅"
        },
        "cny2xdr": {
            "current_rate": 0.0978709777314828,
            "sparkline": "▄▄▄▅▅▄▄▅▅▅▅▅▅▅▅▅▅▅▅▄▄▄▅▅▅▄▄▅▅▅"
        },
        "rsd2xdr": {
            "current_rate": 0.0070315269622265334,
            "sparkline": "▄▄▄▄▅▄▄▄▄▄▄▄▄▄▄▄▄▅▄▄▄▄▄▄▄▄▄▄▅▅"
        }
    },
    "neer": {
        "rub": {
            "current_rate": 91.39648208877415,
            "sparkline": "▇▇██▇▇▇▇▇▇▇▇█▇▇▇▇▆▆▆▆▄▂▁▁▂▂▃▃▂"
        },
        "usd": {
            "current_rate": 102.77925377879272,
            "sparkline": "▅▅▅▅▅▅▅▅▅▅▅▅▅▅▅▅▅▅▅▅▅▄▅▅▄▄▄▄▄▄"
        },
        "eur": {
            "current_rate": 111.19885233896632,
            "sparkline": "▄▄▄▄▅▅▄▄▄▄▄▄▄▄▄▄▄▄▄▅▅▅▄▄▄▄▅▄▅▅"
        },
        "cny": {
            "current_rate": 104.09128209908417,
            "sparkline": "▄▄▄▅▄▄▄▅▅▅▅▅▅▅▅▅▅▅▅▅▅▅▅▅▅▅▅▅▄▄"
        },
        "rsd": {
            "current_rate": 110.92747007029999,
            "sparkline": "▄▄▅▄▅▅▅▄▅▄▅▄▄▅▄▅▄▅▄▅▄▄▅▅▅▅▅▅▅▅"
        }
    },
    "update_time": "2025-09-17 15:05:50",
    "update_time_display": "17.09 15:05"
}