{
    "rub2rsd": {
        "bank": {
            "current": 1.2580922020598333,
            "sparkline_full": "     1.34                         \n  ▆   █▇▇▆▃▁▁▂▂▂ ▂▁▁▁▄▄▅▃▂▂▃▃▂▂▁  \n          1.26                    "
        },
        "korona": {
            "current": 1.2072809177126544,
            "diff_percent": -4.0387567989045
        },
        "crypto": {
            "current": 1.3824599189051237,
            "diff_percent": 9.885421485139734
        },
        "forex": {
            "current": 1.3106259272572391,
            "diff_percent": 4.175665750999338
        }
    },
    "rub2eur": {
        "bank": {
            "current": 0.010711225364181662,
            "sparkline_full": "  87.2                            \n  █████▇▇▆▃▁▁▂▂▂▃▂▁▁▁▃▄▄▃▂▂▃▃▂▂▁  \n           93.7                   "
        },
        "korona": {
            "current": 0.010320110423530314,
            "diff_percent": -3.6514490859209867
        },
        "crypto": {
            "current": 0.011714628680810834,
            "diff_percent": 9.367773364049954
        },
        "forex": {
            "current": 0.011168449269561995,
            "diff_percent": 4.268642380630787
        }
    },
    "rub2usd": {
        "bank": {
            "current": 0.012260912211868563,
            "sparkline_full": " 76.0                             \n  █████▇▆▆▃▁▁▁▂▁▃▂▁▁▁▃▄▄▃▁▁▃▃▂▂▁  \n           82.1                   "
        },
        "korona": {
            "current": 0.011611261531258998,
            "diff_percent": -5.298550951051613
        },
        "crypto": {
            "current": 0.013382851119533896,
            "diff_percent": 9.150533730918456
        },
        "forex": {
            "current": 0.01276844050098253,
            "diff_percent": 4.139400726013517
        }
    },
    "xdr": {
        "rub2xdr": {
            "current_rate": 0.009113846015422263,
            "sparkline": "▅▅██▅▅▅▄▂▁▁▁▁▁▂▂▂▂▂▂▂▃▃▂▂▃▂▁▁▁"
        },
        "usd2xdr": {
            "current_rate": 0.712694,
            "sparkline": "▃▃▆▆▄▄▄▄▄▄▄▄▄▄▄▄▄▄▄▄▄▄▄▄▄▄▄▄▄▄"
        },
        "eur2xdr": {
            "current_rate": 0.8160350461778737,
            "sparkline": "▃▃▆▆▄▃▃▄▄▄▄▄▄▄▄▄▄▄▄▄▃▄▄▄▄▄▄▄▃▄"
        },
        "cny2xdr": {
            "current_rate": 0.10522419571540359,
            "sparkline": "▃▃▆▆▄▄▄▄▄▄▄▄▄▄▄▄▄▄▄▃▃▄▄▄▄▄▄▄▄▄"
        },
        "rsd2xdr": {
            "current_rate": 0.0069538117825083045,
            "sparkline": "▃▃▆▆▄▃▃▄▄▄▄▄▄▄▄▄▄▄▄▄▃▄▄▄▄▄▄▄▃▄"
        }
    },
    "neer": {
        "rub": {
            "current_rate": 99.08327002624729,
            "sparkline": "█████▇▇▆▅▂▁▅▂▂▂▂▂▃▂▂▄▄▄▃▃▄▄▂▂▁"
        },
        "usd": {
            "current_rate": 103.39319977990033,
            "sparkline": "▄▄▄▄▄▄▅▅▅▅▅▅▅▅▅▄▅▅▅▄▅▅▄▅▅▄▄▄▄▅"
        },
        "eur": {
            "current_rate": 108.66450584972333,
            "sparkline": "▄▅▅▅▅▄▄▄▅▅▅▅▅▅▅▅▅▅▅▅▅▅▅▄▄▅▅▅▅▅"
        },
        "cny": {
            "current_rate": 112.96974759232668,
            "sparkline": "▅▅▄▄▅▅▅▅▅▄▄▅▅▅▅▅▄▄▅▅▅▅▅▄▄▅▅▄▄▄"
        },
        "rsd": {
            "current_rate": 109.63941994588765,
            "sparkline": "▆▆▃▃▆▆▆▆▆▃▃▆▆▆▆▆▃▃▆▆▆▆▆▃▃▆▆▃▃▃"
        }
    },
    "specific_rates": {
        "rub_kzt_bank": 5.8,
        "rub_kzt_crypto": 6.343471430659067,
        "kzt_rsd_bank": 0.2179342863,
        "rsd_eur_cash": 0.008456659619450317,
        "eur_rsd_cash": 116.98333333333333,
        "rsd_usd_cash": 0.009617696561673479,
        "usd_rsd_cash": 100.26666666666667,
        "eur_usd_exch": 1.145000583950298,
        "usd_kzt_bank": 467.0
    },
    "conversion_rates": {
        "rub_usd": {
            "rub_to_usd": [
                0.012260912211868563,
                0.012224938875305624
            ],
            "usd_to_rub": [
                76.01,
                76.9
            ]
        },
        "rub_eur": {
            "rub_to_eur": [
                0.010711225364181662,
                0.010672358591248666
            ],
            "eur_to_rub": [
                86.91,
                88.1
            ]
        },
        "rub_kzt": {
            "rub_to_kzt": [
                5.8,
                5.74712643678161
            ],
            "kzt_to_rub": [
                0.16260162601626016,
                0.164
            ]
        },
        "rub_rsd": {
            "rub_to_rsd": [
                1.3198178336
            ],
            "rsd_to_rub": [
                0.7576803211336757
            ]
        },
        "usd_eur": {
            "usd_to_eur": [
                0.8667013347200555
            ],
            "eur_to_usd": [
                1.1338
            ]
        },
        "usd_kzt": {
            "usd_to_kzt": [
                467.0
            ],
            "kzt_to_usd": [
                0.002109704641350211
            ]
        },
        "usd_rsd": {
            "usd_to_rsd": [
                102.61
            ],
            "rsd_to_usd": [
                0.009745638826625085
            ]
        },
        "eur_kzt": {
            "eur_to_kzt": [
                534.5
            ],
            "kzt_to_eur": [
                0.0018467220683287165
            ]
        },
        "eur_rsd": {
            "eur_to_rsd": [
                117.77564020369998
            ],
            "rsd_to_eur": [
                0.008490720137631521
            ]
        },
        "kzt_rsd": {
            "kzt_to_rsd": [
                0.2179342863
            ],
            "rsd_to_kzt": [
                4.588539127906833
            ]
        },
        "eur_usd_forex": {
            "eur_to_usd": [
                1.145000583950298
            ],
            "usd_to_eur": [
                0.873362
            ]
        }
    },
    "update_time": "2026-07-17 12:05:47",
    "update_time_display": "17.07 12:05"
}