{
    "rub2rsd": {
        "bank": {
            "current": 1.2365434063191707,
            "sparkline_full": "         1.26                     \n  ▃▂▂▂▄▅▆▇█▇▇▇         ▁▁▁▁▁▂▄▅▅  \n                      1.21        "
        },
        "korona": {
            "current": 1.1913474399754769,
            "diff_percent": -3.6550246528125565
        },
        "crypto": {
            "current": 1.2059833430490527,
            "diff_percent": -2.4714104748725605
        },
        "forex": {
            "current": 1.2889630635346065,
            "diff_percent": 4.239208825792367
        }
    },
    "rub2eur": {
        "bank": {
            "current": 0.010659844366272252,
            "sparkline_full": "           92.8                   \n  ▂▂▄▄▅▆▇████▇         ▂▁▂▂▂▂▄▄▅  \n                       95.5       "
        },
        "korona": {
            "current": 0.010204260727841344,
            "diff_percent": -4.273830112120346
        },
        "crypto": {
            "current": 0.010296724853471365,
            "diff_percent": -3.4064241495851224
        },
        "forex": {
            "current": 0.011002819047568124,
            "diff_percent": 3.217445485236571
        }
    },
    "rub2usd": {
        "bank": {
            "current": 0.012470382840753212,
            "sparkline_full": "                             80.1 \n  ▁▂▂▂▄▅▆▆▆▆▆▆         ▅▅▆▆▆▆▇█▇  \n 82.2                             "
        },
        "korona": {
            "current": 0.011526194272208563,
            "diff_percent": -7.571448131159542
        },
        "crypto": {
            "current": 0.012021009890779604,
            "diff_percent": -3.603521685838366
        },
        "forex": {
            "current": 0.01283649260810573,
            "diff_percent": 2.935834224399843
        }
    },
    "xdr": {
        "rub2xdr": {
            "current_rate": 0.008938588660767762,
            "sparkline": "▂▁▁▁▂▂▂▃▃▃▃▃         ▂█████▁▂▂"
        },
        "usd2xdr": {
            "current_rate": 0.695413,
            "sparkline": "▃▂▂▂▂▂▂▃▃▃▃▃         ▃█████▁▁▁"
        },
        "eur2xdr": {
            "current_rate": 0.8123907720488593,
            "sparkline": "▂▁▁▁▁▁▁▁▁▁▁▁         ▃█████▁▁▁"
        },
        "cny2xdr": {
            "current_rate": 0.09696627020092864,
            "sparkline": "▃▂▂▂▂▂▂▂▂▂▂▂         ▃█████▁▁▁"
        },
        "rsd2xdr": {
            "current_rate": 0.006934712804148384,
            "sparkline": "▂▁▁▁▁▁▁▁▁▁▁▁         ▃█████▁▁▁"
        }
    },
    "neer": {
        "rub": {
            "current_rate": 99.04229407666294,
            "sparkline": "▃▄▂▁▃▅▅▆▆▆▆▇▅▅▅▄▄▄▄▂▃▂▂▃▂▃▃▄▅█"
        },
        "usd": {
            "current_rate": 103.51472665163907,
            "sparkline": "▄▅▅▅▄▄▅▆▅▆▆▇▅▅▄▃▃▃▃▂▃▃▂▂▂▃▃▃▃▄"
        },
        "eur": {
            "current_rate": 110.15071912362566,
            "sparkline": "▄▃▃▃▃▃▃▃▃▄▄▃▄▄▅▅▅▅▅▆▆▆▆▆▆▆▆▆▆▅"
        },
        "cny": {
            "current_rate": 103.34787444850974,
            "sparkline": "▄▅▄▄▄▄▅▅▅▅▅▆▄▅▄▃▃▃▃▃▃▃▃▃▃▄▄▄▄▄"
        },
        "rsd": {
            "current_rate": 110.32420077187886,
            "sparkline": "▂▄▄▄▃▄▄▃▄▄▄▄▄▄▄▄▄▅▅▃▇▄▄▅▅▅▅▅▅▄"
        }
    },
    "update_time": "2025-07-11 13:05:39",
    "update_time_display": "11.07 13:05"
}