{
    "rub2rsd": {
        "bank": {
            "current": 1.2012547300989511,
            "sparkline_full": " 1.23                             \n  ▇▆▅▄▄▄▄▂▂▅▇▅▅▆▅▄▅▅▄▄▄▅▄▄▄▃▃▃▂▃  \n        1.19                      "
        },
        "korona": {
            "current": 1.1593211746045529,
            "diff_percent": -3.4908129344842673
        },
        "crypto": {
            "current": 1.1424149936813357,
            "diff_percent": -4.8981897796788365
        },
        "forex": {
            "current": 1.2499260825729224,
            "diff_percent": 4.051709537906422
        }
    },
    "rub2eur": {
        "bank": {
            "current": 0.010357327809425169,
            "sparkline_full": " 94.2                             \n  █▆▅▄▄▄▄▁▁▅▇▆▆▅▅▄▅▅▄▄▄▅▄▄▃▃▃▃▂▃  \n        97.6                      "
        },
        "korona": {
            "current": 0.009929945821024007,
            "diff_percent": -4.126373098013221
        },
        "crypto": {
            "current": 0.009825452083009308,
            "diff_percent": -5.135260138545136
        },
        "forex": {
            "current": 0.010666527003046577,
            "diff_percent": 2.9853182144146984
        }
    },
    "rub2usd": {
        "bank": {
            "current": 0.01208313194780087,
            "sparkline_full": " 80.6                             \n  █▇▇▆▆▆▅▁▁▃▄▄▄▄▄▄▅▆▄▄▄▅▅▅▄▄▄▄▃▃  \n         84.1                     "
        },
        "korona": {
            "current": 0.011141962273950532,
            "diff_percent": -7.78912022078539
        },
        "crypto": {
            "current": 0.011440346331186275,
            "diff_percent": -5.319693763102383
        },
        "forex": {
            "current": 0.012483693175789125,
            "diff_percent": 3.315044722830804
        }
    },
    "xdr": {
        "rub2xdr": {
            "current_rate": 0.008672476349813328,
            "sparkline": "█▇▆▅▅▅▃▁▁▂▃▄▄▇▇▆▇▆▅▆▆▇▇▇▆▆▆▄▃▄"
        },
        "usd2xdr": {
            "current_rate": 0.697125,
            "sparkline": "▄▄▃▃▃▃▃▃▃▃▃▃▃▆▆▆▆▅▅▅▅▅▅▅▅▆▅▄▄▄"
        },
        "eur2xdr": {
            "current_rate": 0.8130553035056578,
            "sparkline": "▆▆▆▆▆▆▅▃▂▁▂▄▄▆▆▆▇▆▆▆▆▆▇▇▇█▇▆▅▅"
        },
        "cny2xdr": {
            "current_rate": 0.09715621646481681,
            "sparkline": "▅▄▄▄▄▄▄▄▃▃▃▃▃▆▆▆▆▅▅▅▅▅▆▆▆▆▅▄▄▄"
        },
        "rsd2xdr": {
            "current_rate": 0.006938391374281419,
            "sparkline": "▆▆▆▆▆▆▅▃▂▁▂▄▄▆▆▆▇▆▆▆▆▆▇▇▇█▇▆▅▅"
        }
    },
    "neer": {
        "rub": {
            "current_rate": 95.39627581189349,
            "sparkline": "██▇▇▅▅▇▇▁▃▇▆▆▅▇▅▄▆▅▅▇▇▆▅▅▄▄▄▄▃"
        },
        "usd": {
            "current_rate": 104.26887009454015,
            "sparkline": "▃▃▃▃▃▃▄▅▅▆▆▅▅▅▅▄▄▄▄▄▄▄▄▃▄▄▄▄▄▅"
        },
        "eur": {
            "current_rate": 110.36011997427013,
            "sparkline": "▅▅▅▅▆▆▅▄▄▃▃▅▅▄▄▅▅▅▅▅▅▅▅▅▅▅▆▅▅▅"
        },
        "cny": {
            "current_rate": 103.97317298699234,
            "sparkline": "▄▄▃▄▄▄▄▅▅▆▆▄▄▅▅▄▄▄▄▄▄▄▄▄▄▄▄▄▄▄"
        },
        "rsd": {
            "current_rate": 110.46020467393234,
            "sparkline": "▅▅▅▅▅▅▄▅▄▃▅▄▄▅▅▅▄▄▅▅▄▆▅▅▅▅▅▅▅▅"
        }
    },
    "update_time": "2025-08-20 19:35:57",
    "update_time_display": "20.08 19:35"
}