{
    "rub2rsd": {
        "bank": {
            "current": 1.262477868567406,
            "sparkline_full": "                              1.26\n  ▄▂▂▂▂▃▇▇▆▆▆▆▇▆▆▆▆▆▆▆▅▅▇▇▇▇▇▅▇▇  \n  1.21                            "
        },
        "korona": {
            "current": 1.212832123299121,
            "diff_percent": -3.9324051933377984
        },
        "crypto": {
            "current": 1.2869178150030236,
            "diff_percent": 1.935871276963509
        },
        "forex": {
            "current": 1.2940239729136611,
            "diff_percent": 2.4987451369782754
        }
    },
    "rub2eur": {
        "bank": {
            "current": 0.010897994768962511,
            "sparkline_full": "                              91.8\n  ▄▂▁▁▁▄▇▆▆▅▅▅▅▇▆▆▆▆▆▅▅▅▇▇▇▇▆▆▇█  \n     96.1                         "
        },
        "korona": {
            "current": 0.010388283711341508,
            "diff_percent": -4.677108664730323
        },
        "crypto": {
            "current": 0.011068885067117595,
            "diff_percent": 1.56808937587105
        },
        "forex": {
            "current": 0.011040408977746045,
            "diff_percent": 1.3067927797977106
        }
    },
    "rub2usd": {
        "bank": {
            "current": 0.012442453651860147,
            "sparkline_full": "                              80.4\n  ▃▁▁▁▁▂▄▄▄▄▃▃▄▄▄▅▅▆▆▅▅▅▆▇▆▆▇▆▇█  \n     84.8                         "
        },
        "korona": {
            "current": 0.011396120491417628,
            "diff_percent": -8.409379610476522
        },
        "crypto": {
            "current": 0.012611624408830865,
            "diff_percent": 1.3596253737736645
        },
        "forex": {
            "current": 0.012738447820133118,
            "diff_percent": 2.3789051304098683
        }
    },
    "xdr": {
        "rub2xdr": {
            "current_rate": 0.009044666180464981,
            "sparkline": "▂▂▁▁▁▂▂▃▃▂▅▅▃▃▃▃▃▃▄▃▂▂▄▅▅█▅▃▃▃"
        },
        "usd2xdr": {
            "current_rate": 0.716787,
            "sparkline": "▃▃▃▃▃▃▃▃▃▃▆▆▄▄▃▃▃▃▃▃▃▃▃▃▃▆▄▃▃▃"
        },
        "eur2xdr": {
            "current_rate": 0.8192328924314445,
            "sparkline": "▄▃▃▃▃▂▂▃▃▃▆▆▄▄▄▃▄▄▄▃▃▃▃▄▄▇▄▄▄▄"
        },
        "cny2xdr": {
            "current_rate": 0.09975880977564994,
            "sparkline": "▃▃▃▃▃▃▃▃▃▃▆▆▄▄▃▃▃▄▄▃▃▃▃▃▃▆▄▃▃▃"
        },
        "rsd2xdr": {
            "current_rate": 0.006989566167077844,
            "sparkline": "▄▄▄▄▄▃▂▂▂▃▆▆▄▄▄▄▄▄▄▄▃▃▃▄▄▇▅▄▄▄"
        }
    },
    "neer": {
        "rub": {
            "current_rate": 98.25399727024661,
            "sparkline": "▂▃▃▁▁▄▄▄▅▅▄▄▄▄▃▅▄▄▄▄▄▄▅███▇▅▅▅"
        },
        "usd": {
            "current_rate": 104.56446399488208,
            "sparkline": "▄▅▅▅▅▆▆▅▅▅▅▅▅▅▄▄▄▃▃▃▃▄▄▄▄▄▄▃▃▃"
        },
        "eur": {
            "current_rate": 108.32643898012124,
            "sparkline": "▅▅▅▅▅▄▄▄▄▄▄▄▄▄▅▅▄▅▅▅▅▅▄▅▅▅▅▅▅▅"
        },
        "cny": {
            "current_rate": 103.91961613522778,
            "sparkline": "▃▄▄▄▄▆▆▅▅▅▅▅▄▄▄▄▄▃▄▃▃▄▄▄▄▄▄▃▄▄"
        },
        "rsd": {
            "current_rate": 109.51147187280549,
            "sparkline": "▅▅▄▆▆▆▄▃▄▄▄▄▄▅▅▄▅▄▄▅▅▄▄▄▄▄▄▅▅▅"
        }
    },
    "update_time": "2025-06-05 03:37:07",
    "update_time_display": "05.06 03:37"
}