{
    "rub2rsd": {
        "bank": {
            "current": 1.237773687200914,
            "sparkline_full": "                 1.26             \n  ▁▁▂▂▃▂▁▁▃▅▅▂▃▃▃▄███▇███▇▇▇███▆  \n 1.20                             "
        },
        "korona": {
            "current": 1.1940375483914465,
            "diff_percent": -3.533451976053218
        },
        "crypto": {
            "current": 1.259701865634024,
            "diff_percent": 1.7715822092403761
        },
        "forex": {
            "current": 1.2915636597986406,
            "diff_percent": 4.345703350615461
        }
    },
    "rub2eur": {
        "bank": {
            "current": 0.010605578534309046,
            "sparkline_full": "                 92.5             \n  ▁▁▂▂▃▂▁▁▃▅▅▃▂▂▂▅██▇▇▇▇▇███▇▇▇▅  \n  96.9                            "
        },
        "korona": {
            "current": 0.01024924934241585,
            "diff_percent": -3.3598279503609496
        },
        "crypto": {
            "current": 0.010756149987818828,
            "diff_percent": 1.4197382351437364
        },
        "forex": {
            "current": 0.011031307603148023,
            "diff_percent": 4.0141993900827195
        }
    },
    "rub2usd": {
        "bank": {
            "current": 0.012113870381586917,
            "sparkline_full": "                             81.8 \n  ▁▁▃▃▃▂▁▁▃▅▅▃▂▂▂▃▅▆▆▅▅▅▅▆▆▇▇██▆  \n 85.1                             "
        },
        "korona": {
            "current": 0.011363283038189282,
            "diff_percent": -6.196098519747481
        },
        "crypto": {
            "current": 0.012261383805356157,
            "diff_percent": 1.2177233132150789
        },
        "forex": {
            "current": 0.012545351445475392,
            "diff_percent": 3.5618761823993634
        }
    },
    "xdr": {
        "rub2xdr": {
            "current_rate": 0.008989948334855865,
            "sparkline": "▁▁▁▁▁▁▁▁▂▃▃▂▁▁▁▂▄▄▄▄██▅▅▅▅▅▆▆▄"
        },
        "usd2xdr": {
            "current_rate": 0.715806,
            "sparkline": "▂▂▂▂▂▂▂▂▂▂▂▂▂▂▂▂▂▂▂▂▇▇▄▄▃▂▂▃▃▂"
        },
        "eur2xdr": {
            "current_rate": 0.8149485680455858,
            "sparkline": "▄▄▄▃▃▄▃▃▄▄▄▃▃▃▃▂▂▂▂▂▇▇▄▄▄▃▄▄▄▄"
        },
        "cny2xdr": {
            "current_rate": 0.09958624335679903,
            "sparkline": "▁▁▁▁▁▂▂▂▂▂▂▃▃▃▃▃▃▃▃▃██▄▄▃▃▃▄▄▃"
        },
        "rsd2xdr": {
            "current_rate": 0.0069605150831337495,
            "sparkline": "▄▄▄▄▃▄▄▄▄▄▄▄▄▄▃▃▁▁▂▂██▄▄▄▄▄▄▄▄"
        }
    },
    "neer": {
        "rub": {
            "current_rate": 97.08453748013527,
            "sparkline": "▂▂▂▄▄▄▂▂▄▃▅▅▆▂▂▇▇▆▇▇▆▆▇▇▅▇▇▇▇▆"
        },
        "usd": {
            "current_rate": 104.27034267179535,
            "sparkline": "▆▆▅▅▅▅▅▅▅▅▅▅▅▅▅▆▆▅▅▅▅▅▅▅▄▄▄▃▃▃"
        },
        "eur": {
            "current_rate": 108.25803846319107,
            "sparkline": "▆▆▆▆▆▅▅▅▅▄▅▄▄▄▄▃▃▃▃▃▃▃▄▄▄▄▄▄▄▄"
        },
        "cny": {
            "current_rate": 103.72626873119634,
            "sparkline": "▄▄▄▄▄▃▃▃▂▄▄▄▄▄▄▆▇▅▅▅▅▅▅▅▄▄▄▄▄▄"
        },
        "rsd": {
            "current_rate": 109.2516677196098,
            "sparkline": "▅▆▅▅▅▅▅▅▅▅▅▅▄▆▆▆▄▃▃▃▄▄▄▅▄▄▄▄▄▄"
        }
    },
    "update_time": "2025-05-26 11:35:44",
    "update_time_display": "26.05 11:35"
}