{
    "rub2rsd": {
        "bank": {
            "current": 1.205007847806561,
            "sparkline_full": "                           1.23   \n  ▂▃▃▃▅▄▅ ▅▄▄▄▅▃▃▃▃▃▃▄▄▅▄▄▄▅▇▆▅▄  \n 1.19                             "
        },
        "korona": {
            "current": 1.1933803112397154,
            "diff_percent": -0.9649345095976515
        },
        "crypto": {
            "current": 1.2824543031739308,
            "diff_percent": 6.427049874267903
        },
        "forex": {
            "current": 1.2538880623447053,
            "diff_percent": 4.056422920989233
        }
    },
    "rub2eur": {
        "bank": {
            "current": 0.01040907671489539,
            "sparkline_full": "                            94.4  \n  ▃▂▂▂▄▅▄▄▅▅▅▄▄▃▃▃▄▄▄▅▅▅▄▄▄▅▇▇▅▅  \n    98.0                          "
        },
        "korona": {
            "current": 0.010217297185271536,
            "diff_percent": -1.842425941096356
        },
        "crypto": {
            "current": 0.01100737388321241,
            "diff_percent": 5.747840896021622
        },
        "forex": {
            "current": 0.010796865130966794,
            "diff_percent": 3.725483313197986
        }
    },
    "rub2usd": {
        "bank": {
            "current": 0.011796626164916835,
            "sparkline_full": "                           83.2   \n  ▁▄▄▄▆▇▆▆▇▇▇▇█▆▅▅▆▆▆▇▇▇▆▆▆▇██▇▆  \n 88.7                             "
        },
        "korona": {
            "current": 0.011300949917042759,
            "diff_percent": -4.201847553228541
        },
        "crypto": {
            "current": 0.012449573158854884,
            "diff_percent": 5.535031667612846
        },
        "forex": {
            "current": 0.012366870637586383,
            "diff_percent": 4.833962394819763
        }
    },
    "xdr": {
        "rub2xdr": {
            "current_rate": 0.00872934576063924,
            "sparkline": "     ▃▂▂▄▄▄▆▃▂▁▂▃▄▃▄▄▄▃▃▃▅██▆▄"
        },
        "usd2xdr": {
            "current_rate": 0.720178,
            "sparkline": "     ▅▅▅▅▅▅▅▃▄▅▆▆▆▅▅▅▅▆▆▆▆▆▆▆▆"
        },
        "eur2xdr": {
            "current_rate": 0.8085074375526241,
            "sparkline": "     ▃▅▅▅▅▅▇▄▃▄▅▅▅▅▄▄▃▄▄▄▄▄▅▃▂"
        },
        "cny2xdr": {
            "current_rate": 0.0996737874289827,
            "sparkline": "     ▄▄▄▄▄▄▄▂▃▄▅▅▅▅▄▄▄▅▅▅▅▅▆▇▇"
        },
        "rsd2xdr": {
            "current_rate": 0.0069618222094848066,
            "sparkline": "     ▄▄▄▄▅▅▅▄▅▄▅▅▅▄▅▅▄▅▅▅▅▅▅▅▅"
        }
    },
    "neer": {
        "rub": {
            "current_rate": 95.04098375782499,
            "sparkline": "▂▂▁▁▁▅▅▅▆▅▆▆▇▆▅▄▅▅▅▅▆▆▆▅▅▆▅▆█▅"
        },
        "usd": {
            "current_rate": 105.86277650358895,
            "sparkline": "▆▅▅▅▄▄▄▄▄▄▄▄▃▃▄▄▄▄▄▃▃▃▃▃▃▃▃▃▃▄"
        },
        "eur": {
            "current_rate": 107.92965089005847,
            "sparkline": "▄▅▅▅▅▅▅▅▅▅▅▅▆▅▅▅▅▅▅▅▅▅▄▄▄▄▄▄▄▃"
        },
        "cny": {
            "current_rate": 104.50843613736514,
            "sparkline": "▆▅▅▄▄▄▄▄▄▄▄▄▃▄▄▄▄▄▄▄▄▄▄▄▄▃▄▄▄▅"
        },
        "rsd": {
            "current_rate": 110.45501068188429,
            "sparkline": "▃▅▅▅▅▅▅▅▅▅▄▅▆▅▄▅▅▄▅▅▅▅▅▅▅▅▅▄▄▅"
        }
    },
    "update_time": "2025-05-09 03:21:32",
    "update_time_display": "09.05 03:21"
}