{
    "rub2rsd": {
        "bank": {
            "current": 1.2392966456809003,
            "sparkline_full": "         1.26                     \n  ▃▂▂▂▄▅▆▇█▇▇▇         ▁▁▁▁▁▂▄▅▅  \n                      1.21        "
        },
        "korona": {
            "current": 1.1963435069770343,
            "diff_percent": -3.465928747048811
        },
        "crypto": {
            "current": 1.1999117785423306,
            "diff_percent": -3.1780015927446232
        },
        "forex": {
            "current": 1.3514438549526786,
            "diff_percent": 9.049262713864758
        }
    },
    "rub2eur": {
        "bank": {
            "current": 0.010653030787258974,
            "sparkline_full": "           92.8                   \n  ▂▂▄▄▅▆▇████▇         ▂▁▂▂▂▂▄▄▅  \n                       95.5       "
        },
        "korona": {
            "current": 0.010247053592951043,
            "diff_percent": -3.810907922968548
        },
        "crypto": {
            "current": 0.010270511869192013,
            "diff_percent": -3.590705083894564
        },
        "forex": {
            "current": 0.011536508990519544,
            "diff_percent": 8.29320989400697
        }
    },
    "rub2usd": {
        "bank": {
            "current": 0.012515644555694618,
            "sparkline_full": "                              79.9\n  ▁▂▂▂▄▅▅▆▆▆▆▅         ▅▅▅▅▅▅▆▇█  \n 82.2                             "
        },
        "korona": {
            "current": 0.011574530833756138,
            "diff_percent": -7.519498638288454
        },
        "crypto": {
            "current": 0.012041289777673395,
            "diff_percent": -3.790094676389576
        },
        "forex": {
            "current": 0.01283649260810573,
            "diff_percent": 2.5635759387647865
        }
    },
    "xdr": {
        "rub2xdr": {
            "current_rate": 0.009390979110917774,
            "sparkline": "▂▁▁▁▂▂▂▃▃▃▃▃         ▂█████▁▂▆"
        },
        "usd2xdr": {
            "current_rate": 0.695413,
            "sparkline": "▃▂▂▂▂▂▂▃▃▃▃▃         ▃█████▁▁▁"
        },
        "eur2xdr": {
            "current_rate": 0.8140226058537361,
            "sparkline": "▂▁▁▁▁▁▁▁▁▁▁▁         ▃█████▁▁▁"
        },
        "cny2xdr": {
            "current_rate": 0.09691762016919153,
            "sparkline": "▃▂▂▂▂▂▂▂▂▂▂▂         ▃█████▁▁▁"
        },
        "rsd2xdr": {
            "current_rate": 0.00694884887485511,
            "sparkline": "▂▁▁▁▁▁▁▁▁▁▁▁         ▃█████▁▁▁"
        }
    },
    "neer": {
        "rub": {
            "current_rate": 99.04229407666294,
            "sparkline": "▃▄▂▁▃▅▅▆▆▆▆▇▅▅▅▄▄▄▄▂▃▂▂▃▂▃▃▄▅█"
        },
        "usd": {
            "current_rate": 103.51472665163907,
            "sparkline": "▄▅▅▅▄▄▅▆▅▆▆▇▅▅▄▃▃▃▃▂▃▃▂▂▂▃▃▃▃▄"
        },
        "eur": {
            "current_rate": 110.15071912362566,
            "sparkline": "▄▃▃▃▃▃▃▃▃▄▄▃▄▄▅▅▅▅▅▆▆▆▆▆▆▆▆▆▆▅"
        },
        "cny": {
            "current_rate": 103.34787444850974,
            "sparkline": "▄▅▄▄▄▄▅▅▅▅▅▆▄▅▄▃▃▃▃▃▃▃▃▃▃▄▄▄▄▄"
        },
        "rsd": {
            "current_rate": 110.32420077187886,
            "sparkline": "▂▄▄▄▃▄▄▃▄▄▄▄▄▄▄▄▄▅▅▃▇▄▄▅▅▅▅▅▅▄"
        }
    },
    "update_time": "2025-07-11 04:35:52",
    "update_time_display": "11.07 04:35"
}