{
    "rub2rsd": {
        "bank": {
            "current": 1.2114719028661585,
            "sparkline_full": "                  1.22            \n  ▁▂▃▄▃▂▂▁▂▃▅▅▅▅▅▇██▅▄▄▄▅▄▆▆▄▄▄▇  \n 1.15                             "
        },
        "korona": {
            "current": 1.1599261001394852,
            "diff_percent": -4.254807941044589
        },
        "crypto": {
            "current": 1.2499635040743506,
            "diff_percent": 3.177259094257728
        },
        "forex": {
            "current": 1.2608300329727369,
            "diff_percent": 4.074228216915685
        }
    },
    "rub2eur": {
        "bank": {
            "current": 0.010407993338884263,
            "sparkline_full": "                 95.0             \n  ▁▂▃▃▃▂▂▂▂▄▄▅▆▆▅▇██▅▄▄▄▅▅▅▅▄▄▄▇  \n 101                              "
        },
        "korona": {
            "current": 0.009935127196055547,
            "diff_percent": -4.543297900298308
        },
        "crypto": {
            "current": 0.010794355930109465,
            "diff_percent": 3.71217177649174
        },
        "forex": {
            "current": 0.01075396292501682,
            "diff_percent": 3.3240757835616095
        }
    },
    "rub2usd": {
        "bank": {
            "current": 0.0121580547112462,
            "sparkline_full": "                  81.4            \n  ▁▂▃▄▃▃▃▂▂▃▄▄▄▄▅▆▇█▅▄▄▄▅▄▅▅▃▃▃▇  \n 85.9                             "
        },
        "korona": {
            "current": 0.011341643666680256,
            "diff_percent": -6.71498084155489
        },
        "crypto": {
            "current": 0.01258503193715465,
            "diff_percent": 3.5118876830970027
        },
        "forex": {
            "current": 0.012528596521560461,
            "diff_percent": 3.047706389834792
        }
    },
    "xdr": {
        "rub2xdr": {
            "current_rate": 0.008790167540196804,
            "sparkline": "▁▁▂▂▂▂▂▁▂▄▄▅▅▅▆▇█▇▅▅▄▄▅▄▄▅▇▇▇▇"
        },
        "usd2xdr": {
            "current_rate": 0.700977,
            "sparkline": "▄▄▄▄▃▄▄▄▄▅▅▆▅▅▅▅▅▅▅▅▅▄▅▅▅▅▅▅▅▅"
        },
        "eur2xdr": {
            "current_rate": 0.817388678154017,
            "sparkline": "▅▅▅▅▄▄▄▄▄▄▄▅▄▄▄▄▅▅▅▅▅▄▄▄▄▅▅▄▅▅"
        },
        "cny2xdr": {
            "current_rate": 0.09873888974969362,
            "sparkline": "▄▄▄▄▄▄▄▄▄▅▅▅▅▅▅▅▅▅▅▄▄▄▅▅▅▅▅▅▅▅"
        },
        "rsd2xdr": {
            "current_rate": 0.006971730772839923,
            "sparkline": "▅▅▅▅▄▄▅▄▄▄▄▅▄▄▄▅▅▅▅▅▅▄▄▄▄▄▄▄▄▅"
        }
    },
    "neer": {
        "rub": {
            "current_rate": 97.0895849938796,
            "sparkline": "▁▁▂▃▄▂▂▅▂▄▄▅▅▄▅▆▇██▅▅█▅▅▅▅▇▇▇█"
        },
        "usd": {
            "current_rate": 104.02879341496275,
            "sparkline": "▄▄▄▄▄▄▄▄▄▅▄▅▅▅▅▅▅▅▄▄▄▄▅▅▅▅▅▅▅▄"
        },
        "eur": {
            "current_rate": 110.40825410331941,
            "sparkline": "▅▅▅▅▅▅▅▄▅▄▄▄▄▄▄▄▄▄▅▄▄▄▄▄▄▄▄▄▄▄"
        },
        "cny": {
            "current_rate": 105.74876674212837,
            "sparkline": "▄▄▄▄▄▄▄▄▅▅▅▅▅▅▅▅▅▅▅▅▅▅▅▅▅▅▅▅▅▅"
        },
        "rsd": {
            "current_rate": 110.33977868752278,
            "sparkline": "▅▅▅▅▅▅▅▅▅▄▅▄▅▅▅▅▄▅▅▄▄▄▄▄▄▄▄▄▄▄"
        }
    },
    "update_time": "2025-10-28 18:50:48",
    "update_time_display": "28.10 18:50"
}