{
    "rub2rsd": {
        "bank": {
            "current": 1.1838191357658912,
            "sparkline_full": "                   1.22           \n  ▁▁▂▃▄▃▂▂▁▂▃▅▅▅▅▅▇██▅▄▄▄▅▅▆▆▄▄▄  \n 1.15                             "
        },
        "korona": {
            "current": 1.1794562710629635,
            "diff_percent": -0.36854149177991247
        },
        "crypto": {
            "current": 1.3261615819556236,
            "diff_percent": 12.024002813372475
        },
        "forex": {
            "current": 1.2490935063373607,
            "diff_percent": 5.5138803385906785
        }
    },
    "rub2eur": {
        "bank": {
            "current": 0.010183299389002037,
            "sparkline_full": "                  95.0            \n  ▁▁▂▃▄▃▂▂▂▃▄▄▅▆▆▅▇██▅▄▄▅▅▅▅▅▄▄▄  \n 101                              "
        },
        "korona": {
            "current": 0.010098084512525373,
            "diff_percent": -0.8368100870008398
        },
        "crypto": {
            "current": 0.011381744443311808,
            "diff_percent": 11.768730433321954
        },
        "forex": {
            "current": 0.010655970989726333,
            "diff_percent": 4.6416351191125855
        }
    },
    "rub2usd": {
        "bank": {
            "current": 0.011865211200759373,
            "sparkline_full": "                   81.4           \n  ▁▁▂▄▅▄▃▃▂▃▃▄▄▅▅▅▆██▅▄▄▅▅▄▅▅▄▄▄  \n 86.1                             "
        },
        "korona": {
            "current": 0.011518127647099254,
            "diff_percent": -2.925220190247485
        },
        "crypto": {
            "current": 0.013234831420206239,
            "diff_percent": 11.543159209498182
        },
        "forex": {
            "current": 0.012350054895994013,
            "diff_percent": 4.086262663437541
        }
    },
    "xdr": {
        "rub2xdr": {
            "current_rate": 0.008685796391063412,
            "sparkline": "▁▁▁▂▂▂▂▂▁▂▄▄▅▅▅▆▇█▇▅▅▄▅▅▄▅▆▇▇▅"
        },
        "usd2xdr": {
            "current_rate": 0.701468,
            "sparkline": "▄▄▄▄▄▄▄▄▄▄▅▅▅▅▅▅▅▅▅▅▅▅▄▅▅▅▅▅▅▅"
        },
        "eur2xdr": {
            "current_rate": 0.8151107392688651,
            "sparkline": "▄▅▅▅▅▄▄▄▄▄▄▄▅▄▄▄▄▅▅▅▅▅▄▄▄▄▅▅▄▄"
        },
        "cny2xdr": {
            "current_rate": 0.09863299540207258,
            "sparkline": "▄▄▄▄▄▄▄▄▄▄▅▅▅▅▅▅▅▅▅▅▄▄▄▅▅▅▅▅▅▅"
        },
        "rsd2xdr": {
            "current_rate": 0.006953679886249856,
            "sparkline": "▄▅▅▅▅▄▄▅▄▄▄▄▅▄▄▄▅▅▅▅▅▅▄▄▄▄▄▄▄▄"
        }
    },
    "neer": {
        "rub": {
            "current_rate": 96.54039837409502,
            "sparkline": "▁▁▁▂▃▄▂▂▅▂▄▄▅▅▄▅▆▇██▅▅█▅▅▅▅▇▇▇"
        },
        "usd": {
            "current_rate": 104.14299484076872,
            "sparkline": "▄▄▄▄▄▄▄▄▄▄▅▄▅▅▅▅▅▅▅▄▄▄▄▅▅▅▅▅▅▅"
        },
        "eur": {
            "current_rate": 110.37172137907119,
            "sparkline": "▅▅▅▅▅▅▅▅▄▅▄▄▄▄▄▄▄▄▄▅▄▄▄▄▄▄▄▄▄▄"
        },
        "cny": {
            "current_rate": 105.79110126758519,
            "sparkline": "▄▄▄▄▄▄▄▄▄▅▅▅▅▅▅▅▅▅▅▅▅▅▅▅▅▅▅▅▅▅"
        },
        "rsd": {
            "current_rate": 110.2932587381767,
            "sparkline": "▅▅▅▅▅▅▅▅▅▅▄▅▄▅▅▅▅▄▅▅▄▄▄▄▄▄▄▄▄▄"
        }
    },
    "update_time": "2025-10-27 12:05:49",
    "update_time_display": "27.10 12:05"
}