{
    "rub2rsd": {
        "bank": {
            "current": 1.2619157899833486,
            "sparkline_full": "                              1.26\n  ▁▁▁▃▄▅▅▅▅▅▅▅▆▆▆▆▆▆▆▇▇▇██▇▇▇▇██  \n  1.12                            "
        },
        "korona": {
            "current": 1.2250713715563297,
            "diff_percent": -2.919720849796569
        },
        "crypto": {
            "current": 1.251117157770542,
            "diff_percent": -0.8557331874695956
        },
        "forex": {
            "current": 1.329274082934738,
            "diff_percent": 5.337780340499441
        }
    },
    "rub2eur": {
        "bank": {
            "current": 0.010884946119516709,
            "sparkline_full": "                              91.9\n  ▁▁▂▃▄▄▄▄▄▄▅▅▆▆▆▆▆▆▆▆▆▇▇▇▇▇▇▇▇█  \n 104                              "
        },
        "korona": {
            "current": 0.010493116672859355,
            "diff_percent": -3.599737126441104
        },
        "crypto": {
            "current": 0.010801929672120292,
            "diff_percent": -0.762672102230881
        },
        "forex": {
            "current": 0.011322218584531979,
            "diff_percent": 4.017222136095286
        }
    },
    "rub2usd": {
        "bank": {
            "current": 0.012828736369467606,
            "sparkline_full": "                              78.0\n  ▁▁▁▃▄▄▄▄▄▄▄▅▅▅▅▆▆▆▇▇▇▇████████  \n 89.9                             "
        },
        "korona": {
            "current": 0.012069668685284037,
            "diff_percent": -5.916932598210925
        },
        "crypto": {
            "current": 0.012705454433873973,
            "diff_percent": -0.960982687952371
        },
        "forex": {
            "current": 0.01329133272193203,
            "diff_percent": 3.6059385674601785
        }
    },
    "xdr": {
        "rub2xdr": {
            "current_rate": 0.009261368382168202,
            "sparkline": "▁▂▂▂▂▂▂▃▃▃▃▄▄▄▄▅▅▅▆▆▆▇▇█▇▇▇▇██"
        },
        "usd2xdr": {
            "current_rate": 0.693997,
            "sparkline": "▅▅▅▅▅▅▅▆▆▆▅▅▅▅▅▅▅▄▄▄▄▄▄▃▃▃▃▃▄▄"
        },
        "eur2xdr": {
            "current_rate": 0.8179817685926646,
            "sparkline": "▄▄▄▄▄▄▄▄▄▅▄▄▄▄▄▄▅▄▄▄▄▄▄▄▄▄▄▄▄▄"
        },
        "cny2xdr": {
            "current_rate": 0.10179267353599061,
            "sparkline": "▅▄▄▄▄▄▄▅▅▅▄▅▅▅▅▅▅▄▄▄▄▄▄▄▄▄▄▄▄▄"
        },
        "rsd2xdr": {
            "current_rate": 0.006967237608154659,
            "sparkline": "▄▄▄▄▄▄▄▄▄▅▄▄▄▄▄▄▅▄▄▄▄▄▄▄▄▄▄▄▄▄"
        }
    },
    "neer": {
        "rub": {
            "current_rate": 99.73701345636424,
            "sparkline": "▂▄▄▅▄▄▄▄▄▄▅▅▅▅▅▆▅▆▆▆▆▆▇▇▇▇▇▇▇▇"
        },
        "usd": {
            "current_rate": 101.89618763076089,
            "sparkline": "▅▅▅▅▅▅▅▅▅▅▅▅▅▅▅▅▄▄▄▄▄▄▄▄▄▄▄▄▄▄"
        },
        "eur": {
            "current_rate": 109.86974237502626,
            "sparkline": "▄▄▄▄▄▄▄▄▄▄▄▄▄▄▄▄▄▄▄▅▅▄▄▄▄▄▄▄▄▄"
        },
        "cny": {
            "current_rate": 110.25300150488962,
            "sparkline": "▄▅▅▅▅▄▄▅▅▅▅▅▄▄▅▅▅▅▅▄▄▅▄▄▄▄▄▄▄▄"
        },
        "rsd": {
            "current_rate": 109.87848749341858,
            "sparkline": "▅▆▅▅▆▄▄▆▅▅▅▅▄▄▅▅▅▅▅▄▄▅▅▃▄▄▄▃▃▃"
        }
    },
    "specific_rates": {
        "rub_kzt_bank": 6.03,
        "rub_kzt_crypto": 5.9842690383546415,
        "kzt_rsd_bank": 0.20906766553305453,
        "rsd_eur_cash": 0.008447135013374631,
        "eur_rsd_cash": 116.75,
        "rsd_usd_cash": 0.009852216748768473,
        "usd_rsd_cash": 97.65714285714286,
        "eur_usd_exch": 1.1786531765881763,
        "usd_kzt_bank": 464.0
    },
    "update_time": "2026-04-21 00:21:32",
    "update_time_display": "21.04 00:21"
}