{
    "rub2rsd": {
        "bank": {
            "current": 1.1863731053463702,
            "sparkline_full": "  1.22                            \n  ██▆▆▆█▆▆▆▅▅▄▄▅█▇▂▂▂▄▃▄▂▂▂▂▁▂▁▁  \n                             1.18 "
        },
        "korona": {
            "current": 1.143784477115689,
            "diff_percent": -3.5898174055662735
        },
        "crypto": {
            "current": 1.2269906323274489,
            "diff_percent": 3.4236722661729675
        },
        "forex": {
            "current": 1.2352060158839058,
            "diff_percent": 4.116151176849079
        }
    },
    "rub2eur": {
        "bank": {
            "current": 0.010197838058331634,
            "sparkline_full": " 95.5                             \n  ██▇▇▇█▆▆▅▅▅▄▄▅▅▅▂▂▂▄▅▄▃▄▄▄▃▂▁▁  \n                              98.1"
        },
        "korona": {
            "current": 0.009791627412440355,
            "diff_percent": -3.9833015936098772
        },
        "crypto": {
            "current": 0.010525470127011128,
            "diff_percent": 3.212760065471118
        },
        "forex": {
            "current": 0.010541304657651537,
            "diff_percent": 3.368033472930972
        }
    },
    "rub2usd": {
        "bank": {
            "current": 0.011913271384322134,
            "sparkline_full": "  81.9                            \n  ██▇▇▆▇▇▇▆▆▆▅▄▅█▇▄▄▃▄▃▃▃▃▃▃▃▂▁▁  \n                              83.9"
        },
        "korona": {
            "current": 0.01119710697127449,
            "diff_percent": -6.01148408312193
        },
        "crypto": {
            "current": 0.012271631069741084,
            "diff_percent": 3.008071199406665
        },
        "forex": {
            "current": 0.012300470985034015,
            "diff_percent": 3.250153448375528
        }
    },
    "xdr": {
        "rub2xdr": {
            "current_rate": 0.008613149669911346,
            "sparkline": "█▇▅▆▆▇█▇▇▇▆▄▂▃▃▄▄▃▃▃▄▄▃▅▄▄▂▂▁▁"
        },
        "usd2xdr": {
            "current_rate": 0.700258,
            "sparkline": "▆▄▄▄▅▅▅▅▅▆▅▃▃▃▄▅▅▃▃▄▅▅▄▄▄▃▃▃▃▄"
        },
        "eur2xdr": {
            "current_rate": 0.8170857355554545,
            "sparkline": "▅▄▄▄▃▄▆▅▅▇▅▃▃▃▃▄▅▃▃▃▃▄▄▄▃▄▃▂▃▄"
        },
        "cny2xdr": {
            "current_rate": 0.09820188478151119,
            "sparkline": "▆▄▄▄▄▅▅▅▅▆▄▃▃▃▄▅▅▃▄▅▅▆▆▅▅▅▅▅▅▆"
        },
        "rsd2xdr": {
            "current_rate": 0.006973047053812987,
            "sparkline": "▅▄▄▄▃▄▆▅▅▇▅▃▃▃▃▄▅▄▃▃▃▄▄▄▄▄▃▂▃▄"
        }
    },
    "neer": {
        "rub": {
            "current_rate": 94.52914373367335,
            "sparkline": "▅█▆▆██▅▆▆▅▅▆▄▄▆▆▃▃▄▃▄▃▄▄▅▃▄▄▂▁"
        },
        "usd": {
            "current_rate": 103.94931538492399,
            "sparkline": "▄▄▄▄▅▅▃▄▄▄▄▅▅▅▅▆▄▄▄▄▅▄▄▄▄▄▅▅▄▄"
        },
        "eur": {
            "current_rate": 110.48553580764651,
            "sparkline": "▄▄▄▄▄▄▅▅▅▅▅▄▅▄▄▄▅▆▅▄▃▄▄▄▄▅▄▄▄▅"
        },
        "cny": {
            "current_rate": 104.70721165809135,
            "sparkline": "▃▃▃▃▄▄▃▃▃▃▃▃▃▄▄▅▃▃▄▅▆▅▆▅▅▅▆▆▆▆"
        },
        "rsd": {
            "current_rate": 110.5418849961755,
            "sparkline": "▅▅▄▄▆▅▄▅▄▅▅▅▄▄▅▄▅▅▅▄▅▄▅▄▄▅▃▄▄▄"
        }
    },
    "update_time": "2025-09-05 07:35:52",
    "update_time_display": "05.09 07:35"
}