{
    "rub2rsd": {
        "bank": {
            "current": 1.2951480781348457,
            "sparkline_full": "  1.34                            \n  ▇▇▇▇▇▇▇▇ ▆   ▇▇▆▆▄▂▂▂▂▂ ▂▂▂▂▄▄  \n                   1.26           "
        },
        "korona": {
            "current": 1.2389215203007398,
            "diff_percent": -4.341322724663135
        },
        "crypto": {
            "current": 1.3905499501321608,
            "diff_percent": 7.3660976384031835
        },
        "forex": {
            "current": 1.343105066739034,
            "diff_percent": 3.7028189605355157
        }
    },
    "rub2eur": {
        "bank": {
            "current": 0.011032656663724626,
            "sparkline_full": "   86.5                           \n  ▇███▇▇▇▇ ▇▇▇▇▇▆▆▆▃▁▁▂▂▂▃▂▁▁▁▃▄  \n                    93.7          "
        },
        "korona": {
            "current": 0.010601153910160352,
            "diff_percent": -3.911140958306577
        },
        "crypto": {
            "current": 0.011828222517129549,
            "diff_percent": 7.21100889526222
        },
        "forex": {
            "current": 0.011446872764259685,
            "diff_percent": 3.7544547352497806
        }
    },
    "rub2usd": {
        "bank": {
            "current": 0.012602394454946441,
            "sparkline_full": "  74.8                            \n  ████████ ▇▇▇▇▇▆▅▅▂▁▁▁▁▁▂▂▁▁▁▃▃  \n                    82.1          "
        },
        "korona": {
            "current": 0.011872750553912216,
            "diff_percent": -5.789724354706575
        },
        "crypto": {
            "current": 0.013483922805847577,
            "diff_percent": 6.9949274644005115
        },
        "forex": {
            "current": 0.0131361509501378,
            "diff_percent": 4.235357789343427
        }
    },
    "xdr": {
        "rub2xdr": {
            "current_rate": 0.009322902307764405,
            "sparkline": "▆▇▆▆▆▆▆▆ ▅▅██▅▅▅▄▂▁▁▁▁▁▂▂▂▂▂▂▃"
        },
        "usd2xdr": {
            "current_rate": 0.71319,
            "sparkline": "▃▃▃▃▃▃▃▃ ▃▃▆▆▄▄▄▄▄▄▄▄▄▄▄▄▄▄▄▄▄"
        },
        "eur2xdr": {
            "current_rate": 0.8144497191296731,
            "sparkline": "▄▄▄▄▄▄▄▄ ▃▃▆▆▄▃▃▄▄▄▄▄▄▄▄▄▄▄▄▄▃"
        },
        "cny2xdr": {
            "current_rate": 0.10494106914259649,
            "sparkline": "▃▃▃▃▃▃▃▃ ▃▃▆▆▄▄▄▄▄▄▄▄▄▄▄▄▄▄▄▃▃"
        },
        "rsd2xdr": {
            "current_rate": 0.006941305292220933,
            "sparkline": "▄▄▄▄▄▄▄▄ ▃▃▆▆▄▃▃▄▄▄▄▄▄▄▄▄▄▄▄▄▄"
        }
    },
    "neer": {
        "rub": {
            "current_rate": 101.3631199164054,
            "sparkline": "▆███▇▇█▇█▇▇▇▇▇▇▆▆▄▂▁▄▂▁▂▂▂▂▂▂▃"
        },
        "usd": {
            "current_rate": 103.71357770476725,
            "sparkline": "▄▄▄▄▄▄▄▄▄▄▄▅▅▄▅▅▅▅▅▅▅▅▅▅▅▅▅▅▅▅"
        },
        "eur": {
            "current_rate": 108.51418690737917,
            "sparkline": "▅▅▅▅▅▅▅▅▅▄▅▅▅▅▄▄▄▄▄▄▄▄▅▄▅▄▅▅▄▄"
        },
        "cny": {
            "current_rate": 112.75719789955193,
            "sparkline": "▄▄▅▄▄▄▄▄▄▅▅▄▄▅▅▅▅▅▄▄▅▅▄▄▄▄▄▄▄▄"
        },
        "rsd": {
            "current_rate": 109.41376306710741,
            "sparkline": "▆▆▆▆▃▃▆▆▆▆▆▃▃▅▆▆▆▆▃▃▆▆▃▃▃▃▃▃▃▃"
        }
    },
    "specific_rates": {
        "rub_kzt_bank": 5.93,
        "rub_kzt_crypto": 6.357669602957133,
        "kzt_rsd_bank": 0.21872007150000003,
        "rsd_eur_cash": 0.008460236886632826,
        "eur_rsd_cash": 116.86666666666667,
        "rsd_usd_cash": 0.009583133684714902,
        "usd_rsd_cash": 100.56666666666666,
        "eur_usd_exch": 1.1419814062587432,
        "usd_kzt_bank": 464.5
    },
    "conversion_rates": {
        "rub_usd": {
            "rub_to_usd": [
                0.012602394454946441,
                0.0125
            ],
            "usd_to_rub": [
                74.04,
                75.4
            ]
        },
        "rub_eur": {
            "rub_to_eur": [
                0.011032656663724626,
                0.01095290251916758
            ],
            "eur_to_rub": [
                84.47,
                86.1
            ]
        },
        "rub_kzt": {
            "rub_to_kzt": [
                5.93,
                5.88235294117647
            ],
            "kzt_to_rub": [
                0.1592356687898089,
                0.159
            ]
        },
        "rub_rsd": {
            "rub_to_rsd": [
                1.3527605746
            ],
            "rsd_to_rub": [
                0.7392291132491732
            ]
        },
        "usd_eur": {
            "usd_to_eur": [
                0.8688097306689835
            ],
            "eur_to_usd": [
                1.131
            ]
        },
        "usd_kzt": {
            "usd_to_kzt": [
                464.5
            ],
            "kzt_to_usd": [
                0.0021208907741251328
            ]
        },
        "usd_rsd": {
            "usd_to_rsd": [
                102.77
            ],
            "rsd_to_usd": [
                0.009730466089325679
            ]
        },
        "eur_kzt": {
            "eur_to_kzt": [
                530.5
            ],
            "kzt_to_eur": [
                0.0018604651162790699
            ]
        },
        "eur_rsd": {
            "eur_to_rsd": [
                117.6715323284
            ],
            "rsd_to_eur": [
                0.008498232157028265
            ]
        },
        "kzt_rsd": {
            "kzt_to_rsd": [
                0.21872007150000003
            ],
            "rsd_to_kzt": [
                4.572054101582533
            ]
        },
        "eur_usd_forex": {
            "eur_to_usd": [
                1.1419814062587432
            ],
            "usd_to_eur": [
                0.875671
            ]
        }
    },
    "update_time": "2026-07-08 11:05:45",
    "update_time_display": "08.07 11:05"
}