{
    "rub2rsd": {
        "bank": {
            "current": 1.2139803372079303,
            "sparkline_full": "                1.26              \n  ▆▅▅▅▆▆▆▆▇▇▇█████▇▄▂▁▁▂▂▁▁▁▁▁▂▃  \n                           1.19   "
        },
        "korona": {
            "current": 1.1744803964829178,
            "diff_percent": -3.2537545719941066
        },
        "crypto": {
            "current": 1.2295344835824418,
            "diff_percent": 1.2812519196385763
        },
        "forex": {
            "current": 1.2651016858796953,
            "diff_percent": 4.211052444995979
        }
    },
    "rub2eur": {
        "bank": {
            "current": 0.010430791697089808,
            "sparkline_full": "                92.8              \n  ▆▆▅▆▆▇▇▇▇▇▇█████▇▄▂▂▂▃▂▂▂▁▁▁▂▄  \n                            97.9  "
        },
        "korona": {
            "current": 0.010029721575430552,
            "diff_percent": -3.845059256347283
        },
        "crypto": {
            "current": 0.010660559838819427,
            "diff_percent": 2.202787174761861
        },
        "forex": {
            "current": 0.010776982598422528,
            "diff_percent": 3.3189321710767867
        }
    },
    "rub2usd": {
        "bank": {
            "current": 0.012309207287050714,
            "sparkline_full": "                79.4              \n  ▄▄▃▅▅▅▅▆▆▆▇▇▇▇▇█▆▄▂▂▂▃▃▂▂▂▁▁▃▅  \n                            83.4  "
        },
        "korona": {
            "current": 0.01149085604620798,
            "diff_percent": -6.648285480606364
        },
        "crypto": {
            "current": 0.012555307778922099,
            "diff_percent": 1.9993203959631296
        },
        "forex": {
            "current": 0.012608019204534852,
            "diff_percent": 2.4275480176411417
        }
    },
    "xdr": {
        "rub2xdr": {
            "current_rate": 0.008830132476034862,
            "sparkline": "▆▆▅▆▇▇▇▇▇▇██████▆▃▂▂▂▂▂▁▁▁▁▁▂▃"
        },
        "usd2xdr": {
            "current_rate": 0.695829,
            "sparkline": "▆▆▅▅▅▅▅▅▅▅▄▄▄▄▄▄▄▄▄▃▃▃▃▃▃▃▃▄▄▃"
        },
        "eur2xdr": {
            "current_rate": 0.8193510934431095,
            "sparkline": "▄▅▄▅▄▄▄▄▄▅▅▄▄▄▄▄▄▅▅▄▄▄▄▄▄▄▄▄▄▅"
        },
        "cny2xdr": {
            "current_rate": 0.09899965853797343,
            "sparkline": "▅▅▅▅▅▅▅▅▅▅▄▄▄▄▄▄▅▄▄▄▄▄▄▄▄▄▄▄▄▄"
        },
        "rsd2xdr": {
            "current_rate": 0.0069797808149269685,
            "sparkline": "▅▅▄▅▄▄▄▄▄▅▅▄▄▄▄▄▄▅▅▅▄▄▄▄▄▄▄▄▄▅"
        }
    },
    "neer": {
        "rub": {
            "current_rate": 97.23082012857559,
            "sparkline": "▂▅▅▅▆▇▇▅▆▆▆▇██▇▇█▅▃▂▂▃▂▃▁▂▁▁▁▄"
        },
        "usd": {
            "current_rate": 103.30537453419315,
            "sparkline": "▅▅▅▅▅▅▅▅▅▄▄▄▄▄▄▅▄▄▄▄▄▄▄▄▄▄▄▄▄▄"
        },
        "eur": {
            "current_rate": 111.0952159189983,
            "sparkline": "▄▄▄▄▄▄▄▄▄▄▄▄▄▄▄▄▄▅▅▅▅▅▅▅▅▅▅▅▅▅"
        },
        "cny": {
            "current_rate": 107.05520465304427,
            "sparkline": "▅▅▅▄▅▄▄▄▅▄▄▄▄▄▄▄▅▄▄▄▄▄▄▄▅▅▅▅▅▅"
        },
        "rsd": {
            "current_rate": 110.43723639337279,
            "sparkline": "▅▅▅▅▅▅▅▄▅▃▅▅▅▅▅▅▅▅▆▅▅▅▅▅▆▅▅▅▅▅"
        }
    },
    "specific_rates": {
        "rub_kzt_bank": 6.29,
        "rub_kzt_crypto": 6.4283175828081145,
        "kzt_rsd_bank": 0.1912684723092567,
        "rsd_eur_cash": 0.008436445444319459,
        "eur_rsd_cash": 117.10000000000001,
        "rsd_usd_cash": 0.009783778495254867,
        "usd_rsd_cash": 98.0,
        "eur_usd_exch": 1.177517886496696,
        "usd_kzt_bank": 505.0
    },
    "update_time": "2025-12-23 08:20:43",
    "update_time_display": "23.12 08:20"
}