{
    "rub2rsd": {
        "bank": {
            "current": 1.2317629688322158,
            "sparkline_full": "                    1.26          \n  ▁▂▂▂▃▄▅▅▅▅▆▆▇▇▇▇▇▆█████▆▆ ▇▇▇▆  \n 1.16                             "
        },
        "korona": {
            "current": 1.2001399396050125,
            "diff_percent": -2.567298256837822
        },
        "crypto": {
            "current": 1.217431143445923,
            "diff_percent": -1.1635213713138461
        },
        "forex": {
            "current": 1.3030345125367992,
            "diff_percent": 5.786141125199849
        }
    },
    "rub2eur": {
        "bank": {
            "current": 0.010612331529236973,
            "sparkline_full": "                    92.2          \n  ▁▂▂▂▃▄▅▅▅▅▅▆▆▇▇▇▆▆████▇▆▆▆▇▆▆▆  \n 99.8                             "
        },
        "korona": {
            "current": 0.01027517071579634,
            "diff_percent": -3.1770663450510765
        },
        "crypto": {
            "current": 0.01037834955629298,
            "diff_percent": -2.2048121310512383
        },
        "forex": {
            "current": 0.01109375125694348,
            "diff_percent": 4.53641809417841
        }
    },
    "rub2usd": {
        "bank": {
            "current": 0.012594458438287152,
            "sparkline_full": "                    78.6          \n  ▁▂▂▂▂▃▄▄▄▅▅▅▅▆▆▆▆▆█████▇█████▇  \n 85.0                             "
        },
        "korona": {
            "current": 0.011920341076728373,
            "diff_percent": -5.35249185077671
        },
        "crypto": {
            "current": 0.012291221827452863,
            "diff_percent": -2.407698690024259
        },
        "forex": {
            "current": 0.012983252902081605,
            "diff_percent": 3.0870280425279497
        }
    },
    "xdr": {
        "rub2xdr": {
            "current_rate": 0.0089890384391383,
            "sparkline": "▁▁▁▁▂▃▃▄▄▅▅▅▆▆▆▆▆▆████▇▅▆▆▆▆▆▆"
        },
        "usd2xdr": {
            "current_rate": 0.687215,
            "sparkline": "▅▅▅▅▆▆▆▆▆▆▆▆▆▆▆▆▆▆▅▅▅▄▄▄▃▃▃▄▄▄"
        },
        "eur2xdr": {
            "current_rate": 0.810279429468201,
            "sparkline": "▄▄▄▄▄▄▄▄▅▅▅▄▄▄▄▅▅▅▅▅▅▅▅▅▅▄▄▄▄▄"
        },
        "cny2xdr": {
            "current_rate": 0.09892967681566256,
            "sparkline": "▄▅▅▅▅▅▅▆▆▅▆▆▆▆▆▆▆▆▅▅▅▄▄▄▄▃▃▄▄▄"
        },
        "rsd2xdr": {
            "current_rate": 0.006898542097429241,
            "sparkline": "▅▅▅▄▅▄▄▄▅▅▅▄▄▄▅▅▅▅▅▅▅▅▅▅▅▄▄▅▅▄"
        }
    },
    "neer": {
        "rub": {
            "current_rate": 99.6301218279417,
            "sparkline": "▄▄▄▄▄▄▃▃▄▃▃▄▄▅▅▄▄▄▅▆▆▆▆▅▄▄▅▅▆▅"
        },
        "usd": {
            "current_rate": 101.92582126876356,
            "sparkline": "▅▅▅▅▅▆▆▆▅▆▆▆▅▅▅▅▅▅▅▅▄▄▄▄▃▃▄▄▄▄"
        },
        "eur": {
            "current_rate": 110.75235320140924,
            "sparkline": "▄▄▄▄▄▄▄▄▄▄▄▄▄▄▄▄▅▅▄▄▅▅▅▅▅▅▅▅▅▅"
        },
        "cny": {
            "current_rate": 107.41121540933408,
            "sparkline": "▅▅▅▅▅▅▅▅▅▅▅▅▅▅▅▅▅▅▅▅▄▄▄▄▄▄▄▄▄▄"
        },
        "rsd": {
            "current_rate": 110.32774186634991,
            "sparkline": "▅▅▄▄▄▄▄▄▄▄▄▄▄▄▄▄▅▄▅▄▄▄▅▅▅▅▅▅▅▅"
        }
    },
    "specific_rates": {
        "rub_kzt_bank": 6.41,
        "rub_kzt_crypto": 6.2685231320009605,
        "kzt_rsd_bank": 0.19421339250243935,
        "rsd_eur_cash": 0.008445945945945946,
        "eur_rsd_cash": 116.8,
        "rsd_usd_cash": 0.009932459276916966,
        "usd_rsd_cash": 96.97999999999999,
        "eur_usd_exch": 1.1790770420730061,
        "usd_kzt_bank": 503.0
    },
    "update_time": "2026-02-02 23:07:15",
    "update_time_display": "02.02 23:07"
}