{
    "rub2rsd": {
        "bank": {
            "current": 1.2358241413509334,
            "sparkline_full": "            1.26                  \n  ▆▇▅▅▅▆▆▆▅▅▅█▇▆▇▇▅▇▆▅▆▆▆▆▅▂▁▂▂▄  \n                           1.22   "
        },
        "korona": {
            "current": 1.1941547398906467,
            "diff_percent": -3.3717905376679327
        },
        "crypto": {
            "current": 1.2347010276250219,
            "diff_percent": -0.09087973671430606
        },
        "forex": {
            "current": 1.2851635005299273,
            "diff_percent": 3.9924255829036395
        }
    },
    "rub2eur": {
        "bank": {
            "current": 0.010620220900594732,
            "sparkline_full": "            92.1                  \n  ▅▅▇▆▆▅▅▅▄▄▅▇▇▇▇▆▅▇▆▅▅▅▆▆▅▂▂▃▃▃  \n                          95.0    "
        },
        "korona": {
            "current": 0.010228306123260356,
            "diff_percent": -3.690269543380483
        },
        "crypto": {
            "current": 0.01058390306108923,
            "diff_percent": -0.3419687767838121
        },
        "forex": {
            "current": 0.010964327030156791,
            "diff_percent": 3.2401033159563504
        }
    },
    "rub2usd": {
        "bank": {
            "current": 0.012322858903265557,
            "sparkline_full": "                  80.8            \n  ▂▂▂▃▄▄▅▅▄▄▄▆▇▆▆▆▆▇▇▆▆▆▆▇▆▄▄▅▅▆  \n 83.1                             "
        },
        "korona": {
            "current": 0.011351280797439607,
            "diff_percent": -7.88435632877758
        },
        "crypto": {
            "current": 0.012257206842813327,
            "diff_percent": -0.5327664705698416
        },
        "forex": {
            "current": 0.01265777921795177,
            "diff_percent": 2.717878353678623
        }
    },
    "xdr": {
        "rub2xdr": {
            "current_rate": 0.008978664303907489,
            "sparkline": "▅▂▂▂▂▂▃▃▂▁▁▃▄▅█▄▃▂▂▃▃▃▃▃▃▁▁▁▁▂"
        },
        "usd2xdr": {
            "current_rate": 0.70726,
            "sparkline": "▇▄▄▄▃▄▄▄▃▃▃▃▃▃▇▄▃▃▃▃▃▃▃▃▃▃▂▂▂▂"
        },
        "eur2xdr": {
            "current_rate": 0.8188978930683255,
            "sparkline": "▅▃▃▃▃▃▃▃▃▃▂▃▃▃▇▄▃▃▃▃▃▃▃▃▃▄▃▃▃▃"
        },
        "cny2xdr": {
            "current_rate": 0.09850280636759932,
            "sparkline": "▇▄▄▄▃▄▄▄▃▃▃▃▃▃▇▄▃▃▃▃▃▃▃▃▃▃▂▂▂▂"
        },
        "rsd2xdr": {
            "current_rate": 0.00698639846230087,
            "sparkline": "▆▃▃▃▃▃▃▃▃▃▂▃▃▃▇▄▃▃▃▃▃▃▃▃▃▄▃▃▃▃"
        }
    },
    "neer": {
        "rub": {
            "current_rate": 96.63545622083642,
            "sparkline": "▂▃▂▂▃▃▃▃▂▃▃▄▆██▅▄▅▅▄▅▅▄▃▆▂▁▁▁▁"
        },
        "usd": {
            "current_rate": 103.97096566005068,
            "sparkline": "▆▆▆▅▅▅▄▄▄▄▅▅▅▅▅▄▄▄▄▄▄▄▄▄▄▃▃▃▃▃"
        },
        "eur": {
            "current_rate": 109.27344740237136,
            "sparkline": "▃▄▃▄▄▃▄▄▄▄▄▃▄▄▄▅▄▄▅▅▅▄▄▅▅▆▆▆▆▆"
        },
        "cny": {
            "current_rate": 103.44903293992121,
            "sparkline": "▆▅▅▄▄▅▄▄▄▄▄▅▄▄▄▄▄▄▄▄▄▄▄▄▄▃▃▃▃▃"
        },
        "rsd": {
            "current_rate": 110.02063401313536,
            "sparkline": "▄▃▄▄▅▄▃▃▅▅▄▃▄▄▄▄▄▆▆▄▄▄▄▄▄▅▅▅▅▅"
        }
    },
    "update_time": "2025-06-16 11:35:44",
    "update_time_display": "16.06 11:35"
}