{
    "rub2rsd": {
        "bank": {
            "current": 1.3545402857119313,
            "sparkline_full": "                             1.36 \n  ▁▁▁▁▁▁▁▁▂▁▁▁▁▁▁▁▂▂▂▂▂▃▄▅▅▅▆▇██  \n             1.26                 "
        },
        "korona": {
            "current": 1.3233240036347451,
            "diff_percent": -2.3045665312773815
        },
        "crypto": {
            "current": 1.4186293456782706,
            "diff_percent": 4.7314251663363995
        },
        "forex": {
            "current": 1.4304336768351307,
            "diff_percent": 5.602889181203691
        }
    },
    "rub2eur": {
        "bank": {
            "current": 0.011661807580174927,
            "sparkline_full": "                             85.7 \n  ▁▁▁▁▁▁▁▁▂▂▂▂▁▁▁▁▂▂▂▂▃▃▄▅▅▅▆▇██  \n   91.9                           "
        },
        "korona": {
            "current": 0.01132982879824268,
            "diff_percent": -2.8467180550690143
        },
        "crypto": {
            "current": 0.012193554429375697,
            "diff_percent": 4.559729231896603
        },
        "forex": {
            "current": 0.012184178444377249,
            "diff_percent": 4.479330160534911
        }
    },
    "rub2usd": {
        "bank": {
            "current": 0.013557483731019521,
            "sparkline_full": "                              73.8\n  ▂▂▁▁▁▂▂▂▂▂▂▂▂▁▂▂▃▃▃▃▃▄▄▅▅▅▆▇██  \n   78.6                           "
        },
        "korona": {
            "current": 0.012914077827189762,
            "diff_percent": -4.745761946648303
        },
        "crypto": {
            "current": 0.014146578953364217,
            "diff_percent": 4.3451663600144785
        },
        "forex": {
            "current": 0.014094253913621955,
            "diff_percent": 3.959216866875552
        }
    },
    "xdr": {
        "rub2xdr": {
            "current_rate": 0.009930329310884762,
            "sparkline": "▁▁▁▁▁▁▁▁▂▁▁▁▁▁▁▁▂▂▂▂▃▃▃▄▅▅▆▇██"
        },
        "usd2xdr": {
            "current_rate": 0.702153,
            "sparkline": "▄▄▄▄▄▄▄▅▅▄▄▄▄▄▄▄▄▄▄▄▄▄▄▄▅▅▅▅▅▅"
        },
        "eur2xdr": {
            "current_rate": 0.8150183745435382,
            "sparkline": "▄▄▅▅▅▅▅▅▅▅▅▅▅▄▅▅▅▅▅▅▅▄▄▄▄▅▅▅▅▅"
        },
        "cny2xdr": {
            "current_rate": 0.10321984564498346,
            "sparkline": "▄▄▄▄▄▄▄▄▄▄▄▄▄▄▄▄▄▄▄▄▄▄▄▄▅▅▅▅▅▅"
        },
        "rsd2xdr": {
            "current_rate": 0.0069421808726258865,
            "sparkline": "▄▄▄▅▅▅▅▅▅▅▅▅▅▄▅▅▅▅▅▅▄▄▄▄▄▄▅▅▄▅"
        }
    },
    "neer": {
        "rub": {
            "current_rate": 107.43969108253745,
            "sparkline": "▃▂▃▁▁▂▃▃▂▃▂▂▃▂▁▁▂▂▂▂▃▄▅▅▅▅▅▇██"
        },
        "usd": {
            "current_rate": 102.3731834392336,
            "sparkline": "▄▄▅▅▅▄▅▅▅▅▅▅▅▅▄▄▄▄▄▄▄▄▄▅▅▅▅▅▅▅"
        },
        "eur": {
            "current_rate": 109.10411746288429,
            "sparkline": "▅▅▅▅▅▅▅▅▅▅▅▅▅▅▅▅▅▅▅▅▅▅▄▄▄▄▄▄▄▄"
        },
        "cny": {
            "current_rate": 111.24809668929026,
            "sparkline": "▄▄▄▄▄▄▅▅▄▄▃▃▄▅▄▄▄▃▃▅▅▅▅▅▄▄▅▆▅▅"
        },
        "rsd": {
            "current_rate": 109.39864650571491,
            "sparkline": "▆▆▆▃▃▆▇▆▆▆▃▃▇▆▆▆▆▃▃▆▇▇▅▆▂▂▆▆▂▂"
        }
    },
    "specific_rates": {
        "rub_kzt_bank": 6.42,
        "rub_kzt_crypto": 6.7125517133713215,
        "kzt_rsd_bank": 0.21133980135339264,
        "rsd_eur_cash": 0.00844880027036161,
        "eur_rsd_cash": 116.8,
        "rsd_usd_cash": 0.009758817788930714,
        "usd_rsd_cash": 99.02857142857144,
        "eur_usd_exch": 1.1607418533333023,
        "usd_kzt_bank": 467.5
    },
    "update_time": "2026-05-21 14:05:45",
    "update_time_display": "21.05 14:05"
}