{
    "rub2rsd": {
        "bank": {
            "current": 1.3357681613807169,
            "sparkline_full": "   1.36                           \n  ▄▆█▇█▇▇▇▇▆▇▇▇▇▆▅▃▁▂▃▃▄▅▆▆▆▅▅▅▅  \n                  1.30            "
        },
        "korona": {
            "current": 1.2926585912248094,
            "diff_percent": -3.2273242769424324
        },
        "crypto": {
            "current": 1.3446756925295367,
            "diff_percent": 0.6668470926580959
        },
        "forex": {
            "current": 1.3971480308437694,
            "diff_percent": 4.595099002779585
        }
    },
    "rub2eur": {
        "bank": {
            "current": 0.01147842056932966,
            "sparkline_full": "   85.7                           \n  ▄▆█████▇▆▆████▇▅▃▁▂▂▂▃▅▆▆▆▅▅▅▅  \n                  89.4            "
        },
        "korona": {
            "current": 0.011067282459116519,
            "diff_percent": -3.5818352161768834
        },
        "crypto": {
            "current": 0.01150736967474268,
            "diff_percent": 0.25220460635823605
        },
        "forex": {
            "current": 0.011906050653490055,
            "diff_percent": 3.7255132932053674
        }
    },
    "rub2usd": {
        "bank": {
            "current": 0.013345789403443213,
            "sparkline_full": "            73.7                  \n  ▄▇█▇▇▇▇▇▇▇████▇▅▃▁▂▂▂▂▅▅▅▅▅▅▅▅  \n                  76.9            "
        },
        "korona": {
            "current": 0.012597988381952176,
            "diff_percent": -5.603273054032344
        },
        "crypto": {
            "current": 0.013353221866224247,
            "diff_percent": 0.055691443618287054
        },
        "forex": {
            "current": 0.013802374836614388,
            "diff_percent": 3.421194650751614
        }
    },
    "xdr": {
        "rub2xdr": {
            "current_rate": 0.009708516350194903,
            "sparkline": "▂▃▄▅█▅▃▄▃▃▄▄▄▄▃▂▁▁▁▁▁▂▃▄▃▃▂▂▂▂"
        },
        "usd2xdr": {
            "current_rate": 0.703376,
            "sparkline": "▂▂▂▃▇▄▂▂▂▂▂▂▂▂▂▂▂▂▂▂▂▃▃▃▃▃▃▃▃▂"
        },
        "eur2xdr": {
            "current_rate": 0.8154270994428382,
            "sparkline": "▃▃▂▃▇▄▃▃▂▃▃▃▃▃▂▃▂▃▂▂▂▃▃▃▃▃▃▃▃▃"
        },
        "cny2xdr": {
            "current_rate": 0.10406201917386672,
            "sparkline": "▂▂▂▃▇▄▂▂▂▂▂▂▂▂▂▃▃▃▃▃▃▃▃▃▃▃▃▃▃▃"
        },
        "rsd2xdr": {
            "current_rate": 0.006948810101626605,
            "sparkline": "▃▃▂▃▇▄▃▃▃▃▃▃▃▃▂▃▂▃▂▂▂▃▃▃▃▃▃▃▃▃"
        }
    },
    "neer": {
        "rub": {
            "current_rate": 105.9934094534872,
            "sparkline": "▃▅▇██▆▆█▆▆█▇▆▆▇▆▄▃▁▂▂▁▃▆▅▅▄▄▄▄"
        },
        "usd": {
            "current_rate": 102.32497662970147,
            "sparkline": "▄▄▄▄▄▅▅▄▄▄▄▄▄▄▄▄▄▄▄▅▅▅▄▅▅▅▅▅▄▄"
        },
        "eur": {
            "current_rate": 108.95117235120584,
            "sparkline": "▅▅▅▄▄▄▄▄▄▅▄▄▄▄▄▅▄▅▅▄▄▄▄▄▄▄▄▄▄▄"
        },
        "cny": {
            "current_rate": 112.07577382601262,
            "sparkline": "▄▄▄▄▅▃▃▄▄▄▅▅▃▃▅▅▅▅▆▅▅▆▆▄▅▄▄▄▄▄"
        },
        "rsd": {
            "current_rate": 109.13364958178919,
            "sparkline": "▇█▇▇▇▂▂▇▇▇▇▇▂▂▇▇▇▇▆▂▂▇▆▂▂▂▂▂▁▁"
        }
    },
    "specific_rates": {
        "rub_kzt_bank": 6.56,
        "rub_kzt_crypto": 6.576461769115442,
        "kzt_rsd_bank": 0.2044679555265476,
        "rsd_eur_cash": 0.00844880027036161,
        "eur_rsd_cash": 116.8,
        "rsd_usd_cash": 0.009745797124989849,
        "usd_rsd_cash": 98.91666666666667,
        "eur_usd_exch": 1.1593046954158774,
        "usd_kzt_bank": 485.5
    },
    "update_time": "2026-06-16 05:21:23",
    "update_time_display": "16.06 05:21"
}