{
    "rub2rsd": {
        "bank": {
            "current": 1.196557999988153,
            "sparkline_full": "                           1.22   \n              ▅▄▃▄▄▄▆▅▅ ▆▅▅▅▆▃▄▄  \n               1.19               "
        },
        "korona": {
            "current": 1.1477466831316085,
            "diff_percent": -4.079310560543473
        },
        "crypto": {
            "current": 1.2444696590791573,
            "diff_percent": 4.004123418294694
        },
        "forex": {
            "current": 1.2369920949900006,
            "diff_percent": 3.379200590547881
        }
    },
    "rub2eur": {
        "bank": {
            "current": 0.010271158586688579,
            "sparkline_full": "                         95.8     \n              ▅▃▄▃▃▃▅▆▅▅▆▆▆▅▆▅▄▄  \n              98.5                "
        },
        "korona": {
            "current": 0.00982379472009936,
            "diff_percent": -4.355534605112626
        },
        "crypto": {
            "current": 0.010689424355112687,
            "diff_percent": 4.072235521377118
        },
        "forex": {
            "current": 0.010552927698385272,
            "diff_percent": 2.743304071479003
        }
    },
    "rub2usd": {
        "bank": {
            "current": 0.011708230886313079,
            "sparkline_full": "                           83.5   \n              ▁▁▁▄▄▄▇▇▆▆███▇█▇▅▆  \n              89.1                "
        },
        "korona": {
            "current": 0.010600782147701196,
            "diff_percent": -9.458719676484085
        },
        "crypto": {
            "current": 0.012160634829396723,
            "diff_percent": 3.8639820778774094
        },
        "forex": {
            "current": 0.012069146554439695,
            "diff_percent": 3.0825807214694305
        }
    },
    "xdr": {
        "rub2xdr": {
            "current_rate": 0.008642510825775725,
            "sparkline": "                   ▅▃▃▅▅▅█▅▃▁▂"
        },
        "usd2xdr": {
            "current_rate": 0.719185,
            "sparkline": "                   ▆▆▆▆▆▆▆▂▅▅▇"
        },
        "eur2xdr": {
            "current_rate": 0.8189680696000728,
            "sparkline": "                   ▂▄▄▄▄▄▇▃▂▂▅"
        },
        "cny2xdr": {
            "current_rate": 0.09869425003430767,
            "sparkline": "                   ▅▅▆▆▆▆▆▂▄▅▇"
        },
        "rsd2xdr": {
            "current_rate": 0.006986714677304051,
            "sparkline": "                   ▄▄▄▄▅▅▅▄▄▄▅"
        }
    },
    "neer": {
        "rub": {
            "current_rate": 93.86880161811258,
            "sparkline": "▆▇▆▆▆▄▅▄▄▅▅▅▃▃▂▂▂▂▂▅▆▅▆▆▆▆▇▆▄▄"
        },
        "usd": {
            "current_rate": 105.88117968169917,
            "sparkline": "▆▆▆▆▆▆▆▅▅▅▆▆▆▆▅▄▄▄▄▄▃▃▃▃▃▃▃▃▃▃"
        },
        "eur": {
            "current_rate": 109.36007494194146,
            "sparkline": "▂▂▂▂▂▂▂▄▄▄▄▄▄▅▅▇▇▇▇▆▆▆▆▆▆▆▇▇▆▆"
        },
        "cny": {
            "current_rate": 103.7442854937261,
            "sparkline": "▇▇▇▇▇▇▆▅▅▅▅▆▅▅▅▄▃▃▃▃▃▃▃▃▃▃▂▃▃▃"
        },
        "rsd": {
            "current_rate": 109.97348055442288,
            "sparkline": "▃▃▄▄▄▄▃▂▅▅▅▅▅▅▄▅▅▅▆▄▅▅▅▅▅▇▆▅▅▅"
        }
    },
    "update_time": "2025-04-25 00:06:53",
    "update_time_display": "25.04 00:06"
}