{
    "rub2rsd": {
        "bank": {
            "current": 1.228105941330923,
            "sparkline_full": "      1.26                        \n  ▂▄▅▆▇█▇▇▇         ▁▁▁▁▁▂▄▅▅▅▅▃  \n                   1.21           "
        },
        "korona": {
            "current": 1.1865561149370107,
            "diff_percent": -3.383244473915977
        },
        "crypto": {
            "current": 1.1843380272626571,
            "diff_percent": -3.5638549245054296
        },
        "forex": {
            "current": 1.2773951466009028,
            "diff_percent": 4.013432686154431
        }
    },
    "rub2eur": {
        "bank": {
            "current": 0.010592098294672175,
            "sparkline_full": "        92.8                      \n  ▄▅▆▇████▇         ▂▁▂▂▂▂▄▄▅▅▅▄  \n                    95.5          "
        },
        "korona": {
            "current": 0.010163221541216365,
            "diff_percent": -4.0490254293763
        },
        "crypto": {
            "current": 0.01017442995106816,
            "diff_percent": -3.943206831965501
        },
        "forex": {
            "current": 0.01090389617040369,
            "diff_percent": 2.9436837447812247
        }
    },
    "rub2usd": {
        "bank": {
            "current": 0.012403870007442322,
            "sparkline_full": "                             80.1 \n  ▂▄▅▅▅▆▆▆▅         ▅▄▅▅▅▅▆▇▇▇▇▆  \n 81.9                             "
        },
        "korona": {
            "current": 0.011540503630445882,
            "diff_percent": -6.9604597313453
        },
        "crypto": {
            "current": 0.011891063630016152,
            "diff_percent": -4.134245014809778
        },
        "forex": {
            "current": 0.012839360343067709,
            "diff_percent": 3.5109230858118705
        }
    },
    "xdr": {
        "rub2xdr": {
            "current_rate": 0.008858876618881984,
            "sparkline": "▁▂▂▂▃▃▃▃▃         ▂█████▁▂▂▁▁▁"
        },
        "usd2xdr": {
            "current_rate": 0.695413,
            "sparkline": "▂▂▂▂▃▃▃▃▃         ▃█████▁▁▁▁▁▁"
        },
        "eur2xdr": {
            "current_rate": 0.8124505663331172,
            "sparkline": "▁▁▁▁▁▁▁▁▁         ▃█████▁▁▁▁▁▁"
        },
        "cny2xdr": {
            "current_rate": 0.09700143672148526,
            "sparkline": "▂▂▂▂▂▂▂▂▂         ▃█████▁▁▁▁▁▁"
        },
        "rsd2xdr": {
            "current_rate": 0.006935110597887505,
            "sparkline": "▁▁▁▁▁▁▁▁▁         ▃█████▁▁▁▁▁▁"
        }
    },
    "neer": {
        "rub": {
            "current_rate": 98.28092861184136,
            "sparkline": "▁▃▅▅▆▆▆▆▇▅▅▅▄▄▄▄▂▃▂▂▃▂▃▃▄▅█▆▆▆"
        },
        "usd": {
            "current_rate": 103.57219788802209,
            "sparkline": "▅▄▄▅▆▅▆▆▇▅▅▄▃▃▃▃▂▃▃▂▂▂▃▃▃▃▄▄▄▄"
        },
        "eur": {
            "current_rate": 110.41185197086007,
            "sparkline": "▃▃▃▃▃▃▄▄▃▄▄▅▅▅▅▅▆▆▆▆▆▆▆▆▆▆▅▆▆▆"
        },
        "cny": {
            "current_rate": 103.49471478629204,
            "sparkline": "▄▄▄▅▅▅▅▅▆▄▅▄▃▃▃▃▃▃▃▃▃▃▄▄▄▄▄▄▄▅"
        },
        "rsd": {
            "current_rate": 110.49196370309446,
            "sparkline": "▃▃▃▃▃▄▃▃▄▄▄▄▄▄▄▅▃▆▃▄▄▄▄▅▄▅▄▄▄▅"
        }
    },
    "update_time": "2025-07-14 13:05:53",
    "update_time_display": "14.07 13:05"
}