{
    "rub2rsd": {
        "bank": {
            "current": 1.2305919826552048,
            "sparkline_full": "                        1.24      \n    в–…в–Үв–…в–…в–…в–ғв–Ғв–Ӯв–Ӯв–Ӯв–Ӯв–Ӯв–ғв–„в–…в–Ҷв–Ҷв–Ҷв–Ҷв–Ҷв–Ҷв–Ҳв–…в–…в–„в–„в–„в–…  \n         1.22                     "
        },
        "korona": {
            "current": 1.2069353338970208,
            "diff_percent": -1.9223795613506962
        },
        "crypto": {
            "current": 1.2535633927890477,
            "diff_percent": 1.866695903891586
        },
        "forex": {
            "current": 1.305934363037576,
            "diff_percent": 6.122450125167205
        }
    },
    "rub2eur": {
        "bank": {
            "current": 0.010684902233144566,
            "sparkline_full": "                        93.5      \n  в–Ҷв–Ҷв–Ҷв–Үв–Ҷв–…в–…в–Ӯв–Ӯв–Ғв–Ӯв–Ӯв–Ӯв–Ӯв–„в–…в–Ҷв–Ҷв–Ҷв–Ҷв–Ҷв–…в–Үв–Ҳв–Ҷв–„в–„в–„в–…в–Ҳ  \n          95.4                    "
        },
        "korona": {
            "current": 0.010326719434413012,
            "diff_percent": -3.352232813328609
        },
        "crypto": {
            "current": 0.010811975050187857,
            "diff_percent": 1.1892744947081635
        },
        "forex": {
            "current": 0.011126434374370107,
            "diff_percent": 4.132299309729842
        }
    },
    "rub2usd": {
        "bank": {
            "current": 0.012405408758218583,
            "sparkline_full": " 79.3                             \n  в–Үв–Ҷв–…в–Ҷв–…в–…в–…в–ғв–„в–„в–„в–„в–„в–„в–…в–Ҷв–Үв–Ҷв–…в–…в–…в–…в–Ҷв–Үв–…в–„в–„в–„в–„в–Ӯ  \n                              80.6"
        },
        "korona": {
            "current": 0.011779904262798584,
            "diff_percent": -5.0421917375806125
        },
        "crypto": {
            "current": 0.012528161566090691,
            "diff_percent": 0.9895103842570628
        },
        "forex": {
            "current": 0.012885053724231502,
            "diff_percent": 3.866418071030137
        }
    },
    "xdr": {
        "rub2xdr": {
            "current_rate": 0.008977874073613881,
            "sparkline": "в–Ҷв–Ҷв–Ҷв–Ҳв–Ҷв–Ҷв–Ҷв–…в–ғв–Ғв–Ӯв–ғв–Үв–„в–„в–Ҷв–Үв–Ҷв–Үв–Ҳв–Үв–Ҷв–Ҳв–Ҳв–…в–…в–…в–„в–„в–Ҷ"
        },
        "usd2xdr": {
            "current_rate": 0.697551,
            "sparkline": "в–Ӯв–„в–„в–„в–…в–„в–„в–„в–ғв–Ғв–Ӯв–Ӯв–Ӯв–Ӯв–Ӯв–ғв–ғв–ғв–…в–…в–…в–„в–…в–…в–„в–„в–„в–„в–…в–Ҳ"
        },
        "eur2xdr": {
            "current_rate": 0.806895881603772,
            "sparkline": "в–…в–…в–…в–…в–Ҷв–…в–…в–Үв–Үв–…в–…в–Ҷв–Ҷв–Ҷв–…в–…в–…в–„в–…в–Ҷв–…в–…в–Ҷв–Ҷв–…в–Ҷв–Ҷв–…в–„в–Ӯ"
        },
        "cny2xdr": {
            "current_rate": 0.1010914176400684,
            "sparkline": "в–Ғв–ғв–Ӯв–ғв–„в–Ӯв–Ӯв–ғв–ғв–Ғв–Ӯв–ғв–ғв–ғв–ғв–ғв–ғв–„в–Ҷв–…в–…в–„в–Ҷв–Үв–Ҳв–Ҳв–Үв–Үв–Ҷв–Ҳ"
        },
        "rsd2xdr": {
            "current_rate": 0.006874674813465765,
            "sparkline": "в–…в–…в–…в–…в–Ҷв–…в–…в–Үв–Үв–…в–…в–Ҷв–…в–…в–…в–…в–…в–„в–…в–Ҷв–…в–…в–…в–Ҷв–…в–Ҷв–Ҷв–…в–„в–Ӯ"
        }
    },
    "neer": {
        "rub": {
            "current_rate": 98.56686686390967,
            "sparkline": "в–Ҳв–„в–…в–…в–Үв–Ҷв–…в–…в–Ғв–Ӯв–Ғв–Ӯв–Ҷв–„в–Ӯв–…в–…в–Ҳв–Ҷв–Ҷв–Ҷв–Ҷв–Ҷв–Ҷв–„в–„в–ғв–Ӯв–ғв–„"
        },
        "usd": {
            "current_rate": 102.07135738022907,
            "sparkline": "в–…в–…в–…в–Ҷв–Ҷв–…в–…в–„в–„в–ғв–ғв–„в–ғв–ғв–ғв–„в–„в–…в–…в–„в–„в–…в–…в–„в–ғв–„в–„в–„в–„в–Ҷ"
        },
        "eur": {
            "current_rate": 109.66742642334798,
            "sparkline": "в–Ҷв–…в–…в–…в–…в–…в–…в–Ҷв–Ҷв–Ҷв–…в–…в–„в–…в–…в–…в–…в–„в–„в–„в–„в–„в–„в–ғв–ғв–„в–„в–„в–„в–ғ"
        },
        "cny": {
            "current_rate": 109.10683657664053,
            "sparkline": "в–ғв–ғв–ғв–„в–„в–ғв–ғв–ғв–ғв–Ӯв–ғв–ғв–Ӯв–Ӯв–ғв–ғв–ғв–„в–„в–„в–„в–„в–…в–…в–Ҷв–Ҷв–Ҷв–Ҷв–Ҷв–Ү"
        },
        "rsd": {
            "current_rate": 109.94570119429015,
            "sparkline": "в–…в–…в–…в–„в–…в–…в–…в–„в–Ҷв–Ҷв–…в–…в–„в–…в–…в–Ҷв–…в–…в–„в–„в–„в–ғв–ғв–„в–„в–„в–„в–„в–…в–„"
        }
    },
    "specific_rates": {
        "rub_kzt_bank": 6.24,
        "rub_kzt_crypto": 6.314193429309708,
        "kzt_rsd_bank": 0.19853104071379266,
        "rsd_eur_cash": 0.008458447874814971,
        "eur_rsd_cash": 116.875,
        "rsd_usd_cash": 0.009760178471834913,
        "usd_rsd_cash": 98.44285714285715,
        "eur_usd_exch": 1.1567553936612118,
        "usd_kzt_bank": 497.0
    },
    "update_time": "2026-03-03 19:50:46",
    "update_time_display": "03.03 19:50"
}