{
    "rub2rsd": {
        "bank": {
            "current": 1.2503004030418694,
            "sparkline_full": "                            1.26  \n  ▃▂▂▁▁▁▁▁▃▄▅▅▅▅▅▅▅▆▆▆▆▇▆▇▇▇▇███  \n       1.12                       "
        },
        "korona": {
            "current": 1.2140894061678134,
            "diff_percent": -2.8961837320021586
        },
        "crypto": {
            "current": 1.228530088570433,
            "diff_percent": -1.7412067066819348
        },
        "forex": {
            "current": 1.31639246823409,
            "diff_percent": 5.286094848200037
        }
    },
    "rub2eur": {
        "bank": {
            "current": 0.01074575542660649,
            "sparkline_full": "                             92.5 \n  ▃▂▂▁▁▁▁▂▃▄▅▅▅▅▅▅▅▆▆▆▆▆▆▇▇▇▇██▇  \n      104                         "
        },
        "korona": {
            "current": 0.010399052729488765,
            "diff_percent": -3.2264152993775532
        },
        "crypto": {
            "current": 0.010510665023746962,
            "diff_percent": -2.187751289010777
        },
        "forex": {
            "current": 0.011217487343707118,
            "diff_percent": 4.389937220538441
        }
    },
    "rub2usd": {
        "bank": {
            "current": 0.012708095056551023,
            "sparkline_full": "                             78.5 \n  ▃▁▁▁▁▁▁▁▃▄▄▄▄▄▄▅▅▅▅▆▆▆▆▇▇▇████  \n      89.9                        "
        },
        "korona": {
            "current": 0.011887298363261882,
            "diff_percent": -6.458849179492256
        },
        "crypto": {
            "current": 0.012405669619223353,
            "diff_percent": -2.379785766331442
        },
        "forex": {
            "current": 0.013291756718318433,
            "diff_percent": 4.592833616447742
        }
    },
    "xdr": {
        "rub2xdr": {
            "current_rate": 0.00916390131889437,
            "sparkline": "▂▁▁▂▂▂▄▄▃▄▄▄▄▄▅▅▅▅▅▅▆▇▆▇▇▇████"
        },
        "usd2xdr": {
            "current_rate": 0.691898,
            "sparkline": "▅▆▅▅▅▅▅▅▅▅▅▅▅▆▆▅▅▅▅▅▅▅▄▄▄▄▄▄▃▃"
        },
        "eur2xdr": {
            "current_rate": 0.8169299450143989,
            "sparkline": "▄▄▄▄▄▄▄▄▄▄▄▄▄▄▅▄▄▄▄▄▄▅▄▄▄▄▄▄▄▄"
        },
        "cny2xdr": {
            "current_rate": 0.10147661440535032,
            "sparkline": "▅▅▅▄▄▄▄▄▄▄▄▄▅▅▅▄▅▅▅▅▅▅▄▄▄▄▄▄▄▄"
        },
        "rsd2xdr": {
            "current_rate": 0.006961374772363694,
            "sparkline": "▄▄▄▄▄▄▄▄▄▄▄▄▄▄▅▄▄▄▄▄▄▅▄▄▄▄▄▄▄▄"
        }
    },
    "neer": {
        "rub": {
            "current_rate": 100.49775373681884,
            "sparkline": "▄▃▂▃▂▂▄▄▅▄▄▄▄▄▄▅▅▅▅▅▆▅▆▆▇▇▆▇▇▇"
        },
        "usd": {
            "current_rate": 101.66783590542529,
            "sparkline": "▅▅▅▅▅▄▅▅▅▅▅▅▅▅▅▅▅▅▅▅▅▄▄▄▄▄▄▄▄▄"
        },
        "eur": {
            "current_rate": 110.18364300919093,
            "sparkline": "▄▄▄▄▄▄▄▄▄▄▄▄▄▄▄▄▄▄▄▄▄▄▅▅▅▅▄▄▄▅"
        },
        "cny": {
            "current_rate": 109.98656406619402,
            "sparkline": "▅▅▅▄▄▄▅▅▅▅▄▄▅▅▅▅▅▄▄▅▅▄▄▄▄▄▄▄▄▄"
        },
        "rsd": {
            "current_rate": 109.9953545790257,
            "sparkline": "▅▅▅▃▃▅▆▅▅▆▃▃▆▅▆▅▅▄▃▅▆▃▄▄▄▄▄▃▃▃"
        }
    },
    "specific_rates": {
        "rub_kzt_bank": 6.05,
        "rub_kzt_crypto": 5.917504408369539,
        "kzt_rsd_bank": 0.20760949275049753,
        "rsd_eur_cash": 0.008447135013374631,
        "eur_rsd_cash": 116.75,
        "rsd_usd_cash": 0.0097911227154047,
        "usd_rsd_cash": 97.55,
        "eur_usd_exch": 1.180708637710181,
        "usd_kzt_bank": 470.0
    },
    "update_time": "2026-04-16 06:05:51",
    "update_time_display": "16.04 06:05"
}