{
    "rub2rsd": {
        "bank": {
            "current": 1.2203890657009977,
            "sparkline_full": "         1.26                     \n  ▂▄▅▅▅▅▃▇██▇▇▃▂ ▄▅▅  ▄▄▃▃▃▂▁▁▁▁  \n                           1.22   "
        },
        "korona": {
            "current": 1.180245734234393,
            "diff_percent": -3.289387998862978
        },
        "crypto": {
            "current": 1.2386474888803387,
            "diff_percent": 1.4961149433810503
        },
        "forex": {
            "current": 1.28643070245885,
            "diff_percent": 5.411523145687772
        }
    },
    "rub2eur": {
        "bank": {
            "current": 0.010506408909434755,
            "sparkline_full": "         92.2                     \n  ▃▄▅▅▄▄▃▇███▆▃▂▃▄▄▄▄▄▄▅▄▃▃▁▁▁▁▁  \n                            95.4  "
        },
        "korona": {
            "current": 0.010103607850850864,
            "diff_percent": -3.833860475601472
        },
        "crypto": {
            "current": 0.010584563497566616,
            "diff_percent": 0.7438753698390562
        },
        "forex": {
            "current": 0.010957756557913865,
            "diff_percent": 4.295926918224171
        }
    },
    "rub2usd": {
        "bank": {
            "current": 0.012478163214374845,
            "sparkline_full": "         78.6                     \n  ▁▂▂▂▂▃▂▇███▇▆▆▇█▇▇▆▅▅▆▅▄▄▃▄▄▄▄  \n 81.2                             "
        },
        "korona": {
            "current": 0.011729566465025557,
            "diff_percent": -5.999254349285195
        },
        "crypto": {
            "current": 0.012544667848967841,
            "diff_percent": 0.5329681416282733
        },
        "forex": {
            "current": 0.012955381665543867,
            "diff_percent": 3.8244286676685424
        }
    },
    "xdr": {
        "rub2xdr": {
            "current_rate": 0.008945122530156299,
            "sparkline": "▂▃▄▄▄▄▄▇███▅▃▃▃▅▅▄▃▄▄▄▄▃▃▃▂▁▁▂"
        },
        "usd2xdr": {
            "current_rate": 0.687473,
            "sparkline": "▇▇███▇▇▆▅▅▄▃▃▃▁▂▃▃▃▄▄▄▄▄▄▄▃▂▃▃"
        },
        "eur2xdr": {
            "current_rate": 0.8163279119114935,
            "sparkline": "▄▄▄▄▄▅▅▄▄▆▅▄▅▆▄▄▄▄▃▄▄▄▄▄▄▅▅▄▄▄"
        },
        "cny2xdr": {
            "current_rate": 0.0995083011275638,
            "sparkline": "▇▇▇▇▇▇▇▆▅▅▄▃▃▃▂▂▃▃▃▄▄▅▅▄▄▅▅▄▄▅"
        },
        "rsd2xdr": {
            "current_rate": 0.006953442974471012,
            "sparkline": "▄▄▄▄▄▅▅▄▄▅▅▄▅▆▄▄▄▄▃▄▄▄▄▄▄▅▅▄▄▄"
        }
    },
    "neer": {
        "rub": {
            "current_rate": 97.97461069476495,
            "sparkline": "▂▂▄▄▂▃▃▄███▇▆▃▄▆▆▇▇▄▄▄▆▅▄▄▁▂▂▂"
        },
        "usd": {
            "current_rate": 101.32586909507475,
            "sparkline": "▇▇▇▇▇▆▆▆▅▄▄▄▃▂▂▃▄▄▄▄▄▄▄▄▄▃▃▂▂▂"
        },
        "eur": {
            "current_rate": 110.38499624413336,
            "sparkline": "▄▄▃▃▄▅▅▄▄▅▅▅▆▆▆▆▅▅▅▄▅▅▅▄▅▅▅▅▄▄"
        },
        "cny": {
            "current_rate": 107.63224581492157,
            "sparkline": "▇▆▆▆▇▆▆▆▅▄▄▄▃▂▃▃▄▄▅▅▅▅▅▅▅▅▅▄▄▅"
        },
        "rsd": {
            "current_rate": 110.23998986926341,
            "sparkline": "▄▄▄▄▄▃▄▄▄▄▄▅▄▆▅▅▅▅▅▅▅▃▆▅▅▄▄▅▅▅"
        }
    },
    "specific_rates": {
        "rub_kzt_bank": 6.22,
        "rub_kzt_crypto": 6.266061590559437,
        "kzt_rsd_bank": 0.197675600690952,
        "rsd_eur_cash": 0.008446965126101122,
        "eur_rsd_cash": 116.81428571428572,
        "rsd_usd_cash": 0.009938240931355148,
        "usd_rsd_cash": 96.96428571428571,
        "eur_usd_exch": 1.1874326874095325,
        "usd_kzt_bank": 492.5
    },
    "update_time": "2026-02-13 15:50:46",
    "update_time_display": "13.02 15:50"
}