{
    "rub2rsd": {
        "bank": {
            "current": 1.190672216643491,
            "sparkline_full": "                      1.26        \n  ▁▁▂▄▆▆▆▅▅▅▆▆▆▇▇▇▇█████▇▄▁▁▁▂▂▁  \n 1.19                             "
        },
        "korona": {
            "current": 1.148143551203185,
            "diff_percent": -3.5718197540709014
        },
        "crypto": {
            "current": 1.216388222845199,
            "diff_percent": 2.15978888582799
        },
        "forex": {
            "current": 1.2411970484820414,
            "diff_percent": 4.243387149905954
        }
    },
    "rub2eur": {
        "bank": {
            "current": 0.010280662074637606,
            "sparkline_full": "                      92.8        \n  ▁▁▂▄▆▆▆▆▅▆▆▇▇▇▇▇▇█████▇▄▂▂▂▂▂▂  \n 97.7                             "
        },
        "korona": {
            "current": 0.009834206006022998,
            "diff_percent": -4.342678179414296
        },
        "crypto": {
            "current": 0.01048864134182021,
            "diff_percent": 2.0230143318851788
        },
        "forex": {
            "current": 0.010573125995010191,
            "diff_percent": 2.844796553464136
        }
    },
    "rub2usd": {
        "bank": {
            "current": 0.012051096649795132,
            "sparkline_full": "                      79.4        \n  ▁▁▁▃▄▄▄▄▄▅▆▆▆▆▇▇▇█████▇▄▃▃▃▃▃▂  \n  84.1                            "
        },
        "korona": {
            "current": 0.011189703944897034,
            "diff_percent": -7.147836665244411
        },
        "crypto": {
            "current": 0.012270495469388121,
            "diff_percent": 1.8205714049826294
        },
        "forex": {
            "current": 0.012440797355584114,
            "diff_percent": 3.233736456636977
        }
    },
    "xdr": {
        "rub2xdr": {
            "current_rate": 0.008627308961241937,
            "sparkline": "▁▂▃▅▅▅▆▆▅▆▇▇▇▇▇▇██████▆▃▂▂▂▂▂▁"
        },
        "usd2xdr": {
            "current_rate": 0.694475,
            "sparkline": "▅▅▅▆▆▆▆▆▅▅▅▅▅▅▅▅▄▄▄▄▄▄▄▄▄▃▃▃▃▃"
        },
        "eur2xdr": {
            "current_rate": 0.815965776376206,
            "sparkline": "▄▄▄▅▅▅▅▅▅▅▅▅▅▅▅▅▅▄▄▅▄▄▅▅▅▅▄▅▅▅"
        },
        "cny2xdr": {
            "current_rate": 0.09859379880178312,
            "sparkline": "▄▄▄▅▅▅▅▅▅▅▅▅▅▅▅▅▄▄▄▄▄▄▅▄▄▄▄▄▄▄"
        },
        "rsd2xdr": {
            "current_rate": 0.006950797193558396,
            "sparkline": "▅▅▄▅▄▅▅▅▅▅▅▅▄▅▅▅▅▄▄▄▄▄▅▅▅▅▅▅▅▅"
        }
    },
    "neer": {
        "rub": {
            "current_rate": 97.01488921291416,
            "sparkline": "▁▁▁▂▅▅▂▅▄▅▆▇▇▅▆▆▅▇██▇▇█▄▁▂▂▂▂▃"
        },
        "usd": {
            "current_rate": 103.36406218173899,
            "sparkline": "▅▅▅▆▅▅▅▅▅▅▅▅▅▄▅▄▄▄▄▄▄▄▄▄▄▄▄▄▃▃"
        },
        "eur": {
            "current_rate": 110.96687819173516,
            "sparkline": "▄▄▄▄▄▄▄▄▄▄▄▄▄▄▄▄▄▄▄▄▄▄▄▅▅▅▅▅▅▅"
        },
        "cny": {
            "current_rate": 106.93575339770095,
            "sparkline": "▄▄▅▅▅▅▅▅▅▅▅▅▅▄▅▄▄▄▄▄▄▅▄▅▄▄▄▄▅▅"
        },
        "rsd": {
            "current_rate": 110.48751282438114,
            "sparkline": "▅▅▅▅▄▄▄▄▅▅▅▄▄▄▄▄▄▄▄▄▄▄▄▄▅▅▅▅▅▅"
        }
    },
    "specific_rates": {
        "rub_kzt_bank": 6.23,
        "rub_kzt_crypto": 6.356116653143047,
        "kzt_rsd_bank": 0.19137286006915954,
        "rsd_eur_cash": 0.008483563096500531,
        "eur_rsd_cash": 116.75,
        "rsd_usd_cash": 0.009745910198398886,
        "usd_rsd_cash": 98.72142857142856,
        "eur_usd_exch": 1.1749390206648276,
        "usd_kzt_bank": 512.0
    },
    "update_time": "2025-12-17 21:21:24",
    "update_time_display": "17.12 21:21"
}