{
    "rub2rsd": {
        "bank": {
            "current": 1.2151435498863556,
            "sparkline_full": "                          1.22    \n  ▁▁▁▁▁▂▂▂▂▃▄▄▄▃▃▂▃▄▅▆▅▅▆▇██▆▅▅█  \n    1.14                          "
        },
        "korona": {
            "current": 1.1434057314438215,
            "diff_percent": -5.903649692190136
        },
        "crypto": {
            "current": 1.3480788274805564,
            "diff_percent": 10.939882584788712
        },
        "forex": {
            "current": 1.237097474835044,
            "diff_percent": 1.8066939458092524
        }
    },
    "rub2eur": {
        "bank": {
            "current": 0.01021346134204882,
            "sparkline_full": "                         95.0     \n  ▁▁▁▁▁▁▂▂▂▃▃▄▃▃▃▃▃▄▅▆▆▆▆▇██▅▅▅▅  \n   102                            "
        },
        "korona": {
            "current": 0.009790630116338532,
            "diff_percent": -4.139940530929425
        },
        "crypto": {
            "current": 0.011567143687424697,
            "diff_percent": 13.253903843575216
        },
        "forex": {
            "current": 0.010557035296621595,
            "diff_percent": 3.363932589222038
        }
    },
    "rub2usd": {
        "bank": {
            "current": 0.012239902080783353,
            "sparkline_full": "                          81.4    \n  ▂▁▂▁▁▁▁▁▂▃▄▅▄▃▃▃▃▄▅▄▅▅▅▆▇█▅▄▄▇  \n      86.2                        "
        },
        "korona": {
            "current": 0.011244507052692821,
            "diff_percent": -8.13237737949964
        },
        "crypto": {
            "current": 0.013412874106883393,
            "diff_percent": 9.583181453237328
        },
        "forex": {
            "current": 0.012348209633085298,
            "diff_percent": 0.8848727023068964
        }
    },
    "xdr": {
        "rub2xdr": {
            "current_rate": 0.008607064232879129,
            "sparkline": "▁▁▁▁▁▁▁▁▂▂▃▃▃▃▃▂▃▄▅▆▅▅▆▇█▇▅▅▅▅"
        },
        "usd2xdr": {
            "current_rate": 0.699288,
            "sparkline": "▄▄▄▄▄▄▄▄▄▄▄▄▄▄▄▄▄▅▅▅▅▅▅▅▅▅▅▅▅▅"
        },
        "eur2xdr": {
            "current_rate": 0.8152917927283538,
            "sparkline": "▄▅▅▅▄▄▅▅▅▅▅▅▄▄▅▄▄▄▄▅▅▅▄▅▅▅▅▅▅▄"
        },
        "cny2xdr": {
            "current_rate": 0.09817048517520216,
            "sparkline": "▄▄▄▄▄▄▄▄▄▄▄▄▄▄▄▄▄▅▅▅▅▅▅▅▅▅▅▅▅▅"
        },
        "rsd2xdr": {
            "current_rate": 0.006957466495537713,
            "sparkline": "▄▅▅▅▄▄▅▅▅▅▅▅▄▅▅▄▄▄▄▅▅▅▄▅▅▅▅▅▅▄"
        }
    },
    "neer": {
        "rub": {
            "current_rate": 94.81653299907215,
            "sparkline": "▁▂▁▂▁▂▂▂▁▂▃▄▅▃▃▅▃▄▅▅▅▅▅▆██▆▅▅▅"
        },
        "usd": {
            "current_rate": 104.03218117664431,
            "sparkline": "▄▄▄▄▄▅▄▄▄▄▄▄▄▄▄▄▄▅▅▅▅▅▅▅▅▄▄▅▅▅"
        },
        "eur": {
            "current_rate": 110.48096074640661,
            "sparkline": "▅▅▅▅▅▅▅▅▅▅▅▅▅▅▅▄▄▄▄▄▄▄▄▄▄▄▅▄▄▄"
        },
        "cny": {
            "current_rate": 105.32246178086895,
            "sparkline": "▄▄▄▄▄▄▄▄▄▄▄▄▄▄▄▅▅▅▅▅▅▅▅▅▅▅▄▅▅▅"
        },
        "rsd": {
            "current_rate": 110.54123710719966,
            "sparkline": "▄▄▅▅▅▄▅▄▅▄▅▄▄▄▄▅▅▄▄▄▄▄▅▅▄▄▄▄▄▄"
        }
    },
    "update_time": "2025-10-20 10:05:42",
    "update_time_display": "20.10 10:05"
}