{
    "rub2rsd": {
        "bank": {
            "current": 1.1723653724249121,
            "sparkline_full": "  1.26                            \n  ██▇▅▃▃▃▄▄▃▃▃▃▃▄▅▅▅▆▆▆▆▅▂  ▁▁▁▁  \n                            1.16  "
        },
        "korona": {
            "current": 1.1391886375268807,
            "diff_percent": -2.8298972042656714
        },
        "crypto": {
            "current": 1.1807088457696489,
            "diff_percent": 0.7116785893700655
        },
        "forex": {
            "current": 1.2338147630617473,
            "diff_percent": 5.241488027724131
        }
    },
    "rub2eur": {
        "bank": {
            "current": 0.01008267795926598,
            "sparkline_full": "  92.8                            \n  ██▇▅▄▄▄▄▄▄▄▃▃▃▄▅▅▅▆▆▆▆▅▃  ▁▁▂▁  \n                           99.8   "
        },
        "korona": {
            "current": 0.009746373627778818,
            "diff_percent": -3.3354663596896845
        },
        "crypto": {
            "current": 0.010074450063343652,
            "diff_percent": -0.08160427175765823
        },
        "forex": {
            "current": 0.01051919954563381,
            "diff_percent": 4.329421093596135
        }
    },
    "rub2usd": {
        "bank": {
            "current": 0.011838522552385463,
            "sparkline_full": "  79.4                            \n  ██▇▅▄▄▄▄▄▄▄▃▃▃▄▆▆▆▇▇▇▇▆▃  ▁▁▂▂  \n                            85.0  "
        },
        "korona": {
            "current": 0.011133043122666804,
            "diff_percent": -5.959184742833507
        },
        "crypto": {
            "current": 0.011805388394690341,
            "diff_percent": -0.2798842300506912
        },
        "forex": {
            "current": 0.012783359134413187,
            "diff_percent": 7.981034608388184
        }
    },
    "xdr": {
        "rub2xdr": {
            "current_rate": 0.008589451862448921,
            "sparkline": "██▇▄▃▃▂▃▃▂▂▂▁▁▃▅▄▃▃▃▃▄▄▃▃▂▁▁▁▁"
        },
        "usd2xdr": {
            "current_rate": 0.695752,
            "sparkline": "▅▅▅▅▅▄▄▄▄▄▄▄▄▅▄▄▄▄▄▄▄▄▄▄▄▄▄▄▅▄"
        },
        "eur2xdr": {
            "current_rate": 0.8165499499450158,
            "sparkline": "▄▄▅▅▅▅▄▄▄▄▄▄▄▄▅▅▄▄▄▄▄▄▄▄▄▄▄▄▄▄"
        },
        "cny2xdr": {
            "current_rate": 0.09969079107621327,
            "sparkline": "▄▅▅▄▄▄▄▄▄▄▄▄▄▄▄▄▄▄▄▄▄▄▄▅▅▅▅▅▅▅"
        },
        "rsd2xdr": {
            "current_rate": 0.006961702939211025,
            "sparkline": "▄▄▄▅▅▅▄▄▄▄▄▄▄▄▄▅▄▄▄▄▄▄▄▄▄▄▄▄▄▅"
        }
    },
    "neer": {
        "rub": {
            "current_rate": 94.5690630540893,
            "sparkline": "▇▇█▆▄▃▃▄▃▄▂▃▂▂▂▄▅▄▄▄▅▄▄▃▄▄▂▂▂▁"
        },
        "usd": {
            "current_rate": 103.04107574495343,
            "sparkline": "▅▅▅▅▅▄▅▄▄▅▅▅▅▅▅▄▄▄▄▄▄▄▄▄▄▄▄▄▄▄"
        },
        "eur": {
            "current_rate": 110.37014211583528,
            "sparkline": "▄▄▄▅▅▅▅▅▅▅▅▅▅▅▅▅▅▅▅▅▅▅▅▄▄▄▄▄▄▄"
        },
        "cny": {
            "current_rate": 107.65188276412421,
            "sparkline": "▄▄▄▄▄▄▄▄▄▄▄▄▄▄▄▄▄▄▄▄▄▄▄▅▅▅▅▅▅▅"
        },
        "rsd": {
            "current_rate": 110.3297818473027,
            "sparkline": "▄▄▄▄▅▅▅▅▄▅▅▅▅▅▅▅▅▅▅▅▅▅▅▄▄▄▄▄▄▄"
        }
    },
    "specific_rates": {
        "rub_kzt_bank": 6.12,
        "rub_kzt_crypto": 6.115191188449597,
        "kzt_rsd_bank": 0.19307799370194303,
        "rsd_eur_cash": 0.008451894633046908,
        "eur_rsd_cash": 116.88333333333333,
        "rsd_usd_cash": 0.009772782799902272,
        "usd_rsd_cash": 98.16666666666667,
        "eur_usd_exch": 1.1736221382691185,
        "usd_kzt_bank": 511.0
    },
    "update_time": "2026-01-06 09:35:45",
    "update_time_display": "06.01 09:35"
}