{
    "rub2rsd": {
        "bank": {
            "current": 1.2442232114689515,
            "sparkline_full": "                      1.26        \n  ▂▂▂▂▃▇▇▆▆▆▆▇▆▆▆▆▆▆▆▅▅▇▇▇▇▇▅▇▆▅  \n 1.21                             "
        },
        "korona": {
            "current": 1.1993610626090412,
            "diff_percent": -3.605635101996315
        },
        "crypto": {
            "current": 1.243129319850955,
            "diff_percent": -0.08791763470680544
        },
        "forex": {
            "current": 1.2988674668720321,
            "diff_percent": 4.391837003150475
        }
    },
    "rub2eur": {
        "bank": {
            "current": 0.010725010725010725,
            "sparkline_full": "                      92.1        \n  ▂▂▂▂▄▇▆▆▆▆▆▅▇▆▆▆▆▆▅▅▅▇▇▇▇▇▆▇▆▆  \n    96.1                          "
        },
        "korona": {
            "current": 0.01027289989386759,
            "diff_percent": -4.215481389578596
        },
        "crypto": {
            "current": 0.010676631934431687,
            "diff_percent": -0.4510838433589499
        },
        "forex": {
            "current": 0.011084457289935236,
            "diff_percent": 3.351479771356141
        }
    },
    "rub2usd": {
        "bank": {
            "current": 0.012286521685710775,
            "sparkline_full": "                            80.8  \n  ▂▁▁▁▂▄▄▄▄▄▄▄▄▅▆▆▆▆▆▅▅▇█▇▇▇▇█▇▇  \n    84.8                          "
        },
        "korona": {
            "current": 0.011286586594425338,
            "diff_percent": -8.138471707972165
        },
        "crypto": {
            "current": 0.012206324813926287,
            "diff_percent": -0.6527223394539458
        },
        "forex": {
            "current": 0.012630999250981744,
            "diff_percent": 2.8037029037404246
        }
    },
    "xdr": {
        "rub2xdr": {
            "current_rate": 0.00904759966917094,
            "sparkline": "▂▁▁▁▂▂▃▃▂▅▅▃▃▃▃▃▃▄▃▂▂▄▅▅█▅▃▃▃▃"
        },
        "usd2xdr": {
            "current_rate": 0.716787,
            "sparkline": "▃▃▃▃▃▃▃▃▃▆▆▄▄▃▃▃▃▃▃▃▃▃▃▃▆▄▃▃▃▃"
        },
        "eur2xdr": {
            "current_rate": 0.8162420073904947,
            "sparkline": "▃▃▃▃▂▂▃▃▃▆▆▄▄▄▃▄▄▄▃▃▃▃▄▄▇▄▄▄▄▃"
        },
        "cny2xdr": {
            "current_rate": 0.09969914458585437,
            "sparkline": "▃▃▃▃▃▃▃▃▃▆▆▄▄▃▃▃▃▃▃▃▃▃▃▃▆▄▃▃▃▃"
        },
        "rsd2xdr": {
            "current_rate": 0.006965760479750576,
            "sparkline": "▄▄▄▄▃▂▂▂▃▆▆▄▄▄▄▄▄▄▄▃▃▃▄▄▇▅▄▄▄▄"
        }
    },
    "neer": {
        "rub": {
            "current_rate": 99.31260506919666,
            "sparkline": "▃▃▁▁▄▄▄▅▅▄▄▄▄▃▅▄▄▄▄▄▅▅▇██▆▅▅▅▇"
        },
        "usd": {
            "current_rate": 104.25935494783917,
            "sparkline": "▅▅▅▅▆▆▅▅▅▅▅▅▅▄▄▄▃▃▃▄▄▄▄▄▄▃▄▄▃▃"
        },
        "eur": {
            "current_rate": 108.58821252644098,
            "sparkline": "▅▅▅▅▄▄▄▄▄▄▄▄▄▅▅▄▅▅▅▅▅▄▅▅▅▅▅▅▅▅"
        },
        "cny": {
            "current_rate": 103.63803663339789,
            "sparkline": "▄▄▄▄▆▆▅▅▅▅▅▄▄▄▄▄▃▄▃▄▄▄▄▄▄▃▄▄▃▃"
        },
        "rsd": {
            "current_rate": 109.65590385593867,
            "sparkline": "▅▄▆▆▆▄▄▄▅▄▄▃▄▅▅▅▄▄▅▅▄▄▅▄▄▄▅▅▅▅"
        }
    },
    "update_time": "2025-06-06 20:35:40",
    "update_time_display": "06.06 20:35"
}