{
    "rub2rsd": {
        "bank": {
            "current": 1.239429606557755,
            "sparkline_full": "                1.26              \n  ▇▆▇▇▇█▇▃▂▃▃▄▅▆▇█▇▇▇         ▁▅  \n                             1.21 "
        },
        "korona": {
            "current": 1.162334596675719,
            "diff_percent": -6.220200766072592
        },
        "crypto": {
            "current": 1.2141084083417588,
            "diff_percent": -2.042971870449368
        },
        "forex": {
            "current": 1.2544817802456374,
            "diff_percent": 1.2144436124683586
        }
    },
    "rub2eur": {
        "bank": {
            "current": 0.010406910188365074,
            "sparkline_full": "      92.7                        \n  █▇▇▇██▇▃▃▄▄▅▆▇████▇         ▂▁  \n                              96.1"
        },
        "korona": {
            "current": 0.009955756716708513,
            "diff_percent": -4.335133709147889
        },
        "crypto": {
            "current": 0.010416693398249056,
            "diff_percent": 0.0940068637751905
        },
        "forex": {
            "current": 0.010710496534676433,
            "diff_percent": 2.9171612017058544
        }
    },
    "rub2usd": {
        "bank": {
            "current": 0.012578616352201259,
            "sparkline_full": "                              79.5\n  ▄▃▃▃▃▄▃▁▁▂▂▃▄▅▅▅▅▅▅         ▄█  \n        82.2                      "
        },
        "korona": {
            "current": 0.011255142034486144,
            "diff_percent": -10.521620825835159
        },
        "crypto": {
            "current": 0.012249075410942962,
            "diff_percent": -2.6198504830034586
        },
        "forex": {
            "current": 0.012693077576282222,
            "diff_percent": 0.9099667314436604
        }
    },
    "xdr": {
        "rub2xdr": {
            "current_rate": 0.00951943331570875,
            "sparkline": "▃▄▄▄▄▄▄▂▁▁▁▂▃▃▃▃▃▃▃         ▃█"
        },
        "usd2xdr": {
            "current_rate": 0.754425,
            "sparkline": "▃▃▃▃▃▃▃▃▂▂▂▂▂▂▂▂▂▂▂         ▂▇"
        },
        "eur2xdr": {
            "current_rate": 0.8887947710816689,
            "sparkline": "▁▁▁▁▁▁▁▂▁▁▁▁▁▁▁▁▁▁▁         ▃█"
        },
        "cny2xdr": {
            "current_rate": 0.10532543139554365,
            "sparkline": "▃▃▃▃▃▃▃▂▁▁▁▂▂▂▂▂▂▂▂         ▂█"
        },
        "rsd2xdr": {
            "current_rate": 0.007588339237453707,
            "sparkline": "▁▁▁▁▁▁▁▂▁▁▁▁▁▁▁▁▁▁▁         ▃█"
        }
    },
    "neer": {
        "rub": {
            "current_rate": 96.45854731492318,
            "sparkline": "▇▅▇▆▅▅▇▄▅▂▂▄▅▆▆▆▆▆▇▆▆▅▅▅▅▅▄▃▂▂"
        },
        "usd": {
            "current_rate": 103.01893636222927,
            "sparkline": "▅▆▆▆▅▅▆▄▅▄▄▄▄▅▆▅▆▆▇▄▅▄▃▃▃▃▂▃▂▃"
        },
        "eur": {
            "current_rate": 110.52681259763466,
            "sparkline": "▂▂▂▂▂▂▃▄▄▄▄▄▄▄▄▄▄▄▄▅▅▆▆▆▆▆▆▇▇▆"
        },
        "cny": {
            "current_rate": 102.8521846030122,
            "sparkline": "▅▅▅▅▅▅▅▄▅▄▄▄▄▅▅▅▅▅▆▄▅▄▃▃▃▄▃▃▃▃"
        },
        "rsd": {
            "current_rate": 110.49897341986609,
            "sparkline": "▄▃▄▄▄▃▄▃▅▅▅▄▅▄▄▅▄▄▅▅▅▅▅▅▅▆▆▆▆▆"
        }
    },
    "update_time": "2025-07-04 09:20:44",
    "update_time_display": "04.07 09:20"
}