{
    "rub2rsd": {
        "bank": {
            "current": 1.1926301178039462,
            "sparkline_full": "  1.24                            \n  ██▇▅▄▃▄▄▃▁▁▅▆▅▅▅▄▄▅▅▄▃▃▄▄▃▄▃▃▁  \n          1.19                    "
        },
        "korona": {
            "current": 1.1560735425167952,
            "diff_percent": -3.065206449294157
        },
        "crypto": {
            "current": 1.1365658978037196,
            "diff_percent": -4.700889166161646
        },
        "forex": {
            "current": 1.2476742414279989,
            "diff_percent": 4.615355825946132
        }
    },
    "rub2eur": {
        "bank": {
            "current": 0.010295480284155256,
            "sparkline_full": "  93.9                            \n  ██▇▆▄▄▄▄▄▁▁▅▆▅▅▅▅▄▅▅▄▄▄▄▄▃▃▃▃▂  \n          97.6                    "
        },
        "korona": {
            "current": 0.00990212884382694,
            "diff_percent": -3.8206225399089293
        },
        "crypto": {
            "current": 0.009819304729803436,
            "diff_percent": -4.6250931594192295
        },
        "forex": {
            "current": 0.010649327842578181,
            "diff_percent": 3.436921334961872
        }
    },
    "rub2usd": {
        "bank": {
            "current": 0.012054001928640309,
            "sparkline_full": "  80.4                            \n  ███▇▆▆▆▆▅▁▁▃▄▄▄▄▄▄▅▅▄▄▄▅▅▅▄▄▄▃  \n           84.1                   "
        },
        "korona": {
            "current": 0.011210798362010896,
            "diff_percent": -6.995216788757606
        },
        "crypto": {
            "current": 0.011473368423218663,
            "diff_percent": -4.816935560977976
        },
        "forex": {
            "current": 0.012433851907850237,
            "diff_percent": 3.1512354275255645
        }
    },
    "xdr": {
        "rub2xdr": {
            "current_rate": 0.008659189325484274,
            "sparkline": "███▇▆▅▅▅▃▁▁▂▂▄▄▇▆▆▇▆▅▅▆▆▆▆▆▆▅▃"
        },
        "usd2xdr": {
            "current_rate": 0.697125,
            "sparkline": "▅▅▄▄▃▃▃▃▃▃▃▃▃▃▃▆▆▆▆▅▅▅▅▅▅▅▅▆▅▄"
        },
        "eur2xdr": {
            "current_rate": 0.8131207390257131,
            "sparkline": "▆▆▆▆▆▆▆▆▅▃▂▁▂▄▄▆▆▆▇▆▆▆▆▆▇▇▇█▇▅"
        },
        "cny2xdr": {
            "current_rate": 0.09701155023657111,
            "sparkline": "▅▆▅▄▄▄▄▄▄▄▄▃▃▃▃▆▆▆▆▅▅▅▅▅▆▆▆▆▅▄"
        },
        "rsd2xdr": {
            "current_rate": 0.006940264564229188,
            "sparkline": "▆▆▆▆▆▆▆▆▅▃▃▂▂▄▄▆▆▆▇▆▆▆▆▆▇▇▇▇▇▅"
        }
    },
    "neer": {
        "rub": {
            "current_rate": 95.72959804085016,
            "sparkline": "████▇▆▅▅▇▆▁▂▆▆▅▅▆▅▄▆▅▅▆▆▅▅▅▄▄▄"
        },
        "usd": {
            "current_rate": 103.85591254449018,
            "sparkline": "▄▄▃▃▃▃▃▃▄▅▅▆▆▅▅▅▅▄▄▄▄▄▄▄▄▃▄▄▄▄"
        },
        "eur": {
            "current_rate": 110.69998917907435,
            "sparkline": "▅▅▅▅▅▅▆▆▅▄▄▃▃▅▅▄▄▅▅▅▅▅▅▅▅▅▅▅▅▅"
        },
        "cny": {
            "current_rate": 103.63056686787309,
            "sparkline": "▄▄▄▄▃▄▄▄▄▅▅▆▆▄▄▅▅▄▄▄▄▄▄▄▄▄▄▄▄▄"
        },
        "rsd": {
            "current_rate": 110.6042437519506,
            "sparkline": "▄▄▅▅▅▅▅▅▄▅▄▃▅▄▄▅▅▅▄▄▅▅▄▆▅▅▅▅▅▅"
        }
    },
    "update_time": "2025-08-18 19:20:51",
    "update_time_display": "18.08 19:20"
}