{
    "rub2rsd": {
        "bank": {
            "current": 1.1807347810172506,
            "sparkline_full": "  1.18                            \n  ▇▇▆▆▆▄▃▂▂▃▃▄▅▃▃▃▃▃▃▃▃▃▄▄▄▄▅▆▇▇  \n        1.13                      "
        },
        "korona": {
            "current": 1.1377043313324775,
            "diff_percent": -3.6443789389942958
        },
        "crypto": {
            "current": 1.1229014335360765,
            "diff_percent": -4.898081128036926
        },
        "forex": {
            "current": 1.2109403476810294,
            "diff_percent": 2.5582008042276447
        }
    },
    "rub2eur": {
        "bank": {
            "current": 0.010147133434804667,
            "sparkline_full": " 97.8                             \n  ▇▇▆▆▆▄▃▂▂▃▃▃▄▃▃▃▃▃▃▃▃▃▃▄▄▄▅▆▇▇  \n        103                       "
        },
        "korona": {
            "current": 0.009744790846530857,
            "diff_percent": -3.9650862074383966
        },
        "crypto": {
            "current": 0.009629629561067134,
            "diff_percent": -5.100000675683385
        },
        "forex": {
            "current": 0.010336905351354772,
            "diff_percent": 1.8702022376012843
        }
    },
    "rub2usd": {
        "bank": {
            "current": 0.011951715071112704,
            "sparkline_full": "                             83.7 \n  ▇▇▆▆▆▅▃▂▂▃▃▄▅▅▄▄▄▄▄▄▄▄▄▄▄▄▅▆▇▇  \n        87.6                      "
        },
        "korona": {
            "current": 0.011134315241069462,
            "diff_percent": -6.839184377971809
        },
        "crypto": {
            "current": 0.011319191838599823,
            "diff_percent": -5.29232188643528
        },
        "forex": {
            "current": 0.012344383614065191,
            "diff_percent": 3.2854576988834614
        }
    },
    "xdr": {
        "rub2xdr": {
            "current_rate": 0.008430259398579215,
            "sparkline": "████▆▃▁▁▁▂▂▃▃▃▁▂▂▂▂▁▁▂▂▂▃▃▄▅▆▅"
        },
        "usd2xdr": {
            "current_rate": 0.695924,
            "sparkline": "▅▆▅▅▅▄▅▅▅▅▅▅▅▅▃▄▄▄▄▄▄▄▅▅▅▅▅▅▅▅"
        },
        "eur2xdr": {
            "current_rate": 0.8155496361852953,
            "sparkline": "▃▅▄▄▄▄▄▄▄▄▄▄▅▆▄▄▄▄▄▄▄▄▃▄▄▄▄▄▄▄"
        },
        "cny2xdr": {
            "current_rate": 0.09774831274448526,
            "sparkline": "▅▆▅▄▅▄▅▅▅▄▄▅▅▅▃▄▄▄▄▄▄▄▄▅▅▅▅▅▅▅"
        },
        "rsd2xdr": {
            "current_rate": 0.006961746228642311,
            "sparkline": "▃▅▄▄▄▄▄▄▄▄▄▄▅▆▄▄▄▄▄▄▄▄▃▄▄▄▄▄▄▄"
        }
    },
    "neer": {
        "rub": {
            "current_rate": 92.90174792946537,
            "sparkline": "█▇▇▇▇▅▄▂▁▄▃▁▄▄▄▄▄▄▄▃▄▃▄▄▄▄▅▅▆▆"
        },
        "usd": {
            "current_rate": 103.50882615399206,
            "sparkline": "▅▅▅▅▅▅▅▅▅▄▄▄▄▄▄▅▄▄▄▄▅▅▅▅▅▅▅▅▅▅"
        },
        "eur": {
            "current_rate": 110.80274720337586,
            "sparkline": "▄▄▄▄▄▄▄▄▄▄▄▅▅▅▅▅▅▅▅▅▅▅▅▅▅▅▅▅▅▅"
        },
        "cny": {
            "current_rate": 104.66616081661637,
            "sparkline": "▅▄▄▄▄▄▅▅▅▄▄▄▄▄▄▅▅▅▄▅▅▅▅▅▅▅▅▅▅▅"
        },
        "rsd": {
            "current_rate": 110.72779092533636,
            "sparkline": "▄▄▄▄▄▅▄▅▅▄▄▄▅▄▅▄▄▄▅▅▄▄▅▄▄▄▄▄▄▄"
        }
    },
    "update_time": "2025-10-03 00:06:27",
    "update_time_display": "03.10 00:06"
}