{
    "rub2rsd": {
        "bank": {
            "current": 1.2052209484995147,
            "sparkline_full": "                        1.22      \n           ▅▄▃▄▄▄▆▅▅ ▆▅▅▅▆▃▄▃▄▄▅  \n            1.19                  "
        },
        "korona": {
            "current": 1.1499373476129953,
            "diff_percent": -4.587009623036076
        },
        "crypto": {
            "current": 1.2350690421370212,
            "diff_percent": 2.4765661163346873
        },
        "forex": {
            "current": 1.2531569381884604,
            "diff_percent": 3.9773611426706004
        }
    },
    "rub2eur": {
        "bank": {
            "current": 0.010383137784238397,
            "sparkline_full": "                      95.8        \n           ▅▃▄▃▃▃▅▆▅▅▆▆▆▅▆▅▄▄▅▅▆  \n           98.5                   "
        },
        "korona": {
            "current": 0.009845354003535919,
            "diff_percent": -5.1793955919455685
        },
        "crypto": {
            "current": 0.010631136381294247,
            "diff_percent": 2.3884744882448934
        },
        "forex": {
            "current": 0.01067525413091876,
            "diff_percent": 2.8133725348785807
        }
    },
    "rub2usd": {
        "bank": {
            "current": 0.011814744801512287,
            "sparkline_full": "                        83.5      \n           ▁▁▁▄▄▄▇▇▆▆███▇█▇▅▅▆▆▇  \n           89.1                   "
        },
        "korona": {
            "current": 0.010633619612665441,
            "diff_percent": -9.997043598399705
        },
        "crypto": {
            "current": 0.012071948669175365,
            "diff_percent": 2.1769735359002906
        },
        "forex": {
            "current": 0.012114354662269964,
            "diff_percent": 2.5358978614529715
        }
    },
    "xdr": {
        "rub2xdr": {
            "current_rate": 0.008708936824984935,
            "sparkline": "                ▅▃▃▅▅▅█▅▃▁▃▅▅▄"
        },
        "usd2xdr": {
            "current_rate": 0.717831,
            "sparkline": "                ▆▆▆▆▆▆▆▂▅▅▇▇▇▆"
        },
        "eur2xdr": {
            "current_rate": 0.8158060424773612,
            "sparkline": "                ▂▄▄▄▄▄▇▃▂▂▄▅▅▄"
        },
        "cny2xdr": {
            "current_rate": 0.09849897772959919,
            "sparkline": "                ▅▅▆▆▆▆▆▂▄▅▇▇▇▆"
        },
        "rsd2xdr": {
            "current_rate": 0.00694959789918604,
            "sparkline": "                ▄▄▄▄▅▅▅▄▄▄▅▅▅▄"
        }
    },
    "neer": {
        "rub": {
            "current_rate": 94.62169559939032,
            "sparkline": "▆▆▄▅▄▄▅▅▅▃▃▂▂▂▂▂▅▆▅▆▆▆▆▇▆▄▄▅▅▅"
        },
        "usd": {
            "current_rate": 106.06794102495171,
            "sparkline": "▆▆▆▆▅▅▅▆▆▆▆▅▄▄▄▄▄▃▃▃▃▃▃▃▃▃▃▃▃▃"
        },
        "eur": {
            "current_rate": 109.25907999753774,
            "sparkline": "▂▂▂▂▄▄▄▄▄▄▅▅▆▇▇▇▆▆▆▆▆▆▆▇▆▆▆▆▆▆"
        },
        "cny": {
            "current_rate": 103.88896607497252,
            "sparkline": "▇▇▇▆▅▅▅▅▆▅▅▅▄▃▃▃▃▃▃▃▃▃▃▂▃▃▃▃▃▃"
        },
        "rsd": {
            "current_rate": 109.96450419332139,
            "sparkline": "▄▄▄▃▂▅▅▅▅▅▅▄▅▅▅▆▄▅▅▅▅▅▇▆▅▅▅▅▅▅"
        }
    },
    "update_time": "2025-04-28 18:50:46",
    "update_time_display": "28.04 18:50"
}