{
    "rub2rsd": {
        "bank": {
            "current": 1.2142516606746487,
            "sparkline_full": "                      1.24        \n          ▁▁▂▂▂▃▅▆▇▆▆▅▆█▇▇▆▆▇▅▂▁  \n                              1.21"
        },
        "korona": {
            "current": 1.176582558465118,
            "diff_percent": -3.1022483583511438
        },
        "crypto": {
            "current": 1.1783188339856212,
            "diff_percent": -2.9592569524725167
        },
        "forex": {
            "current": 1.268712837460321,
            "diff_percent": 4.485163870841494
        }
    },
    "rub2eur": {
        "bank": {
            "current": 0.010444955086693127,
            "sparkline_full": "                       93.4       \n          ▂▁▃▃▃▃▅▆▆▇▇▆▆██▇▆▆▇▆▃▁  \n                              95.7"
        },
        "korona": {
            "current": 0.010077794933320068,
            "diff_percent": -3.5151913083936677
        },
        "crypto": {
            "current": 0.010062594471759735,
            "diff_percent": -3.6607205273722987
        },
        "forex": {
            "current": 0.010832698918935419,
            "diff_percent": 3.7122594498877026
        }
    },
    "rub2usd": {
        "bank": {
            "current": 0.012310722639418934,
            "sparkline_full": "                   80.1           \n          ▃▃▄▄▄▄▅▇▆▇▇▅▆▆▆▅▅▅▅▅▃▂  \n                              81.2"
        },
        "korona": {
            "current": 0.01163205692995668,
            "diff_percent": -5.512801557961895
        },
        "crypto": {
            "current": 0.01183671581113335,
            "diff_percent": -3.850357466163793
        },
        "forex": {
            "current": 0.01274734632117959,
            "diff_percent": 3.5466941669418044
        }
    },
    "xdr": {
        "rub2xdr": {
            "current_rate": 0.008842742043128429,
            "sparkline": "        ▂█████▁▃▂▁▁▁▂▂▂▂▂▂▂▂▁▁"
        },
        "usd2xdr": {
            "current_rate": 0.693286,
            "sparkline": "        ▃█████▁▁▁▁▁▁▁▂▂▂▂▂▂▁▁▁"
        },
        "eur2xdr": {
            "current_rate": 0.8163009153398908,
            "sparkline": "        ▃█████▁▁▁▁▁▁▁▁▁▁▁▁▁▁▁▁"
        },
        "cny2xdr": {
            "current_rate": 0.09694273928546458,
            "sparkline": "        ▃█████▁▁▁▁▁▁▁▂▂▂▂▂▂▁▁▁"
        },
        "rsd2xdr": {
            "current_rate": 0.006969853052665264,
            "sparkline": "        ▃█████▁▁▁▁▁▁▁▁▁▁▁▁▁▁▁▁"
        }
    },
    "neer": {
        "rub": {
            "current_rate": 97.35683524178282,
            "sparkline": "▅▅▄▄▄▄▁▃▁▁▂▁▂▃▅▅▇▆▆▇▇█▇█▆▅▅▆▄▃"
        },
        "usd": {
            "current_rate": 103.05030656060391,
            "sparkline": "▆▅▄▄▄▄▃▄▃▃▃▃▄▄▅▅▅▅▅▅▅▆▆▆▆▆▆▅▄▃"
        },
        "eur": {
            "current_rate": 110.75896920613299,
            "sparkline": "▃▄▄▄▄▅▆▅▆▅▆▆▅▅▅▅▅▅▅▅▅▄▅▅▅▅▄▅▆▆"
        },
        "cny": {
            "current_rate": 103.29883601418139,
            "sparkline": "▅▄▄▄▄▄▃▃▃▃▃▃▄▄▅▅▅▅▅▆▆▆▆▆▆▆▆▆▅▅"
        },
        "rsd": {
            "current_rate": 110.61048276660905,
            "sparkline": "▄▄▃▄▄▄▄▆▅▅▄▄▆▅▅▅▄▄▄▄▄▄▄▄▄▄▄▄▅▅"
        }
    },
    "update_time": "2025-07-24 08:50:47",
    "update_time_display": "24.07 08:50"
}