{
    "rub2rsd": {
        "bank": {
            "current": 1.1422900010165122,
            "sparkline_full": "     1.21                         \n  ▇▇▇▇██▆▆▆▇▇▇▆▆▆▆▆▆▆▆▄▄▄▃▂▁▁▂▂▂  \n                          1.13    "
        },
        "korona": {
            "current": 1.1020881582925968,
            "diff_percent": -3.519407741303895
        },
        "crypto": {
            "current": 1.154136470770055,
            "diff_percent": 1.0370807538366527
        },
        "forex": {
            "current": 1.198332647063868,
            "diff_percent": 4.906166209761443
        }
    },
    "rub2eur": {
        "bank": {
            "current": 0.00984348853233586,
            "sparkline_full": " 96.5                             \n  ██▇███▇▇▇▇█▇▇▇▇▇▇▇▆▆▅▅▅▃▂▁▁▂▂▂  \n                          103     "
        },
        "korona": {
            "current": 0.009439727265889479,
            "diff_percent": -4.101810705828788
        },
        "crypto": {
            "current": 0.009915432109406251,
            "diff_percent": 0.7308747994581035
        },
        "forex": {
            "current": 0.01022802577366637,
            "diff_percent": 3.9065138346766526
        }
    },
    "rub2usd": {
        "bank": {
            "current": 0.011548677676406051,
            "sparkline_full": "     82.0                         \n  █▇▇▇██▇▇▇▇▇▆▆▇▇▇▆▆▆▅▅▅▅▃▂▁▁▂▂▂  \n                          87.6    "
        },
        "korona": {
            "current": 0.01071635839843705,
            "diff_percent": -7.207052627933587
        },
        "crypto": {
            "current": 0.011610533554580483,
            "diff_percent": 0.535610049112407
        },
        "forex": {
            "current": 0.011851177651523232,
            "diff_percent": 2.6193472845396695
        }
    },
    "xdr": {
        "rub2xdr": {
            "current_rate": 0.008345568440416357,
            "sparkline": "█▇▇▇▇█▇▇▇▇██▇███▇▆▆▆▆▆▅▂▁▁▁▁▂▂"
        },
        "usd2xdr": {
            "current_rate": 0.695799,
            "sparkline": "▅▄▄▄▅▅▅▄▄▅▅▅▅▅▅▄▄▄▄▅▄▄▄▄▄▅▄▄▄▄"
        },
        "eur2xdr": {
            "current_rate": 0.8159510569384083,
            "sparkline": "▅▄▄▄▄▄▅▄▄▄▄▅▄▄▄▅▄▄▄▅▅▄▄▄▄▅▄▄▄▄"
        },
        "cny2xdr": {
            "current_rate": 0.09766011200471598,
            "sparkline": "▄▄▄▄▄▅▅▄▄▅▅▅▅▅▅▅▅▅▅▅▅▄▄▄▅▅▅▄▄▅"
        },
        "rsd2xdr": {
            "current_rate": 0.006964317012362562,
            "sparkline": "▅▄▄▄▄▄▅▄▄▄▄▅▅▄▄▄▄▄▄▅▄▄▅▄▄▅▄▄▄▄"
        }
    },
    "neer": {
        "rub": {
            "current_rate": 91.681716212823,
            "sparkline": "▇█▇▇██▇▇▇▇▇▇▇▇▇▇▇▇▇▆▆▆▅▄▂▁▁▂▂▂"
        },
        "usd": {
            "current_rate": 103.42496543994292,
            "sparkline": "▄▅▅▅▅▅▄▄▄▅▅▄▄▄▄▄▅▅▅▄▄▄▄▄▄▄▄▄▄▄"
        },
        "eur": {
            "current_rate": 110.60913749726558,
            "sparkline": "▅▄▅▄▄▄▅▅▅▄▄▄▄▄▄▅▄▄▄▅▅▅▅▅▅▅▅▅▅▅"
        },
        "cny": {
            "current_rate": 104.47600802630612,
            "sparkline": "▄▄▄▄▅▅▄▄▄▅▅▅▅▅▅▅▅▅▅▅▅▅▅▅▅▅▅▅▅▅"
        },
        "rsd": {
            "current_rate": 110.70124164523861,
            "sparkline": "▄▅▄▄▅▄▅▅▅▄▅▄▅▄▄▅▄▅▄▅▄▅▄▄▅▅▅▅▅▅"
        }
    },
    "update_time": "2025-09-15 06:20:46",
    "update_time_display": "15.09 06:20"
}