{
    "rub2rsd": {
        "bank": {
            "current": 1.1898868514175518,
            "sparkline_full": "          1.21                    \n  ▃▃▃▅▅▂▂▂▆▇▅▅▅▅▅▄▅▅▄▄▄▄▃▃▄▃▃▃▂▃  \n        1.18                      "
        },
        "korona": {
            "current": 1.156859905342369,
            "diff_percent": -2.775637535269573
        },
        "crypto": {
            "current": 1.2339813140048117,
            "diff_percent": 3.7057693792253197
        },
        "forex": {
            "current": 1.2489002688266704,
            "diff_percent": 4.959582277828681
        }
    },
    "rub2eur": {
        "bank": {
            "current": 0.010263779123473262,
            "sparkline_full": "          95.9                    \n  ▂▄▃▄▃▁▁▁▆█▆▅▄▄▅▅▅▅▄▄▄▄▃▄▄▃▄▄▃▃  \n      98.2                        "
        },
        "korona": {
            "current": 0.009905834051861262,
            "diff_percent": -3.487458832715711
        },
        "crypto": {
            "current": 0.010645813696982432,
            "diff_percent": 3.722162849699849
        },
        "forex": {
            "current": 0.01065518383554377,
            "diff_percent": 3.813456109702962
        }
    },
    "rub2usd": {
        "bank": {
            "current": 0.011904761904761904,
            "sparkline_full": "          82.2                    \n  ▃▄▂▅▄▁▁▁▆█▆▃▂▂▂▂▂▂▂▂▂▂▁▂▃▃▃▃▂▂  \n        84.3                      "
        },
        "korona": {
            "current": 0.011284865297375393,
            "diff_percent": -5.207131502046691
        },
        "crypto": {
            "current": 0.012323520726592844,
            "diff_percent": 3.517574103379897
        },
        "forex": {
            "current": 0.012337347494963279,
            "diff_percent": 3.6337189576915487
        }
    },
    "xdr": {
        "rub2xdr": {
            "current_rate": 0.0086809349773217,
            "sparkline": "▂▂▁▁▄██▆██▆▆▆▆▆▆▅▅▆▆▅▄▄▄▅▅▅█▃▃"
        },
        "usd2xdr": {
            "current_rate": 0.703819,
            "sparkline": "▁▂▂▃▃▃▃▂▂▂▂▃▃▃▅▅▅▅▆▅▅▄▄▄▄▄▄█▃▃"
        },
        "eur2xdr": {
            "current_rate": 0.8147147070671524,
            "sparkline": "▃▂▂▃▃▃▃▃▃▂▁▂▃▂▂▂▂▃▄▃▃▂▃▃▄▄▄█▂▂"
        },
        "cny2xdr": {
            "current_rate": 0.09902134993493018,
            "sparkline": "▁▁▁▂▂▂▂▂▃▂▂▃▃▃▄▅▅▅▆▄▄▃▄▃▄▄▄█▃▃"
        },
        "rsd2xdr": {
            "current_rate": 0.006950863246652476,
            "sparkline": "▂▂▂▂▃▂▂▃▃▂▁▂▁▂▃▂▂▃▄▃▃▂▃▃▄▄▄█▂▂"
        }
    },
    "neer": {
        "rub": {
            "current_rate": 95.19932163286015,
            "sparkline": "█▁▁▁▂▇▆▁█▆█▅▅▃▅▆▆▃▂▄▃▂▃▃▂▃▃▃▃▂"
        },
        "usd": {
            "current_rate": 104.54338834120095,
            "sparkline": "▃▄▄▄▄▄▄▄▄▃▅▅▅▅▅▆▆▅▅▅▅▄▄▄▄▄▄▄▄▅"
        },
        "eur": {
            "current_rate": 110.32789037969754,
            "sparkline": "▅▅▄▅▅▅▅▅▅▅▄▄▄▅▄▄▄▄▅▅▅▅▅▅▅▅▅▅▅▅"
        },
        "cny": {
            "current_rate": 106.48941881219258,
            "sparkline": "▃▄▄▄▄▄▄▄▅▄▅▅▅▅▅▅▅▅▅▅▅▅▅▅▆▆▅▅▅▆"
        },
        "rsd": {
            "current_rate": 110.35454706178166,
            "sparkline": "▅▅▅▅▄▄▄▄▅▄▆▄▄▃▄▄▄▄▄▄▄▄▄▄▄▄▄▄▅▄"
        }
    },
    "specific_rates": {
        "rub_kzt_bank": 6.22,
        "rub_kzt_crypto": 6.451363100371354,
        "kzt_rsd_bank": 0.19127450971311494,
        "rsd_eur_cash": 0.00849514563106796,
        "eur_rsd_cash": 116.78571428571429,
        "rsd_usd_cash": 0.00975473801560758,
        "usd_rsd_cash": 98.89999999999999,
        "eur_usd_exch": 1.157562820934292,
        "usd_kzt_bank": 517.5
    },
    "update_time": "2025-11-18 22:20:46",
    "update_time_display": "18.11 22:20"
}