{
    "rub2rsd": {
        "bank": {
            "current": 1.2240712402175449,
            "sparkline_full": "                       1.24       \n           ▁▁▂▁▁▃▅▆▇▆▆▅▆██▇▆▆▇▅▃  \n          1.21                    "
        },
        "korona": {
            "current": 1.17953627485527,
            "diff_percent": -3.638265805049059
        },
        "crypto": {
            "current": 1.232279676587057,
            "diff_percent": 0.6705848564870497
        },
        "forex": {
            "current": 1.2696728858406727,
            "diff_percent": 3.7254078132759183
        }
    },
    "rub2eur": {
        "bank": {
            "current": 0.010565240359218171,
            "sparkline_full": "                        93.4      \n           ▂▁▂▂▂▂▄▅▆▇▇▅▆▇█▆▆▆▆▅▄  \n           95.5                   "
        },
        "korona": {
            "current": 0.010105979793133829,
            "diff_percent": -4.346901257988299
        },
        "crypto": {
            "current": 0.010527071346861493,
            "diff_percent": -0.3612697019559529
        },
        "forex": {
            "current": 0.01083773649168022,
            "diff_percent": 2.5791758937532925
        }
    },
    "rub2usd": {
        "bank": {
            "current": 0.01235941169200346,
            "sparkline_full": "                    80.1          \n           ▃▃▄▄▄▄▅▆▆▆▆▅▅▆▆▄▄▄▅▄▃  \n           81.0                   "
        },
        "korona": {
            "current": 0.01165467418164569,
            "diff_percent": -5.70203119630472
        },
        "crypto": {
            "current": 0.012289743758428999,
            "diff_percent": -0.5636832505509678
        },
        "forex": {
            "current": 0.01280603215338553,
            "diff_percent": 3.613606153042326
        }
    },
    "xdr": {
        "rub2xdr": {
            "current_rate": 0.008890029059749532,
            "sparkline": "         ▂▇████▁▂▂▁▁▁▂▂▂▂▂▁▂▁▁"
        },
        "usd2xdr": {
            "current_rate": 0.697858,
            "sparkline": "         ▃█████▁▁▁▁▁▁▁▂▂▂▂▂▂▁▁"
        },
        "eur2xdr": {
            "current_rate": 0.8202846661361548,
            "sparkline": "         ▃█████▁▁▁▁▁▁▁▁▁▁▁▁▁▁▁"
        },
        "cny2xdr": {
            "current_rate": 0.09726515024809053,
            "sparkline": "         ▃█████▁▁▁▁▁▁▁▂▂▂▂▂▂▁▁"
        },
        "rsd2xdr": {
            "current_rate": 0.0070018263435335844,
            "sparkline": "         ▃█████▁▁▁▁▁▁▁▁▁▁▁▁▁▁▁"
        }
    },
    "neer": {
        "rub": {
            "current_rate": 98.12171705674623,
            "sparkline": "▆▆▅▄▄▄▄▁▃▁▁▂▁▂▂▅▅▇▆▆▇▇█▇█▆▆▅▆▆"
        },
        "usd": {
            "current_rate": 103.63713128920003,
            "sparkline": "▆▆▅▄▄▄▄▂▄▃▃▃▃▄▄▅▅▅▅▅▅▆▇▆▆▆▆▆▅▅"
        },
        "eur": {
            "current_rate": 110.45519551161223,
            "sparkline": "▃▃▄▄▄▅▅▆▅▆▆▆▆▅▅▅▅▅▅▅▅▅▅▅▅▅▅▅▆▆"
        },
        "cny": {
            "current_rate": 103.60026253907802,
            "sparkline": "▅▅▄▄▄▄▄▂▃▃▃▃▃▄▄▅▅▅▅▅▆▆▆▆▆▆▇▇▆▆"
        },
        "rsd": {
            "current_rate": 110.47947142855159,
            "sparkline": "▃▄▄▃▄▄▄▄▆▅▅▄▄▆▅▅▅▄▄▄▄▄▄▄▄▄▄▄▄▄"
        }
    },
    "update_time": "2025-07-23 01:51:37",
    "update_time_display": "23.07 01:51"
}