{
    "rub2rsd": {
        "bank": {
            "current": 1.151264550710952,
            "sparkline_full": "     1.19                         \n  ▇▇▇▇▇▇▇▅▅▅▄▃▂▂▃▃▄▄▃▃▃▃▃▃▃▃▃▄▄▄  \n             1.13                 "
        },
        "korona": {
            "current": 1.1103899914009423,
            "diff_percent": -3.5504054463214416
        },
        "crypto": {
            "current": 1.0892517663771994,
            "diff_percent": -5.3864929911597805
        },
        "forex": {
            "current": 1.2006914955843084,
            "diff_percent": 4.293274281991337
        }
    },
    "rub2eur": {
        "bank": {
            "current": 0.009921619208254786,
            "sparkline_full": "   97.1                           \n  ███▇▇▇▆▅▅▅▄▂▁▂▃▃▃▄▃▃▃▃▃▃▂▃▃▃▃▃  \n             103                  "
        },
        "korona": {
            "current": 0.009506763625008068,
            "diff_percent": -4.181329423543678
        },
        "crypto": {
            "current": 0.009375839602364322,
            "diff_percent": -5.50091264776999
        },
        "forex": {
            "current": 0.010255448767075572,
            "diff_percent": 3.364668123354698
        }
    },
    "rub2usd": {
        "bank": {
            "current": 0.011610356437942646,
            "sparkline_full": "   83.2                           \n  ▇▇▇▇▇▆▆▆▆▆▄▃▂▂▃▃▄▅▄▄▄▄▄▃▄▃▃▃▄▄  \n             87.6                 "
        },
        "korona": {
            "current": 0.010907563766217508,
            "diff_percent": -6.053153281568613
        },
        "crypto": {
            "current": 0.010949885666994829,
            "diff_percent": -5.688634750173552
        },
        "forex": {
            "current": 0.01196003434921865,
            "diff_percent": 3.011775849820222
        }
    },
    "xdr": {
        "rub2xdr": {
            "current_rate": 0.008364607338679633,
            "sparkline": "███▇▇▆▆▆▆▅▂▁▁▁▂▂▃▃▂▁▂▂▂▁▁▁▁▂▂▃"
        },
        "usd2xdr": {
            "current_rate": 0.696997,
            "sparkline": "▅▅▅▅▅▅▆▅▅▅▄▅▅▅▅▅▅▅▅▃▄▄▄▄▄▄▄▅▅▅"
        },
        "eur2xdr": {
            "current_rate": 0.8156256765216985,
            "sparkline": "▄▄▄▄▄▄▅▄▄▄▄▄▄▄▄▄▄▅▅▄▄▄▄▄▄▄▄▄▄▄"
        },
        "cny2xdr": {
            "current_rate": 0.09770415279481338,
            "sparkline": "▅▅▅▅▅▅▅▅▄▅▄▅▅▅▄▄▅▅▅▄▄▄▄▄▄▄▄▄▅▅"
        },
        "rsd2xdr": {
            "current_rate": 0.006966491700358928,
            "sparkline": "▄▄▄▄▄▄▅▄▄▄▄▄▄▄▄▄▄▅▆▄▄▄▄▄▄▄▄▃▄▄"
        }
    },
    "neer": {
        "rub": {
            "current_rate": 92.02101657885518,
            "sparkline": "██████▇▇▇▇▅▄▂▁▃▃▁▄▄▄▄▃▃▄▃▃▃▃▄▄"
        },
        "usd": {
            "current_rate": 103.80383457090537,
            "sparkline": "▅▅▅▅▅▅▅▅▅▅▅▅▅▅▄▄▄▄▄▄▄▄▄▄▄▄▅▅▅▅"
        },
        "eur": {
            "current_rate": 110.82139085107474,
            "sparkline": "▄▄▄▄▄▄▄▄▄▄▄▄▄▄▄▄▅▅▅▅▅▅▅▅▅▅▅▄▅▅"
        },
        "cny": {
            "current_rate": 104.87345167223461,
            "sparkline": "▄▄▄▅▅▅▄▄▄▄▄▄▅▅▄▄▄▄▄▄▅▅▅▄▅▄▅▅▅▅"
        },
        "rsd": {
            "current_rate": 110.7350347660487,
            "sparkline": "▄▄▄▅▄▄▄▄▄▄▅▄▅▅▄▄▄▅▅▅▄▄▄▅▅▅▄▄▅▄"
        }
    },
    "update_time": "2025-09-28 21:50:49",
    "update_time_display": "28.09 21:50"
}