{
    "rub2rsd": {
        "bank": {
            "current": 1.2272448625533903,
            "sparkline_full": "                             1.23 \n  ▁▄▅▃▃▃▃▃▃▃▃▃▂▂▂▂▂▂▁▂▂▁▁▂▃▆███▇  \n 1.18                             "
        },
        "korona": {
            "current": 1.1946422159816679,
            "diff_percent": -2.6565722592547463
        },
        "crypto": {
            "current": 1.2655445846146587,
            "diff_percent": 3.1207889501026305
        },
        "forex": {
            "current": 1.2909141449019328,
            "diff_percent": 5.187985241679726
        }
    },
    "rub2eur": {
        "bank": {
            "current": 0.010565240359218171,
            "sparkline_full": "                             94.4 \n  ▁▄▅▄▃▃▃▃▃▃▃▃▃▃▃▂▂▃▂▂▂▂▂▂▃▆████  \n 98.2                             "
        },
        "korona": {
            "current": 0.010229352308099907,
            "diff_percent": -3.1791804038343656
        },
        "crypto": {
            "current": 0.010879269985400397,
            "diff_percent": 2.9722904118147717
        },
        "forex": {
            "current": 0.011005809117948922,
            "diff_percent": 4.169983301386555
        }
    },
    "rub2usd": {
        "bank": {
            "current": 0.012189176011701608,
            "sparkline_full": "                             81.8 \n  ▂▅▆▅▃▂▂▂▂▂▂▂▃▃▂▂▂▃▃▃▃▂▂▂▂▆▇▇▇▇  \n 84.3                             "
        },
        "korona": {
            "current": 0.011549610540531283,
            "diff_percent": -5.246995125481346
        },
        "crypto": {
            "current": 0.012525749542577852,
            "diff_percent": 2.7612492473087036
        },
        "forex": {
            "current": 0.012671027189490144,
            "diff_percent": 3.9531070625771476
        }
    },
    "xdr": {
        "rub2xdr": {
            "current_rate": 0.008993201524524548,
            "sparkline": "▃▄▄▃▃▃▂▂▃▂▂▃▂▂▁▁▁▂▂▂▄▁▁▂▃▆▇███"
        },
        "usd2xdr": {
            "current_rate": 0.70847,
            "sparkline": "▃▃▃▃▄▄▃▅▅▅▅▅▄▄▄▄▄▄▄▄▆▃▄▄▄▅▅▅▅▅"
        },
        "eur2xdr": {
            "current_rate": 0.8171322460842887,
            "sparkline": "▃▄▃▂▃▃▃▃▃▃▃▄▄▄▃▃▃▄▄▄▇▃▃▃▂▃▃▃▃▄"
        },
        "cny2xdr": {
            "current_rate": 0.09996754621137294,
            "sparkline": "▃▃▃▂▃▃▃▄▄▄▄▅▄▄▃▄▃▄▄▄▇▃▃▄▄▅▅▅▅▅"
        },
        "rsd2xdr": {
            "current_rate": 0.00696653728680596,
            "sparkline": "▃▄▃▂▃▂▃▃▃▃▃▄▄▄▃▄▃▄▄▄▇▃▃▃▂▃▃▃▃▃"
        }
    },
    "neer": {
        "rub": {
            "current_rate": 98.93021293414799,
            "sparkline": "▁▆▄▆▃▃▃▃▄▄▂▁▁▁▁▂▁▁▂▂▂▃▂▂▄▅▇▇▇█"
        },
        "usd": {
            "current_rate": 104.88651849642014,
            "sparkline": "▄▄▄▅▅▅▅▅▅▅▅▅▅▅▄▄▄▄▄▄▄▄▅▄▅▅▅▅▅▅"
        },
        "eur": {
            "current_rate": 109.99907499257002,
            "sparkline": "▅▅▅▄▄▄▄▄▄▄▄▅▅▅▅▅▅▅▅▅▅▅▅▅▄▄▄▄▄▄"
        },
        "cny": {
            "current_rate": 106.98327361637145,
            "sparkline": "▃▄▃▄▄▄▄▄▄▄▄▄▄▄▄▄▄▄▄▄▄▄▅▄▅▅▆▅▅▅"
        },
        "rsd": {
            "current_rate": 109.9735482134831,
            "sparkline": "▄▅▄▅▄▄▄▄▄▄▄▄▄▄▄▄▄▄▄▄▄▅▅▄▄▄▄▄▄▄"
        }
    },
    "specific_rates": {
        "rub_kzt_bank": 6.35,
        "rub_kzt_crypto": 6.538441261225638,
        "kzt_rsd_bank": 0.19355447790280078,
        "rsd_eur_cash": 0.00849514563106796,
        "eur_rsd_cash": 116.78571428571429,
        "rsd_usd_cash": 0.0096678406187418,
        "usd_rsd_cash": 99.69285714285715,
        "eur_usd_exch": 1.1533759313510645,
        "usd_kzt_bank": 516.0
    },
    "update_time": "2025-11-25 13:35:41",
    "update_time_display": "25.11 13:35"
}