{
    "rub2rsd": {
        "bank": {
            "current": 1.1947984705428356,
            "sparkline_full": "                     1.26         \n  ▁▁▄▆▆▆▅▄▅▆▆▆▆▆▇▇█████▆▄▁▁▁▂▂▁▁  \n 1.19                             "
        },
        "korona": {
            "current": 1.1548077276785533,
            "diff_percent": -3.3470701419724107
        },
        "crypto": {
            "current": 1.2442928530568875,
            "diff_percent": 4.142487937029666
        },
        "forex": {
            "current": 1.2416469582904264,
            "diff_percent": 3.9210368026589433
        }
    },
    "rub2eur": {
        "bank": {
            "current": 0.010305028854080791,
            "sparkline_full": "                     92.8         \n  ▁▂▄▅▅▅▅▅▆▆▆▆▆▇▆▇▇████▇▄▂▂▂▂▂▂▂  \n 97.5                             "
        },
        "korona": {
            "current": 0.009891286746711378,
            "diff_percent": -4.01495340991279
        },
        "crypto": {
            "current": 0.010691897373098452,
            "diff_percent": 3.7541721085473796
        },
        "forex": {
            "current": 0.010577863115522411,
            "diff_percent": 2.647583673029477
        }
    },
    "rub2usd": {
        "bank": {
            "current": 0.012090436464756379,
            "sparkline_full": "                     79.4         \n  ▁▁▃▄▄▄▄▄▅▆▆▆▆▇▇▇█████▇▄▃▃▃▃▃▃▃  \n 84.1                             "
        },
        "korona": {
            "current": 0.011254652410372256,
            "diff_percent": -6.912769913811082
        },
        "crypto": {
            "current": 0.012518601847073766,
            "diff_percent": 3.54135587714711
        },
        "forex": {
            "current": 0.012440797355584114,
            "diff_percent": 2.8978349280361995
        }
    },
    "xdr": {
        "rub2xdr": {
            "current_rate": 0.008633017880883932,
            "sparkline": "▂▃▅▅▅▆▆▅▆▇▇▇▇▇▇██████▆▃▂▂▂▂▂▁▁"
        },
        "usd2xdr": {
            "current_rate": 0.69494,
            "sparkline": "▅▅▆▆▆▆▆▅▅▅▅▅▅▅▅▄▄▄▄▄▄▄▄▄▃▃▃▃▃▃"
        },
        "eur2xdr": {
            "current_rate": 0.8161400640754625,
            "sparkline": "▄▄▅▅▅▅▅▅▅▅▅▅▅▅▅▅▄▄▅▄▄▅▅▅▅▄▅▅▄▅"
        },
        "cny2xdr": {
            "current_rate": 0.09869624495824576,
            "sparkline": "▄▄▅▅▅▅▅▅▅▅▅▅▅▅▅▄▄▄▄▄▄▅▄▄▄▄▄▄▄▄"
        },
        "rsd2xdr": {
            "current_rate": 0.00695287643821911,
            "sparkline": "▅▄▅▄▅▅▅▅▅▅▅▄▅▅▅▅▄▄▄▄▄▅▅▅▅▅▅▅▄▅"
        }
    },
    "neer": {
        "rub": {
            "current_rate": 95.37371955985566,
            "sparkline": "▁▁▂▅▅▁▄▄▅▆▇▇▅▆▆▅▇██▇▇█▅▃▂▂▂▂▃▁"
        },
        "usd": {
            "current_rate": 103.53061009721739,
            "sparkline": "▅▅▆▆▆▅▅▅▅▅▅▅▄▅▄▄▄▄▄▄▄▄▄▄▄▄▃▃▃▄"
        },
        "eur": {
            "current_rate": 111.08879854203155,
            "sparkline": "▄▄▄▄▄▄▄▄▄▄▄▄▄▄▄▄▄▄▄▄▄▄▅▅▅▅▅▅▅▅"
        },
        "cny": {
            "current_rate": 107.10383600292187,
            "sparkline": "▄▄▅▅▅▅▅▅▅▅▅▄▄▅▄▄▄▄▄▄▅▅▄▄▄▄▄▄▅▅"
        },
        "rsd": {
            "current_rate": 110.65757991557922,
            "sparkline": "▅▅▅▅▅▅▅▅▅▅▅▅▄▅▃▅▅▅▅▅▅▅▅▆▅▅▅▅▅▆"
        }
    },
    "specific_rates": {
        "rub_kzt_bank": 6.25,
        "rub_kzt_crypto": 6.484635756784211,
        "kzt_rsd_bank": 0.19188322979515252,
        "rsd_eur_cash": 0.008483563096500531,
        "eur_rsd_cash": 116.75,
        "rsd_usd_cash": 0.009745910198398886,
        "usd_rsd_cash": 98.72142857142856,
        "eur_usd_exch": 1.1744036378327085,
        "usd_kzt_bank": 511.0
    },
    "update_time": "2025-12-18 10:50:42",
    "update_time_display": "18.12 10:50"
}