{
    "rub2rsd": {
        "bank": {
            "current": 1.1926600000269774,
            "sparkline_full": "                           1.26   \n  ▂▁▁▁▁▁▁▂▄▆▆▆▅▅▅▆▆▆▇▇▇▇█████▇▄▁  \n     1.19                         "
        },
        "korona": {
            "current": 1.1617832017811633,
            "diff_percent": -2.5889019708144483
        },
        "crypto": {
            "current": 1.2560879356425085,
            "diff_percent": 5.31819090219312
        },
        "forex": {
            "current": 1.256087342148804,
            "diff_percent": 5.318141140005689
        }
    },
    "rub2eur": {
        "bank": {
            "current": 0.010276436131949439,
            "sparkline_full": "                           92.8   \n  ▂▂▂▂▁▁▂▂▄▆▆▆▆▅▆▆▆▆▆▇▆▇▇████▇▄▂  \n     97.7                         "
        },
        "korona": {
            "current": 0.009951033848232663,
            "diff_percent": -3.1664896228479518
        },
        "crypto": {
            "current": 0.010750439192981263,
            "diff_percent": 4.612523786900683
        },
        "forex": {
            "current": 0.010701467548792743,
            "diff_percent": 4.135980717302192
        }
    },
    "rub2usd": {
        "bank": {
            "current": 0.012070006035003019,
            "sparkline_full": "                           79.4   \n  ▁▁▁▁▁▁▁▁▃▄▄▄▄▄▅▆▆▆▆▇▇▇█████▇▄▃  \n     84.1                         "
        },
        "korona": {
            "current": 0.01132263475456755,
            "diff_percent": -6.191971058407855
        },
        "crypto": {
            "current": 0.012601846894151206,
            "diff_percent": 4.40630151804273
        },
        "forex": {
            "current": 0.012604014630740184,
            "diff_percent": 4.424261215682413
        }
    },
    "xdr": {
        "rub2xdr": {
            "current_rate": 0.008747252685464032,
            "sparkline": "▁▁▁▃▁▁▁▂▄▅▅▆▆▅▆▆▇▇▇▇▇██████▆▃▂"
        },
        "usd2xdr": {
            "current_rate": 0.696946,
            "sparkline": "▄▄▄▆▄▄▄▄▅▅▅▅▅▄▄▄▄▄▄▄▄▄▃▄▄▄▄▄▃▃"
        },
        "eur2xdr": {
            "current_rate": 0.8173881428487655,
            "sparkline": "▄▄▄▆▄▄▃▃▄▄▄▄▄▄▄▄▄▄▄▄▄▄▄▄▄▄▄▄▄▄"
        },
        "cny2xdr": {
            "current_rate": 0.0987847261594285,
            "sparkline": "▄▄▄▆▃▄▄▄▄▄▄▅▅▄▄▄▄▄▄▄▄▄▄▄▄▄▄▄▃▃"
        },
        "rsd2xdr": {
            "current_rate": 0.006963888888888889,
            "sparkline": "▄▄▄▆▄▄▃▃▄▃▄▄▄▄▄▄▃▃▄▄▄▄▃▃▃▃▃▄▄▄"
        }
    },
    "neer": {
        "rub": {
            "current_rate": 95.62655290287027,
            "sparkline": "▁▁▂▂▂▁▁▂▂▅▅▂▅▅▅▆▇▇▅▆▆▆▇██▇▇█▄▂"
        },
        "usd": {
            "current_rate": 103.49799112608176,
            "sparkline": "▄▄▅▅▅▅▅▅▅▅▅▅▅▅▅▅▅▅▄▅▄▄▄▄▄▄▄▄▄▄"
        },
        "eur": {
            "current_rate": 110.8942343589673,
            "sparkline": "▄▅▄▄▄▄▄▄▄▄▄▄▄▄▄▄▄▄▄▄▅▅▄▄▄▅▄▅▅▅"
        },
        "cny": {
            "current_rate": 106.7542232373327,
            "sparkline": "▄▄▄▄▄▄▄▅▅▅▅▅▅▅▅▅▅▅▅▅▅▄▅▄▄▅▅▅▅▄"
        },
        "rsd": {
            "current_rate": 110.43191624261549,
            "sparkline": "▄▅▅▅▅▅▅▅▅▄▄▄▄▅▅▅▄▄▄▄▄▄▄▄▄▄▄▄▄▅"
        }
    },
    "specific_rates": {
        "rub_kzt_bank": 6.33,
        "rub_kzt_crypto": 6.622270542876459,
        "kzt_rsd_bank": 0.18967632438298307,
        "rsd_eur_cash": 0.008483563096500531,
        "eur_rsd_cash": 116.75,
        "rsd_usd_cash": 0.009745910198398886,
        "usd_rsd_cash": 98.72142857142856,
        "eur_usd_exch": 1.1728141675951445,
        "usd_kzt_bank": 518.5
    },
    "update_time": "2025-12-12 10:51:26",
    "update_time_display": "12.12 10:51"
}