{
    "rub2rsd": {
        "bank": {
            "current": 1.189468458463669,
            "sparkline_full": "    1.22                          \n  █▇██▆▆▅█▆▆▆▄▄▃▃▄▇▇▂▁▁▃▃▃▂▁▁▁▁▁  \n                             1.19 "
        },
        "korona": {
            "current": 1.149567734976467,
            "diff_percent": -3.3545003403232903
        },
        "crypto": {
            "current": 1.1911567472263032,
            "diff_percent": 0.1419364045024593
        },
        "forex": {
            "current": 1.2420441960910011,
            "diff_percent": 4.420103555771421
        }
    },
    "rub2eur": {
        "bank": {
            "current": 0.010248001639680263,
            "sparkline_full": "   95.5                           \n  █▆██▆▆▇▇▆▅▅▅▅▄▃▄▅▄▁▁▁▃▄▃▃▃▃▃▂▁  \n                              97.6"
        },
        "korona": {
            "current": 0.009841136307984737,
            "diff_percent": -3.970191906684945
        },
        "crypto": {
            "current": 0.010227197279175457,
            "diff_percent": -0.20300894980589526
        },
        "forex": {
            "current": 0.010598623356242828,
            "diff_percent": 3.4213667102175096
        }
    },
    "rub2usd": {
        "bank": {
            "current": 0.011957431543704412,
            "sparkline_full": "    81.9                          \n  ▆▅██▆▆▆▇▇▇▆▆▆▅▄▄█▆▃▃▃▄▃▂▂▃▃▃▂▁  \n                              83.6"
        },
        "korona": {
            "current": 0.011253722319887098,
            "diff_percent": -5.8851202387841965
        },
        "crypto": {
            "current": 0.01190912861808958,
            "diff_percent": -0.40395736691684936
        },
        "forex": {
            "current": 0.012407763785956148,
            "diff_percent": 3.7661285419512645
        }
    },
    "xdr": {
        "rub2xdr": {
            "current_rate": 0.008605236440330101,
            "sparkline": "▇▇█▆▅▆▆▇█▇▆▇▆▄▂▂▃▄▃▃▂▃▄▄▃▅▄▄▂▁"
        },
        "usd2xdr": {
            "current_rate": 0.697027,
            "sparkline": "▆▆▆▄▄▄▅▅▅▅▅▆▅▃▃▃▄▅▅▃▃▄▅▅▄▄▄▃▃▃"
        },
        "eur2xdr": {
            "current_rate": 0.8119202042651532,
            "sparkline": "▃▄▅▄▃▄▃▄▆▅▅▇▅▃▃▂▃▄▆▃▃▃▃▄▄▄▃▄▃▂"
        },
        "cny2xdr": {
            "current_rate": 0.09774877994053963,
            "sparkline": "▆▆▆▄▄▄▄▅▅▅▅▆▄▃▃▃▄▅▅▃▄▅▅▆▆▆▅▅▅▅"
        },
        "rsd2xdr": {
            "current_rate": 0.006928285215141908,
            "sparkline": "▃▅▅▄▄▄▃▄▆▅▅▇▅▃▃▃▃▄▆▄▃▃▃▄▄▄▄▄▃▂"
        }
    },
    "neer": {
        "rub": {
            "current_rate": 95.54906873442978,
            "sparkline": "█▅▄▇▅▅█▇▄▅▅▄▃▅▂▃▅▄▂▁▃▂▃▃▂▃▃▂▁▂"
        },
        "usd": {
            "current_rate": 104.09153403976316,
            "sparkline": "▆▅▄▄▄▄▅▅▃▄▄▄▄▄▄▅▅▅▃▃▄▄▄▄▃▃▃▃▃▅"
        },
        "eur": {
            "current_rate": 110.35999159777603,
            "sparkline": "▃▄▄▄▄▄▄▄▅▅▅▅▆▅▅▅▅▄▆▆▅▅▄▄▄▅▅▅▅▄"
        },
        "cny": {
            "current_rate": 104.86852135489747,
            "sparkline": "▄▄▃▃▃▃▄▄▂▃▃▃▂▃▃▄▄▅▃▃▄▅▆▅▆▆▅▆▅▇"
        },
        "rsd": {
            "current_rate": 110.4842019817073,
            "sparkline": "▄▄▅▄▄▄▅▄▄▅▅▄▄▂▂▆▃▇▅▅▂▃▄▄▄▄▄▄▄▄"
        }
    },
    "update_time": "2025-09-03 15:35:47",
    "update_time_display": "03.09 15:35"
}