{
    "rub2rsd": {
        "bank": {
            "current": 1.2548347207128345,
            "sparkline_full": "                              1.25\n  ▆▅▅▃▂▂▁▁▁▁▁▃▄▅▅▅▅▅▅▆▆▆▆▇▇▆▇▇▇█  \n          1.12                    "
        },
        "korona": {
            "current": 1.2176572071027443,
            "diff_percent": -2.9627418652371054
        },
        "crypto": {
            "current": 1.2435354178690377,
            "diff_percent": -0.9004614438288795
        },
        "forex": {
            "current": 1.315905258654735,
            "diff_percent": 4.866819265823962
        }
    },
    "rub2eur": {
        "bank": {
            "current": 0.010803802938634399,
            "sparkline_full": "                              92.6\n  ▆▅▄▃▂▁▁▁▁▁▁▃▄▅▅▅▅▅▅▆▆▆▆▆▆▆▇▇▇█  \n         104                      "
        },
        "korona": {
            "current": 0.010423872385617232,
            "diff_percent": -3.516637198726901
        },
        "crypto": {
            "current": 0.010610648695604599,
            "diff_percent": -1.787835673483832
        },
        "forex": {
            "current": 0.011211168326609268,
            "diff_percent": 3.7705740310953884
        }
    },
    "rub2usd": {
        "bank": {
            "current": 0.012642225031605564,
            "sparkline_full": "                              79.1\n  ▅▄▄▃▁▁▁▁▁▁▁▃▄▄▄▄▄▅▅▅▅▅▆▆▆▇▇███  \n         89.9                     "
        },
        "korona": {
            "current": 0.011891183663112738,
            "diff_percent": -5.940737224778251
        },
        "crypto": {
            "current": 0.012391998476618508,
            "diff_percent": -1.9792920499476092
        },
        "forex": {
            "current": 0.013114943297542652,
            "diff_percent": 3.739201483562372
        }
    },
    "xdr": {
        "rub2xdr": {
            "current_rate": 0.00914977990287609,
            "sparkline": "▆▅▄▂▁▁▂▂▂▄▄▄▄▄▄▄▄▅▅▅▅▅▅▆▇▆▇▇▇█"
        },
        "usd2xdr": {
            "current_rate": 0.69697,
            "sparkline": "▅▆▅▅▅▅▅▄▅▅▄▅▅▅▅▅▅▅▅▅▅▅▅▅▅▄▄▄▃▄"
        },
        "eur2xdr": {
            "current_rate": 0.8161308113766741,
            "sparkline": "▄▄▄▄▄▄▄▄▄▄▄▄▄▄▄▄▄▅▄▄▄▄▄▄▅▄▄▄▄▄"
        },
        "cny2xdr": {
            "current_rate": 0.10203194308217073,
            "sparkline": "▅▅▅▅▅▅▄▄▄▄▄▄▄▄▄▅▅▅▄▅▅▅▅▅▅▄▄▄▄▄"
        },
        "rsd2xdr": {
            "current_rate": 0.006953220866546286,
            "sparkline": "▄▄▄▄▄▄▄▄▄▄▄▄▄▄▄▄▄▅▄▄▄▄▄▄▅▄▄▄▄▄"
        }
    },
    "neer": {
        "rub": {
            "current_rate": 98.84425441662113,
            "sparkline": "▅▆▅▄▃▂▃▃▂▄▅▅▄▄▄▄▅▄▅▅▅▅▅▇▆▆▇▇▇▇"
        },
        "usd": {
            "current_rate": 102.46981733719971,
            "sparkline": "▅▄▄▄▅▄▅▅▄▄▄▅▅▅▅▅▅▄▅▅▅▅▅▄▄▄▄▄▄▄"
        },
        "eur": {
            "current_rate": 109.8646281365575,
            "sparkline": "▄▄▄▄▄▄▄▄▄▄▄▄▄▄▄▄▄▄▄▄▄▄▄▄▄▅▅▅▅▄"
        },
        "cny": {
            "current_rate": 110.68116226330984,
            "sparkline": "▄▅▄▅▅▅▄▄▄▅▄▄▅▄▄▅▅▅▅▅▄▄▅▅▄▄▄▄▄▄"
        },
        "rsd": {
            "current_rate": 110.3087727196332,
            "sparkline": "▃▅▅▆▅▆▃▃▅▆▆▆▆▃▃▆▅▆▅▅▄▃▅▆▃▄▄▄▄▄"
        }
    },
    "specific_rates": {
        "rub_kzt_bank": 6.05,
        "rub_kzt_crypto": 5.941963269538575,
        "kzt_rsd_bank": 0.2092802263258697,
        "rsd_eur_cash": 0.0084530853761623,
        "eur_rsd_cash": 116.81428571428572,
        "rsd_usd_cash": 0.009765625,
        "usd_rsd_cash": 98.2,
        "eur_usd_exch": 1.1709697854666257,
        "usd_kzt_bank": 472.5
    },
    "update_time": "2026-04-13 20:35:51",
    "update_time_display": "13.04 20:35"
}