{
    "rub2rsd": {
        "bank": {
            "current": 1.1845701584676191,
            "sparkline_full": "           1.21                   \n  ▂▃▃▃▅▅▂▂▂▆▇▅▅▅▅▅▄▅▅▄▄▄▄▃▃▄▃▃▃▂  \n 1.18                             "
        },
        "korona": {
            "current": 1.1528379925470005,
            "diff_percent": -2.6787916016445963
        },
        "crypto": {
            "current": 1.2285823139294938,
            "diff_percent": 3.7154536729854435
        },
        "forex": {
            "current": 1.2450166631135808,
            "diff_percent": 5.1028218306762305
        }
    },
    "rub2eur": {
        "bank": {
            "current": 0.01021346134204882,
            "sparkline_full": "           95.9                   \n  ▁▂▄▃▄▃▁▁▁▆█▆▅▄▄▅▅▅▅▄▄▄▄▃▄▄▃▄▄▂  \n 98.2                             "
        },
        "korona": {
            "current": 0.0098713956548367,
            "diff_percent": -3.349165143493863
        },
        "crypto": {
            "current": 0.010583905554730783,
            "diff_percent": 3.6270192863691033
        },
        "forex": {
            "current": 0.010624881867225783,
            "diff_percent": 4.02821836200765
        }
    },
    "rub2usd": {
        "bank": {
            "current": 0.011868027533823877,
            "sparkline_full": "           82.2                   \n  ▂▃▄▂▅▄▁▁▁▆█▆▃▂▂▂▂▂▂▂▂▂▂▁▂▃▃▃▃▁  \n         84.3                     "
        },
        "korona": {
            "current": 0.011230764661928891,
            "diff_percent": -5.369576958587155
        },
        "crypto": {
            "current": 0.012274111004535699,
            "diff_percent": 3.42165932421781
        },
        "forex": {
            "current": 0.012325866323514548,
            "diff_percent": 3.857749641933593
        }
    },
    "xdr": {
        "rub2xdr": {
            "current_rate": 0.008651002212086775,
            "sparkline": "▁▂▂▁▁▄██▆██▆▆▆▆▆▆▅▅▆▆▅▄▄▄▅▅▅█▂"
        },
        "usd2xdr": {
            "current_rate": 0.702882,
            "sparkline": "▂▁▂▂▃▃▃▃▂▂▂▂▃▃▃▅▅▅▅▆▅▅▄▄▄▄▄▄█▃"
        },
        "eur2xdr": {
            "current_rate": 0.8142210257200347,
            "sparkline": "▃▃▂▂▃▃▃▃▃▃▂▁▂▃▂▂▂▂▃▄▃▃▂▃▃▄▄▄█▂"
        },
        "cny2xdr": {
            "current_rate": 0.0988902176512796,
            "sparkline": "▁▁▁▁▂▂▂▂▂▃▂▂▃▃▃▄▅▅▅▆▄▄▃▄▃▄▄▄█▃"
        },
        "rsd2xdr": {
            "current_rate": 0.006948503155332917,
            "sparkline": "▃▂▂▂▂▃▂▂▃▃▂▁▂▁▂▃▂▂▃▄▃▃▂▃▃▄▄▄█▂"
        }
    },
    "neer": {
        "rub": {
            "current_rate": 95.38331909920066,
            "sparkline": "▁█▁▁▁▂▇▆▁█▆█▅▅▃▅▆▆▃▂▄▃▂▃▃▂▃▃▃▃"
        },
        "usd": {
            "current_rate": 104.30391666229433,
            "sparkline": "▃▃▄▄▄▄▄▄▄▄▃▅▅▅▅▅▆▆▅▅▅▅▄▄▄▄▄▄▄▄"
        },
        "eur": {
            "current_rate": 110.32682391781104,
            "sparkline": "▅▅▅▄▅▅▅▅▅▅▅▄▄▄▅▄▄▄▄▅▅▅▅▅▅▅▅▅▅▅"
        },
        "cny": {
            "current_rate": 106.28789510236595,
            "sparkline": "▃▃▄▄▅▄▄▄▅▅▄▅▅▅▅▅▆▆▆▆▅▅▅▅▅▆▆▅▅▆"
        },
        "rsd": {
            "current_rate": 110.56705934602277,
            "sparkline": "▅▅▅▅▅▄▄▄▄▅▄▆▄▄▃▄▄▄▄▄▄▄▄▄▄▄▄▄▄▅"
        }
    },
    "specific_rates": {
        "rub_kzt_bank": 6.23,
        "rub_kzt_crypto": 6.456182388385778,
        "kzt_rsd_bank": 0.19029547804281796,
        "rsd_eur_cash": 0.00849514563106796,
        "eur_rsd_cash": 116.78571428571429,
        "rsd_usd_cash": 0.00974184120798831,
        "usd_rsd_cash": 98.64999999999999,
        "eur_usd_exch": 1.1584035808571491,
        "usd_kzt_bank": 520.0
    },
    "update_time": "2025-11-17 23:05:45",
    "update_time_display": "17.11 23:05"
}