{
    "rub2rsd": {
        "bank": {
            "current": 1.1822974759827065,
            "sparkline_full": "   1.22                           \n  ▇██▆▆▆█▇▆▇▅▅▄▄▅█▇▃▂▂▄▄▄▃▂▂▂▂▂▁  \n                              1.18"
        },
        "korona": {
            "current": 1.1415322750715522,
            "diff_percent": -3.4479648091332464
        },
        "crypto": {
            "current": 1.1951073948383466,
            "diff_percent": 1.0834767996939765
        },
        "forex": {
            "current": 1.2380616927489905,
            "diff_percent": 4.716597802083071
        }
    },
    "rub2eur": {
        "bank": {
            "current": 0.010206164523372117,
            "sparkline_full": "  95.5                            \n  ▇██▆▆▇▇▆▆▅▅▅▄▄▅▅▅▂▂▂▄▄▄▃▄▄▄▃▂▁  \n                              98.0"
        },
        "korona": {
            "current": 0.009772346924101035,
            "diff_percent": -4.250544837658061
        },
        "crypto": {
            "current": 0.010286024048281737,
            "diff_percent": 0.7824636250644647
        },
        "forex": {
            "current": 0.01056979770177582,
            "diff_percent": 3.5628778819994884
        }
    },
    "rub2usd": {
        "bank": {
            "current": 0.011901928112354201,
            "sparkline_full": "   81.9                           \n  ▅██▇▇▆▇▇▇▆▆▆▆▄▅█▇▄▄▄▄▄▃▃▄▄▄▃▂▁  \n                              84.0"
        },
        "korona": {
            "current": 0.011175058982589841,
            "diff_percent": -6.107154428280157
        },
        "crypto": {
            "current": 0.011971946958589426,
            "diff_percent": 0.5882983460683526
        },
        "forex": {
            "current": 0.012300470985034015,
            "diff_percent": 3.348557216255796
        }
    },
    "xdr": {
        "rub2xdr": {
            "current_rate": 0.008573812698404732,
            "sparkline": "▇█▇▆▆▇▇██▇▇▆▄▃▃▄▄▄▄▃▄▅▅▄▅▅▄▃▂▁"
        },
        "usd2xdr": {
            "current_rate": 0.697027,
            "sparkline": "▆▆▄▄▄▅▅▅▅▅▆▅▃▃▃▄▅▅▃▃▄▅▅▄▄▄▄▃▃▃"
        },
        "eur2xdr": {
            "current_rate": 0.8111614753955276,
            "sparkline": "▄▅▄▄▄▄▄▆▅▅▇▅▃▃▃▃▄▆▄▃▃▃▄▄▄▃▄▃▃▂"
        },
        "cny2xdr": {
            "current_rate": 0.09759959113376367,
            "sparkline": "▆▆▄▄▄▄▅▅▅▅▆▄▃▃▃▄▅▅▃▄▅▅▆▅▅▅▅▅▅▄"
        },
        "rsd2xdr": {
            "current_rate": 0.0069251901974024,
            "sparkline": "▅▅▄▄▄▄▄▆▅▅▆▅▃▃▃▃▄▅▄▄▄▃▄▄▄▄▄▃▃▃"
        }
    },
    "neer": {
        "rub": {
            "current_rate": 94.87286844988353,
            "sparkline": "▆▄▇▆▆█▇▅▆▅▄▄▆▃▄▅▅▃▂▃▂▄▃▄▄▄▃▄▃▁"
        },
        "usd": {
            "current_rate": 103.93368153852495,
            "sparkline": "▅▄▄▄▄▅▅▃▄▄▄▄▅▅▅▅▆▄▄▄▄▅▄▄▄▄▄▅▅▄"
        },
        "eur": {
            "current_rate": 110.43137414730904,
            "sparkline": "▄▄▄▄▄▄▄▅▅▅▅▅▄▅▄▄▄▅▅▅▄▄▄▄▄▄▅▄▄▄"
        },
        "cny": {
            "current_rate": 104.63635357019847,
            "sparkline": "▄▃▃▃▃▄▄▃▃▃▃▃▃▄▄▄▅▃▃▄▅▅▅▆▅▅▅▆▆▆"
        },
        "rsd": {
            "current_rate": 110.46753236056378,
            "sparkline": "▄▅▅▄▄▆▅▄▅▄▅▅▅▄▄▅▄▅▅▅▄▅▄▅▄▄▅▃▄▄"
        }
    },
    "update_time": "2025-09-04 20:05:49",
    "update_time_display": "04.09 20:05"
}