{
    "rub2rsd": {
        "bank": {
            "current": 1.3528854282057412,
            "sparkline_full": "                         1.36     \n  鈻佲杹鈻佲杹鈻傗杹鈻佲杹鈻佲杹鈻佲杹鈻傗杺鈻傗杺鈻傗杻鈻勨枀鈻呪枀鈻嗏枃鈻堚枅鈻堚枅鈻堚枅  \n         1.26                     "
        },
        "korona": {
            "current": 1.3139393339218777,
            "diff_percent": -2.878742979404814
        },
        "crypto": {
            "current": 1.3390370133739729,
            "diff_percent": -1.0236206660999192
        },
        "forex": {
            "current": 1.4211074452763506,
            "diff_percent": 5.042704699768151
        }
    },
    "rub2eur": {
        "bank": {
            "current": 0.011659088259298123,
            "sparkline_full": "                         85.7     \n  鈻佲杹鈻佲杹鈻傗杺鈻傗杺鈻佲杹鈻佲杹鈻傗杺鈻傗杺鈻傗杻鈻勨枀鈻呪枀鈻嗏枃鈻堚枅鈻堚枅鈻堚枅  \n 91.9                             "
        },
        "korona": {
            "current": 0.01124306332505885,
            "diff_percent": -3.5682458609702357
        },
        "crypto": {
            "current": 0.011452100098846483,
            "diff_percent": -1.7753374521937144
        },
        "forex": {
            "current": 0.012102049607467644,
            "diff_percent": 3.799279483249985
        }
    },
    "rub2usd": {
        "bank": {
            "current": 0.013520822065981613,
            "sparkline_full": "                         73.8     \n  鈻佲杺鈻傗杺鈻傗杺鈻傗杺鈻佲杹鈻傗杺鈻冣杻鈻冣杻鈻冣杽鈻勨枀鈻呪枀鈻嗏枃鈻堚枅鈻堚枅鈻堚枅  \n          78.5                    "
        },
        "korona": {
            "current": 0.012812670247897394,
            "diff_percent": -5.237490846550884
        },
        "crypto": {
            "current": 0.01325463421723785,
            "diff_percent": -1.9687253293088642
        },
        "forex": {
            "current": 0.0140431687005856,
            "diff_percent": 3.86327570953109
        }
    },
    "xdr": {
        "rub2xdr": {
            "current_rate": 0.009874281866022997,
            "sparkline": "鈻佲杹鈻佲杹鈻佲杹鈻佲杹鈻佲杹鈻佲杹鈻佲杹鈻佲杹鈻傗杺鈻傗杺鈻冣杻鈻勨杽鈻呪枂鈻堚枂鈻呪枀"
        },
        "usd2xdr": {
            "current_rate": 0.700859,
            "sparkline": "鈻冣杻鈻冣杻鈻冣杻鈻冣杻鈻冣杻鈻冣杻鈻冣杻鈻傗杺鈻傗杻鈻冣杻鈻冣杻鈻冣杻鈻冣杽鈻団枀鈻冣杻"
        },
        "eur2xdr": {
            "current_rate": 0.8159181449669493,
            "sparkline": "鈻冣杻鈻冣杻鈻冣杻鈻冣杻鈻冣杻鈻冣杻鈻冣杻鈻冣杻鈻冣杻鈻冣杻鈻冣杻鈻冣杻鈻冣杻鈻嗏杽鈻冣杻"
        },
        "cny2xdr": {
            "current_rate": 0.10314637664096073,
            "sparkline": "鈻傗杺鈻傗杺鈻傗杺鈻傗杺鈻傗杺鈻冣杺鈻冣杻鈻傗杺鈻傗杻鈻冣杻鈻冣杻鈻冣杻鈻冣杽鈻団枀鈻冣杻"
        },
        "rsd2xdr": {
            "current_rate": 0.006948300706497832,
            "sparkline": "鈻冣杻鈻冣杻鈻冣杻鈻冣杻鈻冣杻鈻冣杻鈻冣杽鈻冣杻鈻冣杻鈻冣杻鈻冣杻鈻冣杻鈻冣杽鈻嗏杽鈻冣杻"
        }
    },
    "neer": {
        "rub": {
            "current_rate": 107.21659789758938,
            "sparkline": "鈻佲杺鈻冣杻鈻傗杺鈻傗杺鈻傗杺鈻佲杹鈻傗杺鈻傗杺鈻傗杽鈻勨枀鈻呪枀鈻呪枂鈻堚枅鈻堚枃鈻団枃"
        },
        "usd": {
            "current_rate": 102.4484658496541,
            "sparkline": "鈻呪杽鈻呪枀鈻呪枀鈻呪枀鈻呪枀鈻勨杽鈻勨杽鈻勨杽鈻勨杽鈻勨枀鈻呪枀鈻呪枀鈻呪枀鈻呪枀鈻呪枀"
        },
        "eur": {
            "current_rate": 108.95607312390214,
            "sparkline": "鈻呪枀鈻呪枀鈻呪枀鈻呪枀鈻呪枀鈻呪枀鈻呪枀鈻呪枀鈻呪枀鈻呪杽鈻勨杽鈻呪杽鈻勨杽鈻勨杽鈻勨杽"
        },
        "cny": {
            "current_rate": 111.47069991530891,
            "sparkline": "鈻勨杽鈻呪枀鈻勨杽鈻冣杻鈻勨枀鈻勨杽鈻勨杻鈻冣枀鈻呪枀鈻呪枀鈻勨杽鈻呪枂鈻呪枀鈻呪枀鈻呪枀"
        },
        "rsd": {
            "current_rate": 109.2836406827816,
            "sparkline": "鈻冣枂鈻団枃鈻嗏枂鈻冣杻鈻団枂鈻嗏枂鈻嗏杻鈻冣枂鈻団枃鈻嗏枂鈻傗杺鈻嗏枂鈻傗杺鈻傗杻鈻傗杺"
        }
    },
    "specific_rates": {
        "rub_kzt_bank": 6.43,
        "rub_kzt_crypto": 6.315833204513836,
        "kzt_rsd_bank": 0.21201272579791725,
        "rsd_eur_cash": 0.00845725562055113,
        "eur_rsd_cash": 116.86666666666667,
        "rsd_usd_cash": 0.009751340809361287,
        "usd_rsd_cash": 99.02000000000001,
        "eur_usd_exch": 1.1641687485884453,
        "usd_kzt_bank": 469.5
    },
    "update_time": "2026-05-25 04:06:35",
    "update_time_display": "25.05 04:06"
}