{
    "rub2rsd": {
        "bank": {
            "current": 1.1334715285096355,
            "sparkline_full": " 1.21                             \n  ████▇▇▇▇▇██▆▆▆▇▇▇▆▆▆▆▆▆▆▆▄▄▄▃▁  \n                              1.13"
        },
        "korona": {
            "current": 1.0905748115778633,
            "diff_percent": -3.7845429596432565
        },
        "crypto": {
            "current": 1.1171491314806408,
            "diff_percent": -1.440035909014541
        },
        "forex": {
            "current": 1.1854723706249137,
            "diff_percent": 4.5877501822787226
        }
    },
    "rub2eur": {
        "bank": {
            "current": 0.009778994719342852,
            "sparkline_full": " 95.8                             \n  ███▇▇▇▇▇▇▇▇▆▆▆▇▇▇▇▇▇▇▆▆▆▅▄▄▄▃▁  \n                              102 "
        },
        "korona": {
            "current": 0.009341111876469922,
            "diff_percent": -4.477789951218582
        },
        "crypto": {
            "current": 0.009592279734771935,
            "diff_percent": -1.9093474322221984
        },
        "forex": {
            "current": 0.01011975945262007,
            "diff_percent": 3.484660162492839
        }
    },
    "rub2usd": {
        "bank": {
            "current": 0.011465260261407935,
            "sparkline_full": "          82.0                    \n  ██████▇▇▇██▆▆▆▇▆▆▆▆▆▆▆▆▅▅▅▅▅▃▁  \n                              87.2"
        },
        "korona": {
            "current": 0.010682185238991174,
            "diff_percent": -6.829980345518985
        },
        "crypto": {
            "current": 0.01122349920907696,
            "diff_percent": -2.108639898430761
        },
        "forex": {
            "current": 0.011775636443710692,
            "diff_percent": 2.707101062044649
        }
    },
    "xdr": {
        "rub2xdr": {
            "current_rate": 0.00826771077632129,
            "sparkline": "██████▇▆▆▆▇▇▆▆▆▇▇▆▇▇▇▆▆▅▅▅▅▄▂▁"
        },
        "usd2xdr": {
            "current_rate": 0.697447,
            "sparkline": "▅▅▅▅▅▅▄▄▄▅▅▅▄▄▅▅▅▅▄▄▄▄▄▄▅▄▄▄▄▄"
        },
        "eur2xdr": {
            "current_rate": 0.816986887388981,
            "sparkline": "▄▅▅▅▅▅▄▄▄▄▄▅▄▄▄▄▄▄▄▄▄▄▄▄▅▄▄▄▄▄"
        },
        "cny2xdr": {
            "current_rate": 0.09793953266303433,
            "sparkline": "▅▅▅▅▅▄▄▄▄▄▅▅▄▄▅▅▅▅▅▅▅▅▅▅▅▅▄▄▄▅"
        },
        "rsd2xdr": {
            "current_rate": 0.006974191032358705,
            "sparkline": "▄▅▅▅▅▅▄▄▄▄▄▅▄▄▄▄▄▄▄▄▄▄▄▄▅▄▄▄▄▄"
        }
    },
    "neer": {
        "rub": {
            "current_rate": 91.57319883406159,
            "sparkline": "█▇▇▇▇▇▇▆▆▇▇▆▆▆▆▆▆▆▆▇▆▆▆▅▅▅▅▅▃▁"
        },
        "usd": {
            "current_rate": 103.70128589185231,
            "sparkline": "▅▄▄▄▅▄▅▅▅▅▅▄▄▄▅▅▄▄▄▄▄▅▅▅▅▄▄▄▄▄"
        },
        "eur": {
            "current_rate": 110.53283306063577,
            "sparkline": "▄▅▄▅▅▅▄▅▄▄▄▅▅▅▄▄▄▄▄▄▅▄▄▄▄▅▅▅▅▅"
        },
        "cny": {
            "current_rate": 104.54723421100486,
            "sparkline": "▄▄▄▄▄▄▄▄▄▄▅▄▄▄▅▅▅▅▅▅▅▅▅▅▅▅▅▅▅▅"
        },
        "rsd": {
            "current_rate": 110.6750589146267,
            "sparkline": "▅▄▅▄▅▅▅▄▄▅▄▅▅▅▄▅▄▅▄▄▅▄▄▄▅▅▅▅▅▅"
        }
    },
    "update_time": "2025-09-10 19:35:44",
    "update_time_display": "10.09 19:35"
}