{
    "rub2rsd": {
        "bank": {
            "current": 1.3528854282057412,
            "sparkline_full": "                           1.36   \n  ▁▁▁▁▁▁▂▁▁▁▁▁▁▁▂▂▂▂▂▃▄▅▅▅▆▇████  \n           1.26                   "
        },
        "korona": {
            "current": 1.3161183402708652,
            "diff_percent": -2.7176793517273845
        },
        "crypto": {
            "current": 1.3447605176895634,
            "diff_percent": -0.6005616105240662
        },
        "forex": {
            "current": 1.4092529208591886,
            "diff_percent": 4.166464615426051
        }
    },
    "rub2eur": {
        "bank": {
            "current": 0.011659088259298123,
            "sparkline_full": "                           85.7   \n  ▁▁▁▁▁▁▂▂▂▂▁▁▁▁▂▂▂▂▃▃▄▅▅▅▆▇████  \n 91.9                             "
        },
        "korona": {
            "current": 0.011261708559077568,
            "diff_percent": -3.4083256887916997
        },
        "crypto": {
            "current": 0.011501050309844137,
            "diff_percent": -1.355491492466835
        },
        "forex": {
            "current": 0.011999328044984213,
            "diff_percent": 2.9182366418295937
        }
    },
    "rub2usd": {
        "bank": {
            "current": 0.013520822065981613,
            "sparkline_full": "                           73.8   \n  ▁▁▁▂▂▂▂▂▂▂▂▁▂▂▃▃▃▃▃▄▄▅▅▅▆▇████  \n 78.6                             "
        },
        "korona": {
            "current": 0.012816421660053218,
            "diff_percent": -5.209745402246403
        },
        "crypto": {
            "current": 0.013311289078444997,
            "diff_percent": -1.5497059758208052
        },
        "forex": {
            "current": 0.0140431687005856,
            "diff_percent": 3.86327570953109
        }
    },
    "xdr": {
        "rub2xdr": {
            "current_rate": 0.010252774321734959,
            "sparkline": "▁▁▁▁▁▁▁▁▁▁▁▁▁▁▁▂▁▁▂▂▂▃▃▃▄▅▅▆██"
        },
        "usd2xdr": {
            "current_rate": 0.736052,
            "sparkline": "▃▃▃▃▃▃▃▃▃▃▃▃▃▃▃▃▂▂▂▃▃▃▃▃▃▃▃▄▇▇"
        },
        "eur2xdr": {
            "current_rate": 0.8544457059010631,
            "sparkline": "▃▃▃▃▃▃▃▃▃▃▃▃▃▃▃▄▃▃▃▃▃▃▃▃▃▃▃▄▆▆"
        },
        "cny2xdr": {
            "current_rate": 0.10832577853652793,
            "sparkline": "▂▂▂▂▂▂▃▂▂▂▂▂▃▃▃▃▂▂▂▃▃▃▃▃▃▃▃▄▇▇"
        },
        "rsd2xdr": {
            "current_rate": 0.007275325933320813,
            "sparkline": "▃▃▃▃▃▃▃▃▃▃▃▃▃▃▃▄▃▃▃▃▃▃▃▃▃▃▃▄▆▆"
        }
    },
    "neer": {
        "rub": {
            "current_rate": 107.20919289792485,
            "sparkline": "▂▁▁▂▃▃▂▂▂▂▂▂▁▁▂▂▂▂▂▄▄▅▅▅▅▆███▇"
        },
        "usd": {
            "current_rate": 102.45130845049466,
            "sparkline": "▅▅▅▄▅▅▅▅▅▅▅▅▄▄▄▄▄▄▄▄▄▅▅▅▅▅▅▅▅▅"
        },
        "eur": {
            "current_rate": 108.95638448401401,
            "sparkline": "▅▅▅▅▅▅▅▅▅▅▅▅▅▅▅▅▅▅▅▅▅▄▄▄▅▄▄▄▄▄"
        },
        "cny": {
            "current_rate": 111.468007994627,
            "sparkline": "▄▄▄▄▅▅▄▄▃▃▄▅▄▄▄▃▃▅▅▅▅▅▄▄▅▆▅▅▅▅"
        },
        "rsd": {
            "current_rate": 109.63672835073524,
            "sparkline": "▆▃▃▆▇▆▆▆▃▃▇▆▆▆▆▃▃▆▇▇▅▆▂▂▆▆▂▂▂▃"
        }
    },
    "specific_rates": {
        "rub_kzt_bank": 6.43,
        "rub_kzt_crypto": 6.342829245879042,
        "kzt_rsd_bank": 0.21201272579791725,
        "rsd_eur_cash": 0.00845725562055113,
        "eur_rsd_cash": 116.86666666666667,
        "rsd_usd_cash": 0.009738046547862497,
        "usd_rsd_cash": 99.12,
        "eur_usd_exch": 1.160849649075151,
        "usd_kzt_bank": 469.5
    },
    "update_time": "2026-05-23 07:35:47",
    "update_time_display": "23.05 07:35"
}