{
    "rub2rsd": {
        "bank": {
            "current": 1.273763787334242,
            "sparkline_full": "       1.34                       \n  ▇ ▆   ▇▇▇▆▄▂▂▂▂▂ ▃▂▂▂▄▄▅▃▂▂▃▄▃  \n            1.26                  "
        },
        "korona": {
            "current": 1.2257113474521648,
            "diff_percent": -3.7724765266441027
        },
        "crypto": {
            "current": 1.3692546078252312,
            "diff_percent": 7.4967447999785195
        },
        "forex": {
            "current": 1.3246453793963506,
            "diff_percent": 3.994586168020574
        }
    },
    "rub2eur": {
        "bank": {
            "current": 0.010853049706967658,
            "sparkline_full": " 87.0                             \n  █ ▇█▇▇▇▇▇▆▃▁▁▂▂▂▃▂▂▂▂▃▄▄▃▂▂▃▃▃  \n             93.7                 "
        },
        "korona": {
            "current": 0.010485127009855988,
            "diff_percent": -3.3900397311869286
        },
        "crypto": {
            "current": 0.011599944051462762,
            "diff_percent": 6.881884490177888
        },
        "forex": {
            "current": 0.011283185195566703,
            "diff_percent": 3.9632683919515985
        }
    },
    "rub2usd": {
        "bank": {
            "current": 0.012393109431156277,
            "sparkline_full": " 74.9                             \n  █ ▇▇▇▇▇▆▅▅▂▁▁▁▁▁▂▂▁▁▁▃▃▃▂▁▁▂▃▂  \n             82.1                 "
        },
        "korona": {
            "current": 0.011722751390313204,
            "diff_percent": -5.409119031562757
        },
        "crypto": {
            "current": 0.013218540895852914,
            "diff_percent": 6.660406488637162
        },
        "forex": {
            "current": 0.01290469111331351,
            "diff_percent": 4.127952593326721
        }
    },
    "xdr": {
        "rub2xdr": {
            "current_rate": 0.009206191611651385,
            "sparkline": "▆ ▅▅██▅▅▅▄▂▁▁▁▁▁▂▂▂▂▂▂▂▃▃▂▂▃▂▂"
        },
        "usd2xdr": {
            "current_rate": 0.713502,
            "sparkline": "▃ ▃▃▆▆▄▄▄▄▄▄▄▄▄▄▄▄▄▄▄▄▄▄▄▄▄▄▄▄"
        },
        "eur2xdr": {
            "current_rate": 0.8159213424298492,
            "sparkline": "▄ ▃▃▆▆▄▃▃▄▄▄▄▄▄▄▄▄▄▄▄▄▃▄▄▄▄▄▄▄"
        },
        "cny2xdr": {
            "current_rate": 0.10542443002999452,
            "sparkline": "▃ ▃▃▆▆▄▄▄▄▄▄▄▄▄▄▄▄▄▄▄▃▃▄▄▄▄▄▄▄"
        },
        "rsd2xdr": {
            "current_rate": 0.006949929207352617,
            "sparkline": "▄ ▃▃▆▆▄▃▃▄▄▄▄▄▄▄▄▄▄▄▄▄▃▄▄▄▄▄▄▄"
        }
    },
    "neer": {
        "rub": {
            "current_rate": 99.83377775902078,
            "sparkline": "███▇▇▇▇▇▆▆▅▂▁▅▃▂▂▂▃▃▂▃▄▃▄▃▃▃▃▂"
        },
        "usd": {
            "current_rate": 103.3164110390195,
            "sparkline": "▄▄▄▄▅▅▄▅▅▅▅▅▅▅▅▅▅▅▅▅▅▅▅▅▅▅▅▅▅▅"
        },
        "eur": {
            "current_rate": 108.59990779629203,
            "sparkline": "▅▅▄▅▅▅▅▄▄▄▄▄▄▅▅▅▄▅▅▅▅▅▄▅▅▄▄▄▄▅"
        },
        "cny": {
            "current_rate": 113.05808436497705,
            "sparkline": "▄▄▅▅▄▄▅▅▅▅▅▄▄▅▅▅▅▅▄▄▅▄▄▄▄▄▄▄▄▄"
        },
        "rsd": {
            "current_rate": 109.54516736434611,
            "sparkline": "▆▆▆▅▃▃▆▆▆▆▆▃▃▆▆▆▆▅▃▃▆▃▃▃▃▃▃▃▃▃"
        }
    },
    "specific_rates": {
        "rub_kzt_bank": 5.85,
        "rub_kzt_crypto": 6.252369843738428,
        "kzt_rsd_bank": 0.2189976988,
        "rsd_eur_cash": 0.00845725562055113,
        "eur_rsd_cash": 116.89999999999999,
        "rsd_usd_cash": 0.009564039212560771,
        "usd_rsd_cash": 100.60000000000001,
        "eur_usd_exch": 1.143544576511137,
        "usd_kzt_bank": 466.0
    },
    "conversion_rates": {
        "rub_usd": {
            "rub_to_usd": [
                0.012393109431156277,
                0.012376237623762377
            ],
            "usd_to_rub": [
                75.24,
                75.8
            ]
        },
        "rub_eur": {
            "rub_to_eur": [
                0.010853049706967658,
                0.010845986984815618
            ],
            "eur_to_rub": [
                85.81,
                86.6
            ]
        },
        "rub_kzt": {
            "rub_to_kzt": [
                5.85,
                5.813953488372094
            ],
            "kzt_to_rub": [
                0.16129032258064516,
                0.162
            ]
        },
        "rub_rsd": {
            "rub_to_rsd": [
                1.3409775814
            ],
            "rsd_to_rub": [
                0.745724622000008
            ]
        },
        "usd_eur": {
            "usd_to_eur": [
                0.8668515950069349
            ],
            "eur_to_usd": [
                1.1336
            ]
        },
        "usd_kzt": {
            "usd_to_kzt": [
                466.0
            ],
            "kzt_to_usd": [
                0.0021141649048625794
            ]
        },
        "usd_rsd": {
            "usd_to_rsd": [
                102.78
            ],
            "rsd_to_usd": [
                0.00972951936174353
            ]
        },
        "eur_kzt": {
            "eur_to_kzt": [
                532.0
            ],
            "kzt_to_eur": [
                0.0018552875695732839
            ]
        },
        "eur_rsd": {
            "eur_to_rsd": [
                117.8165962141
            ],
            "rsd_to_eur": [
                0.008487768549880433
            ]
        },
        "kzt_rsd": {
            "kzt_to_rsd": [
                0.2189976988
            ],
            "rsd_to_kzt": [
                4.566258026817221
            ]
        },
        "eur_usd_forex": {
            "eur_to_usd": [
                1.143544576511137
            ],
            "usd_to_eur": [
                0.874474
            ]
        }
    },
    "update_time": "2026-07-15 06:35:51",
    "update_time_display": "15.07 06:35"
}