{
    "rub2rsd": {
        "bank": {
            "current": 1.217207154147559,
            "sparkline_full": "           1.26                   \n  █▇▃▂▂▂▄▅▆▇█▇▇▇         ▁▁▁▁▁▂▁  \n                        1.21      "
        },
        "korona": {
            "current": 1.1810653982769517,
            "diff_percent": -2.9692362345601233
        },
        "crypto": {
            "current": 1.2233203471396223,
            "diff_percent": 0.5022311092432313
        },
        "forex": {
            "current": 1.2734797527417365,
            "diff_percent": 4.623091345004997
        }
    },
    "rub2eur": {
        "bank": {
            "current": 0.010482180293501047,
            "sparkline_full": " 92.7                             \n  █▆▂▂▄▄▅▆▇█▇██▇         ▂▁▂▂▂▂▁  \n                         95.5     "
        },
        "korona": {
            "current": 0.010116191848196588,
            "diff_percent": -3.4915297682045425
        },
        "crypto": {
            "current": 0.010506710964109444,
            "diff_percent": 0.23402259760410718
        },
        "forex": {
            "current": 0.010872384140969792,
            "diff_percent": 3.7225447048518268
        }
    },
    "rub2usd": {
        "bank": {
            "current": 0.012292562999385373,
            "sparkline_full": "             80.5                 \n  ▆▄▂▃▃▃▅▆▆▇▇▇▇▆         ▆▆▆▆▆▆▄  \n   82.2                           "
        },
        "korona": {
            "current": 0.011435198305085863,
            "diff_percent": -6.97466178812651
        },
        "crypto": {
            "current": 0.012296370822110861,
            "diff_percent": 0.030976637871846503
        },
        "forex": {
            "current": 0.012792926023625976,
            "diff_percent": 4.070453202197303
        }
    },
    "xdr": {
        "rub2xdr": {
            "current_rate": 0.00886742799975959,
            "sparkline": "▃▃▂▁▁▁▂▂▂▃▃▃▃▃         ▂█████▁"
        },
        "usd2xdr": {
            "current_rate": 0.696084,
            "sparkline": "▃▃▃▂▂▂▂▂▂▃▃▃▃▃         ▃█████▁"
        },
        "eur2xdr": {
            "current_rate": 0.8155918595945263,
            "sparkline": "▁▁▂▁▁▁▁▁▁▁▁▁▁▁         ▃█████▁"
        },
        "cny2xdr": {
            "current_rate": 0.09695168321796176,
            "sparkline": "▃▃▃▂▂▂▂▂▂▂▂▂▂▂         ▃█████▁"
        },
        "rsd2xdr": {
            "current_rate": 0.00696314800503775,
            "sparkline": "▁▁▂▁▁▁▁▁▁▁▁▁▁▁         ▃█████▁"
        }
    },
    "neer": {
        "rub": {
            "current_rate": 97.60932617030507,
            "sparkline": "▅▇▄▅▂▂▄▆▆▆▆▇▆▇▆▆▅▅▅▅▅▄▃▂▂▃▂▃▃▄"
        },
        "usd": {
            "current_rate": 103.37999789714767,
            "sparkline": "▆▆▄▅▄▄▄▄▅▆▅▆▆▇▄▅▃▃▃▃▃▂▂▂▂▂▂▂▃▃"
        },
        "eur": {
            "current_rate": 110.50007898751507,
            "sparkline": "▂▂▄▃▄▄▄▄▄▃▄▄▄▄▄▄▅▅▆▆▆▆▇▇▆▇▇▇▆▆"
        },
        "cny": {
            "current_rate": 103.13399093683744,
            "sparkline": "▅▅▄▅▄▄▄▄▅▅▅▅▅▆▄▅▃▃▃▃▃▃▃▃▃▃▃▃▄▄"
        },
        "rsd": {
            "current_rate": 110.47074689868562,
            "sparkline": "▃▃▃▅▄▄▄▅▄▄▅▄▄▅▅▅▅▅▅▅▆▆▆▆▆▆▆▆▆▆"
        }
    },
    "update_time": "2025-07-09 08:20:50",
    "update_time_display": "09.07 08:20"
}