{
    "rub2rsd": {
        "bank": {
            "current": 1.2007761868261402,
            "sparkline_full": "    1.23                          \n  ▁▁▆█▆▆▆▆▅▆▆▄▄▄▆▄▄▅▃▃▂▂▃▅▅▁▁▁▂▃  \n                            1.19  "
        },
        "korona": {
            "current": 1.1576179825160717,
            "diff_percent": -3.594192221961286
        },
        "crypto": {
            "current": 1.1582717423517586,
            "diff_percent": -3.5397474517485428
        },
        "forex": {
            "current": 1.2502389876219362,
            "diff_percent": 4.119235652610232
        }
    },
    "rub2eur": {
        "bank": {
            "current": 0.010349824052991098,
            "sparkline_full": "    94.8                          \n  ▁▁▆█▇▇▆▆▅▆▆▅▅▅▅▄▄▄▄▄▃▂▃▃▃▁▁▁▂▃  \n 97.6                             "
        },
        "korona": {
            "current": 0.009915357451957789,
            "diff_percent": -4.197816299183837
        },
        "crypto": {
            "current": 0.009943483400887859,
            "diff_percent": -3.926063380621499
        },
        "forex": {
            "current": 0.010668972916525023,
            "diff_percent": 3.0836163194647828
        }
    },
    "rub2usd": {
        "bank": {
            "current": 0.01208313194780087,
            "sparkline_full": "           81.9                   \n  ▂▁▄▅▅▅▆▆▅██▆▆▆▇▇▇▆▆▆▆▅▅▇▆▄▄▄▄▅  \n  84.1                            "
        },
        "korona": {
            "current": 0.011293833975766554,
            "diff_percent": -6.532230016555996
        },
        "crypto": {
            "current": 0.011585357283409231,
            "diff_percent": -4.119583122505199
        },
        "forex": {
            "current": 0.012418225981909128,
            "diff_percent": 2.7732382262799513
        }
    },
    "xdr": {
        "rub2xdr": {
            "current_rate": 0.00869687238983361,
            "sparkline": "▁▁▃▃▅▅██▇█▇▆▇▇███▇▇▇▅▄▄▅▅▅▅▄▅▅"
        },
        "usd2xdr": {
            "current_rate": 0.700089,
            "sparkline": "▃▃▃▃▃▃▆▆▆▆▅▅▅▅▅▅▅▅▆▅▄▄▄▅▅▅▄▄▅▅"
        },
        "eur2xdr": {
            "current_rate": 0.8151555410139943,
            "sparkline": "▃▂▁▁▃▃▆▆▇▇▆▆▆▆▆█▇▇█▇▆▅▅▆▆▇▆▆▆▆"
        },
        "cny2xdr": {
            "current_rate": 0.09787484796376293,
            "sparkline": "▃▃▃▃▃▃▆▆▆▆▅▅▅▅▅▆▆▆▆▅▄▄▄▅▆▆▄▅▆▆"
        },
        "rsd2xdr": {
            "current_rate": 0.006956167961435774,
            "sparkline": "▃▂▁▁▃▃▆▆▇▇▆▆▆▆▇█▇▇█▇▆▆▅▆▆▇▆▆▆▆"
        }
    },
    "neer": {
        "rub": {
            "current_rate": 95.31477648623925,
            "sparkline": "█▁▃█▇▇▆█▆▅█▆▆██▅▆▆▅▅▆▄▄▄▅▄▃▅▄▄"
        },
        "usd": {
            "current_rate": 103.96243300553624,
            "sparkline": "▄▄▆▆▄▄▄▅▄▃▃▃▃▄▄▃▃▃▃▃▃▄▄▄▄▃▃▃▃▃"
        },
        "eur": {
            "current_rate": 110.32056802452239,
            "sparkline": "▄▄▃▃▅▅▄▄▅▅▅▅▅▅▅▆▅▅▆▆▅▆▅▅▅▆▆▆▅▅"
        },
        "cny": {
            "current_rate": 104.3365897627902,
            "sparkline": "▅▅▆▆▃▃▅▅▄▄▄▄▄▄▄▃▄▄▃▃▄▄▄▅▅▄▄▄▅▅"
        },
        "rsd": {
            "current_rate": 110.50102621149016,
            "sparkline": "▅▅▄▄▅▅▅▅▄▅▅▅▅▆▅▅▅▆▅▅▃▃▅▅▅▅▅▅▅▅"
        }
    },
    "update_time": "2025-08-27 00:06:36",
    "update_time_display": "27.08 00:06"
}