{
    "rub2rsd": {
        "bank": {
            "current": 1.236575310158967,
            "sparkline_full": "                 1.26             \n  ▁▁▂▂▃▂▁▁▃▅▅▂▃▃▃▄███▇███▇▇▇███▆  \n 1.20                             "
        },
        "korona": {
            "current": 1.1935309882802325,
            "diff_percent": -3.480930075597328
        },
        "crypto": {
            "current": 1.2530612297387334,
            "diff_percent": 1.3331917145949714
        },
        "forex": {
            "current": 1.3016599651570357,
            "diff_percent": 5.263298924325273
        }
    },
    "rub2eur": {
        "bank": {
            "current": 0.01059658789869662,
            "sparkline_full": "                 92.5             \n  ▁▁▂▂▃▂▁▁▃▅▅▃▂▂▂▅██▇▇▇▇▇███▇▇▇▅  \n  96.9                            "
        },
        "korona": {
            "current": 0.010244901186954786,
            "diff_percent": -3.3188674987076894
        },
        "crypto": {
            "current": 0.010690334270321795,
            "diff_percent": 0.8846845090267815
        },
        "forex": {
            "current": 0.011086340209464089,
            "diff_percent": 4.6217925567126015
        }
    },
    "rub2usd": {
        "bank": {
            "current": 0.012102142079148009,
            "sparkline_full": "                             81.8 \n  ▁▁▃▃▃▂▁▁▃▅▅▃▂▂▂▃▅▆▆▅▅▅▅▆▆▇▇██▆  \n 85.1                             "
        },
        "korona": {
            "current": 0.011358462263560095,
            "diff_percent": -6.145026316202931
        },
        "crypto": {
            "current": 0.012184905275104648,
            "diff_percent": 0.6838722881897112
        },
        "forex": {
            "current": 0.012545351445475392,
            "diff_percent": 3.662238993963168
        }
    },
    "xdr": {
        "rub2xdr": {
            "current_rate": 0.009060223820586898,
            "sparkline": "▁▁▁▁▁▁▁▁▂▃▃▂▁▁▁▂▄▄▄▄██▅▅▅▅▅▆▆▅"
        },
        "usd2xdr": {
            "current_rate": 0.715806,
            "sparkline": "▂▂▂▂▂▂▂▂▂▂▂▂▂▂▂▂▂▂▂▂▇▇▄▄▃▂▂▃▃▂"
        },
        "eur2xdr": {
            "current_rate": 0.8172420879572545,
            "sparkline": "▄▄▄▃▃▄▃▃▄▄▄▃▃▃▃▂▂▂▂▂▇▇▄▄▄▃▄▄▄▄"
        },
        "cny2xdr": {
            "current_rate": 0.09979728410897025,
            "sparkline": "▁▁▁▁▁▂▂▂▂▂▂▃▃▃▃▃▃▃▃▃██▄▄▃▃▃▄▄▃"
        },
        "rsd2xdr": {
            "current_rate": 0.0069605150831337495,
            "sparkline": "▄▄▄▄▃▄▄▄▄▄▄▄▄▄▃▃▁▁▂▂██▄▄▄▄▄▄▄▄"
        }
    },
    "neer": {
        "rub": {
            "current_rate": 97.08453748013527,
            "sparkline": "▂▂▂▄▄▄▂▂▄▃▅▅▆▂▂▇▇▆▇▇▆▆▇▇▅▇▇▇▇▆"
        },
        "usd": {
            "current_rate": 104.27034267179535,
            "sparkline": "▆▆▅▅▅▅▅▅▅▅▅▅▅▅▅▆▆▅▅▅▅▅▅▅▄▄▄▃▃▃"
        },
        "eur": {
            "current_rate": 108.25803846319107,
            "sparkline": "▆▆▆▆▆▅▅▅▅▄▅▄▄▄▄▃▃▃▃▃▃▃▄▄▄▄▄▄▄▄"
        },
        "cny": {
            "current_rate": 103.72626873119634,
            "sparkline": "▄▄▄▄▄▃▃▃▂▄▄▄▄▄▄▆▇▅▅▅▅▅▅▅▄▄▄▄▄▄"
        },
        "rsd": {
            "current_rate": 109.2516677196098,
            "sparkline": "▅▆▅▅▅▅▅▅▅▅▅▅▄▆▆▆▄▃▃▃▄▄▄▅▄▄▄▄▄▄"
        }
    },
    "update_time": "2025-05-26 09:35:40",
    "update_time_display": "26.05 09:35"
}