{
    "rub2rsd": {
        "bank": {
            "current": 1.2417311589287428,
            "sparkline_full": "  1.26                            \n  ▇█▇▇▇         ▁▁▁▁▁▂▄▅▅▅▅▄▄▆▅▆  \n               1.21               "
        },
        "korona": {
            "current": 1.1942116137983685,
            "diff_percent": -3.826878691791062
        },
        "crypto": {
            "current": 1.2033947996786192,
            "diff_percent": -3.0873316639003274
        },
        "forex": {
            "current": 1.2920028572174254,
            "diff_percent": 4.048517098665112
        }
    },
    "rub2eur": {
        "bank": {
            "current": 0.010757314974182445,
            "sparkline_full": "    92.8                          \n  ████▇         ▂▁▂▂▂▂▄▄▅▅▅▄▅▆▆█  \n                95.5              "
        },
        "korona": {
            "current": 0.010225665194603765,
            "diff_percent": -4.942216350963406
        },
        "crypto": {
            "current": 0.010304180700885832,
            "diff_percent": -4.21233620456532
        },
        "forex": {
            "current": 0.011028776749914027,
            "diff_percent": 2.5235086672007863
        }
    },
    "rub2usd": {
        "bank": {
            "current": 0.012476606363069244,
            "sparkline_full": "                         80.1     \n  ▄▄▅▅▄         ▃▃▄▄▄▄▅▆▆▆▆▅▅▅▅▆  \n                81.0              "
        },
        "korona": {
            "current": 0.01170795699802322,
            "diff_percent": -6.160724660843886
        },
        "crypto": {
            "current": 0.0119271131691521,
            "diff_percent": -4.404187949245912
        },
        "forex": {
            "current": 0.012790078991527853,
            "diff_percent": 2.512483117095747
        }
    },
    "xdr": {
        "rub2xdr": {
            "current_rate": 0.009009836505648355,
            "sparkline": "▂▃▃▃▃         ▂▇████▁▂▂▁▁▁▂▂▂▂"
        },
        "usd2xdr": {
            "current_rate": 0.703212,
            "sparkline": "▃▃▃▃▃         ▃█████▁▁▁▁▁▁▁▂▂▂"
        },
        "eur2xdr": {
            "current_rate": 0.8169388781687498,
            "sparkline": "▁▁▁▁▁         ▃█████▁▁▁▁▁▁▁▁▁▁"
        },
        "cny2xdr": {
            "current_rate": 0.09788994529281568,
            "sparkline": "▂▂▂▂▂         ▃█████▁▁▁▁▁▁▁▂▂▂"
        },
        "rsd2xdr": {
            "current_rate": 0.006973542245140816,
            "sparkline": "▁▁▁▁▁         ▃█████▁▁▁▁▁▁▁▁▁▁"
        }
    },
    "neer": {
        "rub": {
            "current_rate": 98.57333904808723,
            "sparkline": "▆▆▆▆▇▅▅▅▄▄▄▄▂▃▂▂▃▂▃▃▅▅▆▆▆▆▆▇▆▆"
        },
        "usd": {
            "current_rate": 103.9751523030883,
            "sparkline": "▆▅▆▆▇▅▅▄▃▃▃▃▂▃▃▃▂▂▃▃▄▄▄▄▄▄▄▅▅▅"
        },
        "eur": {
            "current_rate": 110.20635934898763,
            "sparkline": "▃▃▄▄▃▄▄▅▅▅▅▅▆▆▆▆▆▆▆▆▅▆▅▆▆▆▆▅▅▅"
        },
        "cny": {
            "current_rate": 103.86455232475183,
            "sparkline": "▅▅▅▅▆▄▅▄▃▃▃▃▃▃▃▃▃▃▄▄▄▄▅▄▄▅▅▅▅▅"
        },
        "rsd": {
            "current_rate": 110.33379018934946,
            "sparkline": "▃▄▄▄▄▄▄▄▄▄▅▅▅▆▅▅▅▅▆▅▅▅▅▅▄▄▅▄▄▄"
        }
    },
    "update_time": "2025-07-18 03:06:22",
    "update_time_display": "18.07 03:06"
}