{
    "rub2rsd": {
        "bank": {
            "current": 1.3386265658988514,
            "sparkline_full": "   1.36                           \n  ▄▆█▇█▇▇▇▇▆▇▇▇▇▆▅▃▁▂▃▃▄▅▆▆▆▅▅▅▆  \n                  1.30            "
        },
        "korona": {
            "current": 1.29766143522088,
            "diff_percent": -3.0602358956222044
        },
        "crypto": {
            "current": 1.4185282902104528,
            "diff_percent": 5.968933110030543
        },
        "forex": {
            "current": 1.4028798126194464,
            "diff_percent": 4.799938112497465
        }
    },
    "rub2eur": {
        "bank": {
            "current": 0.011519410206197442,
            "sparkline_full": "   85.7                           \n  ▄▆█████▇▆▆████▇▅▃▁▂▂▂▃▅▆▆▆▅▅▅▆  \n                  89.4            "
        },
        "korona": {
            "current": 0.011110115027576027,
            "diff_percent": -3.5530914456125045
        },
        "crypto": {
            "current": 0.012182011877071458,
            "diff_percent": 5.752045104857338
        },
        "forex": {
            "current": 0.011955266216050774,
            "diff_percent": 3.783666021536773
        }
    },
    "rub2usd": {
        "bank": {
            "current": 0.013374348000534974,
            "sparkline_full": "            73.7                  \n  ▄▇█▇▇▇▇▇▇▇████▇▅▃▁▂▂▂▂▅▅▅▅▅▅▅▅  \n                  76.9            "
        },
        "korona": {
            "current": 0.012617029024996401,
            "diff_percent": -5.662473980101914
        },
        "crypto": {
            "current": 0.01411527113731881,
            "diff_percent": 5.539882293732736
        },
        "forex": {
            "current": 0.013802374836614388,
            "diff_percent": 3.200356653365777
        }
    },
    "xdr": {
        "rub2xdr": {
            "current_rate": 0.009760055698435657,
            "sparkline": "▂▃▄▅█▅▃▄▃▃▄▄▄▄▃▂▁▁▁▁▁▂▃▄▃▃▂▂▂▃"
        },
        "usd2xdr": {
            "current_rate": 0.703697,
            "sparkline": "▂▂▂▃▇▄▂▂▂▂▂▂▂▂▂▂▂▂▂▂▂▃▃▃▃▃▃▃▃▃"
        },
        "eur2xdr": {
            "current_rate": 0.8163812935702013,
            "sparkline": "▃▃▂▃▇▄▃▃▂▃▃▃▃▃▂▃▂▃▂▂▂▃▃▃▃▃▃▃▃▃"
        },
        "cny2xdr": {
            "current_rate": 0.10413107816153186,
            "sparkline": "▂▂▂▃▇▄▂▂▂▂▂▂▂▂▂▃▃▃▃▃▃▃▃▃▃▃▃▃▃▃"
        },
        "rsd2xdr": {
            "current_rate": 0.006957157420500445,
            "sparkline": "▃▃▂▃▇▄▃▃▃▃▃▃▃▃▂▃▂▃▂▂▂▃▃▃▃▃▃▃▃▃"
        }
    },
    "neer": {
        "rub": {
            "current_rate": 105.88183937579775,
            "sparkline": "▃▅▇██▆▆█▆▆█▇▆▆▇▆▄▃▁▂▂▁▃▆▅▅▄▄▄▄"
        },
        "usd": {
            "current_rate": 102.53154363892098,
            "sparkline": "▄▄▄▄▄▅▅▄▄▄▄▄▄▄▄▄▄▄▄▅▅▅▄▅▅▅▅▅▄▅"
        },
        "eur": {
            "current_rate": 108.85040601295752,
            "sparkline": "▅▅▅▄▄▄▄▄▄▅▄▄▄▄▄▅▄▅▅▄▄▄▄▄▄▄▄▄▄▄"
        },
        "cny": {
            "current_rate": 112.22712196653802,
            "sparkline": "▄▄▄▄▅▃▃▄▄▄▅▅▃▃▅▅▅▅▆▅▅▆▆▄▅▄▄▄▄▄"
        },
        "rsd": {
            "current_rate": 109.34287854753151,
            "sparkline": "▇█▇▇▇▂▂▇▇▇▇▇▂▂▇▇▇▇▆▂▂▇▆▂▂▂▂▂▁▂"
        }
    },
    "specific_rates": {
        "rub_kzt_bank": 6.56,
        "rub_kzt_crypto": 6.937655763992195,
        "kzt_rsd_bank": 0.2044679555265476,
        "rsd_eur_cash": 0.00844880027036161,
        "eur_rsd_cash": 116.8,
        "rsd_usd_cash": 0.009722897423432181,
        "usd_rsd_cash": 99.3,
        "eur_usd_exch": 1.160131837382,
        "usd_kzt_bank": 484.5
    },
    "update_time": "2026-06-16 15:05:47",
    "update_time_display": "16.06 15:05"
}