{
    "rub2rsd": {
        "bank": {
            "current": 1.1884946855870044,
            "sparkline_full": "     1.22                         \n  ▂▃▆██▃▁▁▁▂▂▄▄▁▁▁▅▆▄▃▄▄▄▃▄▄▃▃▃▂  \n        1.18                      "
        },
        "korona": {
            "current": 1.160236685104642,
            "diff_percent": -2.3776295195132233
        },
        "crypto": {
            "current": 1.2194560425129706,
            "diff_percent": 2.6050900606824454
        },
        "forex": {
            "current": 1.2477906770606386,
            "diff_percent": 4.989167574135811
        }
    },
    "rub2eur": {
        "bank": {
            "current": 0.010237510237510237,
            "sparkline_full": "    95.0                          \n  ▄▃▆██▂▁▁▂▃▂▃▂▁▁▁▄▆▅▄▃▃▃▄▄▄▃▃▃▂  \n        98.2                      "
        },
        "korona": {
            "current": 0.009934748373984701,
            "diff_percent": -2.9573778829174375
        },
        "crypto": {
            "current": 0.01049243148662975,
            "diff_percent": 2.4900707613994046
        },
        "forex": {
            "current": 0.010648119589984005,
            "diff_percent": 4.010832154963768
        }
    },
    "rub2usd": {
        "bank": {
            "current": 0.011863803535413452,
            "sparkline_full": "     81.4                         \n  ▂▂▅██▃▂▂▂▃▁▄▃▁▁▁▅▆▅▂▁▁▁▁▁▁▁▂▂▁  \n                              84.3"
        },
        "korona": {
            "current": 0.011307562541917846,
            "diff_percent": -4.688555334174468
        },
        "crypto": {
            "current": 0.012134984802847882,
            "diff_percent": 2.285786903204805
        },
        "forex": {
            "current": 0.012343667451723916,
            "diff_percent": 4.044772950580899
        }
    },
    "xdr": {
        "rub2xdr": {
            "current_rate": 0.008674326975511983,
            "sparkline": "▂▃▆█▆▂▂▁▁▂▁▁▃▇▆▅▆▆▅▅▅▄▄▅▄▄▅▄▄▃"
        },
        "usd2xdr": {
            "current_rate": 0.704795,
            "sparkline": "▄▄▄▄▃▃▃▃▃▃▃▄▄▄▄▃▃▃▃▄▄▄▅▆▆▆▆▅▅▄"
        },
        "eur2xdr": {
            "current_rate": 0.814634631233045,
            "sparkline": "▄▄▄▅▅▅▄▄▄▄▃▄▄▄▄▄▅▄▃▄▄▄▄▄▄▅▆▅▅▄"
        },
        "cny2xdr": {
            "current_rate": 0.09899223281879853,
            "sparkline": "▄▄▄▄▃▃▃▃▃▃▃▄▄▄▄▄▄▄▄▄▄▄▅▆▆▆▆▅▅▅"
        },
        "rsd2xdr": {
            "current_rate": 0.006951748506364612,
            "sparkline": "▄▄▄▅▅▅▅▄▄▄▃▄▄▄▄▄▅▄▃▄▃▄▄▄▄▅▆▅▅▄"
        }
    },
    "neer": {
        "rub": {
            "current_rate": 95.54088679628204,
            "sparkline": "▁▂▄▅█▇▂▁▇▁▂▁▂▆▅▁█▅█▅▅▃▅▅▄▃▃▄▃▃"
        },
        "usd": {
            "current_rate": 104.54897724156217,
            "sparkline": "▄▄▅▄▄▃▃▃▃▄▄▄▄▄▄▄▄▃▅▅▅▄▅▅▆▅▅▄▅▅"
        },
        "eur": {
            "current_rate": 110.1617327158939,
            "sparkline": "▅▄▄▅▅▅▅▅▅▄▄▄▅▅▅▅▅▅▄▄▄▅▄▄▄▄▄▅▅▄"
        },
        "cny": {
            "current_rate": 106.17936576116148,
            "sparkline": "▄▄▄▄▄▃▃▃▄▄▄▅▅▄▄▅▅▅▆▅▅▅▅▆▆▆▆▅▅▅"
        },
        "rsd": {
            "current_rate": 110.49278618211117,
            "sparkline": "▅▆▅▅▅▅▄▅▅▅▅▅▄▄▄▄▅▄▆▄▄▃▃▄▄▄▄▄▄▅"
        }
    },
    "update_time": "2025-11-10 22:05:52",
    "update_time_display": "10.11 22:05"
}