{
    "rub2rsd": {
        "bank": {
            "current": 1.208256413933496,
            "sparkline_full": "                 1.26             \n  ▆▆▅▅▅▆▆▆▆▇▇▇█████▇▄▂▁▁▂▂▁▁▁▁▁▃  \n                            1.19  "
        },
        "korona": {
            "current": 1.1697630223943392,
            "diff_percent": -3.185862793299063
        },
        "crypto": {
            "current": 1.2452569832328255,
            "diff_percent": 3.062311018807152
        },
        "forex": {
            "current": 1.2656237112308792,
            "diff_percent": 4.747940638744327
        }
    },
    "rub2eur": {
        "bank": {
            "current": 0.010370216737529813,
            "sparkline_full": "                 92.8             \n  ▆▆▆▅▆▆▇▇▇▇▇▇█████▇▄▂▂▂▃▂▂▂▁▁▁▃  \n                             97.9 "
        },
        "korona": {
            "current": 0.009989436570404261,
            "diff_percent": -3.6718631515916975
        },
        "crypto": {
            "current": 0.010700056543760822,
            "diff_percent": 3.180645251485622
        },
        "forex": {
            "current": 0.010782272451218058,
            "diff_percent": 3.9734532470957507
        }
    },
    "rub2usd": {
        "bank": {
            "current": 0.012193634922570418,
            "sparkline_full": "                 79.4             \n  ▄▄▄▃▅▅▅▅▆▆▆▇▇▇▇▇█▆▄▂▂▂▃▃▂▂▂▁▁▃  \n                             83.4 "
        },
        "korona": {
            "current": 0.011444702303046072,
            "diff_percent": -6.14199641271916
        },
        "crypto": {
            "current": 0.01255734697565759,
            "diff_percent": 2.9828025473679
        },
        "forex": {
            "current": 0.012388196526349695,
            "diff_percent": 1.5955997125938561
        }
    },
    "xdr": {
        "rub2xdr": {
            "current_rate": 0.008816102524237127,
            "sparkline": "▅▆▆▅▆▇▇▇▇▇▇██████▆▃▂▂▂▂▂▁▁▁▁▁▃"
        },
        "usd2xdr": {
            "current_rate": 0.695829,
            "sparkline": "▆▆▆▅▅▅▅▅▅▅▅▄▄▄▄▄▄▄▄▄▃▃▃▃▃▃▃▃▄▃"
        },
        "eur2xdr": {
            "current_rate": 0.8176479090213664,
            "sparkline": "▄▅▅▄▅▄▄▄▅▄▅▅▄▄▄▄▄▅▅▅▅▄▅▅▄▄▄▄▄▅"
        },
        "cny2xdr": {
            "current_rate": 0.09888148358675573,
            "sparkline": "▅▅▅▅▅▅▅▅▅▅▅▄▄▄▄▄▄▅▄▄▄▄▄▄▄▄▄▄▄▄"
        },
        "rsd2xdr": {
            "current_rate": 0.006965816495064753,
            "sparkline": "▄▅▅▅▅▄▄▄▅▄▅▅▄▄▄▄▄▄▅▅▅▄▅▅▄▄▄▅▄▅"
        }
    },
    "neer": {
        "rub": {
            "current_rate": 94.99096565530324,
            "sparkline": "▅▂▅▅▅▆▇▇▅▆▆▆▇██▇▇█▅▃▂▂▃▂▃▁▂▁▁▁"
        },
        "usd": {
            "current_rate": 103.58523001329242,
            "sparkline": "▆▅▅▅▅▅▅▅▄▅▄▄▄▄▄▄▄▄▄▄▄▄▄▃▄▄▄▄▄▄"
        },
        "eur": {
            "current_rate": 110.85582451599899,
            "sparkline": "▄▄▄▄▄▄▄▄▄▄▄▄▄▄▄▄▄▄▅▅▅▅▅▅▅▅▅▅▅▅"
        },
        "cny": {
            "current_rate": 107.24598813989431,
            "sparkline": "▄▅▅▅▄▅▄▄▄▅▄▄▄▄▄▄▄▅▄▄▄▄▄▄▄▅▅▅▅▅"
        },
        "rsd": {
            "current_rate": 110.42413881948059,
            "sparkline": "▅▅▅▅▅▅▅▅▄▅▃▅▅▅▅▅▅▅▅▆▅▅▅▅▅▆▅▅▅▅"
        }
    },
    "specific_rates": {
        "rub_kzt_bank": 6.31,
        "rub_kzt_crypto": 6.51098440687846,
        "kzt_rsd_bank": 0.19125479427001654,
        "rsd_eur_cash": 0.008436445444319459,
        "eur_rsd_cash": 117.10000000000001,
        "rsd_usd_cash": 0.009783778495254867,
        "usd_rsd_cash": 98.1,
        "eur_usd_exch": 1.1750701810665642,
        "usd_kzt_bank": 512.5
    },
    "update_time": "2025-12-22 15:05:47",
    "update_time_display": "22.12 15:05"
}