{
    "rub2rsd": {
        "bank": {
            "current": 1.1949265556076911,
            "sparkline_full": "                1.22              \n  ▂▃▂▁▁▁▁▃▅▅▅▅▅▇██▅▄▄▄▄▄▆▅▄▄▄▆▇▅  \n      1.16                        "
        },
        "korona": {
            "current": 1.1678503317425162,
            "diff_percent": -2.265932055665553
        },
        "crypto": {
            "current": 1.2703376157669188,
            "diff_percent": 6.3109368358523685
        },
        "forex": {
            "current": 1.260957674565742,
            "diff_percent": 5.5259562730589895
        }
    },
    "rub2eur": {
        "bank": {
            "current": 0.010314595152140279,
            "sparkline_full": "               95.0               \n  ▂▃▂▁▁▁▂▃▄▅▅▅▅▇██▄▃▃▄▅▄▅▄▃▃▃▆▇▅  \n      100                         "
        },
        "korona": {
            "current": 0.010003000700150031,
            "diff_percent": -3.0209082120454487
        },
        "crypto": {
            "current": 0.010901632603575712,
            "diff_percent": 5.691328091666521
        },
        "forex": {
            "current": 0.010757891263857374,
            "diff_percent": 4.2977558030972345
        }
    },
    "rub2usd": {
        "bank": {
            "current": 0.012020675561966582,
            "sparkline_full": "                81.4              \n  ▃▄▃▂▂▁▂▃▄▄▄▄▄▆▇█▅▃▃▄▄▃▅▄▃▃▃▅▆▅  \n      85.2                        "
        },
        "korona": {
            "current": 0.011377804206259726,
            "diff_percent": -5.348046808125336
        },
        "crypto": {
            "current": 0.0126794058678889,
            "diff_percent": 5.479977414967768
        },
        "forex": {
            "current": 0.012583127284624046,
            "diff_percent": 4.67903588078744
        }
    },
    "xdr": {
        "rub2xdr": {
            "current_rate": 0.008755814385040252,
            "sparkline": "▁▂▁▁▁▁▁▃▄▅▄▅▅▇█▇▅▄▄▄▄▄▄▅▇▇▆▇▇▆"
        },
        "usd2xdr": {
            "current_rate": 0.700447,
            "sparkline": "▄▄▃▃▄▄▄▅▅▆▅▅▅▆▅▅▅▅▅▄▅▅▅▅▅▅▅▅▅▅"
        },
        "eur2xdr": {
            "current_rate": 0.8138969032394504,
            "sparkline": "▅▅▄▄▄▄▄▄▄▅▄▄▄▄▅▅▅▅▅▄▄▄▄▅▅▄▅▅▄▄"
        },
        "cny2xdr": {
            "current_rate": 0.09855595109116237,
            "sparkline": "▄▄▃▄▄▄▄▅▅▆▅▅▅▅▅▅▅▄▄▄▅▅▅▅▅▅▅▅▅▅"
        },
        "rsd2xdr": {
            "current_rate": 0.0069437813509923285,
            "sparkline": "▅▅▄▄▅▄▄▄▄▅▄▄▄▅▅▅▅▅▅▄▄▄▄▄▄▄▄▅▄▄"
        }
    },
    "neer": {
        "rub": {
            "current_rate": 96.39478059906766,
            "sparkline": "▁▃▄▁▁▄▁▃▄▄▄▄▄▅▆██▄▄█▄▄▄▄▇▇▇▇▇▆"
        },
        "usd": {
            "current_rate": 104.09824839609206,
            "sparkline": "▄▄▄▄▄▄▄▅▄▅▅▅▅▅▅▅▄▄▄▄▅▅▅▅▅▅▅▄▄▄"
        },
        "eur": {
            "current_rate": 110.22556190171761,
            "sparkline": "▅▅▅▅▅▅▅▄▄▄▄▅▄▄▄▄▅▅▅▄▄▄▄▄▄▄▄▄▄▄"
        },
        "cny": {
            "current_rate": 105.93161197917114,
            "sparkline": "▄▄▄▄▄▄▅▅▅▅▅▅▅▅▅▅▅▄▅▅▅▅▅▅▅▅▅▅▅▅"
        },
        "rsd": {
            "current_rate": 110.30297911943103,
            "sparkline": "▅▅▅▅▅▅▅▄▅▄▅▅▅▅▄▅▅▄▄▄▄▄▄▄▄▄▄▄▄▄"
        }
    },
    "update_time": "2025-10-30 08:50:42",
    "update_time_display": "30.10 08:50"
}