{
    "rub2rsd": {
        "bank": {
            "current": 1.2345224062582125,
            "sparkline_full": " 1.25                             \n  ███         ▁▁▁▁▁▂▄▅▅▅▅▄▅▇▆▆▅▅  \n             1.21                 "
        },
        "korona": {
            "current": 1.1930923815622714,
            "diff_percent": -3.3559556704615736
        },
        "crypto": {
            "current": 1.2368508184699754,
            "diff_percent": 0.18860833954566728
        },
        "forex": {
            "current": 1.2826112969704466,
            "diff_percent": 3.8953436947320856
        }
    },
    "rub2eur": {
        "bank": {
            "current": 0.010641694157709908,
            "sparkline_full": "  92.8                            \n  ██▇         ▁▁▂▂▂▂▄▄▅▅▅▄▅▆▇▅▅▅  \n              95.5                "
        },
        "korona": {
            "current": 0.010223585103361365,
            "diff_percent": -3.928970783713257
        },
        "crypto": {
            "current": 0.010620345204923715,
            "diff_percent": -0.20061610933185423
        },
        "forex": {
            "current": 0.010950533982265752,
            "diff_percent": 2.9021678313512633
        }
    },
    "rub2usd": {
        "bank": {
            "current": 0.012405408758218583,
            "sparkline_full": "                       80.1       \n  ▅▅▄         ▃▃▄▄▄▄▅▆▆▆▆▅▅▅▆▄▄▄  \n              81.0                "
        },
        "korona": {
            "current": 0.01171516944501044,
            "diff_percent": -5.564019103770848
        },
        "crypto": {
            "current": 0.01235569572860406,
            "diff_percent": -0.40073673172266566
        },
        "forex": {
            "current": 0.012769288329253546,
            "diff_percent": 2.9332332221128397
        }
    },
    "xdr": {
        "rub2xdr": {
            "current_rate": 0.008936397217908574,
            "sparkline": "▃▃▃         ▂▇████▁▂▂▁▁▁▂▂▂▂▂▂"
        },
        "usd2xdr": {
            "current_rate": 0.701779,
            "sparkline": "▃▃▃         ▃█████▁▁▁▁▁▁▁▂▂▂▂▂"
        },
        "eur2xdr": {
            "current_rate": 0.8160695389266819,
            "sparkline": "▁▁▁         ▃█████▁▁▁▁▁▁▁▁▁▁▁▁"
        },
        "cny2xdr": {
            "current_rate": 0.09776872226749977,
            "sparkline": "▂▂▂         ▃█████▁▁▁▁▁▁▁▂▂▂▂▂"
        },
        "rsd2xdr": {
            "current_rate": 0.006967346411977284,
            "sparkline": "▁▁▁         ▃█████▁▁▁▁▁▁▁▁▁▁▁▁"
        }
    },
    "neer": {
        "rub": {
            "current_rate": 98.12188134958808,
            "sparkline": "▆▆▇▅▅▅▄▄▄▄▂▃▂▂▂▂▂▃▅▅▆▆▆▆▆▇▇▇▅▅"
        },
        "usd": {
            "current_rate": 104.0175215680182,
            "sparkline": "▆▆▇▅▅▄▃▃▃▃▂▃▂▂▂▂▃▃▄▄▄▄▃▄▄▅▅▅▅▅"
        },
        "eur": {
            "current_rate": 110.25173956504838,
            "sparkline": "▃▃▃▄▄▅▅▅▅▅▆▆▆▆▆▆▆▆▅▅▅▆▅▆▅▅▅▅▅▅"
        },
        "cny": {
            "current_rate": 103.81570694644782,
            "sparkline": "▆▆▇▄▅▃▃▃▃▃▂▃▃▃▃▃▃▄▄▄▅▄▄▅▅▅▅▅▅▅"
        },
        "rsd": {
            "current_rate": 110.36211969346753,
            "sparkline": "▃▃▄▄▄▄▄▄▄▅▅▆▅▅▅▅▆▅▅▅▅▅▄▄▄▄▄▄▄▄"
        }
    },
    "update_time": "2025-07-20 02:36:25",
    "update_time_display": "20.07 02:36"
}