{
    "rub2rsd": {
        "bank": {
            "current": 1.2308342558368888,
            "sparkline_full": "                           1.24   \n  ▆▆▇▇▇▇▆▃  ▁▁▂▂▃▃▅▆▆▆▆▇▇█████▇█  \n            1.16                  "
        },
        "korona": {
            "current": 1.2057161749081384,
            "diff_percent": -2.0407362575127266
        },
        "crypto": {
            "current": 1.2053232123471382,
            "diff_percent": -2.0726627788243226
        },
        "forex": {
            "current": 1.306122251264797,
            "diff_percent": 6.116826459035882
        }
    },
    "rub2eur": {
        "bank": {
            "current": 0.010585371017254154,
            "sparkline_full": "                          93.7    \n  ▅▆▇▇▇▇▆▃  ▁▁▂▂▂▃▅▆▆▆▆▇▇█████▇▇  \n           99.8                   "
        },
        "korona": {
            "current": 0.010327333403924098,
            "diff_percent": -2.4376813331290395
        },
        "crypto": {
            "current": 0.010309422214058566,
            "diff_percent": -2.60688834378872
        },
        "forex": {
            "current": 0.011125372016586678,
            "diff_percent": 5.10138944069435
        }
    },
    "rub2usd": {
        "bank": {
            "current": 0.01241156758098548,
            "sparkline_full": "     80.3                         \n  ▇▇████▇▄  ▁▁▂▃▃▃▄▅▅▆▆▆▇▇▇▇████  \n            85.0                  "
        },
        "korona": {
            "current": 0.011801078348910036,
            "diff_percent": -4.918711742831855
        },
        "crypto": {
            "current": 0.01206464673973977,
            "diff_percent": -2.7951412179166915
        },
        "forex": {
            "current": 0.012900579106996112,
            "diff_percent": 3.9399658650676606
        }
    },
    "xdr": {
        "rub2xdr": {
            "current_rate": 0.009032654734803369,
            "sparkline": "▅▃▄▄▄▅▄▃▄▃▁▁▁▁▂▂▄▄▅▆▆▆▇███████"
        },
        "usd2xdr": {
            "current_rate": 0.695535,
            "sparkline": "▃▃▃▄▄▄▄▄▄▄▄▄▅▄▅▅▅▅▅▅▅▅▅▅▆▆▆▅▅▄"
        },
        "eur2xdr": {
            "current_rate": 0.8118968715236397,
            "sparkline": "▄▄▄▄▄▄▄▄▄▄▄▄▄▄▄▄▄▄▄▅▄▄▄▄▄▄▅▅▅▄"
        },
        "cny2xdr": {
            "current_rate": 0.09987722396932755,
            "sparkline": "▃▂▃▃▃▃▄▄▄▄▄▄▅▅▅▅▅▅▆▆▆▆▆▆▆▇▆▆▆▅"
        },
        "rsd2xdr": {
            "current_rate": 0.006915627328189612,
            "sparkline": "▄▄▄▄▄▄▄▄▄▄▄▅▅▄▄▄▄▄▄▅▅▅▄▄▄▄▅▅▅▄"
        }
    },
    "neer": {
        "rub": {
            "current_rate": 99.60544414221637,
            "sparkline": "▃▃▄▄▄▄▅▄▄▄▄▄▄▄▄▄▄▃▃▄▄▄▄▄▅▅▅▆▄▆"
        },
        "usd": {
            "current_rate": 102.87370071002006,
            "sparkline": "▄▄▄▄▄▄▄▄▄▄▅▅▅▄▅▅▅▅▅▅▅▅▅▅▅▅▅▄▄▄"
        },
        "eur": {
            "current_rate": 110.12840746897291,
            "sparkline": "▅▅▅▅▅▅▅▅▅▅▅▄▄▅▄▄▄▄▄▅▄▄▄▄▄▄▄▄▅▄"
        },
        "cny": {
            "current_rate": 108.26788289636421,
            "sparkline": "▄▄▄▄▄▄▄▄▄▄▄▅▅▄▄▅▅▅▅▅▅▅▅▅▅▅▅▅▅▅"
        },
        "rsd": {
            "current_rate": 110.0347069979335,
            "sparkline": "▅▅▅▅▅▅▅▅▅▅▅▅▅▄▄▅▅▄▄▄▄▄▄▄▄▄▄▄▅▄"
        }
    },
    "specific_rates": {
        "rub_kzt_bank": 6.33,
        "rub_kzt_crypto": 6.165034484007022,
        "kzt_rsd_bank": 0.19550956535181083,
        "rsd_eur_cash": 0.008438818565400843,
        "eur_rsd_cash": 116.75,
        "rsd_usd_cash": 0.00978760888714887,
        "usd_rsd_cash": 98.14,
        "eur_usd_exch": 1.1672983696343673,
        "usd_kzt_bank": 504.0
    },
    "update_time": "2026-01-22 04:35:46",
    "update_time_display": "22.01 04:35"
}