{
    "rub2rsd": {
        "bank": {
            "current": 1.2049295458845086,
            "sparkline_full": " 1.24                             \n  █▇▇▇▇▇▆▅▄▃▄▄▃▁▁▄▆▄▄▅▄▄▄▄▃▃▃▄▃▃  \n              1.19                "
        },
        "korona": {
            "current": 1.1656814334320849,
            "diff_percent": -3.2572952158470567
        },
        "crypto": {
            "current": 1.1624419204027163,
            "diff_percent": -3.5261501908481465
        },
        "forex": {
            "current": 1.25737411043971,
            "diff_percent": 4.352500503811878
        }
    },
    "rub2eur": {
        "bank": {
            "current": 0.010683760683760684,
            "sparkline_full": "  93.4                            \n  ▇█▇▇▇▇▇▅▄▃▃▃▃▁▁▄▆▅▅▄▄▄▄▄▃▃▄▄▃█  \n              97.6                "
        },
        "korona": {
            "current": 0.009981370072201338,
            "diff_percent": -6.5743761241954735
        },
        "crypto": {
            "current": 0.009997974544386458,
            "diff_percent": -6.418958264542759
        },
        "forex": {
            "current": 0.010733972115146245,
            "diff_percent": 0.4699789977688473
        }
    },
    "rub2usd": {
        "bank": {
            "current": 0.012162490878131841,
            "sparkline_full": "  80.2                            \n  ██▇▇▇██▇▆▅▅▅▅▁▁▃▄▃▃▄▄▄▅▅▄▄▄▄▄▄  \n               84.1               "
        },
        "korona": {
            "current": 0.011463839699381263,
            "diff_percent": -5.744309991687255
        },
        "crypto": {
            "current": 0.011682466098881277,
            "diff_percent": -3.9467637349981386
        },
        "forex": {
            "current": 0.012562309052902395,
            "diff_percent": 3.287305032963492
        }
    },
    "xdr": {
        "rub2xdr": {
            "current_rate": 0.008806880415685928,
            "sparkline": "██████▇▆▅▄▅▅▃▁▁▂▂▄▄▆▆▆▆▅▅▅▅▆▆▆"
        },
        "usd2xdr": {
            "current_rate": 0.702337,
            "sparkline": "▅▅▅▅▅▅▄▄▃▃▃▃▃▃▃▃▃▃▃▆▆▆▆▅▅▅▅▅▅▅"
        },
        "eur2xdr": {
            "current_rate": 0.8204679797201,
            "sparkline": "▆▆▆▆▆▆▆▆▆▆▆▆▅▃▃▂▃▄▄▆▆▆▇▆▆▆▆▆▇▇"
        },
        "cny2xdr": {
            "current_rate": 0.09792353917153494,
            "sparkline": "▅▅▅▅▅▅▅▄▄▄▄▄▄▄▄▃▃▃▃▆▆▆▆▅▅▅▅▅▅▆"
        },
        "rsd2xdr": {
            "current_rate": 0.007004184627760563,
            "sparkline": "▆▆▆▆▆▆▆▆▆▆▆▆▅▃▃▂▃▄▄▆▆▆▇▆▆▆▆▆▇▇"
        }
    },
    "neer": {
        "rub": {
            "current_rate": 96.42579828515437,
            "sparkline": "██▇▇▇▇▇▇▆▆▄▄▆▆▁▂▅▅▅▄▅▄▄▅▄▄▅▆▅▄"
        },
        "usd": {
            "current_rate": 103.56797427317207,
            "sparkline": "▄▄▄▄▄▄▄▃▃▃▃▃▄▅▅▆▆▅▅▅▅▄▄▄▄▄▄▄▄▃"
        },
        "eur": {
            "current_rate": 110.57877569567692,
            "sparkline": "▄▄▅▅▅▅▅▅▅▅▆▆▅▄▄▄▃▅▅▄▄▅▅▅▅▅▅▅▅▅"
        },
        "cny": {
            "current_rate": 103.5773463458215,
            "sparkline": "▄▅▄▄▄▄▄▄▄▄▄▄▄▅▅▅▅▄▄▅▅▄▄▄▄▄▄▄▄▄"
        },
        "rsd": {
            "current_rate": 110.53579191156659,
            "sparkline": "▅▅▄▄▄▄▅▅▅▅▅▅▄▅▄▃▅▄▄▅▅▅▄▄▅▅▄▆▅▅"
        }
    },
    "update_time": "2025-08-14 13:35:49",
    "update_time_display": "14.08 13:35"
}