{
    "rub2rsd": {
        "bank": {
            "current": 1.234895535522005,
            "sparkline_full": " 1.26                             \n  ██▇▇▃▂ ▄▅▅  ▄▄▃▃▃▂▁▁▁▁▁▁▂▃▃▄▄▄  \n                   1.22           "
        },
        "korona": {
            "current": 1.197660432081757,
            "diff_percent": -3.015243182048458
        },
        "crypto": {
            "current": 1.2181349235330006,
            "diff_percent": -1.3572493791484606
        },
        "forex": {
            "current": 1.2991901310117897,
            "diff_percent": 5.20648051922923
        }
    },
    "rub2eur": {
        "bank": {
            "current": 0.01063264221158958,
            "sparkline_full": " 92.2                             \n  ███▆▃▂▃▄▄▄▄▄▄▅▄▃▃▁▁▁▁▁▁▁▂▃▄▄▄▄  \n                    95.4          "
        },
        "korona": {
            "current": 0.010252688057444417,
            "diff_percent": -3.573468819735264
        },
        "crypto": {
            "current": 0.010420367193260182,
            "diff_percent": -1.9964465473879918
        },
        "forex": {
            "current": 0.01106275062118665,
            "diff_percent": 4.045169592260443
        }
    },
    "rub2usd": {
        "bank": {
            "current": 0.0125250501002004,
            "sparkline_full": " 78.6                             \n  ▇▇▇▆▅▅▆▇▆▆▅▄▄▅▄▃▃▂▃▃▃▃▃▃▄▄▅▄▄▃  \n                  80.4            "
        },
        "korona": {
            "current": 0.011791478114421158,
            "diff_percent": -5.856838734461467
        },
        "crypto": {
            "current": 0.012250134051600511,
            "diff_percent": -2.1949297320215067
        },
        "forex": {
            "current": 0.013028993419055423,
            "diff_percent": 4.02348345773851
        }
    },
    "xdr": {
        "rub2xdr": {
            "current_rate": 0.009047888883528686,
            "sparkline": "███▅▃▃▃▅▅▄▃▄▄▄▄▃▃▃▂▁▁▂▄▂▂▃▄▃▄▅"
        },
        "usd2xdr": {
            "current_rate": 0.693758,
            "sparkline": "▇▆▅▄▄▄▂▃▄▄▄▅▅▅▆▅▅▅▅▄▄▄▄▄▄▅▅▅▆▆"
        },
        "eur2xdr": {
            "current_rate": 0.8178697318007663,
            "sparkline": "▅▆▅▅▅▆▄▄▄▄▄▄▄▄▅▄▄▅▅▄▄▄▄▄▄▄▄▃▄▅"
        },
        "cny2xdr": {
            "current_rate": 0.10041729690609734,
            "sparkline": "▆▅▅▄▃▃▂▃▄▄▄▅▅▅▅▅▅▅▅▄▅▅▅▅▅▅▅▆▇▇"
        },
        "rsd2xdr": {
            "current_rate": 0.006964253089332142,
            "sparkline": "▅▅▅▄▅▆▄▄▅▄▄▄▄▄▅▄▄▅▅▄▄▄▄▄▄▄▄▃▄▅"
        }
    },
    "neer": {
        "rub": {
            "current_rate": 99.1288705524395,
            "sparkline": "███▇▆▃▄▆▆▇▇▄▄▄▆▅▄▄▁▂▁▂▅▃▂▄▅▄▅▅"
        },
        "usd": {
            "current_rate": 101.64579024406004,
            "sparkline": "▆▅▅▅▄▃▃▄▅▅▅▅▄▅▅▅▅▄▄▃▃▃▃▃▃▄▃▄▅▄"
        },
        "eur": {
            "current_rate": 110.03648680218745,
            "sparkline": "▄▄▄▅▆▆▆▅▅▄▅▄▄▄▄▄▄▅▅▅▄▄▄▄▄▄▄▃▃▃"
        },
        "cny": {
            "current_rate": 108.0015270494938,
            "sparkline": "▆▄▄▄▃▃▃▄▄▄▅▅▅▆▆▅▅▅▅▅▅▅▅▅▅▅▅▆▆▆"
        },
        "rsd": {
            "current_rate": 110.08710734686633,
            "sparkline": "▄▄▄▅▄▅▅▅▅▅▅▄▅▄▄▄▄▄▅▅▄▄▄▄▄▅▄▄▄▄"
        }
    },
    "specific_rates": {
        "rub_kzt_bank": 6.3,
        "rub_kzt_crypto": 6.174067562006658,
        "kzt_rsd_bank": 0.19729860603227506,
        "rsd_eur_cash": 0.008449004224502113,
        "eur_rsd_cash": 116.81428571428572,
        "rsd_usd_cash": 0.009845426799251747,
        "usd_rsd_cash": 97.5,
        "eur_usd_exch": 1.1788977306218686,
        "usd_kzt_bank": 497.0
    },
    "update_time": "2026-02-21 04:50:48",
    "update_time_display": "21.02 04:50"
}