{
    "rub2rsd": {
        "bank": {
            "current": 1.1970151568430782,
            "sparkline_full": "         1.22                     \n  ▁▃▄▃▃▃▆██▄▂▂▂▃▃▅▄▂▂▂▅▆▅▄▄▄▄▄▄▄  \n 1.18                             "
        },
        "korona": {
            "current": 1.1597108139154453,
            "diff_percent": -3.1164469985506913
        },
        "crypto": {
            "current": 1.2563546380405144,
            "diff_percent": 4.957287370857846
        },
        "forex": {
            "current": 1.2522127369431049,
            "diff_percent": 4.611268268782891
        }
    },
    "rub2eur": {
        "bank": {
            "current": 0.010278548668927946,
            "sparkline_full": "        95.0                      \n  ▁▂▃▄▄▄▆██▃▂▂▂▃▃▃▃▂▂▂▅▆▅▄▃▃▄▄▄▃  \n 98.5                             "
        },
        "korona": {
            "current": 0.009933283202701886,
            "diff_percent": -3.3590877209133416
        },
        "crypto": {
            "current": 0.010720370960735626,
            "diff_percent": 4.298489076996921
        },
        "forex": {
            "current": 0.010684281542204513,
            "diff_percent": 3.947375124107714
        }
    },
    "rub2usd": {
        "bank": {
            "current": 0.011853959222380275,
            "sparkline_full": "         81.4                     \n  ▁▂▂▃▃▃▅▇█▄▂▂▃▃▂▄▃▁▁▁▅▆▅▃▂▂▂▂▂▁  \n 84.4                             "
        },
        "korona": {
            "current": 0.01140792668824112,
            "diff_percent": -3.7627304579979164
        },
        "crypto": {
            "current": 0.012338540162356098,
            "diff_percent": 4.087924809636043
        },
        "forex": {
            "current": 0.012317015340842606,
            "diff_percent": 3.9063414153482316
        }
    },
    "xdr": {
        "rub2xdr": {
            "current_rate": 0.00871368041185667,
            "sparkline": "▁▂▃▂▃▄▆█▇▃▂▂▂▂▁▂▄▇▆▅▆▆▅▅▅▅▅▅▅▄"
        },
        "usd2xdr": {
            "current_rate": 0.70875,
            "sparkline": "▃▃▅▄▄▄▅▄▃▃▃▃▃▃▃▄▄▄▄▄▄▃▃▄▄▄▅▆▆▆"
        },
        "eur2xdr": {
            "current_rate": 0.8155607260475424,
            "sparkline": "▄▄▅▅▅▄▅▅▅▅▅▅▄▄▄▄▅▅▅▅▅▄▄▄▅▄▄▄▄▅"
        },
        "cny2xdr": {
            "current_rate": 0.09947926901159364,
            "sparkline": "▃▃▅▄▄▄▄▄▃▃▃▃▃▃▃▄▄▄▄▄▄▄▄▅▅▄▆▆▆▆"
        },
        "rsd2xdr": {
            "current_rate": 0.006958626241998193,
            "sparkline": "▄▄▅▄▅▄▅▅▅▅▅▅▄▄▄▄▅▄▄▄▅▄▄▄▄▄▅▄▄▄"
        }
    },
    "neer": {
        "rub": {
            "current_rate": 95.39167898225573,
            "sparkline": "▁▂▃▃▂▃▄▆█▇▃▂▇▂▃▂▃▇▆▂▂▇▆▆▅▄▄▅▅▄"
        },
        "usd": {
            "current_rate": 104.87483648727647,
            "sparkline": "▄▄▄▄▄▄▅▄▄▄▄▄▄▄▄▄▄▄▄▄▄▃▄▄▅▅▅▅▆▅"
        },
        "eur": {
            "current_rate": 109.97445677451404,
            "sparkline": "▅▄▄▅▅▄▄▅▅▅▅▅▅▄▄▄▅▅▅▅▅▅▅▄▄▅▄▄▄▄"
        },
        "cny": {
            "current_rate": 106.27067232311003,
            "sparkline": "▄▄▄▄▄▄▄▄▄▄▄▄▄▄▄▅▅▄▄▅▅▄▅▅▅▅▅▅▅▅"
        },
        "rsd": {
            "current_rate": 110.22546649044143,
            "sparkline": "▅▅▄▅▅▅▅▄▆▅▄▄▃▄▅▅▄▄▄▄▄▄▄▄▄▃▄▄▄▄"
        }
    },
    "update_time": "2025-11-06 07:35:43",
    "update_time_display": "06.11 07:35"
}