{
    "rub2rsd": {
        "bank": {
            "current": 1.239181287225863,
            "sparkline_full": "                              1.24\n   ▄▃▂▃▃▃▅▄▄ ▅▄▄▄▅▃▃▃▃▃▃▄▄▅▄▄▄▅▇  \n    1.19                          "
        },
        "korona": {
            "current": 1.1738234909355854,
            "diff_percent": -5.274272373543757
        },
        "crypto": {
            "current": 1.2621809491209444,
            "diff_percent": 1.8560368956644278
        },
        "forex": {
            "current": 1.2852283081592992,
            "diff_percent": 3.7159228765083325
        }
    },
    "rub2eur": {
        "bank": {
            "current": 0.010643959552953698,
            "sparkline_full": "                              94.0\n   ▃▂▃▂▂▂▄▅▄▄▅▅▅▄▄▃▃▃▄▄▄▅▅▅▄▄▄▅▇  \n   98.5                           "
        },
        "korona": {
            "current": 0.010049858655270423,
            "diff_percent": -5.58157793373437
        },
        "crypto": {
            "current": 0.010794012578355482,
            "diff_percent": 1.4097481736497588
        },
        "forex": {
            "current": 0.010977733360401209,
            "diff_percent": 3.135804920969363
        }
    },
    "rub2usd": {
        "bank": {
            "current": 0.012100677637947725,
            "sparkline_full": "                              82.6\n   ▁▁▁▄▄▄▆▆▆▆▇▇▇▆▇▆▅▅▅▅▅▆▇▇▆▅▅▆█  \n   89.1                           "
        },
        "korona": {
            "current": 0.011101735412379432,
            "diff_percent": -8.255258552096368
        },
        "crypto": {
            "current": 0.012247052733134105,
            "diff_percent": 1.2096437866202467
        },
        "forex": {
            "current": 0.012207970095356454,
            "diff_percent": 0.8866648680257373
        }
    },
    "xdr": {
        "rub2xdr": {
            "current_rate": 0.008947530980001993,
            "sparkline": "        ▃▂▂▃▃▃▅▃▂▁▂▃▃▂▃▃▄▃▃▂▅█"
        },
        "usd2xdr": {
            "current_rate": 0.720178,
            "sparkline": "        ▅▅▅▅▅▅▅▃▄▅▆▆▆▅▅▅▅▆▆▆▆▆"
        },
        "eur2xdr": {
            "current_rate": 0.815061787916753,
            "sparkline": "        ▃▄▄▄▄▄▆▄▃▃▄▅▅▄▄▃▃▄▄▄▄▄"
        },
        "cny2xdr": {
            "current_rate": 0.09872213845099383,
            "sparkline": "        ▅▅▅▅▅▅▅▃▄▅▆▆▆▆▅▅▅▆▆▆▆▆"
        },
        "rsd2xdr": {
            "current_rate": 0.0069618222094848066,
            "sparkline": "        ▄▄▄▄▅▅▅▄▅▄▅▅▅▄▅▅▄▅▅▅▅▅"
        }
    },
    "neer": {
        "rub": {
            "current_rate": 97.00460203362034,
            "sparkline": "▅▃▃▂▂▂▂▂▅▅▅▅▅▆▅▇▆▅▄▅▅▄▅▅▅▆▅▄▄▇"
        },
        "usd": {
            "current_rate": 105.53370590105526,
            "sparkline": "▆▆▆▅▄▄▄▄▄▄▄▄▃▃▄▃▃▃▃▃▃▃▃▃▃▃▃▃▃▃"
        },
        "eur": {
            "current_rate": 108.29479190410133,
            "sparkline": "▃▃▄▄▅▅▅▅▅▅▅▅▅▅▅▆▅▅▅▅▅▅▅▅▄▄▄▄▄▄"
        },
        "cny": {
            "current_rate": 102.49639440339132,
            "sparkline": "▆▆▅▅▄▄▄▄▄▄▄▄▄▄▄▃▄▄▄▄▄▄▄▄▄▅▄▄▃▃"
        },
        "rsd": {
            "current_rate": 109.65593895026771,
            "sparkline": "▄▄▄▃▅▅▅▅▄▅▅▅▄▄▆▅▄▅▅▄▄▅▅▄▄▄▅▅▄▄"
        }
    },
    "update_time": "2025-05-06 02:21:34",
    "update_time_display": "06.05 02:21"
}