{
    "rub2rsd": {
        "bank": {
            "current": 1.2101477290592848,
            "sparkline_full": "                1.24              \n  ‚ĖÉ‚ĖÉ‚ĖĄ‚ĖÉ‚ĖÉ‚ĖÉ‚ĖĄ‚ĖÖ‚ĖÜ‚ĖÜ‚ĖÜ‚ĖÜ‚ĖÜ‚ĖÜ‚ĖÜ‚Ėá‚ĖÜ‚ĖÖ‚ĖÖ‚ĖÖ‚ĖĄ‚ĖÜ‚Ėá‚ĖÖ‚ĖĄ‚ĖĄ‚ĖĄ‚ĖĄ‚ĖĄ‚Ėā  \n                              1.21"
        },
        "korona": {
            "current": 1.1825967841210916,
            "diff_percent": -2.2766596405225745
        },
        "crypto": {
            "current": 1.2443671083987768,
            "diff_percent": 2.8277026447087303
        },
        "forex": {
            "current": 1.2762393381816572,
            "diff_percent": 5.461449667285591
        }
    },
    "rub2eur": {
        "bank": {
            "current": 0.010479983232026828,
            "sparkline_full": "                        93.5      \n  ‚ĖÉ‚Ėā‚ĖÉ‚ĖÉ‚ĖÉ‚ĖÉ‚ĖĄ‚ĖÖ‚ĖÖ‚ĖÖ‚ĖÜ‚ĖÖ‚ĖÖ‚ĖÖ‚ĖÜ‚Ėá‚ĖÖ‚ĖĄ‚ĖĄ‚ĖĄ‚ĖÖ‚ĖÜ‚ĖÜ‚Ėá‚ĖÉ‚ĖĄ‚ĖĄ‚ĖĄ‚ĖÉ‚Ėā  \n  95.4                            "
        },
        "korona": {
            "current": 0.010133648535742001,
            "diff_percent": -3.304725671949818
        },
        "crypto": {
            "current": 0.0106562923403326,
            "diff_percent": 1.682341511453675
        },
        "forex": {
            "current": 0.010871809804108314,
            "diff_percent": 3.738809150801539
        }
    },
    "rub2usd": {
        "bank": {
            "current": 0.012144765606023802,
            "sparkline_full": "                79.3              \n  ‚ĖÜ‚ĖÜ‚ĖÜ‚ĖÜ‚ĖÜ‚ĖÜ‚Ėá‚Ėą‚Ėą‚Ėą‚Ėá‚Ėá‚Ėá‚Ėá‚Ėą‚Ėą‚Ėá‚Ėá‚ĖÜ‚ĖÜ‚ĖÜ‚ĖÖ‚ĖÖ‚ĖÉ‚Ėā‚Ėā‚Ėā‚Ėā‚Ėā‚ĖĀ  \n                              82.3"
        },
        "korona": {
            "current": 0.011519868478774897,
            "diff_percent": -5.1454029457674855
        },
        "crypto": {
            "current": 0.01232470174715235,
            "diff_percent": 1.481594186052468
        },
        "forex": {
            "current": 0.012647341528810644,
            "diff_percent": 4.138210148226854
        }
    },
    "xdr": {
        "rub2xdr": {
            "current_rate": 0.008822697039567423,
            "sparkline": "‚ĖĄ‚ĖÉ‚ĖĄ‚ĖĄ‚Ėá‚ĖÖ‚ĖÖ‚ĖÜ‚Ėá‚ĖÜ‚Ėá‚Ėá‚Ėá‚ĖÜ‚Ėá‚Ėá‚ĖÖ‚ĖÖ‚ĖÖ‚ĖÖ‚ĖÖ‚ĖÜ‚Ėá‚ĖÖ‚ĖĄ‚Ėā‚Ėā‚ĖÖ‚ĖÖ‚Ėā"
        },
        "usd2xdr": {
            "current_rate": 0.701622,
            "sparkline": "‚Ėā‚ĖĀ‚ĖĀ‚ĖĀ‚ĖĀ‚ĖĀ‚ĖĀ‚Ėā‚Ėā‚Ėā‚ĖÉ‚ĖÉ‚ĖÉ‚Ėā‚ĖÉ‚ĖÉ‚Ėā‚ĖÉ‚Ėā‚Ėā‚ĖÉ‚ĖÖ‚Ėá‚ĖÜ‚ĖÜ‚ĖÜ‚ĖÜ‚Ėą‚Ėá‚ĖÜ"
        },
        "eur2xdr": {
            "current_rate": 0.8115205470420795,
            "sparkline": "‚ĖÜ‚ĖÖ‚ĖĄ‚ĖÖ‚ĖÖ‚ĖÖ‚ĖÖ‚ĖĄ‚ĖĄ‚ĖĄ‚ĖÖ‚ĖÖ‚ĖĄ‚ĖĄ‚ĖÖ‚ĖÖ‚ĖÖ‚ĖÖ‚ĖÖ‚ĖĄ‚ĖÉ‚ĖÉ‚ĖÖ‚ĖĄ‚ĖĄ‚ĖÖ‚ĖĄ‚ĖÜ‚ĖÖ‚ĖÉ"
        },
        "cny2xdr": {
            "current_rate": 0.10202442925694342,
            "sparkline": "‚Ėā‚ĖĀ‚ĖĀ‚ĖĀ‚ĖĀ‚ĖĀ‚ĖĀ‚Ėā‚Ėā‚Ėā‚ĖÉ‚ĖÉ‚ĖÉ‚Ėā‚ĖĄ‚ĖĄ‚ĖÖ‚ĖÖ‚ĖĄ‚ĖĄ‚ĖĄ‚ĖÖ‚Ėá‚Ėá‚Ėá‚Ėá‚Ėá‚Ėą‚Ėą‚Ėą"
        },
        "rsd2xdr": {
            "current_rate": 0.006913042699449857,
            "sparkline": "‚ĖÜ‚ĖÖ‚ĖÖ‚ĖÖ‚ĖĄ‚ĖÖ‚ĖĄ‚ĖĄ‚ĖĄ‚ĖÉ‚ĖÖ‚ĖÖ‚ĖÖ‚ĖĄ‚ĖÖ‚ĖÖ‚ĖĄ‚ĖÖ‚ĖÖ‚ĖÖ‚ĖÉ‚ĖÉ‚ĖÖ‚ĖĄ‚ĖĄ‚ĖÖ‚ĖÖ‚ĖÜ‚ĖÖ‚ĖÉ"
        }
    },
    "neer": {
        "rub": {
            "current_rate": 96.9328375878429,
            "sparkline": "‚Ėā‚ĖÉ‚ĖÉ‚ĖĄ‚ĖÜ‚ĖÖ‚ĖĄ‚ĖÜ‚ĖÖ‚Ėą‚ĖÜ‚ĖÜ‚ĖÜ‚ĖÜ‚ĖÜ‚ĖÜ‚ĖÜ‚ĖĄ‚ĖĄ‚ĖĄ‚ĖÜ‚Ėá‚ĖÜ‚ĖÖ‚ĖÉ‚ĖĀ‚Ėā‚ĖĀ‚ĖÉ‚ĖĀ"
        },
        "usd": {
            "current_rate": 102.41655671579987,
            "sparkline": "‚ĖÉ‚Ėā‚Ėā‚ĖÉ‚Ėā‚Ėā‚ĖÉ‚ĖÉ‚ĖÉ‚ĖĄ‚ĖÉ‚ĖÉ‚ĖÉ‚ĖÉ‚ĖÉ‚ĖÉ‚Ėā‚ĖÉ‚ĖÉ‚ĖÉ‚ĖĄ‚ĖÖ‚ĖÜ‚ĖÖ‚ĖÖ‚ĖÜ‚ĖÜ‚Ėá‚ĖÖ‚ĖÖ"
        },
        "eur": {
            "current_rate": 109.30212777367541,
            "sparkline": "‚ĖÜ‚ĖÜ‚ĖÖ‚ĖÖ‚ĖÖ‚ĖÖ‚ĖÖ‚ĖÖ‚ĖÖ‚ĖĄ‚ĖÖ‚ĖĄ‚ĖĄ‚ĖÖ‚ĖÖ‚ĖĄ‚ĖĄ‚ĖÖ‚ĖĄ‚ĖÖ‚ĖĄ‚ĖĄ‚ĖĄ‚ĖÉ‚ĖĄ‚ĖĄ‚ĖĄ‚ĖÉ‚ĖÉ‚ĖÉ"
        },
        "cny": {
            "current_rate": 109.75991032186866,
            "sparkline": "‚ĖÉ‚Ėā‚ĖÉ‚ĖÉ‚Ėā‚Ėā‚ĖÉ‚ĖÉ‚ĖÉ‚ĖĄ‚ĖĄ‚ĖÉ‚ĖÉ‚ĖÉ‚ĖĄ‚ĖĄ‚ĖÖ‚ĖÖ‚ĖÖ‚ĖÖ‚ĖÜ‚ĖÜ‚ĖÜ‚ĖÜ‚ĖÜ‚ĖÜ‚ĖÜ‚Ėá‚ĖÜ‚Ėá"
        },
        "rsd": {
            "current_rate": 109.87312558957032,
            "sparkline": "‚ĖÖ‚ĖÖ‚ĖĄ‚ĖÖ‚ĖĄ‚ĖĄ‚ĖÖ‚ĖÖ‚ĖĄ‚ĖÖ‚ĖĄ‚ĖĄ‚ĖĄ‚ĖÖ‚ĖĄ‚ĖĄ‚ĖĄ‚ĖĄ‚ĖĄ‚ĖĄ‚ĖÖ‚ĖĄ‚ĖĄ‚ĖĄ‚ĖĄ‚ĖÖ‚ĖĄ‚ĖÖ‚ĖĄ‚ĖĄ"
        }
    },
    "specific_rates": {
        "rub_kzt_bank": 6.0,
        "rub_kzt_crypto": 6.100727364840414,
        "kzt_rsd_bank": 0.20397028648916318,
        "rsd_eur_cash": 0.008438818565400843,
        "eur_rsd_cash": 116.7,
        "rsd_usd_cash": 0.009741163373225717,
        "usd_rsd_cash": 98.78571428571429,
        "eur_usd_exch": 1.1566349787236996,
        "usd_kzt_bank": 488.0
    },
    "update_time": "2026-03-11 17:35:48",
    "update_time_display": "11.03 17:35"
}