{
    "rub2rsd": {
        "bank": {
            "current": 1.2220799347487856,
            "sparkline_full": "          1.26                    \n  ▂▂▄▅▅▅▅▃▇█▇▇▇▃▂ ▄▅▅  ▄▄▃▃▃▂▁▁▂  \n                            1.22  "
        },
        "korona": {
            "current": 1.1836858598421618,
            "diff_percent": -3.141699148715361
        },
        "crypto": {
            "current": 1.2277159699513012,
            "diff_percent": 0.46118384258343165
        },
        "forex": {
            "current": 1.28127891199661,
            "diff_percent": 4.844116621552535
        }
    },
    "rub2eur": {
        "bank": {
            "current": 0.010524100189433803,
            "sparkline_full": "          92.2                    \n  ▂▃▄▅▅▄▄▃▇███▆▃▂▃▄▄▄▄▄▄▅▄▃▃▁▁▁▂  \n                             95.4 "
        },
        "korona": {
            "current": 0.010133057379106192,
            "diff_percent": -3.715688783732966
        },
        "crypto": {
            "current": 0.010486925534843365,
            "diff_percent": -0.3532335679183451
        },
        "forex": {
            "current": 0.010917473420483135,
            "diff_percent": 3.7378324414307467
        }
    },
    "rub2usd": {
        "bank": {
            "current": 0.012509382036527395,
            "sparkline_full": "          78.6                    \n  ▁▁▂▂▂▃▃▃▇███▇▆▇████▆▆▅▆▅▅▅▃▄▄▅  \n 81.4                             "
        },
        "korona": {
            "current": 0.011755410397808232,
            "diff_percent": -6.027249279920993
        },
        "crypto": {
            "current": 0.012441402638531607,
            "diff_percent": -0.5434273075783322
        },
        "forex": {
            "current": 0.012909089031405233,
            "diff_percent": 3.1952577170534355
        }
    },
    "xdr": {
        "rub2xdr": {
            "current_rate": 0.008905264603993745,
            "sparkline": "▂▂▃▄▄▄▄▄▇███▅▃▃▃▅▅▄▃▄▄▄▄▃▃▃▂▁▁"
        },
        "usd2xdr": {
            "current_rate": 0.686599,
            "sparkline": "▇▇▇███▇▇▆▅▅▄▃▃▃▁▂▃▃▃▄▄▄▄▄▄▄▃▂▃"
        },
        "eur2xdr": {
            "current_rate": 0.8156891490375305,
            "sparkline": "▄▄▄▄▄▄▅▅▄▄▆▅▄▅▆▄▄▄▄▃▄▄▄▄▄▄▅▅▄▄"
        },
        "cny2xdr": {
            "current_rate": 0.09948979887555787,
            "sparkline": "▇▇▇▇▇▇▇▇▆▅▅▄▃▃▃▂▂▃▃▃▄▄▅▅▄▄▅▅▄▄"
        },
        "rsd2xdr": {
            "current_rate": 0.006950293586052017,
            "sparkline": "▄▄▄▄▄▄▅▅▄▄▅▅▄▅▆▄▄▄▄▃▄▄▄▄▄▄▅▅▄▄"
        }
    },
    "neer": {
        "rub": {
            "current_rate": 98.10681388142794,
            "sparkline": "▁▂▂▄▄▂▃▃▄███▇▆▃▄▆▆▇▇▄▄▄▆▅▄▄▁▂▂"
        },
        "usd": {
            "current_rate": 101.24461769358581,
            "sparkline": "▇▇▇▇▇▇▆▆▆▅▄▄▄▃▂▂▃▄▄▄▄▄▄▄▄▄▃▃▂▂"
        },
        "eur": {
            "current_rate": 110.41718513891793,
            "sparkline": "▄▄▄▃▃▄▅▅▄▄▅▅▅▆▆▆▆▅▅▅▄▅▅▅▄▅▅▅▅▄"
        },
        "cny": {
            "current_rate": 107.39956292293664,
            "sparkline": "▆▆▆▆▆▆▆▆▆▅▄▄▄▃▃▃▃▄▄▅▅▅▅▅▅▅▅▅▄▄"
        },
        "rsd": {
            "current_rate": 110.32492154089374,
            "sparkline": "▄▄▄▄▄▄▃▄▄▄▄▄▅▄▆▅▅▅▅▅▅▅▃▆▅▅▄▄▅▅"
        }
    },
    "specific_rates": {
        "rub_kzt_bank": 6.23,
        "rub_kzt_crypto": 6.208259916627272,
        "kzt_rsd_bank": 0.19775524646820455,
        "rsd_eur_cash": 0.008446965126101122,
        "eur_rsd_cash": 116.81428571428572,
        "rsd_usd_cash": 0.009931191033553237,
        "usd_rsd_cash": 96.95714285714287,
        "eur_usd_exch": 1.188013890258405,
        "usd_kzt_bank": 492.0
    },
    "update_time": "2026-02-12 11:58:55",
    "update_time_display": "12.02 11:58"
}