{
    "rub2rsd": {
        "bank": {
            "current": 1.1989143849690496,
            "sparkline_full": "                           1.22   \n              ▅▄▃▄▄▄▆▅▅ ▆▅▅▅▆▃▄▄  \n               1.19               "
        },
        "korona": {
            "current": 1.15595707733434,
            "diff_percent": -3.5830171172580085
        },
        "crypto": {
            "current": 1.2426009291761715,
            "diff_percent": 3.6438418585034915
        },
        "forex": {
            "current": 1.2495693003008093,
            "diff_percent": 4.225065272952528
        }
    },
    "rub2eur": {
        "bank": {
            "current": 0.010331645831180906,
            "sparkline_full": "                         95.8     \n              ▅▃▄▃▃▃▅▆▅▅▆▆▆▅▆▅▄▅  \n              98.5                "
        },
        "korona": {
            "current": 0.009896892785396747,
            "diff_percent": -4.207974730144875
        },
        "crypto": {
            "current": 0.010688796490475393,
            "diff_percent": 3.4568612313113456
        },
        "forex": {
            "current": 0.010654588384315314,
            "diff_percent": 3.1257609717879333
        }
    },
    "rub2usd": {
        "bank": {
            "current": 0.011749500646222535,
            "sparkline_full": "                           83.5   \n              ▁▁▁▄▄▄▇▇▆▆███▇█▇▅▆  \n              89.1                "
        },
        "korona": {
            "current": 0.010681876580942615,
            "diff_percent": -9.0865484195974
        },
        "crypto": {
            "current": 0.012131835553798976,
            "diff_percent": 3.2540523983830885
        },
        "forex": {
            "current": 0.01209849627789762,
            "diff_percent": 2.9703018211866485
        }
    },
    "xdr": {
        "rub2xdr": {
            "current_rate": 0.008701400482793222,
            "sparkline": "                   ▅▃▃▅▅▅█▅▃▁▄"
        },
        "usd2xdr": {
            "current_rate": 0.718957,
            "sparkline": "                   ▆▆▆▆▆▆▆▂▅▅▇"
        },
        "eur2xdr": {
            "current_rate": 0.8166810550469136,
            "sparkline": "                   ▂▄▄▄▄▄▇▃▂▂▄"
        },
        "cny2xdr": {
            "current_rate": 0.09865348463850047,
            "sparkline": "                   ▅▅▆▆▆▆▆▂▄▅▇"
        },
        "rsd2xdr": {
            "current_rate": 0.006963519734918688,
            "sparkline": "                   ▄▄▄▄▅▅▅▄▄▄▅"
        }
    },
    "neer": {
        "rub": {
            "current_rate": 94.10214089078849,
            "sparkline": "▆▇▆▆▆▄▅▄▄▅▅▅▃▃▂▂▂▂▂▅▆▅▆▆▆▆▇▆▄▄"
        },
        "usd": {
            "current_rate": 106.06715692453167,
            "sparkline": "▆▆▆▆▆▆▆▅▅▅▆▆▆▆▅▄▄▄▄▄▃▃▃▃▃▃▃▃▃▃"
        },
        "eur": {
            "current_rate": 109.16308734893437,
            "sparkline": "▂▂▂▂▂▂▂▄▄▄▄▄▄▅▅▇▇▇▇▆▆▆▆▆▆▆▇▇▆▆"
        },
        "cny": {
            "current_rate": 103.82917168971333,
            "sparkline": "▇▇▇▇▇▇▆▅▅▅▅▆▅▅▅▄▃▃▃▃▃▃▃▃▃▃▂▃▃▃"
        },
        "rsd": {
            "current_rate": 109.90129596357356,
            "sparkline": "▃▃▄▄▄▄▃▂▅▅▅▅▅▅▄▅▅▅▆▄▅▅▅▅▅▇▆▅▅▅"
        }
    },
    "update_time": "2025-04-25 22:20:45",
    "update_time_display": "25.04 22:20"
}