{
    "rub2rsd": {
        "bank": {
            "current": 1.2442232114689515,
            "sparkline_full": "                      1.26        \n  ▂▂▂▂▃▇▇▆▆▆▆▇▆▆▆▆▆▆▆▅▅▇▇▇▇▇▅▇▆▅  \n 1.21                             "
        },
        "korona": {
            "current": 1.1996224461926177,
            "diff_percent": -3.5846273293420876
        },
        "crypto": {
            "current": 1.2274565853460468,
            "diff_percent": -1.3475577346857017
        },
        "forex": {
            "current": 1.298360157450736,
            "diff_percent": 4.351063818996706
        }
    },
    "rub2eur": {
        "bank": {
            "current": 0.010725010725010725,
            "sparkline_full": "                      92.1        \n  ▂▂▂▂▄▇▆▆▆▆▆▅▇▆▆▆▆▆▅▅▅▇▇▇▇▇▆▇▆▆  \n    96.1                          "
        },
        "korona": {
            "current": 0.010275138725418567,
            "diff_percent": -4.194606524197284
        },
        "crypto": {
            "current": 0.010542026455304998,
            "diff_percent": -1.7061453307361998
        },
        "forex": {
            "current": 0.011081585171032781,
            "diff_percent": 3.3247001347096523
        }
    },
    "rub2usd": {
        "bank": {
            "current": 0.012286521685710775,
            "sparkline_full": "                            80.8  \n  ▂▁▁▁▂▄▄▄▄▄▄▄▄▅▆▆▆▆▆▅▅▇█▇▇▇▇█▇▇  \n    84.8                          "
        },
        "korona": {
            "current": 0.011289046344489243,
            "diff_percent": -8.118451802202044
        },
        "crypto": {
            "current": 0.012052433754456884,
            "diff_percent": -1.9052416724754175
        },
        "forex": {
            "current": 0.012637879262756675,
            "diff_percent": 2.859699319576586
        }
    },
    "xdr": {
        "rub2xdr": {
            "current_rate": 0.009047800213677371,
            "sparkline": "▂▁▁▁▂▂▃▃▂▅▅▃▃▃▃▃▃▄▃▂▂▄▅▅█▅▃▃▃▃"
        },
        "usd2xdr": {
            "current_rate": 0.716787,
            "sparkline": "▃▃▃▃▃▃▃▃▃▆▆▄▄▃▃▃▃▃▃▃▃▃▃▃▆▄▃▃▃▃"
        },
        "eur2xdr": {
            "current_rate": 0.8164716576224387,
            "sparkline": "▃▃▃▃▂▂▃▃▃▆▆▄▄▄▃▄▄▄▃▃▃▃▄▄▇▄▄▄▄▃"
        },
        "cny2xdr": {
            "current_rate": 0.09970053133780286,
            "sparkline": "▃▃▃▃▃▃▃▃▃▆▆▄▄▃▃▃▃▃▃▃▃▃▃▃▆▄▃▃▃▃"
        },
        "rsd2xdr": {
            "current_rate": 0.006968636677393326,
            "sparkline": "▄▄▄▄▃▂▂▂▃▆▆▄▄▄▄▄▄▄▄▃▃▃▄▄▇▅▄▄▄▄"
        }
    },
    "neer": {
        "rub": {
            "current_rate": 99.31260506919666,
            "sparkline": "▃▃▁▁▄▄▄▅▅▄▄▄▄▃▅▄▄▄▄▄▅▅▇██▆▅▅▅▇"
        },
        "usd": {
            "current_rate": 104.25935494783917,
            "sparkline": "▅▅▅▅▆▆▅▅▅▅▅▅▅▄▄▄▃▃▃▄▄▄▄▄▄▃▄▄▃▃"
        },
        "eur": {
            "current_rate": 108.58821252644098,
            "sparkline": "▅▅▅▅▄▄▄▄▄▄▄▄▄▅▅▄▅▅▅▅▅▄▅▅▅▅▅▅▅▅"
        },
        "cny": {
            "current_rate": 103.63803663339789,
            "sparkline": "▄▄▄▄▆▆▅▅▅▅▅▄▄▄▄▄▃▄▃▄▄▄▄▄▄▃▄▄▃▃"
        },
        "rsd": {
            "current_rate": 109.65590385593867,
            "sparkline": "▅▄▆▆▆▄▄▄▅▄▄▃▄▅▅▅▄▄▅▅▄▄▅▄▄▄▅▅▅▅"
        }
    },
    "update_time": "2025-06-06 16:35:40",
    "update_time_display": "06.06 16:35"
}