{
    "rub2rsd": {
        "bank": {
            "current": 1.2105357048088885,
            "sparkline_full": "                    1.22          \n       ▅▄▃▄▄▄▆▅▅ ▆▅▅▅▆▃▄▃▄▄▄▅▅▆▅  \n        1.19                      "
        },
        "korona": {
            "current": 1.1778033519759032,
            "diff_percent": -2.703956000880852
        },
        "crypto": {
            "current": 1.2599736130859716,
            "diff_percent": 4.083969442676454
        },
        "forex": {
            "current": 1.2578204588964255,
            "diff_percent": 3.9061015631093645
        }
    },
    "rub2eur": {
        "bank": {
            "current": 0.010392849719393058,
            "sparkline_full": "                             95.5 \n       ▄▃▄▃▃▃▅▆▅▅▆▆▆▅▅▄▄▄▅▅▅▆▆▆▅  \n       98.5                       "
        },
        "korona": {
            "current": 0.01008393280801287,
            "diff_percent": -2.972398521300166
        },
        "crypto": {
            "current": 0.010769001220720144,
            "diff_percent": 3.6193297457692184
        },
        "forex": {
            "current": 0.010766027236986568,
            "diff_percent": 3.590714074284756
        }
    },
    "rub2usd": {
        "bank": {
            "current": 0.011779950524207798,
            "sparkline_full": "                    83.5          \n       ▁▁▁▄▄▄▇▇▆▆███▇█▇▅▅▆▆▆▇██▆  \n       89.1                       "
        },
        "korona": {
            "current": 0.011065247180545556,
            "diff_percent": -6.067116684348769
        },
        "crypto": {
            "current": 0.012182692500660241,
            "diff_percent": 3.4188766381047895
        },
        "forex": {
            "current": 0.012270947427579936,
            "diff_percent": 4.16807271272608
        }
    },
    "xdr": {
        "rub2xdr": {
            "current_rate": 0.008756722406289507,
            "sparkline": "            ▅▃▃▅▅▅█▅▃▁▃▅▅▃▅▅▆▆"
        },
        "usd2xdr": {
            "current_rate": 0.720178,
            "sparkline": "            ▆▆▆▆▆▆▅▂▄▅▆▆▆▆▅▅▆▇"
        },
        "eur2xdr": {
            "current_rate": 0.8133661761699695,
            "sparkline": "            ▂▄▄▄▄▄▇▄▂▂▄▅▅▄▃▃▂▃"
        },
        "cny2xdr": {
            "current_rate": 0.09872213845099383,
            "sparkline": "            ▅▅▆▆▆▆▆▂▄▅▇▇▇▆▅▅▆▇"
        },
        "rsd2xdr": {
            "current_rate": 0.0069618222094848066,
            "sparkline": "            ▄▄▄▄▅▅▅▄▅▄▅▅▅▄▅▅▄▅"
        }
    },
    "neer": {
        "rub": {
            "current_rate": 95.44795543695774,
            "sparkline": "▄▄▅▅▅▃▃▂▂▂▂▂▅▆▅▆▆▆▆▇▆▅▅▅▅▅▅▆▆▆"
        },
        "usd": {
            "current_rate": 106.0374885691725,
            "sparkline": "▅▅▆▆▆▆▆▅▄▄▄▄▄▄▃▃▃▃▃▃▃▃▃▃▃▃▃▃▃▃"
        },
        "eur": {
            "current_rate": 108.66840358025199,
            "sparkline": "▃▃▃▃▃▃▄▄▆▆▆▆▅▅▅▅▅▅▅▆▅▅▅▆▅▅▅▅▄▄"
        },
        "cny": {
            "current_rate": 104.22314573934267,
            "sparkline": "▅▆▆▆▆▆▅▅▄▄▄▄▄▄▄▄▃▄▄▃▃▄▄▄▄▄▄▄▄▄"
        },
        "rsd": {
            "current_rate": 109.63717664110493,
            "sparkline": "▂▅▅▅▅▅▅▄▅▅▅▆▄▅▅▅▅▅▇▆▅▅▅▅▅▅▅▅▅▅"
        }
    },
    "update_time": "2025-05-02 07:20:44",
    "update_time_display": "02.05 07:20"
}