{
    "rub2rsd": {
        "bank": {
            "current": 1.1842476369337755,
            "sparkline_full": "                             1.22 \n  ▁▁▁▁▁▁▁▁▂▂▂▂▃▄▄▄▃▃▂▃▄▅▆▅▅▆▇██▅  \n       1.14                       "
        },
        "korona": {
            "current": 1.1463848502034972,
            "diff_percent": -3.1972017971099103
        },
        "crypto": {
            "current": 1.3117763808266278,
            "diff_percent": 10.76875645899928
        },
        "forex": {
            "current": 1.2325367923870998,
            "diff_percent": 4.077623120984502
        }
    },
    "rub2eur": {
        "bank": {
            "current": 0.010182262498727218,
            "sparkline_full": "                            95.0  \n  ▁▁▁▁▁▁▁▁▁▂▂▂▃▃▄▃▃▃▃▃▄▅▆▆▆▆▇██▅  \n      102                         "
        },
        "korona": {
            "current": 0.009816139390121688,
            "diff_percent": -3.5956950496149123
        },
        "crypto": {
            "current": 0.011218108730927557,
            "diff_percent": 10.173045846439527
        },
        "forex": {
            "current": 0.010518459661750645,
            "diff_percent": 3.301792338053069
        }
    },
    "rub2usd": {
        "bank": {
            "current": 0.011920371915603767,
            "sparkline_full": "                             81.4 \n  ▂▂▂▂▁▂▁▁▁▁▁▂▃▄▅▄▃▃▃▃▄▅▄▅▅▅▆▇█▄  \n         86.2                     "
        },
        "korona": {
            "current": 0.011253251930198402,
            "diff_percent": -5.596469557565613
        },
        "crypto": {
            "current": 0.013106818989048571,
            "diff_percent": 9.953104499128463
        },
        "forex": {
            "current": 0.012644798751705467,
            "diff_percent": 6.077216728057163
        }
    },
    "xdr": {
        "rub2xdr": {
            "current_rate": 0.00862243216250262,
            "sparkline": "▁▁▁▁▁▁▁▁▁▁▂▂▂▃▃▃▃▃▂▃▄▅▆▅▆▆▇██▅"
        },
        "usd2xdr": {
            "current_rate": 0.700567,
            "sparkline": "▃▄▄▄▄▄▄▄▄▅▄▄▄▄▄▄▄▄▄▄▅▅▆▅▅▅▆▅▅▅"
        },
        "eur2xdr": {
            "current_rate": 0.8197428558724483,
            "sparkline": "▄▄▄▄▅▅▅▄▄▅▄▅▅▅▅▄▄▄▄▄▄▄▅▄▄▄▅▅▅▅"
        },
        "cny2xdr": {
            "current_rate": 0.09830725621991779,
            "sparkline": "▃▄▄▄▄▄▄▄▄▄▄▄▄▄▄▄▄▄▄▄▅▅▆▅▅▅▅▅▅▅"
        },
        "rsd2xdr": {
            "current_rate": 0.00699567933043462,
            "sparkline": "▄▄▄▄▅▅▅▄▄▄▅▅▅▅▅▄▄▅▄▄▄▄▅▄▄▄▅▅▅▅"
        }
    },
    "neer": {
        "rub": {
            "current_rate": 95.58571540411072,
            "sparkline": "▂▂▁▁▂▁▂▁▂▂▂▁▂▃▄▅▃▃▅▃▄▅▅▅▅▅▆██▆"
        },
        "usd": {
            "current_rate": 103.98845564993142,
            "sparkline": "▄▄▄▄▄▄▄▄▅▄▄▄▄▄▄▄▄▄▅▅▅▅▅▅▅▅▅▅▅▅"
        },
        "eur": {
            "current_rate": 110.74994247257099,
            "sparkline": "▅▅▅▅▅▅▅▅▅▅▅▅▅▅▅▅▅▅▄▄▄▄▄▄▄▄▄▄▄▅"
        },
        "cny": {
            "current_rate": 105.1916710212628,
            "sparkline": "▄▄▄▄▄▄▄▄▄▄▄▄▄▄▄▄▄▄▅▅▅▅▅▅▅▅▅▅▅▅"
        },
        "rsd": {
            "current_rate": 110.62570627241759,
            "sparkline": "▄▅▄▄▄▅▅▅▄▅▄▅▄▅▄▄▄▄▅▅▄▄▄▄▄▅▅▄▄▄"
        }
    },
    "update_time": "2025-10-17 15:35:48",
    "update_time_display": "17.10 15:35"
}