{
    "rub2rsd": {
        "bank": {
            "current": 1.2115941350709123,
            "sparkline_full": "        1.26                      \n  ▇▇▇█████▇▄▂▁▁▂▂▁▁▁▁▁▂▄▃▄▅▅▅▅▄▃  \n                   1.19           "
        },
        "korona": {
            "current": 1.1872669065000017,
            "diff_percent": -2.0078694561761647
        },
        "crypto": {
            "current": 1.1291027077654965,
            "diff_percent": -6.808503352534613
        },
        "forex": {
            "current": 1.2564105101127465,
            "diff_percent": 3.6989593911505034
        }
    },
    "rub2eur": {
        "bank": {
            "current": 0.010437323870159691,
            "sparkline_full": "        92.8                      \n  ▇▇▇█████▇▄▂▂▂▃▂▂▂▁▁▁▂▄▄▄▅▅▅▅▄▄  \n                    97.9          "
        },
        "korona": {
            "current": 0.010162470464049904,
            "diff_percent": -2.6333704839378664
        },
        "crypto": {
            "current": 0.009677230695643734,
            "diff_percent": -7.282452705037386
        },
        "forex": {
            "current": 0.010708931038629448,
            "diff_percent": 2.602268281108745
        }
    },
    "rub2usd": {
        "bank": {
            "current": 0.012285012285012284,
            "sparkline_full": "        79.4                      \n  ▆▆▇▇▇▇▇█▆▄▂▂▂▃▃▂▂▂▁▁▃▅▅▅▆▆▆▆▅▄  \n                    83.4          "
        },
        "korona": {
            "current": 0.011662739749508858,
            "diff_percent": -5.065298438997892
        },
        "crypto": {
            "current": 0.011368118981062235,
            "diff_percent": -7.463511494153402
        },
        "forex": {
            "current": 0.012783359134413187,
            "diff_percent": 4.056543354123344
        }
    },
    "xdr": {
        "rub2xdr": {
            "current_rate": 0.008711306322551186,
            "sparkline": "▇▇██████▆▃▂▂▂▂▂▁▁▁▁▁▂▄▃▂▃▃▃▄▃▂"
        },
        "usd2xdr": {
            "current_rate": 0.692897,
            "sparkline": "▆▆▅▅▅▅▅▅▅▅▅▄▄▄▄▄▄▄▄▄▄▄▄▃▄▄▄▄▄▄"
        },
        "eur2xdr": {
            "current_rate": 0.8134618003540787,
            "sparkline": "▄▅▅▄▄▄▄▄▅▅▅▅▄▅▅▄▄▄▄▄▅▅▄▄▄▄▄▄▄▄"
        },
        "cny2xdr": {
            "current_rate": 0.09913540504192062,
            "sparkline": "▅▅▅▅▅▅▅▅▅▄▄▄▄▄▄▄▄▄▄▄▄▅▄▄▄▄▄▄▅▅"
        },
        "rsd2xdr": {
            "current_rate": 0.006933487305649376,
            "sparkline": "▄▅▅▄▄▄▄▄▄▅▅▅▄▄▄▄▄▄▅▄▅▅▄▄▄▄▄▄▄▄"
        }
    },
    "neer": {
        "rub": {
            "current_rate": 96.22469504723422,
            "sparkline": "▆▆▆▇██▇▇█▅▃▂▂▃▂▃▁▂▁▁▁▄▅▃▃▃▅▄▄▂"
        },
        "usd": {
            "current_rate": 103.07480981474667,
            "sparkline": "▅▅▅▅▅▅▅▅▅▅▄▄▄▄▄▄▄▅▅▅▄▄▄▄▄▄▄▄▄▄"
        },
        "eur": {
            "current_rate": 110.60599768287501,
            "sparkline": "▄▄▄▄▄▄▄▄▄▅▅▅▅▅▅▅▅▅▅▅▅▅▅▅▅▅▅▅▅▄"
        },
        "cny": {
            "current_rate": 107.53156638965683,
            "sparkline": "▄▄▄▄▄▄▄▄▄▄▄▄▄▄▄▅▅▅▅▅▅▄▄▄▄▅▄▄▅▅"
        },
        "rsd": {
            "current_rate": 110.39904100012312,
            "sparkline": "▅▃▅▅▅▅▅▅▅▅▅▅▅▅▅▆▆▆▅▅▅▅▅▅▅▅▅▅▅▅"
        }
    },
    "specific_rates": {
        "rub_kzt_bank": 6.21,
        "rub_kzt_crypto": 5.757952263908022,
        "kzt_rsd_bank": 0.1960944891542319,
        "rsd_eur_cash": 0.0084530853761623,
        "eur_rsd_cash": 116.82857142857142,
        "rsd_usd_cash": 0.009823182711198428,
        "usd_rsd_cash": 97.39999999999999,
        "eur_usd_exch": 1.1740010425129257,
        "usd_kzt_bank": 499.5
    },
    "update_time": "2025-12-31 04:20:52",
    "update_time_display": "31.12 04:20"
}