{
    "rub2rsd": {
        "bank": {
            "current": 1.2303573812574287,
            "sparkline_full": "                          1.26    \n  ▆▅▂  ▁▁▂▂▂▃▄▅▅▅▅▆▆▇▇▇▇▇▆█████▆  \n       1.16                       "
        },
        "korona": {
            "current": 1.1799338773828503,
            "diff_percent": -4.098281088300167
        },
        "crypto": {
            "current": 1.2226528509751604,
            "diff_percent": -0.6262026301979186
        },
        "forex": {
            "current": 1.2785712692127194,
            "diff_percent": 3.918689698599277
        }
    },
    "rub2eur": {
        "bank": {
            "current": 0.010595465140919687,
            "sparkline_full": "                          92.2    \n  ▆▅▂  ▁▁▂▂▂▃▄▅▅▅▅▅▆▆▇▇▇▆▆████▇▆  \n      99.8                        "
        },
        "korona": {
            "current": 0.01010093817008677,
            "diff_percent": -4.667345550721079
        },
        "crypto": {
            "current": 0.010438300416542751,
            "diff_percent": -1.4833206686695264
        },
        "forex": {
            "current": 0.010890622649517285,
            "diff_percent": 2.7856965661441206
        }
    },
    "rub2usd": {
        "bank": {
            "current": 0.012599218848431397,
            "sparkline_full": "                          78.6    \n  ▆▅▃  ▁▁▂▂▂▂▃▄▄▄▅▅▅▅▆▆▆▆▆█████▇  \n       85.0                       "
        },
        "korona": {
            "current": 0.011677888731025834,
            "diff_percent": -7.312597141847949
        },
        "crypto": {
            "current": 0.012386509728078235,
            "diff_percent": -1.6882722882430437
        },
        "forex": {
            "current": 0.013063033053392535,
            "diff_percent": 3.6812933447765546
        }
    },
    "xdr": {
        "rub2xdr": {
            "current_rate": 0.008960031959715311,
            "sparkline": "▄▃▂▃▂▁▁▁▁▁▂▃▃▄▄▅▅▅▆▆▆▆▆▆████▇▅"
        },
        "usd2xdr": {
            "current_rate": 0.686755,
            "sparkline": "▄▄▄▅▄▅▅▅▅▅▅▅▅▅▅▅▆▆▆▆▆▆▆▅▅▅▄▄▃▃"
        },
        "eur2xdr": {
            "current_rate": 0.82272908061069,
            "sparkline": "▄▄▄▄▄▄▄▄▄▄▄▄▄▄▄▄▄▄▄▄▄▄▅▅▄▄▅▅▄▅"
        },
        "cny2xdr": {
            "current_rate": 0.09874689059197377,
            "sparkline": "▃▄▄▄▄▄▄▄▄▄▅▅▅▅▅▅▅▅▅▆▆▆▆▅▅▄▄▄▃▃"
        },
        "rsd2xdr": {
            "current_rate": 0.007007847098920386,
            "sparkline": "▄▄▄▄▄▄▄▄▄▄▄▄▄▄▄▄▄▄▄▄▄▄▅▅▄▄▅▄▄▅"
        }
    },
    "neer": {
        "rub": {
            "current_rate": 99.16073505708066,
            "sparkline": "▄▄▃▃▄▄▄▄▄▄▄▄▃▃▄▃▃▄▄▅▅▄▄▄▅▆▆▆▆▅"
        },
        "usd": {
            "current_rate": 101.86301961985656,
            "sparkline": "▅▅▅▅▅▅▅▅▅▅▅▅▅▅▅▅▅▅▅▅▅▅▅▅▅▄▄▄▄▄"
        },
        "eur": {
            "current_rate": 110.8129130586884,
            "sparkline": "▅▅▅▅▅▅▅▄▅▄▄▄▄▄▅▄▄▄▄▄▄▄▅▅▄▅▅▅▅▅"
        },
        "cny": {
            "current_rate": 107.1480550488151,
            "sparkline": "▄▄▄▄▄▄▅▅▄▄▅▅▅▅▅▅▅▅▅▅▅▅▅▅▅▅▄▄▄▄"
        },
        "rsd": {
            "current_rate": 110.33482366244918,
            "sparkline": "▅▅▅▅▅▅▅▅▅▅▅▅▅▅▅▄▄▅▅▅▄▅▄▅▅▅▅▅▅▅"
        }
    },
    "specific_rates": {
        "rub_kzt_bank": 6.4,
        "rub_kzt_crypto": 6.304733451591821,
        "kzt_rsd_bank": 0.1939261763185983,
        "rsd_eur_cash": 0.008443908323281062,
        "eur_rsd_cash": 116.81428571428572,
        "rsd_usd_cash": 0.009897070467141727,
        "usd_rsd_cash": 96.38,
        "eur_usd_exch": 1.197995035508573,
        "usd_kzt_bank": 502.0
    },
    "update_time": "2026-01-27 21:50:46",
    "update_time_display": "27.01 21:50"
}