{
    "rub2rsd": {
        "bank": {
            "current": 1.2585875877808557,
            "sparkline_full": "                          1.28    \n  ▁▂▃▃▂▃▄▄▅▆▆▅▅▅▅▆▇▇▇▆▆▆▇▇▇█▇▇▇▆  \n 1.22                             "
        },
        "korona": {
            "current": 1.2286025274226346,
            "diff_percent": -2.3824373169840913
        },
        "crypto": {
            "current": 1.2803311045248984,
            "diff_percent": 1.7276125201886785
        },
        "forex": {
            "current": 1.3359318651075476,
            "diff_percent": 6.145323382941151
        }
    },
    "rub2eur": {
        "bank": {
            "current": 0.01087429317094389,
            "sparkline_full": "                          91.1    \n  ▁▂▂▂▂▃▄▄▅▅▆▅▅▅▅▆▇▇▇▆▇▇▇▇▇████▆  \n 95.6                             "
        },
        "korona": {
            "current": 0.010518857255330777,
            "diff_percent": -3.268588679978183
        },
        "crypto": {
            "current": 0.010956346679292229,
            "diff_percent": 0.7545640627713296
        },
        "forex": {
            "current": 0.011377553173468096,
            "diff_percent": 4.627978983212604
        }
    },
    "rub2usd": {
        "bank": {
            "current": 0.012755102040816325,
            "sparkline_full": "                             77.8 \n  ▁▁▂▂▃▄▅▅▆▇▇▇▆▇▇████▇▇▇████████  \n 82.8                             "
        },
        "korona": {
            "current": 0.012063849381451287,
            "diff_percent": -5.4194208494219
        },
        "crypto": {
            "current": 0.012825233106463612,
            "diff_percent": 0.5498275546747323
        },
        "forex": {
            "current": 0.013368733740277588,
            "diff_percent": 4.810872523776304
        }
    },
    "xdr": {
        "rub2xdr": {
            "current_rate": 0.009275061101630006,
            "sparkline": "▁▁▂▃▃▄▄▄▅▆▆▅▅▅▅▆▇▇▇▇█▇████████"
        },
        "usd2xdr": {
            "current_rate": 0.69563,
            "sparkline": "▆▆▆▆▄▄▄▄▄▃▃▃▃▃▃▃▃▃▃▄▄▄▄▄▄▄▄▄▄▄"
        },
        "eur2xdr": {
            "current_rate": 0.8152070098216724,
            "sparkline": "▄▄▄▆▄▄▄▄▄▅▄▄▄▄▄▄▄▄▃▄▄▄▄▄▄▄▄▄▄▄"
        },
        "cny2xdr": {
            "current_rate": 0.10187455149890895,
            "sparkline": "▅▅▅▆▄▄▄▄▄▄▃▃▃▃▄▄▄▄▄▄▄▄▄▄▄▄▄▄▄▄"
        },
        "rsd2xdr": {
            "current_rate": 0.006942765079477557,
            "sparkline": "▄▄▄▆▄▄▄▄▄▅▄▄▄▄▄▄▄▄▃▄▄▄▄▄▄▄▄▄▄▄"
        }
    },
    "neer": {
        "rub": {
            "current_rate": 101.64572641502708,
            "sparkline": "▁▁▃▂▂▃▄▄▃▅▆▇▅▅▅▅▇███▇▇██▇█▇▇▇▇"
        },
        "usd": {
            "current_rate": 101.97568574364199,
            "sparkline": "▆▆▅▄▄▄▄▄▄▃▃▃▃▄▄▃▃▃▄▄▄▄▃▄▄▅▄▄▄▄"
        },
        "eur": {
            "current_rate": 109.7001251069983,
            "sparkline": "▄▄▄▄▄▄▅▅▄▄▄▄▄▄▄▄▄▄▄▄▄▄▄▄▄▄▄▄▄▄"
        },
        "cny": {
            "current_rate": 110.14447199627027,
            "sparkline": "▄▅▆▅▅▅▄▄▅▄▄▄▄▃▃▄▄▅▅▅▃▃▄▅▄▄▃▃▃▃"
        },
        "rsd": {
            "current_rate": 109.83043041644788,
            "sparkline": "▂▆▆▆▆▆▄▄▆▆▆▆▇▂▂▆▆▆▇▇▂▂▆▇▂▂▂▂▂▂"
        }
    },
    "specific_rates": {
        "rub_kzt_bank": 5.97,
        "rub_kzt_crypto": 6.015034326931434,
        "kzt_rsd_bank": 0.21285516173904506,
        "rsd_eur_cash": 0.00844880027036161,
        "eur_rsd_cash": 116.8,
        "rsd_usd_cash": 0.009819163734555275,
        "usd_rsd_cash": 98.19166666666666,
        "eur_usd_exch": 1.1718974308492625,
        "usd_kzt_bank": 462.0
    },
    "update_time": "2026-05-04 11:50:54",
    "update_time_display": "04.05 11:50"
}