{
    "rub2rsd": {
        "bank": {
            "current": 1.2272448625533903,
            "sparkline_full": "                             1.23 \n  ▁▄▅▃▃▃▃▃▃▃▃▃▂▂▂▂▂▂▁▂▂▁▁▂▃▆███▇  \n 1.18                             "
        },
        "korona": {
            "current": 1.1905425380404666,
            "diff_percent": -2.9906276760907566
        },
        "crypto": {
            "current": 1.266465420022702,
            "diff_percent": 3.1958216869378315
        },
        "forex": {
            "current": 1.2875197897516713,
            "diff_percent": 4.911401875651263
        }
    },
    "rub2eur": {
        "bank": {
            "current": 0.010548523206751054,
            "sparkline_full": "                             94.4 \n  ▁▄▅▄▃▃▃▃▃▃▃▃▃▃▃▂▂▃▂▂▂▂▂▂▃▆███▇  \n 98.2                             "
        },
        "korona": {
            "current": 0.010194248032150783,
            "diff_percent": -3.358528655210571
        },
        "crypto": {
            "current": 0.010869100932091884,
            "diff_percent": 3.0390768362310663
        },
        "forex": {
            "current": 0.010974901133126777,
            "diff_percent": 4.042062742041854
        }
    },
    "rub2usd": {
        "bank": {
            "current": 0.012189176011701608,
            "sparkline_full": "                             81.8 \n  ▂▅▆▅▃▂▂▂▂▂▂▂▃▃▂▂▂▃▃▃▃▂▂▂▂▆▇▇▇▇  \n 84.3                             "
        },
        "korona": {
            "current": 0.011509975507607578,
            "diff_percent": -5.572160935587423
        },
        "crypto": {
            "current": 0.012534863527048495,
            "diff_percent": 2.836020375905865
        },
        "forex": {
            "current": 0.012664399739113366,
            "diff_percent": 3.898735459686062
        }
    },
    "xdr": {
        "rub2xdr": {
            "current_rate": 0.008976891236435847,
            "sparkline": "▃▄▄▃▃▃▂▂▃▂▂▃▂▂▁▁▁▂▂▂▄▁▁▂▃▆▇███"
        },
        "usd2xdr": {
            "current_rate": 0.70847,
            "sparkline": "▃▃▃▃▄▄▃▅▅▅▅▅▄▄▄▄▄▄▄▄▆▃▄▄▄▅▅▅▅▅"
        },
        "eur2xdr": {
            "current_rate": 0.8179473443582912,
            "sparkline": "▃▄▃▂▃▃▃▃▃▃▃▄▄▄▃▃▃▄▄▄▇▃▃▃▂▃▃▃▃▄"
        },
        "cny2xdr": {
            "current_rate": 0.09998447599424201,
            "sparkline": "▃▃▃▂▃▃▃▄▄▄▄▅▄▄▃▄▃▄▄▄▇▃▃▄▄▅▅▅▅▅"
        },
        "rsd2xdr": {
            "current_rate": 0.006972235539903626,
            "sparkline": "▃▄▃▂▃▂▃▃▃▃▃▄▄▄▃▄▃▄▄▄▇▃▃▃▂▃▃▃▃▄"
        }
    },
    "neer": {
        "rub": {
            "current_rate": 98.93021293414799,
            "sparkline": "▁▆▄▆▃▃▃▃▄▄▂▁▁▁▁▂▁▁▂▂▂▃▂▂▄▅▇▇▇█"
        },
        "usd": {
            "current_rate": 104.88651849642014,
            "sparkline": "▄▄▄▅▅▅▅▅▅▅▅▅▅▅▄▄▄▄▄▄▄▄▅▄▅▅▅▅▅▅"
        },
        "eur": {
            "current_rate": 109.99907499257002,
            "sparkline": "▅▅▅▄▄▄▄▄▄▄▄▅▅▅▅▅▅▅▅▅▅▅▅▅▄▄▄▄▄▄"
        },
        "cny": {
            "current_rate": 106.98327361637145,
            "sparkline": "▃▄▃▄▄▄▄▄▄▄▄▄▄▄▄▄▄▄▄▄▄▄▅▄▅▅▆▅▅▅"
        },
        "rsd": {
            "current_rate": 109.9735482134831,
            "sparkline": "▄▅▄▅▄▄▄▄▄▄▄▄▄▄▄▄▄▄▄▄▄▅▅▄▄▄▄▄▄▄"
        }
    },
    "specific_rates": {
        "rub_kzt_bank": 6.35,
        "rub_kzt_crypto": 6.5431987611193145,
        "kzt_rsd_bank": 0.19355447790280078,
        "rsd_eur_cash": 0.00849514563106796,
        "eur_rsd_cash": 116.78571428571429,
        "rsd_usd_cash": 0.0096678406187418,
        "usd_rsd_cash": 99.69285714285715,
        "eur_usd_exch": 1.1545264363463394,
        "usd_kzt_bank": 516.0
    },
    "update_time": "2025-11-25 16:20:47",
    "update_time_display": "25.11 16:20"
}