{
    "rub2rsd": {
        "bank": {
            "current": 1.2240712402175449,
            "sparkline_full": "                       1.24       \n           ▁▁▂▁▁▃▅▆▇▆▆▅▆██▇▆▆▇▅▃  \n          1.21                    "
        },
        "korona": {
            "current": 1.180347095128718,
            "diff_percent": -3.5720261739877217
        },
        "crypto": {
            "current": 1.2356454440330522,
            "diff_percent": 0.9455498532463141
        },
        "forex": {
            "current": 1.2714109756364909,
            "diff_percent": 3.867400349225806
        }
    },
    "rub2eur": {
        "bank": {
            "current": 0.010565240359218171,
            "sparkline_full": "                        93.4      \n           ▂▁▂▂▂▂▄▅▆▇▇▅▆▇█▆▆▆▆▅▄  \n           95.5                   "
        },
        "korona": {
            "current": 0.010112926703944465,
            "diff_percent": -4.281148747165629
        },
        "crypto": {
            "current": 0.010555824295331008,
            "diff_percent": -0.08912304469199647
        },
        "forex": {
            "current": 0.010852250669006505,
            "diff_percent": 2.7165525821465875
        }
    },
    "rub2usd": {
        "bank": {
            "current": 0.01235941169200346,
            "sparkline_full": "                    80.1          \n           ▃▃▄▄▄▄▅▆▆▆▆▅▅▆▆▄▄▄▅▄▃  \n           81.0                   "
        },
        "korona": {
            "current": 0.011662685674219811,
            "diff_percent": -5.637210209887508
        },
        "crypto": {
            "current": 0.012323311154084107,
            "diff_percent": -0.29208945230549216
        },
        "forex": {
            "current": 0.01280603215338553,
            "diff_percent": 3.613606153042326
        }
    },
    "xdr": {
        "rub2xdr": {
            "current_rate": 0.008889531805567473,
            "sparkline": "         ▂▇████▁▂▂▁▁▁▂▂▂▂▂▁▂▁▁"
        },
        "usd2xdr": {
            "current_rate": 0.697858,
            "sparkline": "         ▃█████▁▁▁▁▁▁▁▂▂▂▂▂▂▁▁"
        },
        "eur2xdr": {
            "current_rate": 0.8191417685324519,
            "sparkline": "         ▃█████▁▁▁▁▁▁▁▁▁▁▁▁▁▁▁"
        },
        "cny2xdr": {
            "current_rate": 0.09726515024809053,
            "sparkline": "         ▃█████▁▁▁▁▁▁▁▂▂▂▂▂▂▁▁"
        },
        "rsd2xdr": {
            "current_rate": 0.006991863351751558,
            "sparkline": "         ▃█████▁▁▁▁▁▁▁▁▁▁▁▁▁▁▁"
        }
    },
    "neer": {
        "rub": {
            "current_rate": 98.12171705674623,
            "sparkline": "▆▆▅▄▄▄▄▁▃▁▁▂▁▂▂▅▅▇▆▆▇▇█▇█▆▆▅▆▆"
        },
        "usd": {
            "current_rate": 103.63713128920003,
            "sparkline": "▆▆▅▄▄▄▄▂▄▃▃▃▃▄▄▅▅▅▅▅▅▆▇▆▆▆▆▆▅▅"
        },
        "eur": {
            "current_rate": 110.45519551161223,
            "sparkline": "▃▃▄▄▄▅▅▆▅▆▆▆▆▅▅▅▅▅▅▅▅▅▅▅▅▅▅▅▆▆"
        },
        "cny": {
            "current_rate": 103.60026253907802,
            "sparkline": "▅▅▄▄▄▄▄▂▃▃▃▃▃▄▄▅▅▅▅▅▆▆▆▆▆▆▇▇▆▆"
        },
        "rsd": {
            "current_rate": 110.47947142855159,
            "sparkline": "▃▄▄▃▄▄▄▄▆▅▅▄▄▆▅▅▅▄▄▄▄▄▄▄▄▄▄▄▄▄"
        }
    },
    "update_time": "2025-07-23 03:36:30",
    "update_time_display": "23.07 03:36"
}