{
    "rub2rsd": {
        "bank": {
            "current": 1.1363377783518436,
            "sparkline_full": " 1.21                             \n  ████▇▇▇▇▇██▆▆▆▇▇▇▆▆▆▆▆▆▅▅▄▄▄▂▁  \n                              1.14"
        },
        "korona": {
            "current": 1.0949891197004025,
            "diff_percent": -3.6387647616022796
        },
        "crypto": {
            "current": 1.162437035118179,
            "diff_percent": 2.296786858938197
        },
        "forex": {
            "current": 1.1910098048627245,
            "diff_percent": 4.8112478131438845
        }
    },
    "rub2eur": {
        "bank": {
            "current": 0.009805844283192783,
            "sparkline_full": " 95.8                             \n  ███▇▇▇▇▇▇▇▇▆▆▆▇▇▇▇▇▇▇▆▆▆▅▄▄▄▂▁  \n                              102 "
        },
        "korona": {
            "current": 0.009378921796149058,
            "diff_percent": -4.353755522871903
        },
        "crypto": {
            "current": 0.00999218921699908,
            "diff_percent": 1.9003456349566235
        },
        "forex": {
            "current": 0.010161502820479574,
            "diff_percent": 3.627005763250699
        }
    },
    "rub2usd": {
        "bank": {
            "current": 0.011494252873563218,
            "sparkline_full": "          82.0                    \n  ███▇██▇▇▇██▆▆▆▇▆▆▆▆▆▆▆▆▅▅▅▅▅▃▁  \n                              87.0"
        },
        "korona": {
            "current": 0.01072542340712631,
            "diff_percent": -6.688816358001105
        },
        "crypto": {
            "current": 0.01168928999428033,
            "diff_percent": 1.6968229502388743
        },
        "forex": {
            "current": 0.012013094272757305,
            "diff_percent": 4.513920172988553
        }
    },
    "xdr": {
        "rub2xdr": {
            "current_rate": 0.008290423121622986,
            "sparkline": "██████▇▆▆▆▇▆▆▆▆▇▇▆▇▇▇▆▅▅▅▅▅▄▁▁"
        },
        "usd2xdr": {
            "current_rate": 0.697447,
            "sparkline": "▅▅▅▅▆▅▄▄▄▅▅▅▄▄▅▅▅▅▄▄▄▄▄▄▅▄▄▄▃▄"
        },
        "eur2xdr": {
            "current_rate": 0.815865848594206,
            "sparkline": "▄▅▅▅▆▅▄▄▄▄▄▅▄▄▄▄▄▄▄▄▄▄▃▄▅▄▄▄▄▄"
        },
        "cny2xdr": {
            "current_rate": 0.09793265652863782,
            "sparkline": "▅▅▅▅▅▄▄▄▄▄▅▅▄▄▅▅▅▅▅▅▅▅▅▅▅▅▄▄▄▅"
        },
        "rsd2xdr": {
            "current_rate": 0.006960835324591252,
            "sparkline": "▄▅▅▅▅▅▄▄▄▄▄▅▄▄▄▄▄▄▄▄▄▄▄▄▅▄▄▄▄▄"
        }
    },
    "neer": {
        "rub": {
            "current_rate": 91.57319883406159,
            "sparkline": "█▇▇▇▇▇▇▆▇▇▇▆▆▆▆▇▆▆▆▇▆▆▆▅▅▅▅▅▂▁"
        },
        "usd": {
            "current_rate": 103.70128589185231,
            "sparkline": "▅▄▄▄▅▄▅▅▅▅▅▄▄▄▅▅▄▄▄▄▄▅▅▅▅▄▄▄▄▄"
        },
        "eur": {
            "current_rate": 110.53283306063577,
            "sparkline": "▄▅▄▅▅▅▄▅▄▄▄▅▅▅▄▄▄▄▄▄▅▄▄▄▄▅▅▅▅▅"
        },
        "cny": {
            "current_rate": 104.54723421100486,
            "sparkline": "▄▄▄▄▄▄▄▄▄▄▅▄▄▄▅▅▅▅▅▅▅▅▅▅▅▅▅▅▅▅"
        },
        "rsd": {
            "current_rate": 110.6750589146267,
            "sparkline": "▅▄▅▄▅▅▅▄▄▅▄▅▅▅▄▅▄▅▄▄▅▄▄▄▅▅▅▅▅▅"
        }
    },
    "update_time": "2025-09-10 10:05:43",
    "update_time_display": "10.09 10:05"
}