{
    "rub2rsd": {
        "bank": {
            "current": 1.208256413933496,
            "sparkline_full": "                 1.26             \n  ▆▆▅▅▅▆▆▆▆▇▇▇█████▇▄▂▁▁▂▂▁▁▁▁▁▃  \n                            1.19  "
        },
        "korona": {
            "current": 1.1701667944356902,
            "diff_percent": -3.1524450487959306
        },
        "crypto": {
            "current": 1.2369081208665573,
            "diff_percent": 2.3713266987580366
        },
        "forex": {
            "current": 1.2650009870039383,
            "diff_percent": 4.696401559807125
        }
    },
    "rub2eur": {
        "bank": {
            "current": 0.010370216737529813,
            "sparkline_full": "                 92.8             \n  ▆▆▆▅▆▆▇▇▇▇▇▇█████▇▄▂▂▂▃▂▂▂▁▁▁▃  \n                             97.9 "
        },
        "korona": {
            "current": 0.009992884666402135,
            "diff_percent": -3.6386131618841966
        },
        "crypto": {
            "current": 0.010628317697403801,
            "diff_percent": 2.488867556064869
        },
        "forex": {
            "current": 0.01077791359529592,
            "diff_percent": 3.9314207994385724
        }
    },
    "rub2usd": {
        "bank": {
            "current": 0.012193634922570418,
            "sparkline_full": "                 79.4             \n  ▄▄▄▃▅▅▅▅▆▆▆▇▇▇▇▇█▆▄▂▂▂▃▃▂▂▂▁▁▃  \n                             83.4 "
        },
        "korona": {
            "current": 0.011437462559238493,
            "diff_percent": -6.201369551685114
        },
        "crypto": {
            "current": 0.012473155870530786,
            "diff_percent": 2.2923512942229807
        },
        "forex": {
            "current": 0.012388196526349695,
            "diff_percent": 1.5955997125938561
        }
    },
    "xdr": {
        "rub2xdr": {
            "current_rate": 0.008797053456320406,
            "sparkline": "▅▆▆▅▆▇▇▇▇▇▇██████▆▃▂▂▂▂▂▁▁▁▁▁▃"
        },
        "usd2xdr": {
            "current_rate": 0.695829,
            "sparkline": "▆▆▆▅▅▅▅▅▅▅▅▄▄▄▄▄▄▄▄▄▃▃▃▃▃▃▃▃▄▃"
        },
        "eur2xdr": {
            "current_rate": 0.8162111691227445,
            "sparkline": "▄▅▅▄▅▄▄▄▅▄▅▅▄▄▄▄▄▅▅▅▅▄▅▅▄▄▄▄▄▄"
        },
        "cny2xdr": {
            "current_rate": 0.09888148358675573,
            "sparkline": "▅▅▅▅▅▅▅▅▅▅▅▄▄▄▄▄▄▅▄▄▄▄▄▄▄▄▄▄▄▄"
        },
        "rsd2xdr": {
            "current_rate": 0.006954187029652505,
            "sparkline": "▄▅▅▅▅▄▄▄▅▄▅▅▄▄▄▄▄▄▅▅▅▄▅▅▄▄▄▅▄▄"
        }
    },
    "neer": {
        "rub": {
            "current_rate": 94.99096565530324,
            "sparkline": "▅▂▅▅▅▆▇▇▅▆▆▆▇██▇▇█▅▃▂▂▃▂▃▁▂▁▁▁"
        },
        "usd": {
            "current_rate": 103.58523001329242,
            "sparkline": "▆▅▅▅▅▅▅▅▄▅▄▄▄▄▄▄▄▄▄▄▄▄▄▃▄▄▄▄▄▄"
        },
        "eur": {
            "current_rate": 110.85582451599899,
            "sparkline": "▄▄▄▄▄▄▄▄▄▄▄▄▄▄▄▄▄▄▅▅▅▅▅▅▅▅▅▅▅▅"
        },
        "cny": {
            "current_rate": 107.24598813989431,
            "sparkline": "▄▅▅▅▄▅▄▄▄▅▄▄▄▄▄▄▄▅▄▄▄▄▄▄▄▅▅▅▅▅"
        },
        "rsd": {
            "current_rate": 110.42413881948059,
            "sparkline": "▅▅▅▅▅▅▅▅▄▅▃▅▅▅▅▅▅▅▅▆▅▅▅▅▅▆▅▅▅▅"
        }
    },
    "specific_rates": {
        "rub_kzt_bank": 6.31,
        "rub_kzt_crypto": 6.467331318870213,
        "kzt_rsd_bank": 0.19125479427001654,
        "rsd_eur_cash": 0.008436445444319459,
        "eur_rsd_cash": 117.10000000000001,
        "rsd_usd_cash": 0.00977421561919656,
        "usd_rsd_cash": 98.2,
        "eur_usd_exch": 1.1730053923057884,
        "usd_kzt_bank": 512.5
    },
    "update_time": "2025-12-22 14:20:55",
    "update_time_display": "22.12 14:20"
}