{
    "rub2rsd": {
        "bank": {
            "current": 1.241277834885208,
            "sparkline_full": "           1.26                   \n  ▇▅▅▅▆▆▆▅▅▅█▇▆▇▇▅▇▆▅▆▆▆▆▅▂▁▂▂▃▄  \n                          1.22    "
        },
        "korona": {
            "current": 1.1966221575496203,
            "diff_percent": -3.5975569756079175
        },
        "crypto": {
            "current": 1.2213601516963168,
            "diff_percent": -1.604611202191745
        },
        "forex": {
            "current": 1.292233071800267,
            "diff_percent": 4.105062982919636
        }
    },
    "rub2eur": {
        "bank": {
            "current": 0.010705491917353602,
            "sparkline_full": "           92.1                   \n  ▅▇▆▆▅▅▅▄▄▅▇▇▇▇▆▅▇▆▅▅▅▆▆▅▂▂▃▃▃▅  \n                         95.0     "
        },
        "korona": {
            "current": 0.010249440321624156,
            "diff_percent": -4.259977955708752
        },
        "crypto": {
            "current": 0.010424121790258725,
            "diff_percent": -2.6282783571932513
        },
        "forex": {
            "current": 0.011023767803685348,
            "diff_percent": 2.973015054224836
        }
    },
    "rub2usd": {
        "bank": {
            "current": 0.012405408758218583,
            "sparkline_full": "                              80.6\n  ▂▂▂▄▄▄▄▄▃▃▅▆▅▅▆▅▇▆▅▅▅▆▆▅▄▄▄▄▆▇  \n 82.9                             "
        },
        "korona": {
            "current": 0.011353824658005055,
            "diff_percent": -8.47681943182125
        },
        "crypto": {
            "current": 0.012054766561671558,
            "diff_percent": -2.8265267463655697
        },
        "forex": {
            "current": 0.012737766330771769,
            "diff_percent": 2.679134392351229
        }
    },
    "xdr": {
        "rub2xdr": {
            "current_rate": 0.00901041843167301,
            "sparkline": "▂▂▂▂▂▃▃▂▁▁▃▄▅█▄▃▂▂▃▃▃▃▃▃▁▁▁▁▁▂"
        },
        "usd2xdr": {
            "current_rate": 0.70726,
            "sparkline": "▄▄▄▃▄▄▄▃▃▃▃▃▃▇▄▃▃▃▃▃▃▃▃▃▃▂▂▂▂▂"
        },
        "eur2xdr": {
            "current_rate": 0.8173628646877654,
            "sparkline": "▃▃▃▃▃▃▃▃▃▂▃▃▃▇▄▃▃▃▃▃▃▃▃▃▄▃▃▃▃▃"
        },
        "cny2xdr": {
            "current_rate": 0.0984589255634597,
            "sparkline": "▄▄▄▃▄▄▄▃▃▃▃▃▃▇▄▃▃▃▃▃▃▃▃▃▃▂▂▂▂▂"
        },
        "rsd2xdr": {
            "current_rate": 0.006972750216894077,
            "sparkline": "▃▃▃▃▃▃▃▃▃▂▃▃▃▇▄▃▃▃▃▃▃▃▃▃▄▃▃▃▃▃"
        }
    },
    "neer": {
        "rub": {
            "current_rate": 98.06925040123929,
            "sparkline": "▃▂▂▃▃▃▃▂▃▃▄▆██▅▄▅▅▄▅▅▄▃▆▂▁▁▁▁▄"
        },
        "usd": {
            "current_rate": 103.83833672919025,
            "sparkline": "▆▆▅▅▅▄▄▄▅▅▅▅▅▅▄▄▄▄▄▄▄▄▄▄▃▃▃▃▃▃"
        },
        "eur": {
            "current_rate": 109.34732499945864,
            "sparkline": "▃▃▄▄▃▄▄▄▄▃▃▄▄▄▄▄▄▄▄▄▄▄▅▄▆▆▆▆▆▆"
        },
        "cny": {
            "current_rate": 103.39600811819406,
            "sparkline": "▅▅▅▅▅▄▄▄▅▅▅▅▅▅▄▅▅▄▄▄▄▄▄▅▄▄▄▄▄▄"
        },
        "rsd": {
            "current_rate": 109.91176482148146,
            "sparkline": "▃▄▄▅▄▃▃▅▅▄▃▄▄▄▄▄▆▆▄▄▄▄▄▄▅▅▅▅▅▅"
        }
    },
    "update_time": "2025-06-17 15:35:47",
    "update_time_display": "17.06 15:35"
}