{
    "rub2rsd": {
        "bank": {
            "current": 1.2157004021237015,
            "sparkline_full": "  1.24                            \n  ▇█▇▇▇▇▇▆▅▄▃▄▄▃▁▁▄▆▄▄▅▄▄▄▄▃▃▃▄▄  \n               1.19               "
        },
        "korona": {
            "current": 1.1701629723975115,
            "diff_percent": -3.7457773022564425
        },
        "crypto": {
            "current": 1.164677632030638,
            "diff_percent": -4.196985540510803
        },
        "forex": {
            "current": 1.2620530877896996,
            "diff_percent": 3.812837898632332
        }
    },
    "rub2eur": {
        "bank": {
            "current": 0.010458063166701526,
            "sparkline_full": "   93.4                           \n  ▇▇█▇▇▇▇▇▅▄▃▃▃▃▁▁▄▆▅▅▄▄▄▄▄▃▃▄▄▄  \n               97.6               "
        },
        "korona": {
            "current": 0.010019744106156062,
            "diff_percent": -4.191206856935727
        },
        "crypto": {
            "current": 0.010044784432008857,
            "diff_percent": -3.9517712611313023
        },
        "forex": {
            "current": 0.010774518170066697,
            "diff_percent": 3.0259427421777674
        }
    },
    "rub2usd": {
        "bank": {
            "current": 0.012250398137939484,
            "sparkline_full": "   80.2                           \n  ███▇▇▇██▇▆▅▅▅▅▁▁▃▄▃▃▄▄▄▅▅▄▄▄▄▅  \n                84.1              "
        },
        "korona": {
            "current": 0.0115133049501477,
            "diff_percent": -6.016891691944327
        },
        "crypto": {
            "current": 0.011742102577029744,
            "diff_percent": -4.149216663706203
        },
        "forex": {
            "current": 0.012520126102710107,
            "diff_percent": 2.2017893764226004
        }
    },
    "xdr": {
        "rub2xdr": {
            "current_rate": 0.008839909640064966,
            "sparkline": "███████▇▆▅▄▅▅▃▁▁▂▂▄▄▆▆▆▆▅▅▅▅▆▆"
        },
        "usd2xdr": {
            "current_rate": 0.702337,
            "sparkline": "▄▅▅▅▅▅▅▄▄▃▃▃▃▃▃▃▃▃▃▃▆▆▆▆▅▅▅▅▅▅"
        },
        "eur2xdr": {
            "current_rate": 0.8204459355429575,
            "sparkline": "▆▆▆▆▆▆▇▆▆▆▆▆▆▅▃▃▂▃▄▄▆▆▆▇▆▆▆▆▆▇"
        },
        "cny2xdr": {
            "current_rate": 0.09778719908664354,
            "sparkline": "▅▅▅▅▅▅▅▅▄▄▄▄▄▄▄▄▃▃▃▃▆▆▆▆▅▅▅▅▅▅"
        },
        "rsd2xdr": {
            "current_rate": 0.007004388108226706,
            "sparkline": "▆▆▆▆▆▆▇▆▆▆▆▆▆▅▄▃▂▃▄▄▆▆▆▇▆▆▆▆▆▇"
        }
    },
    "neer": {
        "rub": {
            "current_rate": 96.59455827568316,
            "sparkline": "▇██▇▇▇▇▇▇▆▆▄▄▆▆▁▂▅▅▅▄▅▅▄▅▄▄▄▅▅"
        },
        "usd": {
            "current_rate": 103.83683184013076,
            "sparkline": "▄▄▅▄▄▄▄▄▃▃▃▃▃▄▅▅▆▆▅▅▅▅▅▄▄▄▄▄▄▄"
        },
        "eur": {
            "current_rate": 110.55470435473157,
            "sparkline": "▅▄▄▅▅▅▅▅▅▅▅▆▆▅▄▄▄▃▅▅▄▄▄▅▅▅▅▅▅▅"
        },
        "cny": {
            "current_rate": 103.6914563295839,
            "sparkline": "▄▄▅▄▄▄▄▄▄▄▄▄▄▄▅▅▅▅▄▄▅▅▅▄▄▄▄▄▄▄"
        },
        "rsd": {
            "current_rate": 110.54436519990472,
            "sparkline": "▅▅▅▅▅▅▄▅▅▅▅▅▅▄▆▄▃▅▅▅▅▆▅▅▅▅▅▅▅▅"
        }
    },
    "update_time": "2025-08-13 07:50:43",
    "update_time_display": "13.08 07:50"
}