{
    "rub2rsd": {
        "bank": {
            "current": 0.00012757590259089948,
            "sparkline_full": "     1.35                         \n  ████████████████████████ █   ▁  \n                              128μ"
        },
        "korona": {
            "current": 1.2888710060488988,
            "diff_percent": 1010177.7874768015
        },
        "crypto": {
            "current": 32.31265450882216,
            "diff_percent": 25328080.20691563
        },
        "forex": {
            "current": 1.3831174135268816,
            "diff_percent": 1084052.5597213726
        }
    },
    "rub2eur": {
        "bank": {
            "current": 0.011398609369656901,
            "sparkline_full": " 85.8                             \n  ▅▅▅▅▅▅▅▅▅▅▄▄▄▄▄▄▅▅▅▅▅▅▅▅ ▅▅▅▅▄  \n            89.4                  "
        },
        "korona": {
            "current": 0.011034854503843313,
            "diff_percent": -3.1912214377826107
        },
        "crypto": {
            "current": 0.012085772495223438,
            "diff_percent": 6.028482100595233
        },
        "forex": {
            "current": 0.011780971367817106,
            "diff_percent": 3.3544618098594783
        }
    },
    "rub2usd": {
        "bank": {
            "current": 0.01305994514823038,
            "sparkline_full": "      73.7                        \n  ▅▅▅▅▅▅▅▅▅▅▄▄▄▄▄▄▅▅▅▅▅▅▅▅ ▄▄▄▄▄  \n            76.9                  "
        },
        "korona": {
            "current": 0.012375141680738349,
            "diff_percent": -5.243540150586478
        },
        "crypto": {
            "current": 0.013821102354517232,
            "diff_percent": 5.8281807285384275
        },
        "forex": {
            "current": 0.013556564766488172,
            "diff_percent": 3.8026164169999164
        }
    },
    "xdr": {
        "rub2xdr": {
            "current_rate": 0.009585008034105816,
            "sparkline": "▄▅▄▅▆▆▅▅▄▃▁▁▁▁▁▂▄▅▅▄▃▃▃▄ ▂▂██▁"
        },
        "usd2xdr": {
            "current_rate": 0.71169,
            "sparkline": "▁▁▁▁▁▁▁▁▁▁▁▁▁▁▁▃▃▃▂▂▂▂▂▂ ▂▂██▃"
        },
        "eur2xdr": {
            "current_rate": 0.8136008258444499,
            "sparkline": "▃▃▃▃▃▃▃▃▃▃▃▃▃▂▂▃▃▃▃▃▃▃▃▃ ▁▁█▇▂"
        },
        "cny2xdr": {
            "current_rate": 0.10511320838318047,
            "sparkline": "▁▁▁▁▁▁▁▁▁▁▁▁▁▁▁▃▃▃▂▂▂▂▂▂ ▂▂██▃"
        },
        "rsd2xdr": {
            "current_rate": 0.006930003151116807,
            "sparkline": "▃▃▃▃▃▃▃▃▃▃▃▃▃▂▂▃▃▃▃▃▃▃▃▃ ▁▁█▇▂"
        }
    },
    "neer": {
        "rub": {
            "current_rate": 105.691080557776,
            "sparkline": "▅▅▅▅▅▅▅▅▅▅▅▄▄▄▄▄▄▅▅▅▄▄▅▅▄▄▄▄▄▄"
        },
        "usd": {
            "current_rate": 103.39818702163524,
            "sparkline": "▄▄▄▄▄▄▄▄▄▄▄▄▄▅▅▄▄▅▅▄▄▄▄▄▄▅▅▅▅▅"
        },
        "eur": {
            "current_rate": 108.54992497580722,
            "sparkline": "▅▅▅▅▅▅▅▅▅▅▅▅▅▄▄▅▅▅▅▅▄▅▅▅▅▄▄▄▄▄"
        },
        "cny": {
            "current_rate": 112.84370025383511,
            "sparkline": "▄▄▄▄▅▅▄▄▅▅▅▅▅▅▅▅▅▅▅▅▄▄▅▅▄▅▅▅▅▅"
        },
        "rsd": {
            "current_rate": 109.29177934178807,
            "sparkline": "▄▅▅▅▅▅▄▄▅▅▅▅▅▄▄▅▅▅▅▅▄▄▅▅▄▄▄▄▄▄"
        }
    },
    "specific_rates": {
        "rub_kzt_bank": 6.4,
        "rub_kzt_crypto": 6.7861612560679605,
        "kzt_rsd_bank": 4.7615512348648155,
        "rsd_eur_cash": 0.00844880027036161,
        "eur_rsd_cash": 116.8,
        "rsd_usd_cash": 0.009601536245799328,
        "usd_rsd_cash": 100.35000000000001,
        "eur_usd_exch": 1.143195528733648,
        "usd_kzt_bank": 484.0
    },
    "conversion_rates": {
        "rub_usd": {
            "rub_to_usd": [
                0.01305994514823038,
                0.01297016861219196
            ],
            "usd_to_rub": [
                71.78,
                72.2
            ]
        },
        "rub_eur": {
            "rub_to_eur": [
                0.011398609369656901,
                0.011299435028248588
            ],
            "eur_to_rub": [
                82.15,
                82.6
            ]
        },
        "rub_kzt": {
            "rub_to_kzt": [
                6.4,
                6.25
            ],
            "kzt_to_rub": [
                0.14814814814814814,
                0.15
            ]
        },
        "rub_rsd": {
            "rub_to_rsd": [
                0.7128120833453436
            ],
            "rsd_to_rub": [
                1.4028942878
            ]
        },
        "usd_eur": {
            "usd_to_eur": [
                0.8650519031141869
            ],
            "eur_to_usd": [
                1.136
            ]
        },
        "usd_kzt": {
            "usd_to_kzt": [
                484.0
            ],
            "kzt_to_usd": [
                0.002036659877800407
            ]
        },
        "usd_rsd": {
            "usd_to_rsd": [
                0.009768486861385171
            ],
            "rsd_to_usd": [
                102.37
            ]
        },
        "eur_kzt": {
            "eur_to_kzt": [
                554.5
            ],
            "kzt_to_eur": [
                0.0017809439002671415
            ]
        },
        "eur_rsd": {
            "eur_to_rsd": [
                0.008506920340793388
            ],
            "rsd_to_eur": [
                117.55135347919999
            ]
        },
        "kzt_rsd": {
            "kzt_to_rsd": [
                4.7615512348648155
            ],
            "rsd_to_kzt": [
                0.21001559170000003
            ]
        },
        "eur_usd_forex": {
            "eur_to_usd": [
                1.143195528733648
            ],
            "usd_to_eur": [
                0.874741
            ]
        }
    },
    "update_time": "2026-06-22 18:50:45",
    "update_time_display": "22.06 18:50"
}