{
    "rub2rsd": {
        "bank": {
            "current": 1.2548347207128345,
            "sparkline_full": "                              1.25\n  ▆▅▅▃▂▂▁▁▁▁▁▃▄▅▅▅▅▅▅▆▆▆▆▇▇▆▇▇▇█  \n          1.12                    "
        },
        "korona": {
            "current": 1.2215655976401079,
            "diff_percent": -2.651275305310923
        },
        "crypto": {
            "current": 1.2460754608643145,
            "diff_percent": -0.6980409215601014
        },
        "forex": {
            "current": 1.31703735564523,
            "diff_percent": 4.957038078852324
        }
    },
    "rub2eur": {
        "bank": {
            "current": 0.010803802938634399,
            "sparkline_full": "                              92.6\n  ▆▅▄▃▂▁▁▁▁▁▁▃▄▅▅▅▅▅▅▆▆▆▆▆▆▆▇▇▇█  \n         104                      "
        },
        "korona": {
            "current": 0.010457330541128476,
            "diff_percent": -3.206948511314821
        },
        "crypto": {
            "current": 0.010632321985731547,
            "diff_percent": -1.5872277000687982
        },
        "forex": {
            "current": 0.011221097885647685,
            "diff_percent": 3.862482029554974
        }
    },
    "rub2usd": {
        "bank": {
            "current": 0.012642225031605564,
            "sparkline_full": "                              79.1\n  ▅▄▄▃▁▁▁▁▁▁▁▃▄▄▄▄▄▅▅▅▅▅▆▆▆▇▇███  \n         89.9                     "
        },
        "korona": {
            "current": 0.011929351539454179,
            "diff_percent": -5.638829322917454
        },
        "crypto": {
            "current": 0.012417310348299617,
            "diff_percent": -1.7790751449500344
        },
        "forex": {
            "current": 0.013114943297542652,
            "diff_percent": 3.739201483562372
        }
    },
    "xdr": {
        "rub2xdr": {
            "current_rate": 0.009160281634648534,
            "sparkline": "▆▅▄▂▁▁▂▂▂▄▄▄▄▄▄▄▄▅▅▅▅▅▅▆▇▆▇▇▇█"
        },
        "usd2xdr": {
            "current_rate": 0.697817,
            "sparkline": "▅▆▅▅▅▅▅▄▅▅▄▅▅▅▅▅▅▅▅▅▅▅▅▅▅▄▄▄▃▄"
        },
        "eur2xdr": {
            "current_rate": 0.8163445081755296,
            "sparkline": "▄▄▄▄▄▄▄▄▄▄▄▄▄▄▄▄▄▅▄▄▄▄▄▄▅▄▄▄▄▄"
        },
        "cny2xdr": {
            "current_rate": 0.10213650068791896,
            "sparkline": "▅▅▅▅▅▅▄▄▄▄▄▄▄▄▄▅▅▅▄▅▅▅▅▅▅▄▄▄▄▄"
        },
        "rsd2xdr": {
            "current_rate": 0.006955217781321639,
            "sparkline": "▄▄▄▄▄▄▄▄▄▄▄▄▄▄▄▄▄▅▄▄▄▄▄▄▅▄▄▄▄▄"
        }
    },
    "neer": {
        "rub": {
            "current_rate": 98.84425441662113,
            "sparkline": "▅▆▅▄▃▂▃▃▂▄▅▅▄▄▄▄▅▄▅▅▅▅▅▇▆▆▇▇▇▇"
        },
        "usd": {
            "current_rate": 102.46981733719971,
            "sparkline": "▅▄▄▄▅▄▅▅▄▄▄▅▅▅▅▅▅▄▅▅▅▅▅▄▄▄▄▄▄▄"
        },
        "eur": {
            "current_rate": 109.8646281365575,
            "sparkline": "▄▄▄▄▄▄▄▄▄▄▄▄▄▄▄▄▄▄▄▄▄▄▄▄▄▅▅▅▅▄"
        },
        "cny": {
            "current_rate": 110.68116226330984,
            "sparkline": "▄▅▄▅▅▅▄▄▄▅▄▄▅▄▄▅▅▅▅▅▄▄▅▅▄▄▄▄▄▄"
        },
        "rsd": {
            "current_rate": 110.3087727196332,
            "sparkline": "▃▅▅▆▅▆▃▃▅▆▆▆▆▃▃▆▅▆▅▅▄▃▅▆▃▄▄▄▄▄"
        }
    },
    "specific_rates": {
        "rub_kzt_bank": 6.05,
        "rub_kzt_crypto": 5.9541003120096665,
        "kzt_rsd_bank": 0.2092802263258697,
        "rsd_eur_cash": 0.0084530853761623,
        "eur_rsd_cash": 116.81428571428572,
        "rsd_usd_cash": 0.009765625,
        "usd_rsd_cash": 98.2,
        "eur_usd_exch": 1.1698547157428518,
        "usd_kzt_bank": 472.5
    },
    "update_time": "2026-04-13 18:05:47",
    "update_time_display": "13.04 18:05"
}