{
    "rub2rsd": {
        "bank": {
            "current": 1.1946500910106521,
            "sparkline_full": "                          1.26    \n  ▁▁▁▁▁▁▂▄▆▆▆▅▅▅▆▆▆▇▇▇▇█████▇▄▂▁  \n    1.19                          "
        },
        "korona": {
            "current": 1.1599854633701776,
            "diff_percent": -2.901655296501829
        },
        "crypto": {
            "current": 1.2031725468118857,
            "diff_percent": 0.7133851045893883
        },
        "forex": {
            "current": 1.2547071915405221,
            "diff_percent": 5.02717079936459
        }
    },
    "rub2eur": {
        "bank": {
            "current": 0.01029230135858378,
            "sparkline_full": "                          92.8    \n  ▁▂▂▁▁▁▂▄▆▆▆▆▅▆▆▇▇▇▇▆▇█████▇▄▂▂  \n    97.7                          "
        },
        "korona": {
            "current": 0.009935635660558266,
            "diff_percent": -3.4653639220158863
        },
        "crypto": {
            "current": 0.01032131384984535,
            "diff_percent": 0.28188536509742856
        },
        "forex": {
            "current": 0.010687797856777322,
            "diff_percent": 3.842643976448458
        }
    },
    "rub2usd": {
        "bank": {
            "current": 0.012081672103419113,
            "sparkline_full": "                          79.4    \n  ▁▁▁▁▁▁▁▃▄▄▄▄▄▅▆▆▆▆▇▇▇█████▇▄▃▃  \n    84.1                          "
        },
        "korona": {
            "current": 0.011305114157453871,
            "diff_percent": -6.427570118754312
        },
        "crypto": {
            "current": 0.012090681938390269,
            "diff_percent": 0.07457440405625418
        },
        "forex": {
            "current": 0.012542393289317893,
            "diff_percent": 3.8133892556842
        }
    },
    "xdr": {
        "rub2xdr": {
            "current_rate": 0.008747518264181187,
            "sparkline": "▁▁▃▁▁▁▂▄▅▅▆▆▅▆▆▇▇▇▇▇██████▆▃▂▂"
        },
        "usd2xdr": {
            "current_rate": 0.696946,
            "sparkline": "▄▄▆▄▄▄▄▅▅▅▅▅▄▄▄▄▄▄▄▄▄▃▄▄▄▄▄▃▃▃"
        },
        "eur2xdr": {
            "current_rate": 0.8184584309511647,
            "sparkline": "▄▄▆▄▄▃▃▄▄▄▄▄▄▄▄▄▄▄▄▄▄▄▄▄▄▄▄▄▄▄"
        },
        "cny2xdr": {
            "current_rate": 0.09879452831525976,
            "sparkline": "▄▄▆▃▄▄▄▄▄▅▅▅▄▄▄▄▄▄▄▄▄▄▄▄▄▄▄▃▃▃"
        },
        "rsd2xdr": {
            "current_rate": 0.006971760681024738,
            "sparkline": "▄▄▆▄▄▃▃▄▃▄▄▄▄▄▄▃▃▄▄▄▄▃▃▃▃▃▄▄▄▄"
        }
    },
    "neer": {
        "rub": {
            "current_rate": 95.62655290287027,
            "sparkline": "▁▁▁▁▁▁▂▂▅▅▂▅▄▅▆▇▇▅▆▆▅▇██▇▇█▄▁▁"
        },
        "usd": {
            "current_rate": 103.49799112608176,
            "sparkline": "▄▅▅▅▅▅▅▅▅▅▅▅▅▅▅▅▅▄▅▄▄▄▄▄▄▄▄▄▄▄"
        },
        "eur": {
            "current_rate": 110.8942343589673,
            "sparkline": "▅▄▄▄▄▄▄▄▄▄▄▄▄▄▄▄▄▄▄▅▅▄▄▄▅▄▅▅▅▅"
        },
        "cny": {
            "current_rate": 106.7542232373327,
            "sparkline": "▄▄▄▄▄▄▅▅▅▅▅▅▅▅▅▅▅▅▅▅▄▅▄▄▅▅▅▅▄▄"
        },
        "rsd": {
            "current_rate": 110.43191624261549,
            "sparkline": "▅▅▅▅▅▅▅▅▄▄▄▄▅▅▅▄▄▄▄▄▄▄▄▄▄▄▄▄▅▅"
        }
    },
    "specific_rates": {
        "rub_kzt_bank": 6.33,
        "rub_kzt_crypto": 6.347608017654891,
        "kzt_rsd_bank": 0.18954739225633455,
        "rsd_eur_cash": 0.008483563096500531,
        "eur_rsd_cash": 116.75,
        "rsd_usd_cash": 0.009745910198398886,
        "usd_rsd_cash": 98.72142857142856,
        "eur_usd_exch": 1.1743498505639816,
        "usd_kzt_bank": 518.0
    },
    "update_time": "2025-12-13 02:37:05",
    "update_time_display": "13.12 02:37"
}