{
    "rub2rsd": {
        "bank": {
            "current": 1.209589109166397,
            "sparkline_full": "          1.24                    \n  ▅▅▆▇▇▇▇▆▇██▇▇▇▇▆▅▄▃▃▃▃▁▁▄▆▄▄▅▃  \n                       1.19       "
        },
        "korona": {
            "current": 1.1774364249611775,
            "diff_percent": -2.658149280740297
        },
        "crypto": {
            "current": 1.1820653845830624,
            "diff_percent": -2.2754606812145437
        },
        "forex": {
            "current": 1.267717481502521,
            "diff_percent": 4.805629605592577
        }
    },
    "rub2eur": {
        "bank": {
            "current": 0.01044059302568386,
            "sparkline_full": "           93.4                   \n  ▅▅▆▇▇▇▇▇▇██▇▇▇▇▇▅▄▃▃▃▃▁▁▄▆▅▅▄▄  \n                       97.6       "
        },
        "korona": {
            "current": 0.010070937163646435,
            "diff_percent": -3.5405638465944476
        },
        "crypto": {
            "current": 0.010227761648571195,
            "diff_percent": -2.038498929985097
        },
        "forex": {
            "current": 0.010817829702767937,
            "diff_percent": 3.613172893111295
        }
    },
    "rub2usd": {
        "bank": {
            "current": 0.012087513598452797,
            "sparkline_full": "       80.1                       \n  ▇▇█████████▇▇▇██▇▆▅▅▅▅▁▁▂▃▃▃▄▃  \n                        84.1      "
        },
        "korona": {
            "current": 0.011502146775915116,
            "diff_percent": -4.842739722854232
        },
        "crypto": {
            "current": 0.011817275022262185,
            "diff_percent": -2.23568374082493
        },
        "forex": {
            "current": 0.012551208932444375,
            "diff_percent": 3.836151498112321
        }
    },
    "xdr": {
        "rub2xdr": {
            "current_rate": 0.008797755816815467,
            "sparkline": "██▃▄▄▃▃▃▄▄▄▄▄▄▄▄▃▃▂▂▂▂▁▁▁▁▂▂▃▃"
        },
        "usd2xdr": {
            "current_rate": 0.704914,
            "sparkline": "▇▇▂▂▂▂▂▂▂▃▃▃▃▃▃▂▂▂▂▂▂▂▂▂▂▂▂▂▃▃"
        },
        "eur2xdr": {
            "current_rate": 0.8132644031699261,
            "sparkline": "██▃▃▂▂▂▂▃▃▃▃▃▃▃▃▃▃▃▃▃▂▂▁▁▁▂▂▃▂"
        },
        "cny2xdr": {
            "current_rate": 0.09806544058317798,
            "sparkline": "▇▇▂▂▂▂▂▂▂▃▃▃▃▃▃▂▂▂▂▂▂▂▂▂▂▂▂▂▃▃"
        },
        "rsd2xdr": {
            "current_rate": 0.006939839471479254,
            "sparkline": "██▃▃▂▂▂▂▃▃▃▃▃▃▃▃▃▃▃▃▃▂▂▁▁▁▂▂▃▂"
        }
    },
    "neer": {
        "rub": {
            "current_rate": 96.89353273576658,
            "sparkline": "▄▅▆▆▇▇▆▇▆▇█▇▆▆▆▆▆▅▅▃▃▅▅▁▃▃▄▄▄▄"
        },
        "usd": {
            "current_rate": 104.38268477668113,
            "sparkline": "▃▃▃▃▄▃▃▄▄▄▅▄▄▄▄▄▃▃▃▃▃▄▅▄▅▆▅▅▅▅"
        },
        "eur": {
            "current_rate": 110.02471149976851,
            "sparkline": "▅▅▅▅▅▅▅▅▅▄▄▅▅▅▅▅▅▅▅▆▆▅▄▄▃▃▅▅▄▄"
        },
        "cny": {
            "current_rate": 104.11827820218453,
            "sparkline": "▃▃▄▄▄▄▄▄▄▅▅▄▄▅▄▄▄▄▄▄▄▄▅▅▅▆▄▄▅▅"
        },
        "rsd": {
            "current_rate": 110.33091808411837,
            "sparkline": "▅▅▅▅▄▄▄▄▅▅▅▄▄▄▄▅▅▅▅▅▅▄▅▄▄▄▄▄▄▄"
        }
    },
    "update_time": "2025-08-05 14:20:43",
    "update_time_display": "05.08 14:20"
}