{
    "rub2rsd": {
        "bank": {
            "current": 1.1766189142081822,
            "sparkline_full": "   1.26                           \n  ███▇▅▃▃▃▄▄▃▃▃▃▃▄▅▅▅▆▆▆▆▅▂  ▁▁▂  \n                             1.16 "
        },
        "korona": {
            "current": 1.1514837321882188,
            "diff_percent": -2.1362211431794322
        },
        "crypto": {
            "current": 1.2046963473212142,
            "diff_percent": 2.386280959279582
        },
        "forex": {
            "current": 1.2362395466509493,
            "diff_percent": 5.067114910598677
        }
    },
    "rub2eur": {
        "bank": {
            "current": 0.010198878123406425,
            "sparkline_full": "   92.8                           \n  ███▇▅▄▄▄▄▄▄▄▃▃▃▄▅▅▅▆▆▆▆▅▃  ▁▁▃  \n                            99.8  "
        },
        "korona": {
            "current": 0.009851564798416246,
            "diff_percent": -3.4054071515287045
        },
        "crypto": {
            "current": 0.010276464811533008,
            "diff_percent": 0.760737477081144
        },
        "forex": {
            "current": 0.010538576315667122,
            "diff_percent": 3.3307407751161278
        }
    },
    "rub2usd": {
        "bank": {
            "current": 0.011900511722004046,
            "sparkline_full": "   79.4                           \n  ███▇▅▄▄▄▄▄▄▄▃▃▃▄▆▆▆▇▇▇▇▆▃  ▁▁▂  \n                             85.0 "
        },
        "korona": {
            "current": 0.011267751625522515,
            "diff_percent": -5.317083090734302
        },
        "crypto": {
            "current": 0.01196601898751039,
            "diff_percent": 0.5504575520498063
        },
        "forex": {
            "current": 0.012783359134413187,
            "diff_percent": 7.41856680647401
        }
    },
    "xdr": {
        "rub2xdr": {
            "current_rate": 0.008609194490433547,
            "sparkline": "███▇▄▃▂▂▃▃▂▁▁▁▁▃▄▄▃▃▃▃▄▃▂▃▂▁▁▁"
        },
        "usd2xdr": {
            "current_rate": 0.697354,
            "sparkline": "▅▅▅▆▅▅▄▄▄▄▄▄▄▄▅▄▄▄▃▄▄▄▄▄▄▄▄▄▄▅"
        },
        "eur2xdr": {
            "current_rate": 0.816921966739922,
            "sparkline": "▄▄▄▅▅▅▅▄▄▄▄▄▄▄▄▅▅▄▄▄▄▄▄▄▄▄▄▄▄▅"
        },
        "cny2xdr": {
            "current_rate": 0.09970960200747801,
            "sparkline": "▅▄▅▅▄▄▄▄▄▄▄▄▄▄▄▄▄▄▄▄▄▄▄▄▅▅▅▅▅▅"
        },
        "rsd2xdr": {
            "current_rate": 0.006964018028509439,
            "sparkline": "▄▄▄▄▅▅▅▄▄▄▄▄▄▄▄▄▅▄▄▄▄▄▄▄▄▄▄▄▄▅"
        }
    },
    "neer": {
        "rub": {
            "current_rate": 95.01300144487188,
            "sparkline": "█▇▆▇▅▃▃▃▃▃▃▂▃▂▂▁▄▅▄▄▄▅▄▄▃▃▃▂▂▁"
        },
        "usd": {
            "current_rate": 103.21384995833779,
            "sparkline": "▅▅▅▅▅▅▄▅▄▄▅▅▅▅▅▅▄▄▄▄▄▄▄▄▄▄▄▄▄▄"
        },
        "eur": {
            "current_rate": 110.28395400059792,
            "sparkline": "▄▄▄▄▅▅▅▅▅▅▅▅▅▅▅▅▅▅▅▅▅▅▅▅▄▄▄▄▄▄"
        },
        "cny": {
            "current_rate": 107.88029378243863,
            "sparkline": "▄▄▄▄▄▄▄▄▄▄▄▄▅▄▄▄▄▄▄▄▄▄▄▄▅▅▅▅▅▅"
        },
        "rsd": {
            "current_rate": 110.2981889265398,
            "sparkline": "▄▄▄▄▄▅▅▅▅▄▅▅▅▅▅▅▅▅▅▅▅▅▅▅▅▄▅▅▄▄"
        }
    },
    "specific_rates": {
        "rub_kzt_bank": 6.14,
        "rub_kzt_crypto": 6.186431816542871,
        "kzt_rsd_bank": 0.1947320172671729,
        "rsd_eur_cash": 0.008451894633046908,
        "eur_rsd_cash": 116.88333333333333,
        "rsd_usd_cash": 0.00978541972461033,
        "usd_rsd_cash": 98.37142857142858,
        "eur_usd_exch": 1.1714594979593176,
        "usd_kzt_bank": 510.0
    },
    "update_time": "2026-01-05 19:50:47",
    "update_time_display": "05.01 19:50"
}