{
    "rub2rsd": {
        "bank": {
            "current": 1.2215209165203245,
            "sparkline_full": "                   1.24           \n  ▅▅▃▂▂▃▃▂▂▄▄▅▅▆▆▆▅▆▇▅▅▄▄▄▅▇▄▃▃▃  \n    1.22                          "
        },
        "korona": {
            "current": 1.1831095211019922,
            "diff_percent": -3.1445548658923155
        },
        "crypto": {
            "current": 1.2402728910591596,
            "diff_percent": 1.53513331497039
        },
        "forex": {
            "current": 1.2650208002315337,
            "diff_percent": 3.5611247521757434
        }
    },
    "rub2eur": {
        "bank": {
            "current": 0.010539629005059023,
            "sparkline_full": "                           93.5   \n  ▅▅▃▂▂▃▃▃▃▄▅▆▅▆▆▆▅▆▇▅▄▄▄▅▆▆▇▃▃▃  \n     95.4                         "
        },
        "korona": {
            "current": 0.010133700394877878,
            "diff_percent": -3.851450653398704
        },
        "crypto": {
            "current": 0.010657904958186358,
            "diff_percent": 1.1222022432721546
        },
        "forex": {
            "current": 0.010852242391616971,
            "diff_percent": 2.966075811661816
        }
    },
    "rub2usd": {
        "bank": {
            "current": 0.012205541315757353,
            "sparkline_full": "                   79.3           \n  ▇▇▅▆▆▆▆▆▆▇██▇▇▇▇▇██▇▆▆▆▆▅▄▂▁▁▁  \n                              81.9"
        },
        "korona": {
            "current": 0.011523794036707715,
            "diff_percent": -5.5855554572536805
        },
        "crypto": {
            "current": 0.012318181609964132,
            "diff_percent": 0.9228619304361436
        },
        "forex": {
            "current": 0.012634238787113075,
            "diff_percent": 3.512318382817433
        }
    },
    "xdr": {
        "rub2xdr": {
            "current_rate": 0.008797264957333528,
            "sparkline": "▇▇▆▅▃▄▅█▅▅▇▇▇███▇██▆▆▆▅▅▇█▆▄▂▁"
        },
        "usd2xdr": {
            "current_rate": 0.701794,
            "sparkline": "▃▃▃▂▁▁▂▂▂▂▂▂▂▄▄▃▃▄▄▃▃▃▃▃▆█████"
        },
        "eur2xdr": {
            "current_rate": 0.8106402934870999,
            "sparkline": "▅▅▆▆▅▄▅▅▅▅▄▄▃▅▅▄▄▅▅▅▅▅▄▃▃▅▄▄▅▃"
        },
        "cny2xdr": {
            "current_rate": 0.10175705693688052,
            "sparkline": "▁▁▂▂▁▁▂▁▁▂▂▂▂▄▄▃▃▄▅▆▆▅▅▅▆█████"
        },
        "rsd2xdr": {
            "current_rate": 0.006954245302309168,
            "sparkline": "▅▅▆▆▅▅▅▄▅▄▄▄▃▅▅▅▄▅▅▄▅▅▅▃▃▅▄▄▅▅"
        }
    },
    "neer": {
        "rub": {
            "current_rate": 97.15476414976685,
            "sparkline": "▆▅▆▂▃▂▄▆▅▄▆▅█▇▆▆▆▆▆▆▄▄▄▆▇▆▅▂▁▁"
        },
        "usd": {
            "current_rate": 102.84667696904741,
            "sparkline": "▄▄▃▃▃▃▃▂▂▃▃▃▄▄▃▃▄▄▃▃▃▃▃▅▆▇▆▆▆▆"
        },
        "eur": {
            "current_rate": 109.58085095637496,
            "sparkline": "▅▅▆▆▆▅▅▅▅▅▅▅▄▅▄▄▅▄▄▄▅▄▄▄▃▃▃▃▃▃"
        },
        "cny": {
            "current_rate": 109.45607997758577,
            "sparkline": "▃▃▃▃▃▃▃▂▂▃▃▃▄▄▃▃▃▅▅▅▅▅▅▆▆▆▆▆▇▇"
        },
        "rsd": {
            "current_rate": 110.08380006290503,
            "sparkline": "▄▄▄▅▅▄▅▄▄▅▅▄▅▄▄▄▅▄▄▄▄▄▄▅▄▄▄▄▅▄"
        }
    },
    "specific_rates": {
        "rub_kzt_bank": 6.06,
        "rub_kzt_crypto": 6.128295350957155,
        "kzt_rsd_bank": 0.20238464695821914,
        "rsd_eur_cash": 0.008447135013374631,
        "eur_rsd_cash": 116.75,
        "rsd_usd_cash": 0.00974025974025974,
        "usd_rsd_cash": 99.0,
        "eur_usd_exch": 1.1550972129814445,
        "usd_kzt_bank": 490.5
    },
    "update_time": "2026-03-08 23:35:46",
    "update_time_display": "08.03 23:35"
}