{
    "rub2rsd": {
        "bank": {
            "current": 1.2105610531415338,
            "sparkline_full": "                 1.24             \n     ▃▄▄▄▄▄▅▆▆▆▆▅▆▇▇▆▆▆▆▅▄▃▂▃▃▂▃  \n                          1.20    "
        },
        "korona": {
            "current": 1.1459899632088633,
            "diff_percent": -5.333980451882354
        },
        "crypto": {
            "current": 1.1848345767445865,
            "diff_percent": -2.125169674853196
        },
        "forex": {
            "current": 1.2380591710216267,
            "diff_percent": 2.271518467303429
        }
    },
    "rub2eur": {
        "bank": {
            "current": 0.01016880211511084,
            "sparkline_full": "                  93.4            \n     ▅▅▆▆▆▆▇▇▇██▇▇███▇▇█▇▆▅▄▄▄▄▁  \n                              98.3"
        },
        "korona": {
            "current": 0.009815759856178701,
            "diff_percent": -3.4718175743386572
        },
        "crypto": {
            "current": 0.010190176118396052,
            "diff_percent": 0.21019194830677215
        },
        "forex": {
            "current": 0.010568713415585622,
            "diff_percent": 3.932727728869002
        }
    },
    "rub2usd": {
        "bank": {
            "current": 0.012121212121212121,
            "sparkline_full": "              80.1                \n     ▅▅▆▆▆▆▆▇▇▇▇▆▆▆▆▆▆▆▆▆▅▄▄▄▄▃▂  \n                              82.5"
        },
        "korona": {
            "current": 0.01127665400451526,
            "diff_percent": -6.967604462749103
        },
        "crypto": {
            "current": 0.011800821171541801,
            "diff_percent": -2.6432253347801407
        },
        "forex": {
            "current": 0.012566255582559043,
            "diff_percent": 3.6716085561121035
        }
    },
    "xdr": {
        "rub2xdr": {
            "current_rate": 0.008445952427025873,
            "sparkline": "   ▄█████▃▄▄▄▄▄▄▄▄▄▄▄▄▄▃▃▂▃▃▂▁"
        },
        "usd2xdr": {
            "current_rate": 0.69341,
            "sparkline": "   ▃▇▇▇▇▇▂▂▂▂▂▂▂▃▃▃▃▃▃▂▂▂▂▂▂▂▂"
        },
        "eur2xdr": {
            "current_rate": 0.7991466978914079,
            "sparkline": "   ▄████▇▂▂▂▂▂▂▂▂▂▂▂▂▃▃▂▂▂▂▂▂▁"
        },
        "cny2xdr": {
            "current_rate": 0.09660750111457869,
            "sparkline": "   ▃▇▇▇▇▇▂▂▂▂▂▂▂▃▃▃▃▃▃▂▂▂▂▂▂▂▂"
        },
        "rsd2xdr": {
            "current_rate": 0.006821929536741291,
            "sparkline": "   ▄████▇▂▂▂▂▂▂▂▂▂▃▂▂▃▃▂▂▂▂▂▂▁"
        }
    },
    "neer": {
        "rub": {
            "current_rate": 94.86075534135283,
            "sparkline": "▆▄▅▄▄▅▄▅▅▆▆▇▇▇▇▆██▇▆▆▇▆▅▅▄▄▄▄▁"
        },
        "usd": {
            "current_rate": 104.13140191118262,
            "sparkline": "▄▃▄▄▄▄▄▄▄▄▄▅▄▄▅▅▅▆▅▅▅▅▅▄▄▄▄▄▄▅"
        },
        "eur": {
            "current_rate": 110.14144123998155,
            "sparkline": "▄▅▅▅▅▅▅▄▄▄▄▄▄▄▄▄▄▄▄▄▄▄▅▅▅▅▅▅▅▄"
        },
        "cny": {
            "current_rate": 104.09323530083992,
            "sparkline": "▄▃▄▄▄▄▄▄▄▄▄▅▅▅▅▅▅▅▅▅▅▅▅▄▄▅▅▅▅▆"
        },
        "rsd": {
            "current_rate": 110.42870419570042,
            "sparkline": "▅▅▅▅▅▅▅▅▅▅▅▅▅▄▄▄▄▅▄▄▄▅▅▅▅▅▅▅▅▅"
        }
    },
    "update_time": "2025-07-29 15:35:43",
    "update_time_display": "29.07 15:35"
}