{
    "rub2rsd": {
        "bank": {
            "current": 1.2640958061539593,
            "sparkline_full": "                          1.27    \n  ‚ĖĀ‚ĖĀ‚Ėā‚Ėā‚Ėā‚Ėā‚ĖÉ‚ĖÉ‚ĖÉ‚ĖĄ‚ĖĄ‚ĖÖ‚ĖĄ‚ĖÖ‚ĖÖ‚ĖÖ‚ĖÜ‚Ėá‚Ėá‚ĖÜ‚ĖÜ‚ĖÜ‚ĖÜ‚ĖÜ‚Ėá‚Ėą‚Ėá‚Ėá‚Ėá‚Ėá  \n 1.19                             "
        },
        "korona": {
            "current": 1.2290922460689373,
            "diff_percent": -2.769059110442046
        },
        "crypto": {
            "current": 1.2046914706842071,
            "diff_percent": -4.699353892367642
        },
        "forex": {
            "current": 1.333549189615894,
            "diff_percent": 5.494313257256043
        }
    },
    "rub2eur": {
        "bank": {
            "current": 0.010886131069018071,
            "sparkline_full": "                          91.6    \n  ‚Ėā‚Ėā‚Ėā‚Ėā‚Ėā‚Ėā‚ĖÉ‚ĖÉ‚ĖÉ‚ĖĄ‚ĖĄ‚ĖĄ‚ĖĄ‚ĖÖ‚ĖÖ‚ĖÖ‚ĖÜ‚ĖÜ‚ĖÜ‚ĖÜ‚ĖÜ‚ĖÜ‚ĖÜ‚Ėá‚Ėá‚Ėá‚Ėá‚Ėá‚Ėá‚Ėá  \n     97.4                         "
        },
        "korona": {
            "current": 0.010517047171154625,
            "diff_percent": -3.3904046857736145
        },
        "crypto": {
            "current": 0.010313662590555519,
            "diff_percent": -5.258695443157004
        },
        "forex": {
            "current": 0.011345542407273881,
            "diff_percent": 4.220152553217874
        }
    },
    "rub2usd": {
        "bank": {
            "current": 0.012746972594008922,
            "sparkline_full": "                         77.9     \n  ‚ĖĀ‚ĖĀ‚ĖĀ‚ĖĀ‚ĖĀ‚Ėā‚Ėā‚ĖÉ‚ĖÉ‚ĖÉ‚ĖÉ‚ĖĄ‚ĖĄ‚ĖÖ‚ĖÜ‚ĖÜ‚ĖÜ‚Ėá‚Ėą‚Ėá‚Ėá‚Ėá‚Ėá‚Ėą‚Ėą‚Ėą‚Ėą‚Ėą‚Ėą‚Ėą  \n  84.7                            "
        },
        "korona": {
            "current": 0.012033702078755964,
            "diff_percent": -5.59560719215946
        },
        "crypto": {
            "current": 0.012052786058333289,
            "diff_percent": -5.445893372375345
        },
        "forex": {
            "current": 0.01324024558007502,
            "diff_percent": 3.869726575688539
        }
    },
    "xdr": {
        "rub2xdr": {
            "current_rate": 0.009256092783868788,
            "sparkline": "‚ĖĀ‚ĖĀ‚ĖĀ‚ĖĀ‚Ėā‚Ėā‚Ėā‚Ėā‚Ėā‚Ėā‚ĖĄ‚ĖÖ‚ĖĄ‚ĖÜ‚ĖÖ‚ĖÖ‚ĖÜ‚Ėá‚Ėá‚ĖÜ‚ĖÜ‚ĖÜ‚ĖÜ‚Ėá‚Ėą‚Ėą‚Ėą‚Ėą‚Ėą‚Ėą"
        },
        "usd2xdr": {
            "current_rate": 0.695927,
            "sparkline": "‚ĖÖ‚ĖÖ‚ĖÜ‚ĖÜ‚ĖÜ‚ĖÖ‚ĖÖ‚ĖÜ‚ĖÜ‚ĖÜ‚ĖÖ‚ĖÖ‚ĖĄ‚ĖĄ‚ĖĄ‚ĖÉ‚ĖĄ‚ĖÉ‚ĖÉ‚ĖÉ‚ĖÉ‚ĖÉ‚ĖÉ‚ĖÉ‚ĖÉ‚ĖÉ‚ĖÉ‚ĖĄ‚ĖĄ‚ĖĄ"
        },
        "eur2xdr": {
            "current_rate": 0.815835193382601,
            "sparkline": "‚ĖĄ‚ĖĄ‚ĖĄ‚ĖĄ‚ĖÖ‚ĖĄ‚ĖĄ‚ĖĄ‚ĖĄ‚ĖĄ‚ĖĄ‚ĖÖ‚ĖĄ‚ĖĄ‚ĖĄ‚ĖĄ‚ĖĄ‚ĖÖ‚ĖĄ‚ĖĄ‚ĖĄ‚ĖĄ‚ĖĄ‚ĖĄ‚ĖĄ‚ĖĄ‚ĖĄ‚ĖĄ‚ĖĄ‚ĖĄ"
        },
        "cny2xdr": {
            "current_rate": 0.1017987800418355,
            "sparkline": "‚ĖĄ‚ĖĄ‚ĖÖ‚ĖÖ‚ĖÜ‚ĖĄ‚ĖÖ‚ĖÖ‚ĖÖ‚ĖÖ‚ĖÖ‚ĖÜ‚ĖĄ‚ĖĄ‚ĖĄ‚ĖĄ‚ĖĄ‚ĖĄ‚ĖÉ‚ĖÉ‚ĖÉ‚ĖĄ‚ĖĄ‚ĖĄ‚ĖĄ‚ĖĄ‚ĖĄ‚ĖĄ‚ĖĄ‚ĖĄ"
        },
        "rsd2xdr": {
            "current_rate": 0.006940945902816564,
            "sparkline": "‚ĖĄ‚ĖĄ‚ĖĄ‚ĖĄ‚ĖÖ‚ĖĄ‚ĖĄ‚ĖĄ‚ĖĄ‚ĖĄ‚ĖĄ‚ĖÖ‚ĖĄ‚ĖĄ‚ĖĄ‚ĖĄ‚ĖĄ‚ĖÖ‚ĖĄ‚ĖĄ‚ĖĄ‚ĖĄ‚ĖĄ‚ĖĄ‚ĖĄ‚ĖĄ‚ĖĄ‚ĖĄ‚ĖĄ‚ĖĄ"
        }
    },
    "neer": {
        "rub": {
            "current_rate": 101.46490423116884,
            "sparkline": "‚ĖĀ‚ĖĀ‚ĖĀ‚Ėā‚ĖĀ‚ĖÉ‚ĖÉ‚ĖÉ‚ĖÉ‚ĖÉ‚ĖÖ‚ĖĄ‚ĖĄ‚ĖÖ‚ĖÜ‚ĖÜ‚ĖÖ‚ĖÜ‚Ėá‚Ėą‚Ėá‚ĖÜ‚ĖÜ‚Ėá‚Ėą‚Ėá‚Ėą‚Ėá‚Ėą‚Ėą"
        },
        "usd": {
            "current_rate": 102.14302822182769,
            "sparkline": "‚ĖÜ‚ĖÜ‚ĖÜ‚ĖÖ‚ĖÖ‚ĖÖ‚ĖÖ‚ĖÖ‚ĖÖ‚ĖÖ‚ĖÖ‚ĖĄ‚ĖĄ‚ĖĄ‚ĖĄ‚ĖĄ‚ĖĄ‚ĖÉ‚ĖÉ‚ĖÉ‚ĖÉ‚ĖĄ‚ĖĄ‚ĖÉ‚ĖÉ‚ĖĄ‚ĖĄ‚ĖĄ‚ĖĄ‚ĖĄ"
        },
        "eur": {
            "current_rate": 109.83609164233842,
            "sparkline": "‚ĖĄ‚ĖĄ‚ĖĄ‚ĖĄ‚ĖĄ‚ĖĄ‚ĖĄ‚ĖĄ‚ĖĄ‚ĖĄ‚ĖĄ‚ĖĄ‚ĖĄ‚ĖĄ‚ĖÖ‚ĖÖ‚ĖĄ‚ĖĄ‚ĖĄ‚ĖĄ‚ĖĄ‚ĖĄ‚ĖĄ‚ĖĄ‚ĖĄ‚ĖĄ‚ĖĄ‚ĖĄ‚ĖĄ‚ĖĄ"
        },
        "cny": {
            "current_rate": 110.18692254002109,
            "sparkline": "‚ĖĄ‚ĖĄ‚ĖÖ‚ĖÖ‚ĖÖ‚ĖÖ‚ĖÖ‚ĖĄ‚ĖĄ‚ĖÖ‚ĖÖ‚ĖÖ‚ĖÖ‚ĖÖ‚ĖĄ‚ĖĄ‚ĖÖ‚ĖĄ‚ĖĄ‚ĖĄ‚ĖĄ‚ĖĄ‚ĖĄ‚ĖĄ‚ĖĄ‚ĖĄ‚ĖĄ‚ĖĄ‚ĖĄ‚ĖĄ"
        },
        "rsd": {
            "current_rate": 109.80061881881741,
            "sparkline": "‚ĖÉ‚ĖÉ‚ĖÜ‚ĖÜ‚ĖÜ‚ĖÜ‚ĖÜ‚ĖÉ‚ĖÉ‚ĖÜ‚ĖÜ‚ĖÜ‚ĖÜ‚ĖÜ‚ĖĄ‚ĖĄ‚ĖÜ‚ĖÜ‚ĖÜ‚ĖÜ‚ĖÜ‚ĖÉ‚ĖÉ‚ĖÜ‚ĖÜ‚ĖÉ‚ĖÉ‚ĖÉ‚ĖÉ‚ĖÉ"
        }
    },
    "specific_rates": {
        "rub_kzt_bank": 5.96,
        "rub_kzt_crypto": 5.646730268329146,
        "kzt_rsd_bank": 0.21334319392604392,
        "rsd_eur_cash": 0.008456659619450317,
        "eur_rsd_cash": 116.86666666666667,
        "rsd_usd_cash": 0.009790723289683025,
        "usd_rsd_cash": 98.4375,
        "eur_usd_exch": 1.1722999587350413,
        "usd_kzt_bank": 461.5
    },
    "update_time": "2026-04-26 04:51:29",
    "update_time_display": "26.04 04:51"
}