{
    "rub2rsd": {
        "bank": {
            "current": 1.214118110781083,
            "sparkline_full": "                           1.23   \n  ▂▃▃▃▅▄▅ ▅▄▄▄▅▃▃▃▃▃▃▄▄▅▄▄▄▅▇▆▅▅  \n 1.19                             "
        },
        "korona": {
            "current": 1.1927341210709073,
            "diff_percent": -1.7612775495473587
        },
        "crypto": {
            "current": 1.2906247697505673,
            "diff_percent": 6.3014181478822495
        },
        "forex": {
            "current": 1.2539384473834376,
            "diff_percent": 3.2797745333637156
        }
    },
    "rub2eur": {
        "bank": {
            "current": 0.01040907671489539,
            "sparkline_full": "                            94.4  \n  ▃▂▂▂▄▅▄▄▅▅▅▄▄▃▃▃▄▄▄▅▅▅▄▄▄▅▇▇▅▅  \n    98.0                          "
        },
        "korona": {
            "current": 0.010211764735196124,
            "diff_percent": -1.8955761889708367
        },
        "crypto": {
            "current": 0.011031551535575501,
            "diff_percent": 5.980115602273836
        },
        "forex": {
            "current": 0.010799529352919416,
            "diff_percent": 3.751078493496829
        }
    },
    "rub2usd": {
        "bank": {
            "current": 0.011796626164916835,
            "sparkline_full": "                           83.2   \n  ▁▄▄▄▆▇▆▆▇▇▇▇█▆▅▅▆▆▆▇▇▇▆▆▆▇██▇▆  \n 88.7                             "
        },
        "korona": {
            "current": 0.011294830691959348,
            "diff_percent": -4.253720224260615
        },
        "crypto": {
            "current": 0.012476918596113332,
            "diff_percent": 5.76683893925271
        },
        "forex": {
            "current": 0.012366870637586383,
            "diff_percent": 4.833962394819763
        }
    },
    "xdr": {
        "rub2xdr": {
            "current_rate": 0.008729696532320912,
            "sparkline": "     ▃▂▂▄▄▄▆▃▂▁▂▃▄▃▄▄▄▃▃▃▅██▆▄"
        },
        "usd2xdr": {
            "current_rate": 0.720178,
            "sparkline": "     ▅▅▅▅▅▅▅▃▄▅▆▆▆▅▅▅▅▆▆▆▆▆▆▆▆"
        },
        "eur2xdr": {
            "current_rate": 0.8083404606850788,
            "sparkline": "     ▃▅▅▅▅▅▇▄▃▄▅▆▅▅▄▄▃▄▄▄▄▄▅▃▂"
        },
        "cny2xdr": {
            "current_rate": 0.0996737874289827,
            "sparkline": "     ▄▄▄▄▄▄▄▂▃▄▅▅▅▅▄▄▄▅▅▅▅▅▆▇▇"
        },
        "rsd2xdr": {
            "current_rate": 0.0069618222094848066,
            "sparkline": "     ▄▄▄▄▅▅▅▄▅▄▅▅▅▄▅▅▄▅▅▅▅▅▅▅▅"
        }
    },
    "neer": {
        "rub": {
            "current_rate": 95.14700209503607,
            "sparkline": "▂▂▁▁▁▅▅▅▆▅▆▆▇▆▅▄▅▅▅▅▆▆▆▅▅▆▅▆█▅"
        },
        "usd": {
            "current_rate": 106.0021976842673,
            "sparkline": "▆▅▅▅▄▄▄▄▄▄▄▄▃▃▄▄▄▄▄▃▃▃▃▃▃▃▃▃▃▄"
        },
        "eur": {
            "current_rate": 107.96848187110548,
            "sparkline": "▄▅▅▅▅▅▅▅▅▅▅▅▆▅▅▅▅▅▅▅▅▅▄▄▄▄▄▄▄▃"
        },
        "cny": {
            "current_rate": 104.29033672729483,
            "sparkline": "▆▅▅▄▄▄▄▄▄▄▄▄▃▄▄▄▄▄▄▄▄▄▄▄▄▃▄▄▄▅"
        },
        "rsd": {
            "current_rate": 109.44942104467646,
            "sparkline": "▃▅▅▅▅▅▅▅▅▅▄▅▆▅▄▅▅▄▅▅▅▅▅▅▅▅▅▄▄▄"
        }
    },
    "update_time": "2025-05-09 04:20:42",
    "update_time_display": "09.05 04:20"
}