{
    "rub2rsd": {
        "bank": {
            "current": 1.1274153021950688,
            "sparkline_full": "         1.21                     \n  ███▇▇▇▇▇██▆▆▆▇▇▇▇▆▆▆▆▆▆▆▅▄▅▃▂▁  \n                              1.13"
        },
        "korona": {
            "current": 1.08551152106142,
            "diff_percent": -3.7168008143993223
        },
        "crypto": {
            "current": 1.1214110518487608,
            "diff_percent": -0.5325677533928977
        },
        "forex": {
            "current": 1.1817375933631271,
            "diff_percent": 4.818303517993169
        }
    },
    "rub2eur": {
        "bank": {
            "current": 0.009708737864077669,
            "sparkline_full": " 96.2                             \n  ██████▇███▇▇▇▇█▇▇▇▇▇▇▇▆▆▅▅▅▃▂▁  \n                              103 "
        },
        "korona": {
            "current": 0.009297743221082826,
            "diff_percent": -4.23324482284688
        },
        "crypto": {
            "current": 0.009609604382623592,
            "diff_percent": -1.0210748589769985
        },
        "forex": {
            "current": 0.010087380437179702,
            "diff_percent": 3.9000185029509407
        }
    },
    "rub2usd": {
        "bank": {
            "current": 0.011396011396011397,
            "sparkline_full": "         82.0                     \n  █████▇▇▇██▇▇▇▇▇▆▆▇▇▇▆▆▆▅▅▅▅▄▂▁  \n                              87.8"
        },
        "korona": {
            "current": 0.010632590285356383,
            "diff_percent": -6.69902024599774
        },
        "crypto": {
            "current": 0.011256965133930492,
            "diff_percent": -1.220130949759934
        },
        "forex": {
            "current": 0.011673419739986248,
            "diff_percent": 2.434258218379325
        }
    },
    "xdr": {
        "rub2xdr": {
            "current_rate": 0.008256339775480567,
            "sparkline": "█████▇▆▆▆▇▇▆▆▆▇▇▆▇▇▇▆▆▅▅▅▅▄▂▁▁"
        },
        "usd2xdr": {
            "current_rate": 0.697661,
            "sparkline": "▅▅▅▅▅▄▄▄▅▅▅▄▄▅▅▅▅▄▄▄▄▄▄▅▄▄▄▄▄▄"
        },
        "eur2xdr": {
            "current_rate": 0.8184820456507865,
            "sparkline": "▅▅▅▅▅▄▄▄▄▄▅▄▄▄▄▄▄▄▄▄▄▄▄▅▄▄▄▄▄▅"
        },
        "cny2xdr": {
            "current_rate": 0.09800467785324464,
            "sparkline": "▅▅▅▅▄▄▄▄▄▅▅▄▄▅▅▅▅▅▅▅▅▅▅▅▅▄▄▄▅▅"
        },
        "rsd2xdr": {
            "current_rate": 0.006986610074732165,
            "sparkline": "▅▅▅▅▅▄▄▄▄▄▅▄▄▄▄▄▄▄▄▄▄▄▄▅▄▄▄▄▄▅"
        }
    },
    "neer": {
        "rub": {
            "current_rate": 90.66618643817414,
            "sparkline": "▇██▇▇█▇▇██▇▆▇▇▇▇▇▇▇▇▇▇▆▅▅▅▅▄▂▁"
        },
        "usd": {
            "current_rate": 103.63065377567598,
            "sparkline": "▄▄▄▄▄▅▅▅▅▅▄▄▄▅▅▄▄▄▄▄▅▅▅▄▄▄▄▄▄▄"
        },
        "eur": {
            "current_rate": 110.51920413714063,
            "sparkline": "▅▅▅▅▅▄▅▄▄▄▅▅▅▄▄▄▄▄▄▅▄▄▄▅▅▅▅▅▅▅"
        },
        "cny": {
            "current_rate": 104.62820848463092,
            "sparkline": "▄▄▄▄▄▄▄▄▅▅▄▄▄▅▅▅▅▅▅▅▅▅▅▅▅▅▅▅▅▅"
        },
        "rsd": {
            "current_rate": 110.71990337534172,
            "sparkline": "▄▅▄▄▄▅▄▄▅▄▅▅▅▄▅▄▅▄▄▅▄▅▄▅▄▅▄▄▅▅"
        }
    },
    "update_time": "2025-09-11 22:35:44",
    "update_time_display": "11.09 22:35"
}