{
    "rub2rsd": {
        "bank": {
            "current": 1.1899742861080644,
            "sparkline_full": "    1.22                          \n  ▃▆██▃▁▁▁▂▂▄▄▁▁▁▅▆▄▃▄▄▄▃▄▄▃▃▃▃▂  \n       1.18                       "
        },
        "korona": {
            "current": 1.154464374814575,
            "diff_percent": -2.9840906402799874
        },
        "crypto": {
            "current": 1.2411886979430142,
            "diff_percent": 4.30382508536818
        },
        "forex": {
            "current": 1.2479778844466893,
            "diff_percent": 4.874357287864743
        }
    },
    "rub2eur": {
        "bank": {
            "current": 0.010245901639344263,
            "sparkline_full": "   95.0                           \n  ▃▆██▂▁▁▂▃▂▃▂▁▁▁▄▆▅▄▃▃▃▄▄▄▃▃▃▃▂  \n       98.2                       "
        },
        "korona": {
            "current": 0.009885321863855689,
            "diff_percent": -3.519258608768484
        },
        "crypto": {
            "current": 0.010632361827678868,
            "diff_percent": 3.771851438145742
        },
        "forex": {
            "current": 0.010649919142946619,
            "diff_percent": 3.9432108351589896
        }
    },
    "rub2usd": {
        "bank": {
            "current": 0.011860989206499821,
            "sparkline_full": "    81.4                          \n  ▂▅██▄▂▂▂▃▁▄▃▁▁▁▅▆▅▂▁▁▂▁▁▁▁▂▂▂▁  \n                              84.3"
        },
        "korona": {
            "current": 0.01125130612419356,
            "diff_percent": -5.140238066924082
        },
        "crypto": {
            "current": 0.012283599838795662,
            "diff_percent": 3.5630302408862358
        },
        "forex": {
            "current": 0.012343667451723916,
            "diff_percent": 4.069460285484343
        }
    },
    "xdr": {
        "rub2xdr": {
            "current_rate": 0.008689030215658398,
            "sparkline": "▃▆█▆▂▂▁▁▂▁▁▃▇▆▅▆▆▅▅▅▄▄▅▄▄▅▄▄▃▃"
        },
        "usd2xdr": {
            "current_rate": 0.705996,
            "sparkline": "▄▄▄▃▃▃▃▃▃▃▄▄▄▄▃▃▃▃▄▄▄▅▆▆▆▆▅▅▅▅"
        },
        "eur2xdr": {
            "current_rate": 0.8158775760671473,
            "sparkline": "▄▄▅▅▅▄▄▄▄▃▄▄▄▄▄▅▄▃▄▄▄▄▄▄▅▆▅▅▄▄"
        },
        "cny2xdr": {
            "current_rate": 0.09912054586808186,
            "sparkline": "▄▄▄▃▃▃▃▃▃▃▄▄▄▄▄▄▄▄▄▄▄▅▆▆▆▆▅▅▅▅"
        },
        "rsd2xdr": {
            "current_rate": 0.00696248733567167,
            "sparkline": "▄▄▅▅▅▅▄▄▄▃▄▄▄▄▄▅▄▃▄▃▄▄▄▄▅▆▅▅▄▄"
        }
    },
    "neer": {
        "rub": {
            "current_rate": 95.31472686114354,
            "sparkline": "▂▄▅█▇▂▁▇▁▂▁▂▆▅▁█▅█▅▅▃▅▅▄▃▃▄▃▃▃"
        },
        "usd": {
            "current_rate": 104.54901228018608,
            "sparkline": "▄▅▄▄▃▃▃▃▄▄▄▄▄▄▄▄▃▅▅▅▄▅▅▆▅▅▄▅▅▅"
        },
        "eur": {
            "current_rate": 110.1151279092981,
            "sparkline": "▄▄▅▅▅▅▅▅▄▄▄▅▅▅▅▅▅▄▄▄▅▄▄▄▄▄▅▅▄▄"
        },
        "cny": {
            "current_rate": 106.22261725122799,
            "sparkline": "▄▄▄▄▃▃▃▄▄▄▅▅▄▄▅▅▅▆▅▅▅▅▆▆▆▆▅▅▅▅"
        },
        "rsd": {
            "current_rate": 110.29723234521057,
            "sparkline": "▆▅▅▅▅▄▅▅▅▅▅▄▄▄▄▅▄▆▄▄▃▃▄▄▄▄▄▄▅▄"
        }
    },
    "update_time": "2025-11-11 07:20:44",
    "update_time_display": "11.11 07:20"
}