{
    "rub2rsd": {
        "bank": {
            "current": 1.2098590231750437,
            "sparkline_full": "                      1.22        \n         ▅▄▃▄▄▄▆▅▅ ▆▅▅▅▆▃▄▃▄▄▄▅▅  \n          1.19                    "
        },
        "korona": {
            "current": 1.1722682992135343,
            "diff_percent": -3.1070334015329943
        },
        "crypto": {
            "current": 1.228578588092818,
            "diff_percent": 1.5472517507575674
        },
        "forex": {
            "current": 1.2539392823448756,
            "diff_percent": 3.6434211197724284
        }
    },
    "rub2eur": {
        "bank": {
            "current": 0.010467915837956662,
            "sparkline_full": "                              95.5\n         ▄▃▄▃▃▃▅▆▅▅▆▆▆▅▅▄▄▄▅▅▅▆▆  \n         98.5                     "
        },
        "korona": {
            "current": 0.010036543657650122,
            "diff_percent": -4.120898438468376
        },
        "crypto": {
            "current": 0.010535643823631053,
            "diff_percent": 0.6470054471474586
        },
        "forex": {
            "current": 0.010739045607514534,
            "diff_percent": 2.590102688586356
        }
    },
    "rub2usd": {
        "bank": {
            "current": 0.011907597046915932,
            "sparkline_full": "                      83.5        \n         ▁▁▁▄▄▄▇▇▆▆███▇█▇▅▅▆▆▆▇█  \n         89.1                     "
        },
        "korona": {
            "current": 0.010937379167881454,
            "diff_percent": -8.147889748131545
        },
        "crypto": {
            "current": 0.011960755065474867,
            "diff_percent": 0.44642103985793585
        },
        "forex": {
            "current": 0.012270947427579936,
            "diff_percent": 3.051416496816305
        }
    },
    "xdr": {
        "rub2xdr": {
            "current_rate": 0.008727421930895565,
            "sparkline": "              ▅▃▃▅▅▅█▅▃▁▃▅▅▃▅▅"
        },
        "usd2xdr": {
            "current_rate": 0.715661,
            "sparkline": "              ▆▆▆▆▆▆▆▂▅▅▇▇▇▆▅▅"
        },
        "eur2xdr": {
            "current_rate": 0.8126813359269695,
            "sparkline": "              ▂▄▄▄▄▄▇▃▂▂▄▅▅▄▃▂"
        },
        "cny2xdr": {
            "current_rate": 0.0981029472241261,
            "sparkline": "              ▅▅▆▆▆▆▆▂▄▅▇▇▇▆▅▅"
        },
        "rsd2xdr": {
            "current_rate": 0.006960003609245913,
            "sparkline": "              ▄▄▄▄▅▅▅▄▄▄▅▅▅▄▄▄"
        }
    },
    "neer": {
        "rub": {
            "current_rate": 95.17059726632002,
            "sparkline": "▄▅▄▄▅▅▅▃▃▂▂▂▂▂▅▆▅▆▆▆▆▇▆▅▅▅▅▅▅▆"
        },
        "usd": {
            "current_rate": 105.70858273062952,
            "sparkline": "▆▆▅▅▅▆▆▆▆▅▄▄▄▄▄▃▃▃▃▃▃▃▃▃▃▃▃▃▃▃"
        },
        "eur": {
            "current_rate": 109.00352612484245,
            "sparkline": "▂▂▄▄▄▄▄▄▅▅▇▇▇▇▆▆▆▆▆▆▆▇▆▆▆▇▆▆▆▆"
        },
        "cny": {
            "current_rate": 103.7569369353178,
            "sparkline": "▇▇▅▅▅▅▆▅▅▅▄▃▃▃▃▃▃▃▃▃▃▂▃▃▃▃▃▃▃▃"
        },
        "rsd": {
            "current_rate": 109.81810064816506,
            "sparkline": "▄▃▂▅▅▅▅▅▅▄▅▅▅▆▄▅▅▅▅▅▇▆▅▅▅▅▅▅▅▅"
        }
    },
    "update_time": "2025-04-30 19:50:49",
    "update_time_display": "30.04 19:50"
}