{
    "rub2rsd": {
        "bank": {
            "current": 1.242479525366264,
            "sparkline_full": "                       1.26       \n  ▃▄▁▁▁▁▁▁▃▃▄▃▂▂▃▅▅▃▃▃▃▄███▇███▇  \n   1.19                           "
        },
        "korona": {
            "current": 1.1998091757574612,
            "diff_percent": -3.434289961134306
        },
        "crypto": {
            "current": 1.271856018530528,
            "diff_percent": 2.3643442458823953
        },
        "forex": {
            "current": 1.3035121098378954,
            "diff_percent": 4.9121601785462055
        }
    },
    "rub2eur": {
        "bank": {
            "current": 0.010655301012253596,
            "sparkline_full": "                       92.5       \n  ▂▃▁▁▁▂▂▂▃▃▄▃▂▂▄▅▆▃▃▃▃▆███▇▇▇▇▆  \n    97.7                          "
        },
        "korona": {
            "current": 0.01029879120821855,
            "diff_percent": -3.3458445108689117
        },
        "crypto": {
            "current": 0.010857262080098575,
            "diff_percent": 1.8954046217251224
        },
        "forex": {
            "current": 0.011138096576654192,
            "diff_percent": 4.531036371899585
        }
    },
    "rub2usd": {
        "bank": {
            "current": 0.012035142616440004,
            "sparkline_full": "                        82.8      \n  ▄▆▃▂▂▃▃▃▄▅▅▃▃▃▄▆▆▄▃▃▃▅▆▇▇▆▆▆▇▆  \n     85.5                         "
        },
        "korona": {
            "current": 0.011458583453314393,
            "diff_percent": -4.790630086410703
        },
        "crypto": {
            "current": 0.012239479118478471,
            "diff_percent": 1.6978319954376269
        },
        "forex": {
            "current": 0.012435691928116726,
            "diff_percent": 3.328164230721889
        }
    },
    "xdr": {
        "rub2xdr": {
            "current_rate": 0.00914464859435825,
            "sparkline": "▃▂▁▁▁▂▂▁▂▂▂▂▂▁▃▄▄▃▁▂▂▃▄▅▅▄██▅▇"
        },
        "usd2xdr": {
            "current_rate": 0.729334,
            "sparkline": "▂▁▂▂▃▃▃▃▂▂▂▃▃▃▃▃▃▃▃▃▃▃▃▃▃▃██▄▄"
        },
        "eur2xdr": {
            "current_rate": 0.821024358284496,
            "sparkline": "▅▄▃▃▄▄▄▄▄▃▃▄▄▄▄▄▄▃▃▃▃▂▂▃▃▃▇▇▄▄"
        },
        "cny2xdr": {
            "current_rate": 0.10098082381446867,
            "sparkline": "▂▁▁▂▂▂▂▂▂▂▂▂▂▂▂▂▃▃▃▃▃▃▃▃▃▃██▅▄"
        },
        "rsd2xdr": {
            "current_rate": 0.007015392128190874,
            "sparkline": "▄▄▄▄▄▄▄▄▄▄▃▄▄▄▄▄▄▄▄▄▄▃▂▂▂▂▇▇▄▄"
        }
    },
    "neer": {
        "rub": {
            "current_rate": 97.06334233457991,
            "sparkline": "▃▅▄▂▂▂▂▂▂▃▄▄▂▂▃▃▄▅▅▂▂▆▆▇▆▇▅▅▅▆"
        },
        "usd": {
            "current_rate": 105.5152298084909,
            "sparkline": "▅▄▄▅▅▅▅▅▅▄▄▄▄▄▄▄▄▄▄▄▄▅▅▅▄▄▅▅▄▄"
        },
        "eur": {
            "current_rate": 107.69816065897221,
            "sparkline": "▅▆▆▆▅▆▆▅▅▅▅▅▄▅▄▄▅▄▄▄▄▃▃▃▃▃▃▃▃▃"
        },
        "cny": {
            "current_rate": 104.2334645868512,
            "sparkline": "▄▃▄▄▄▄▄▄▄▄▄▃▄▄▃▄▄▄▄▄▄▆▆▅▅▅▅▅▅▅"
        },
        "rsd": {
            "current_rate": 109.21013991360122,
            "sparkline": "▅▆▄▄▄▄▄▅▅▅▅▅▄▄▄▄▄▄▄▅▅▅▄▄▄▄▄▄▃▄"
        }
    },
    "update_time": "2025-05-20 09:50:48",
    "update_time_display": "20.05 09:50"
}