{
    "rub2rsd": {
        "bank": {
            "current": 1.2036429428343363,
            "sparkline_full": "                  1.22            \n     ▅▄▃▄▄▄▆▅▅ ▆▅▅▅▆▃▄▃▄▄▄▅▅▆▅▄▄  \n      1.19                        "
        },
        "korona": {
            "current": 1.1633119806821688,
            "diff_percent": -3.350741379930845
        },
        "crypto": {
            "current": 1.2504211367113331,
            "diff_percent": 3.886384592331317
        },
        "forex": {
            "current": 1.250882576932015,
            "diff_percent": 3.924721561233021
        }
    },
    "rub2eur": {
        "bank": {
            "current": 0.010374520178441747,
            "sparkline_full": "                           95.5   \n     ▄▃▄▃▃▃▅▆▅▅▆▆▆▅▅▄▄▄▅▅▅▆▆▆▅▅▅  \n     98.5                         "
        },
        "korona": {
            "current": 0.00995986284830624,
            "diff_percent": -3.996882005176162
        },
        "crypto": {
            "current": 0.01072981640208531,
            "diff_percent": 3.4247002997002918
        },
        "forex": {
            "current": 0.01069843352321103,
            "diff_percent": 3.1222007302311177
        }
    },
    "rub2usd": {
        "bank": {
            "current": 0.011753643629525154,
            "sparkline_full": "                  83.5            \n     ▁▁▁▄▄▄▇▇▆▆███▇█▇▅▅▆▆▆▇██▆▆▆  \n     89.1                         "
        },
        "korona": {
            "current": 0.010985004539019537,
            "diff_percent": -6.539581382021787
        },
        "crypto": {
            "current": 0.012132946239281081,
            "diff_percent": 3.2271066038034335
        },
        "forex": {
            "current": 0.012270947427579936,
            "diff_percent": 4.401220713850087
        }
    },
    "xdr": {
        "rub2xdr": {
            "current_rate": 0.00870842210554289,
            "sparkline": "          ▅▃▃▅▅▅█▅▃▁▃▅▅▃▅▅▆▅▄▄"
        },
        "usd2xdr": {
            "current_rate": 0.720178,
            "sparkline": "          ▆▆▆▆▆▆▅▂▄▅▆▆▆▆▅▅▆▇▇▇"
        },
        "eur2xdr": {
            "current_rate": 0.8139903927663181,
            "sparkline": "          ▂▄▄▄▄▄▇▄▂▂▄▅▅▄▃▃▂▃▃▃"
        },
        "cny2xdr": {
            "current_rate": 0.09872213845099383,
            "sparkline": "          ▅▅▆▆▆▆▆▂▄▅▇▇▇▆▅▅▆▇▇▇"
        },
        "rsd2xdr": {
            "current_rate": 0.0069618222094848066,
            "sparkline": "          ▄▄▄▄▅▅▅▄▅▄▅▅▅▄▅▅▄▅▅▅"
        }
    },
    "neer": {
        "rub": {
            "current_rate": 94.52943822115496,
            "sparkline": "▅▅▅▃▃▂▂▂▂▂▅▆▅▆▆▆▆▇▆▅▅▅▅▅▅▆▆▆▅▅"
        },
        "usd": {
            "current_rate": 105.7298593845772,
            "sparkline": "▆▆▆▆▆▅▄▄▄▄▄▄▃▃▃▃▃▃▃▃▃▃▃▃▃▃▃▃▃▃"
        },
        "eur": {
            "current_rate": 108.48320361052102,
            "sparkline": "▃▃▃▃▄▄▆▆▆▆▅▅▅▅▅▅▅▆▅▅▅▆▅▅▅▅▄▄▄▄"
        },
        "cny": {
            "current_rate": 103.58558025686992,
            "sparkline": "▆▆▆▆▅▅▄▄▄▄▄▄▄▄▃▄▄▃▃▄▄▄▄▄▄▄▄▄▃▄"
        },
        "rsd": {
            "current_rate": 109.8433347289463,
            "sparkline": "▄▄▄▄▄▃▅▅▅▅▄▅▅▅▄▄▆▅▄▅▅▄▄▅▅▄▄▄▅▅"
        }
    },
    "update_time": "2025-05-04 09:20:43",
    "update_time_display": "04.05 09:20"
}