{
    "rub2rsd": {
        "bank": {
            "current": 1.2253032557366452,
            "sparkline_full": "                              1.23\n  █████▇██▇▆▄▂▂▁▁▁▁▁▄▅▆▆▆▆▇▆▇███  \n                 1.12             "
        },
        "korona": {
            "current": 1.1928641196615641,
            "diff_percent": -2.6474373526069566
        },
        "crypto": {
            "current": 1.2230660912839906,
            "diff_percent": -0.18258047076759618
        },
        "forex": {
            "current": 1.268016444337886,
            "diff_percent": 3.485927944879403
        }
    },
    "rub2eur": {
        "bank": {
            "current": 0.010539629005059023,
            "sparkline_full": "                              94.9\n  █████▇▇▇▇▅▄▂▁▁▁▁▁▁▄▅▆▆▆▆▆▆▇███  \n                104               "
        },
        "korona": {
            "current": 0.010214335261837282,
            "diff_percent": -3.0863870356878707
        },
        "crypto": {
            "current": 0.010651721139944368,
            "diff_percent": 1.0635301757921565
        },
        "forex": {
            "current": 0.01080589394390426,
            "diff_percent": 2.526321739763619
        }
    },
    "rub2usd": {
        "bank": {
            "current": 0.012169891687963976,
            "sparkline_full": "   81.9                           \n  █████▇▇▇▆▅▄▂▁▁▁▁▁▁▄▅▆▆▆▆▆▇▇▇▇█  \n                89.9              "
        },
        "korona": {
            "current": 0.011513021133689454,
            "diff_percent": -5.3975053444737515
        },
        "crypto": {
            "current": 0.012274622858691256,
            "diff_percent": 0.8605760298660583
        },
        "forex": {
            "current": 0.012702009584936433,
            "diff_percent": 4.372412759422677
        }
    },
    "xdr": {
        "rub2xdr": {
            "current_rate": 0.00880911213432611,
            "sparkline": "▇██▇█▇██▆▅▂▁▁▂▂▃▅▅▄▅▅▅▅▆▆▆▆▇▇▆"
        },
        "usd2xdr": {
            "current_rate": 0.706253,
            "sparkline": "▄▅▄▄▄▅▅▅▅▅▄▅▅▄▄▄▄▄▄▄▄▄▅▅▅▄▄▅▅▄"
        },
        "eur2xdr": {
            "current_rate": 0.8152136398946834,
            "sparkline": "▄▅▄▄▄▄▄▄▄▄▄▄▄▄▄▄▄▄▄▄▄▄▄▄▅▄▄▄▄▄"
        },
        "cny2xdr": {
            "current_rate": 0.10261427367564582,
            "sparkline": "▄▄▄▄▅▅▅▅▅▅▅▅▅▄▄▄▄▄▄▄▄▄▅▅▅▄▅▅▅▅"
        },
        "rsd2xdr": {
            "current_rate": 0.006947159221524071,
            "sparkline": "▄▅▅▄▄▄▄▄▅▅▄▄▅▄▄▄▄▄▄▄▄▄▄▄▅▄▄▄▄▄"
        }
    },
    "neer": {
        "rub": {
            "current_rate": 96.36744250342042,
            "sparkline": "▆█▇▇▇▇▆▆▇▅▄▃▁▃▂▁▄▅▅▄▄▄▄▅▄▅▆▆▆▆"
        },
        "usd": {
            "current_rate": 103.70887694679278,
            "sparkline": "▄▄▄▄▄▅▅▅▄▄▄▅▄▅▅▄▅▄▅▅▅▅▅▅▅▅▅▅▅▅"
        },
        "eur": {
            "current_rate": 109.55719392081875,
            "sparkline": "▅▄▄▄▄▄▄▄▄▄▄▄▅▅▅▅▅▅▅▅▅▅▅▅▅▅▅▅▅▅"
        },
        "cny": {
            "current_rate": 110.79452136392905,
            "sparkline": "▄▄▄▅▅▅▄▄▅▅▅▅▅▄▄▅▅▅▅▅▄▄▅▅▄▅▅▅▅▅"
        },
        "rsd": {
            "current_rate": 109.96657073896435,
            "sparkline": "▃▆▆▆▆▆▃▃▅▅▆▆▆▃▃▆▆▆▆▆▃▃▆▆▃▃▃▃▃▃"
        }
    },
    "specific_rates": {
        "rub_kzt_bank": 5.66,
        "rub_kzt_crypto": 5.719974252150125,
        "kzt_rsd_bank": 0.21382370573158485,
        "rsd_eur_cash": 0.008447135013374631,
        "eur_rsd_cash": 116.78333333333335,
        "rsd_usd_cash": 0.009651578033008399,
        "usd_rsd_cash": 99.15,
        "eur_usd_exch": 1.1542798967150347,
        "usd_kzt_bank": 459.0
    },
    "update_time": "2026-04-06 23:20:47",
    "update_time_display": "06.04 23:20"
}