{
    "rub2rsd": {
        "bank": {
            "current": 1.2445165401031304,
            "sparkline_full": "                              1.24\n  ▂▂▃▂▂▂▂▂▁▂▁▁▁▁▁▁▂▅▇▇▇▆▆▆▇▇▇███  \n              1.19                "
        },
        "korona": {
            "current": 1.2076446939877996,
            "diff_percent": -2.962744562018862
        },
        "crypto": {
            "current": 1.255397022172513,
            "diff_percent": 0.8742738018155222
        },
        "forex": {
            "current": 1.3035717343762596,
            "diff_percent": 4.745231772350365
        }
    },
    "rub2eur": {
        "bank": {
            "current": 0.010691756655618518,
            "sparkline_full": "                              93.5\n  ▂▂▂▂▂▂▂▁▂▂▂▂▂▁▁▂▂▅▆▆▆▆▅▇▇▇▇▇██  \n              97.7                "
        },
        "korona": {
            "current": 0.010343851768632116,
            "diff_percent": -3.2539544079838207
        },
        "crypto": {
            "current": 0.01074427748624249,
            "diff_percent": 0.49122732882601694
        },
        "forex": {
            "current": 0.011103942229982258,
            "diff_percent": 3.855171677024056
        }
    },
    "rub2usd": {
        "bank": {
            "current": 0.012431626056688214,
            "sparkline_full": "                             80.4 \n  ▁▁▁▁▂▂▂▁▁▂▂▂▂▁▁▁▁▄▅▅▅▅▅▆▇▇▇███  \n        84.2                      "
        },
        "korona": {
            "current": 0.011740854190920842,
            "diff_percent": -5.556568888232745
        },
        "crypto": {
            "current": 0.012468408120042657,
            "diff_percent": 0.295874917623134
        },
        "forex": {
            "current": 0.012909372333407778,
            "diff_percent": 3.8429910499321673
        }
    },
    "xdr": {
        "rub2xdr": {
            "current_rate": 0.009075770791546848,
            "sparkline": "▂▂▂▂▂▂▁▁▁▁▂▂▄▁▁▂▃▅▆▆▇▇▆▇██████"
        },
        "usd2xdr": {
            "current_rate": 0.70274,
            "sparkline": "▅▅▅▅▄▄▄▄▄▄▄▄▆▃▃▄▄▄▅▅▅▅▄▄▄▃▃▃▃▃"
        },
        "eur2xdr": {
            "current_rate": 0.8173467227739124,
            "sparkline": "▃▃▄▄▄▄▃▄▄▄▄▄▆▃▃▃▃▃▃▃▄▄▄▄▃▃▃▄▄▄"
        },
        "cny2xdr": {
            "current_rate": 0.09939042500530373,
            "sparkline": "▄▄▄▅▄▄▃▃▃▄▄▄▆▃▃▃▃▄▄▄▅▅▄▄▄▄▄▄▄▄"
        },
        "rsd2xdr": {
            "current_rate": 0.006962233494491559,
            "sparkline": "▃▃▄▄▄▄▃▄▄▄▄▄▆▃▃▃▃▃▃▃▃▄▃▃▃▃▃▃▃▄"
        }
    },
    "neer": {
        "rub": {
            "current_rate": 99.5838264086117,
            "sparkline": "▃▃▁▁▁▁▁▁▁▁▂▂▂▂▁▁▂▂▆▆▂▅▅▆▇███▇█"
        },
        "usd": {
            "current_rate": 104.12009500311787,
            "sparkline": "▅▅▅▅▅▅▄▄▄▄▄▄▄▄▅▄▅▅▅▅▅▅▄▄▄▄▄▄▄▄"
        },
        "eur": {
            "current_rate": 110.38793168751236,
            "sparkline": "▄▄▄▅▅▅▅▅▅▅▅▅▅▅▅▅▄▄▄▄▄▄▅▅▄▄▅▅▅▅"
        },
        "cny": {
            "current_rate": 106.92593165424348,
            "sparkline": "▄▄▄▄▄▄▄▄▄▄▄▄▄▄▄▄▅▅▅▅▅▅▅▅▅▅▅▅▅▅"
        },
        "rsd": {
            "current_rate": 110.02903929965689,
            "sparkline": "▅▅▅▅▅▅▅▅▅▅▅▅▅▅▅▄▄▄▄▄▄▅▄▄▄▄▄▄▄▄"
        }
    },
    "specific_rates": {
        "rub_kzt_bank": 6.34,
        "rub_kzt_crypto": 6.371356549341797,
        "kzt_rsd_bank": 0.19703763436409846,
        "rsd_eur_cash": 0.008483563096500531,
        "eur_rsd_cash": 116.75,
        "rsd_usd_cash": 0.009722109697804423,
        "usd_rsd_cash": 99.075,
        "eur_usd_exch": 1.163085526331093,
        "usd_kzt_bank": 505.0
    },
    "update_time": "2025-12-03 03:50:49",
    "update_time_display": "03.12 03:50"
}