{
    "rub2rsd": {
        "bank": {
            "current": 1.3025632182197064,
            "sparkline_full": "                              1.30\n  ▂▁▁▁▁▂▃▄▄▃▃▃▄▄▄▅▄▄▄▃▃▄▄▄▅▅▅▆▇█  \n  1.25                            "
        },
        "korona": {
            "current": 1.2672670148851686,
            "diff_percent": -2.70974973351231
        },
        "crypto": {
            "current": 1.3734543200184515,
            "diff_percent": 5.442430801603339
        },
        "forex": {
            "current": 1.37033612477543,
            "diff_percent": 5.20304163419822
        }
    },
    "rub2eur": {
        "bank": {
            "current": 0.011217049915872124,
            "sparkline_full": "                              89.2\n  ▂▁▁▁▁▂▄▄▄▃▃▃▄▄▄▅▅▅▅▄▃▄▄▅▅▅▅▆██  \n   93.3                           "
        },
        "korona": {
            "current": 0.010849888826071649,
            "diff_percent": -3.27324111557124
        },
        "crypto": {
            "current": 0.011651578092580122,
            "diff_percent": 3.8738186953517952
        },
        "forex": {
            "current": 0.011671380026004173,
            "diff_percent": 4.050352931827214
        }
    },
    "rub2usd": {
        "bank": {
            "current": 0.013144058885383806,
            "sparkline_full": "                              76.1\n  ▂▁▁▂▂▃▄▄▃▂▂▂▃▄▃▄▄▄▄▃▂▃▄▅▅▅▅▆▇█  \n   79.0                           "
        },
        "korona": {
            "current": 0.012459085820500253,
            "diff_percent": -5.211275077634076
        },
        "crypto": {
            "current": 0.013626008689858343,
            "diff_percent": 3.666674112442272
        },
        "forex": {
            "current": 0.013634752256551499,
            "diff_percent": 3.7331951678438045
        }
    },
    "xdr": {
        "rub2xdr": {
            "current_rate": 0.009495935059773156,
            "sparkline": "▂▁▁▁▁▂▄▄▃▃▄▄▄▄▄▅▅▄▄▄▄▄▅▆▆▅▅▇▇█"
        },
        "usd2xdr": {
            "current_rate": 0.694969,
            "sparkline": "▄▄▄▄▄▄▄▄▄▅▅▅▅▅▅▅▅▅▅▅▅▅▅▅▅▄▄▄▅▅"
        },
        "eur2xdr": {
            "current_rate": 0.8136085911533971,
            "sparkline": "▄▄▅▄▄▅▄▄▄▄▄▄▅▄▅▅▅▄▅▄▄▅▅▅▅▅▄▄▄▄"
        },
        "cny2xdr": {
            "current_rate": 0.1024257564368985,
            "sparkline": "▄▄▄▄▄▄▄▄▄▅▄▄▅▅▅▅▅▄▄▄▅▅▅▅▅▅▄▅▅▅"
        },
        "rsd2xdr": {
            "current_rate": 0.00692963929658451,
            "sparkline": "▄▄▅▄▄▅▄▄▄▄▄▄▄▄▅▅▅▄▄▄▄▅▅▅▅▅▄▄▄▄"
        }
    },
    "neer": {
        "rub": {
            "current_rate": 103.49672222128432,
            "sparkline": "▃▄▂▁▁▂▄▆▆▆▄▄▆▆▆▆▆▅▅▆▅▄▄▆▆▆▆▇▇█"
        },
        "usd": {
            "current_rate": 101.81464726250199,
            "sparkline": "▄▄▄▅▅▄▄▄▅▅▅▅▄▅▅▅▅▅▅▅▅▄▄▄▄▄▄▅▅▅"
        },
        "eur": {
            "current_rate": 109.53299958403191,
            "sparkline": "▅▅▅▅▅▄▄▄▄▄▅▅▅▄▄▄▄▄▄▄▄▄▄▄▄▄▄▄▄▄"
        },
        "cny": {
            "current_rate": 110.96830259604626,
            "sparkline": "▅▅▅▄▄▅▅▅▅▅▄▄▅▅▅▅▅▄▄▅▅▅▅▅▄▄▅▄▅▅"
        },
        "rsd": {
            "current_rate": 109.66657349629075,
            "sparkline": "██▇▂▁▇█▇▇▇▁▁▇█▇▇█▁▁██▇▇▇▁▁▇▁▁▁"
        }
    },
    "specific_rates": {
        "rub_kzt_bank": 6.27,
        "rub_kzt_crypto": 6.513232153752288,
        "kzt_rsd_bank": 0.2108713903629554,
        "rsd_eur_cash": 0.00844880027036161,
        "eur_rsd_cash": 116.8,
        "rsd_usd_cash": 0.009831460674157303,
        "usd_rsd_cash": 98.27142857142857,
        "eur_usd_exch": 1.1707120621975904,
        "usd_kzt_bank": 471.0
    },
    "update_time": "2026-05-14 13:35:48",
    "update_time_display": "14.05 13:35"
}