{
    "rub2rsd": {
        "bank": {
            "current": 1.23607866404618,
            "sparkline_full": "        1.26                      \n  ▂▂▂▄▅▆▇█▇▇▇         ▁▁▁▁▁▂▄▅▅▅  \n                     1.21         "
        },
        "korona": {
            "current": 1.191047922626752,
            "diff_percent": -3.6430320115731427
        },
        "crypto": {
            "current": 1.1954559880204807,
            "diff_percent": -3.2864151131551034
        },
        "forex": {
            "current": 1.283288058447904,
            "diff_percent": 3.819287216493873
        }
    },
    "rub2eur": {
        "bank": {
            "current": 0.01065757220505169,
            "sparkline_full": "          92.8                    \n  ▂▄▄▅▆▇████▇         ▂▁▂▂▂▂▄▄▅▅  \n                      95.5        "
        },
        "korona": {
            "current": 0.010201695268751624,
            "diff_percent": -4.277493293303521
        },
        "crypto": {
            "current": 0.010286627832788975,
            "diff_percent": -3.480571044941057
        },
        "forex": {
            "current": 0.010960006928312971,
            "diff_percent": 2.8377450083606037
        }
    },
    "rub2usd": {
        "bank": {
            "current": 0.012484394506866418,
            "sparkline_full": "                              80.1\n  ▂▂▂▄▅▆▆▆▆▆▅         ▅▅▅▅▅▅▆▇▇▇  \n 82.0                             "
        },
        "korona": {
            "current": 0.011478136099840207,
            "diff_percent": -8.060129840279947
        },
        "crypto": {
            "current": 0.012025487998255677,
            "diff_percent": -3.675841133972032
        },
        "forex": {
            "current": 0.012839360343067709,
            "diff_percent": 2.8432763479723406
        }
    },
    "xdr": {
        "rub2xdr": {
            "current_rate": 0.008909095614306145,
            "sparkline": "▁▁▁▂▂▂▃▃▃▃▃         ▂█████▁▂▂▁"
        },
        "usd2xdr": {
            "current_rate": 0.695413,
            "sparkline": "▂▂▂▂▂▂▃▃▃▃▃         ▃█████▁▁▁▁"
        },
        "eur2xdr": {
            "current_rate": 0.8128731735827002,
            "sparkline": "▁▁▁▁▁▁▁▁▁▁▁         ▃█████▁▁▁▁"
        },
        "cny2xdr": {
            "current_rate": 0.09700887906201393,
            "sparkline": "▂▂▂▂▂▂▂▂▂▂▂         ▃█████▁▁▁▁"
        },
        "rsd2xdr": {
            "current_rate": 0.006942397348481067,
            "sparkline": "▁▁▁▁▁▁▁▁▁▁▁         ▃█████▁▁▁▁"
        }
    },
    "neer": {
        "rub": {
            "current_rate": 98.35241638533238,
            "sparkline": "▄▂▁▃▅▅▆▆▆▆▇▅▅▅▄▄▄▄▂▃▂▂▃▂▃▃▄▅█▆"
        },
        "usd": {
            "current_rate": 103.51958739534184,
            "sparkline": "▅▅▅▄▄▅▆▅▆▆▇▅▅▄▃▃▃▃▂▃▃▂▂▂▃▃▃▃▄▄"
        },
        "eur": {
            "current_rate": 110.40363803748751,
            "sparkline": "▃▃▃▃▃▃▃▃▄▄▃▄▄▅▅▅▅▅▆▆▆▆▆▆▆▆▆▆▅▆"
        },
        "cny": {
            "current_rate": 103.48634446541635,
            "sparkline": "▅▄▄▄▄▅▅▅▅▅▆▄▅▄▃▃▃▃▃▃▃▃▃▃▄▄▄▄▄▄"
        },
        "rsd": {
            "current_rate": 110.43172925380888,
            "sparkline": "▄▃▃▃▃▃▃▄▃▃▄▄▄▄▄▄▄▅▃▆▃▄▄▄▄▅▄▅▄▄"
        }
    },
    "update_time": "2025-07-12 23:50:41",
    "update_time_display": "12.07 23:50"
}