{
    "rub2rsd": {
        "bank": {
            "current": 1.195558253539634,
            "sparkline_full": "                 1.26             \n  ██▇▇▇▇█▇▇▇▇▇▇▇▆▆█████▆█▇▆▇▇▇▇▁  \n                              1.20"
        },
        "korona": {
            "current": 1.213136332739054,
            "diff_percent": 1.4702821169422233
        },
        "crypto": {
            "current": 1.2485318523753497,
            "diff_percent": 4.430867226994514
        },
        "forex": {
            "current": 1.307050028736646,
            "diff_percent": 9.32549918558325
        }
    },
    "rub2eur": {
        "bank": {
            "current": 0.010291242152927859,
            "sparkline_full": "                 92.1             \n  █▇▇▇▆▆▆█▇▇▇▇▇▆▆▆████▇▇█▇▇▇▇▇▇▁  \n                              97.2"
        },
        "korona": {
            "current": 0.010390889359649285,
            "diff_percent": 0.9682719077120965
        },
        "crypto": {
            "current": 0.010725240266575621,
            "diff_percent": 4.2171596703153105
        },
        "forex": {
            "current": 0.011150528586216433,
            "diff_percent": 8.349686272265075
        }
    },
    "rub2usd": {
        "bank": {
            "current": 0.01177717583323519,
            "sparkline_full": "                       80.8       \n  ▄▅▄▄▄▄▄▄▅▆▆▆▆▆▆▅▇█▇▇▇▇██▇▇▇▇█▁  \n                              84.9"
        },
        "korona": {
            "current": 0.011526235940513578,
            "diff_percent": -2.13073062909921
        },
        "crypto": {
            "current": 0.012248413467999191,
            "diff_percent": 4.001278756781133
        },
        "forex": {
            "current": 0.01272259775089917,
            "diff_percent": 8.027577502884851
        }
    },
    "xdr": {
        "rub2xdr": {
            "current_rate": 0.00911963087421021,
            "sparkline": "▁▁▁▁▄▄▂▂▁▁▂▂▂▁▁▁▂▄▄█▃▂▂▂▂▂▂▂▂▂"
        },
        "usd2xdr": {
            "current_rate": 0.716787,
            "sparkline": "▃▃▃▃▇▇▄▄▃▃▃▃▃▂▂▂▃▃▃▇▃▂▂▂▂▂▂▂▂▂"
        },
        "eur2xdr": {
            "current_rate": 0.8178653418711748,
            "sparkline": "▂▂▂▂▆▆▃▄▃▃▃▄▄▃▃▂▃▃▃▇▄▃▃▃▃▃▃▃▃▃"
        },
        "cny2xdr": {
            "current_rate": 0.09973104964381123,
            "sparkline": "▃▃▃▃▇▇▄▄▃▃▃▃▃▂▂▂▃▃▃▇▃▂▂▂▂▂▂▂▂▂"
        },
        "rsd2xdr": {
            "current_rate": 0.006977262288135184,
            "sparkline": "▂▂▂▂▆▆▄▄▃▃▃▄▄▃▃▃▃▃▃▇▅▄▃▄▄▃▃▄▄▄"
        }
    },
    "neer": {
        "rub": {
            "current_rate": 98.87356768912298,
            "sparkline": "▃▂▃▃▂▂▂▂▂▃▃▃▃▂▃▃▃▅▇▇▅▄▄▃▆▅▄▄▄▅"
        },
        "usd": {
            "current_rate": 104.41810507925513,
            "sparkline": "▆▅▅▅▅▅▅▅▄▄▄▃▃▃▄▄▄▄▄▄▃▄▃▃▃▃▃▃▃▃"
        },
        "eur": {
            "current_rate": 108.4526055160774,
            "sparkline": "▄▄▄▄▄▄▄▄▅▅▄▅▅▅▅▅▄▅▅▅▅▅▅▅▅▅▅▅▅▅"
        },
        "cny": {
            "current_rate": 103.8577559825279,
            "sparkline": "▆▅▅▅▅▅▄▄▄▄▄▃▄▃▄▄▄▄▄▄▃▄▄▃▃▃▃▃▄▄"
        },
        "rsd": {
            "current_rate": 109.51446224833833,
            "sparkline": "▄▄▅▅▅▅▄▅▅▅▅▄▄▅▅▅▄▅▅▅▄▅▅▅▅▅▅▅▅▅"
        }
    },
    "update_time": "2025-06-11 09:20:46",
    "update_time_display": "11.06 09:20"
}