{
    "rub2rsd": {
        "bank": {
            "current": 1.2221759217903236,
            "sparkline_full": "               1.24               \n   ▄▄▅▅▅▅▆▇▇▇▇▆▇██▇▇▇▇▆▅▄▃▃▃▃▁▁▅  \n                            1.19  "
        },
        "korona": {
            "current": 1.1879564420217996,
            "diff_percent": -2.7998816830229383
        },
        "crypto": {
            "current": 1.2055031990671552,
            "diff_percent": -1.3641835374031213
        },
        "forex": {
            "current": 1.2744296294141357,
            "diff_percent": 4.275465314949703
        }
    },
    "rub2eur": {
        "bank": {
            "current": 0.010546298249314492,
            "sparkline_full": "                93.4              \n   ▅▄▅▅▅▅▆▇▇▇▇▇▇██▇▇▇▇▇▅▄▃▃▃▃▁▁▆  \n                            97.6  "
        },
        "korona": {
            "current": 0.010165057975086704,
            "diff_percent": -3.6149202802278833
        },
        "crypto": {
            "current": 0.010412706661366898,
            "diff_percent": -1.2667154369190863
        },
        "forex": {
            "current": 0.010877621902903988,
            "diff_percent": 3.1416108833356047
        }
    },
    "rub2usd": {
        "bank": {
            "current": 0.012094823415578132,
            "sparkline_full": "            80.1                  \n   ▇▇▇▇▇▇█████████▇▇▇██▇▆▅▅▅▅▁▁▃  \n                             84.1 "
        },
        "korona": {
            "current": 0.01165710794362711,
            "diff_percent": -3.619031522091047
        },
        "crypto": {
            "current": 0.011916657853487049,
            "diff_percent": -1.473072867369074
        },
        "forex": {
            "current": 0.012219755189424536,
            "diff_percent": 1.0329359061620653
        }
    },
    "xdr": {
        "rub2xdr": {
            "current_rate": 0.008635470609299508,
            "sparkline": " ▄█████▃▄▄▃▃▃▄▄▄▄▄▄▄▄▃▃▂▂▂▂▁▁▁"
        },
        "usd2xdr": {
            "current_rate": 0.69341,
            "sparkline": " ▃▇▇▇▇▇▂▂▂▂▂▂▂▃▃▃▃▃▃▂▂▂▂▂▂▂▂▂▂"
        },
        "eur2xdr": {
            "current_rate": 0.7938748640448795,
            "sparkline": " ▄█████▂▂▂▂▂▂▂▃▂▃▃▃▃▃▃▃▂▂▃▂▁▁▁"
        },
        "cny2xdr": {
            "current_rate": 0.0963778892796086,
            "sparkline": " ▃▇▇▇▇▇▂▂▂▂▂▂▂▃▃▃▃▃▃▂▂▂▂▂▂▂▂▂▂"
        },
        "rsd2xdr": {
            "current_rate": 0.00677594934234956,
            "sparkline": " ▄█████▂▂▂▂▂▂▂▃▂▃▃▃▃▃▃▃▂▃▃▂▁▁▁"
        }
    },
    "neer": {
        "rub": {
            "current_rate": 95.97849206404045,
            "sparkline": "▅▄▄▄▄▄▅▆▆▇▇▆▇▆▇█▇▆▆▆▆▆▅▅▃▃▅▅▁▃"
        },
        "usd": {
            "current_rate": 104.79982099357957,
            "sparkline": "▃▃▃▃▃▄▄▄▄▄▄▄▄▄▅▅▅▅▅▄▄▄▃▄▄▄▄▅▅▆"
        },
        "eur": {
            "current_rate": 109.27914122057649,
            "sparkline": "▅▅▅▅▅▅▅▅▅▅▅▅▅▅▄▄▅▅▅▅▅▅▅▅▆▆▅▄▄▃"
        },
        "cny": {
            "current_rate": 104.5127326658544,
            "sparkline": "▃▃▃▃▃▄▄▄▄▄▄▄▄▅▅▅▅▅▅▄▄▄▄▄▄▄▅▆▅▆"
        },
        "rsd": {
            "current_rate": 110.02821930047601,
            "sparkline": "▅▅▅▅▅▅▅▅▅▄▄▄▄▅▅▅▄▄▄▄▅▅▅▅▅▅▄▅▄▄"
        }
    },
    "update_time": "2025-07-31 16:35:46",
    "update_time_display": "31.07 16:35"
}