{
    "rub2rsd": {
        "bank": {
            "current": 1.254830719401795,
            "sparkline_full": "                          1.26    \n  ▁▃▄▄▂▂▂▂▃▇▇▆▆▇▇▇▆▆▆▇▆▆▆▆▆█▇▇▇▇  \n 1.20                             "
        },
        "korona": {
            "current": 1.2102721305437771,
            "diff_percent": -3.5509641395502194
        },
        "crypto": {
            "current": 1.2855977205093916,
            "diff_percent": 2.451884595418892
        },
        "forex": {
            "current": 1.344241246271073,
            "diff_percent": 7.125305866906266
        }
    },
    "rub2eur": {
        "bank": {
            "current": 0.010806137886319428,
            "sparkline_full": "                          92.1    \n  ▁▃▄▄▂▂▂▂▄▇▆▆▆▆▆▆▇▇▆▆▆▆▅▅▆█▇▇▇▇  \n 96.4                             "
        },
        "korona": {
            "current": 0.010366356578533423,
            "diff_percent": -4.069736222251693
        },
        "crypto": {
            "current": 0.011021574396617318,
            "diff_percent": 1.9936494662966757
        },
        "forex": {
            "current": 0.011413566363309596,
            "diff_percent": 5.6211431260670155
        }
    },
    "rub2usd": {
        "bank": {
            "current": 0.012281994595922378,
            "sparkline_full": "                           81.0   \n  ▁▃▄▄▂▂▂▂▃▄▅▅▄▄▄▅▅▅▆▆▇▇▆▆▆▇█▇▇▇  \n 85.1                             "
        },
        "korona": {
            "current": 0.011316998281868072,
            "diff_percent": -7.85699998903016
        },
        "crypto": {
            "current": 0.012501124266980345,
            "diff_percent": 1.7841537817539617
        },
        "forex": {
            "current": 0.012719879008510872,
            "diff_percent": 3.5652548872955188
        }
    },
    "xdr": {
        "rub2xdr": {
            "current_rate": 0.009775210392964041,
            "sparkline": "▁▁▂▂▂▁▁▁▂▂▃▃▂▅▅▃▃▃▃▃▃▄▃▂▂▄▅▅██"
        },
        "usd2xdr": {
            "current_rate": 0.754425,
            "sparkline": "▃▃▃▃▃▃▃▃▃▃▃▃▃▆▆▄▄▃▃▃▃▃▃▃▃▃▃▃▆▆"
        },
        "eur2xdr": {
            "current_rate": 0.8564553866693005,
            "sparkline": "▃▃▃▄▃▃▃▃▂▂▃▃▃▆▆▄▄▄▃▄▄▄▃▃▃▃▄▄▇▇"
        },
        "cny2xdr": {
            "current_rate": 0.10478416067112975,
            "sparkline": "▂▂▂▃▃▃▃▃▃▃▃▃▃▆▆▄▄▄▃▄▄▄▃▃▃▃▃▃▇▇"
        },
        "rsd2xdr": {
            "current_rate": 0.0072719167188780185,
            "sparkline": "▄▄▄▄▄▄▄▄▃▂▂▂▃▆▆▄▄▄▄▄▄▄▄▃▃▃▄▄▇▇"
        }
    },
    "neer": {
        "rub": {
            "current_rate": 100.34958621437998,
            "sparkline": "▁▂▁▃▃▄▁▁▄▄▄▅▅▄▄▄▄▄▅▅▅▅▄▄▄▅████"
        },
        "usd": {
            "current_rate": 104.94903159142117,
            "sparkline": "▅▄▄▄▅▅▅▅▆▆▅▅▅▅▅▅▅▄▄▄▃▃▃▃▄▄▄▄▄▄"
        },
        "eur": {
            "current_rate": 108.14818788200202,
            "sparkline": "▅▅▅▅▅▅▅▅▄▄▄▄▄▄▄▅▄▅▅▄▅▅▅▅▅▄▅▅▅▅"
        },
        "cny": {
            "current_rate": 103.93103810875444,
            "sparkline": "▄▃▄▄▄▄▄▄▆▆▅▅▅▅▅▅▅▄▄▄▄▄▄▄▄▅▄▄▄▄"
        },
        "rsd": {
            "current_rate": 109.34073758936196,
            "sparkline": "▅▅▅▅▅▄▆▆▆▄▃▄▄▄▄▄▅▅▄▅▄▄▅▅▄▄▄▄▄▄"
        }
    },
    "update_time": "2025-06-02 03:06:28",
    "update_time_display": "02.06 03:06"
}