{
    "rub2rsd": {
        "bank": {
            "current": 1.240491811223713,
            "sparkline_full": "                             1.24 \n  ▃ ▆▇▇  ▅▇▅▅▅▃▁▂▂▂▂▂▃▄▅▆▆▆▆▆▆█▇  \n              1.22                "
        },
        "korona": {
            "current": 1.2000799857640017,
            "diff_percent": -3.2577260965428083
        },
        "crypto": {
            "current": 1.2390692736476758,
            "diff_percent": -0.11467528952359456
        },
        "forex": {
            "current": 1.286587421432251,
            "diff_percent": 3.715914106927138
        }
    },
    "rub2eur": {
        "bank": {
            "current": 0.010689470871191877,
            "sparkline_full": "                             93.5 \n  ▄▅▇▆▆▆▆▆▇▆▅▅▂▂▁▂▂▂▂▄▅▆▆▆▆▆▅▇██  \n               95.4               "
        },
        "korona": {
            "current": 0.010273400880944125,
            "diff_percent": -3.8923347587677166
        },
        "crypto": {
            "current": 0.010551356063747222,
            "diff_percent": -1.2920640236447427
        },
        "forex": {
            "current": 0.010957288878127655,
            "diff_percent": 2.505437454884202
        }
    },
    "rub2usd": {
        "bank": {
            "current": 0.012594458438287152,
            "sparkline_full": "   78.6                           \n  ▆▇█▇▇▅▄▄▅▃▃▃▁▂▂▂▂▂▂▃▄▅▄▃▃▃▃▄▅▅  \n             80.4                 "
        },
        "korona": {
            "current": 0.011850133869866006,
            "diff_percent": -5.909937073263903
        },
        "crypto": {
            "current": 0.012407226991955725,
            "diff_percent": -1.486617683871538
        },
        "forex": {
            "current": 0.013077399899042474,
            "diff_percent": 3.834555198397254
        }
    },
    "xdr": {
        "rub2xdr": {
            "current_rate": 0.008941719045166056,
            "sparkline": "▅▆█▇▇▅▆▆▇▆▅▅▄▃▁▂▃▆▄▄▅▆▅▇▇▇▆▇▇▄"
        },
        "usd2xdr": {
            "current_rate": 0.690771,
            "sparkline": "▄▂▃▅▅▄▆▆▆▇▆▆▆▅▄▄▄▄▄▅▅▅▅▇▇▆▆▇▇▆"
        },
        "eur2xdr": {
            "current_rate": 0.8160521406910272,
            "sparkline": "▆▄▄▄▄▃▄▄▄▅▄▄▅▆▄▄▄▄▄▄▄▄▃▄▄▄▄▄▄▄"
        },
        "cny2xdr": {
            "current_rate": 0.10055622679962152,
            "sparkline": "▂▁▁▃▃▃▅▄▅▅▄▄▅▅▄▄▅▅▅▅▅▅▅▇▇▆▆███"
        },
        "rsd2xdr": {
            "current_rate": 0.006949950618366829,
            "sparkline": "▆▄▄▅▄▃▄▄▄▅▄▄▅▆▄▄▄▄▄▄▄▄▃▄▄▄▄▄▄▄"
        }
    },
    "neer": {
        "rub": {
            "current_rate": 99.02193414597214,
            "sparkline": "▄▅▇▇██▅▅▅▇▆▅▅▁▂▁▂▆▄▂▅▆▅▆▆▆▆▅▆▆"
        },
        "usd": {
            "current_rate": 101.4965315499748,
            "sparkline": "▃▃▄▅▅▅▅▅▆▆▅▅▄▄▃▃▄▃▃▄▄▄▅▅▄▄▄▅▄▄"
        },
        "eur": {
            "current_rate": 109.84192539135256,
            "sparkline": "▆▆▆▅▅▅▄▄▄▄▄▄▅▅▅▄▅▄▄▄▄▄▃▃▃▃▄▃▃▃"
        },
        "cny": {
            "current_rate": 108.45701814741633,
            "sparkline": "▂▂▃▄▄▅▅▅▆▆▅▅▅▅▅▅▅▄▄▅▅▅▆▆▆▆▅▆▇▇"
        },
        "rsd": {
            "current_rate": 109.92405230529509,
            "sparkline": "▆▅▅▅▅▅▄▅▄▄▄▄▃▅▅▄▄▄▄▄▅▄▄▄▄▄▄▄▃▃"
        }
    },
    "specific_rates": {
        "rub_kzt_bank": 6.36,
        "rub_kzt_crypto": 6.278056857929597,
        "kzt_rsd_bank": 0.19736509268511165,
        "rsd_eur_cash": 0.008449004224502113,
        "eur_rsd_cash": 116.81428571428572,
        "rsd_usd_cash": 0.009874453378473692,
        "usd_rsd_cash": 97.58571428571429,
        "eur_usd_exch": 1.1813642157690858,
        "usd_kzt_bank": 499.0
    },
    "update_time": "2026-02-26 02:06:27",
    "update_time_display": "26.02 02:06"
}