{
    "rub2rsd": {
        "bank": {
            "current": 1.182888628262188,
            "sparkline_full": "                1.24              \n    ▅▅▅▅▅▆▇▇▇▇▇▇▇███▇▇█▇▅▄▃▄▄▄▂▁  \n                              1.18"
        },
        "korona": {
            "current": 1.143619240363727,
            "diff_percent": -3.3197874220967503
        },
        "crypto": {
            "current": 1.1907381785127267,
            "diff_percent": 0.663591657151245
        },
        "forex": {
            "current": 1.248124032447262,
            "diff_percent": 5.514923605353533
        }
    },
    "rub2eur": {
        "bank": {
            "current": 0.0102291325695581,
            "sparkline_full": "                 93.4             \n    ▅▅▅▅▅▅▆▇▇▇▇▇▇██▇▇▇▇▇▅▄▃▄▄▄▁▁  \n                              97.8"
        },
        "korona": {
            "current": 0.009795453878918434,
            "diff_percent": -4.239642879693383
        },
        "crypto": {
            "current": 0.010253923568782372,
            "diff_percent": 0.2423568084164759
        },
        "forex": {
            "current": 0.010656518459481335,
            "diff_percent": 4.178124459889543
        }
    },
    "rub2usd": {
        "bank": {
            "current": 0.011844131232974061,
            "sparkline_full": "             80.1                 \n    ▇▇▇▇▇▇██████████████▇▆▅▅▅▅▂▁  \n                              84.4"
        },
        "korona": {
            "current": 0.01125332585843766,
            "diff_percent": -4.98816977721084
        },
        "crypto": {
            "current": 0.0118487698695079,
            "diff_percent": 0.039164008255203046
        },
        "forex": {
            "current": 0.012162535256149073,
            "diff_percent": 2.688285167666625
        }
    },
    "xdr": {
        "rub2xdr": {
            "current_rate": 0.008534199301251894,
            "sparkline": "  ▄█████▃▄▄▃▃▃▄▄▄▄▄▄▄▄▃▃▂▂▂▂▁▁"
        },
        "usd2xdr": {
            "current_rate": 0.69341,
            "sparkline": "  ▃▇▇▇▇▇▂▂▂▂▂▂▂▃▃▃▃▃▃▂▂▂▂▂▂▂▂▂"
        },
        "eur2xdr": {
            "current_rate": 0.8008431021539527,
            "sparkline": "  ▄█████▂▂▂▂▂▂▂▂▂▂▂▂▂▂▂▂▂▂▂▂▁▁"
        },
        "cny2xdr": {
            "current_rate": 0.09661692374144826,
            "sparkline": "  ▃▇▇▇▇▇▂▂▂▂▂▂▂▂▂▂▂▂▂▂▂▂▂▂▂▂▂▂"
        },
        "rsd2xdr": {
            "current_rate": 0.0068376211653568145,
            "sparkline": "  ▄█████▂▂▂▂▂▂▂▂▂▂▂▂▂▂▂▂▂▂▂▂▁▁"
        }
    },
    "neer": {
        "rub": {
            "current_rate": 94.86075534135283,
            "sparkline": "▄▅▄▄▅▄▅▅▆▆▇▇▇▇▆██▇▆▆▇▆▅▅▄▄▄▄▁▁"
        },
        "usd": {
            "current_rate": 104.13140191118262,
            "sparkline": "▃▄▄▄▄▄▄▄▄▄▅▄▄▅▅▅▆▅▅▅▅▅▄▄▄▄▄▄▅▅"
        },
        "eur": {
            "current_rate": 110.14144123998155,
            "sparkline": "▅▅▅▅▅▅▄▄▄▄▄▄▄▄▄▄▄▄▄▄▄▅▅▅▅▅▅▅▄▄"
        },
        "cny": {
            "current_rate": 104.09323530083992,
            "sparkline": "▃▄▄▄▄▄▄▄▄▄▅▅▅▅▅▅▅▅▅▅▅▅▄▄▅▅▅▅▆▆"
        },
        "rsd": {
            "current_rate": 110.42870419570042,
            "sparkline": "▅▅▅▅▅▅▅▅▅▅▅▅▄▄▄▄▅▄▄▄▅▅▅▅▅▅▅▅▅▅"
        }
    },
    "update_time": "2025-07-30 02:21:25",
    "update_time_display": "30.07 02:21"
}