{
    "rub2rsd": {
        "bank": {
            "current": 1.1643685798205847,
            "sparkline_full": " 1.18                             \n  █▆▆▆▄▂▁▁▃▃▄▅▃▃▃▃▃▃▃▂▃▄▄▄▄▅▆▇▆▅  \n       1.13                       "
        },
        "korona": {
            "current": 1.1254159375843067,
            "diff_percent": -3.3453876127677864
        },
        "crypto": {
            "current": 1.1039358249790108,
            "diff_percent": -5.190173961142606
        },
        "forex": {
            "current": 1.2135361703409155,
            "diff_percent": 4.222682694504429
        }
    },
    "rub2eur": {
        "bank": {
            "current": 0.010039152695512499,
            "sparkline_full": " 98.5                             \n  ▇▆▆▆▄▃▂▂▃▃▄▄▃▄▄▃▃▃▃▃▃▄▄▄▄▅▆▇▆▆  \n       103                        "
        },
        "korona": {
            "current": 0.009639536938623612,
            "diff_percent": -3.980572554370207
        },
        "crypto": {
            "current": 0.009490812819762797,
            "diff_percent": -5.462013502342781
        },
        "forex": {
            "current": 0.010358826903233757,
            "diff_percent": 3.1842747831114466
        }
    },
    "rub2usd": {
        "bank": {
            "current": 0.011804981702278363,
            "sparkline_full": "                            83.7  \n  ▇▆▆▇▅▃▁▂▃▃▄▅▅▄▄▄▄▃▄▄▄▃▄▄▄▅▇█▇▆  \n       87.6                       "
        },
        "korona": {
            "current": 0.01106292875030213,
            "diff_percent": -6.285930556190662
        },
        "crypto": {
            "current": 0.011138763045739792,
            "diff_percent": -5.643538239538238
        },
        "forex": {
            "current": 0.012210474389140491,
            "diff_percent": 3.434928550409088
        }
    },
    "xdr": {
        "rub2xdr": {
            "current_rate": 0.008451454140030304,
            "sparkline": "███▆▃▁▁▁▂▂▃▃▃▁▂▂▂▂▁▁▂▂▂▃▃▄▅▆▅▅"
        },
        "usd2xdr": {
            "current_rate": 0.69486,
            "sparkline": "▆▅▅▅▄▅▅▅▅▅▅▅▅▃▄▄▄▄▄▄▄▅▅▅▅▅▅▅▄▅"
        },
        "eur2xdr": {
            "current_rate": 0.8158698102573737,
            "sparkline": "▅▄▄▄▄▄▄▄▄▄▄▅▆▄▄▄▄▄▄▄▄▃▄▄▄▄▄▄▄▄"
        },
        "cny2xdr": {
            "current_rate": 0.09759955053023386,
            "sparkline": "▆▅▄▅▄▅▅▅▄▄▅▅▅▃▄▄▄▄▄▄▄▄▅▅▅▅▅▅▄▅"
        },
        "rsd2xdr": {
            "current_rate": 0.006964319932595053,
            "sparkline": "▅▄▄▄▄▄▄▄▄▄▄▅▆▄▄▄▄▄▄▄▄▃▄▄▄▄▄▄▄▄"
        }
    },
    "neer": {
        "rub": {
            "current_rate": 93.10443668500663,
            "sparkline": "████▆▅▂▁▄▃▁▄▅▄▅▄▄▅▃▅▄▅▅▅▄▆▆▆▇▇"
        },
        "usd": {
            "current_rate": 103.55820855570508,
            "sparkline": "▅▅▅▅▅▅▅▅▅▄▄▄▄▄▅▄▄▄▄▅▅▅▅▅▅▅▅▅▅▅"
        },
        "eur": {
            "current_rate": 110.82977217788789,
            "sparkline": "▄▄▄▄▄▄▄▄▄▄▅▅▅▅▄▅▅▅▅▅▅▄▅▅▅▅▅▅▅▅"
        },
        "cny": {
            "current_rate": 104.74176904800875,
            "sparkline": "▄▄▄▄▄▅▅▅▄▄▄▄▄▄▅▅▅▄▅▅▅▅▅▅▅▅▅▅▅▅"
        },
        "rsd": {
            "current_rate": 110.58711837592726,
            "sparkline": "▄▄▄▄▅▄▅▅▄▄▄▅▄▅▄▄▄▅▅▄▄▅▄▄▄▄▄▄▄▄"
        }
    },
    "update_time": "2025-10-04 17:05:40",
    "update_time_display": "04.10 17:05"
}