{
    "rub2rsd": {
        "bank": {
            "current": 1.2189540188032708,
            "sparkline_full": "                     1.24         \n  鈻嗏枀鈻呪枀鈻冣杺鈻傗杻鈻冣杻鈻冣杽鈻勨枀鈻呪枂鈻呪枀鈻呪枂鈻団枀鈻呪杽鈻勨杽鈻呪枃鈻勨杻  \n      1.22                        "
        },
        "korona": {
            "current": 1.1818582153649277,
            "diff_percent": -3.0432487908577976
        },
        "crypto": {
            "current": 1.2396535952947305,
            "diff_percent": 1.6981425199107896
        },
        "forex": {
            "current": 1.285721024570035,
            "diff_percent": 5.477401504637054
        }
    },
    "rub2eur": {
        "bank": {
            "current": 0.010467915837956662,
            "sparkline_full": "                             93.5 \n  鈻嗏枀鈻呪枀鈻冣杻鈻傗杻鈻冣杻鈻冣杽鈻呪枂鈻呪枂鈻嗏枂鈻呪枂鈻団枀鈻勨杽鈻勨枀鈻嗏枂鈻団杺  \n                              95.5"
        },
        "korona": {
            "current": 0.010117411651650353,
            "diff_percent": -3.3483664917841667
        },
        "crypto": {
            "current": 0.010695951078031753,
            "diff_percent": 2.1784206484373487
        },
        "forex": {
            "current": 0.010947016029044828,
            "diff_percent": 4.576844125465248
        }
    },
    "rub2usd": {
        "bank": {
            "current": 0.0121654501216545,
            "sparkline_full": "                     79.3         \n  鈻堚枃鈻団枃鈻呪枂鈻嗏枂鈻嗏枂鈻嗏枃鈻堚枅鈻堚枃鈻団枃鈻団枅鈻堚枃鈻嗏枂鈻嗏枂鈻呪杽鈻冣杹  \n                              82.2"
        },
        "korona": {
            "current": 0.011492948609707563,
            "diff_percent": -5.527962428203822
        },
        "crypto": {
            "current": 0.012405153310601652,
            "diff_percent": 1.9703602131455908
        },
        "forex": {
            "current": 0.01278935925310142,
            "diff_percent": 5.128533060493682
        }
    },
    "xdr": {
        "rub2xdr": {
            "current_rate": 0.008928459068911095,
            "sparkline": "鈻団枂鈻嗏枂鈻呪杻鈻傗杻鈻勨枂鈻勨杽鈻嗏枂鈻嗏枃鈻団枃鈻嗏枃鈻団枀鈻呪枀鈻勨杽鈻嗏枃鈻呪杽"
        },
        "usd2xdr": {
            "current_rate": 0.702398,
            "sparkline": "鈻冣杽鈻冣杻鈻冣杺鈻佲杹鈻傗杺鈻佲杺鈻傗杺鈻傗杽鈻勨杻鈻冣杽鈻勨杻鈻冣杻鈻冣杻鈻嗏枅鈻堚枅"
        },
        "eur2xdr": {
            "current_rate": 0.815606649814154,
            "sparkline": "鈻勨枀鈻呪枀鈻嗏枂鈻呪杽鈻呪枀鈻呪枀鈻勨杽鈻冣枀鈻呪杽鈻勨枀鈻呪枀鈻呪枀鈻勨杻鈻冣枀鈻勨枀"
        },
        "cny2xdr": {
            "current_rate": 0.1018086154916512,
            "sparkline": "鈻傗杺鈻佲杹鈻傗杺鈻佲杹鈻傗杹鈻佲杺鈻傗杺鈻傗杽鈻勨杻鈻冣杽鈻呪枂鈻嗏枀鈻呪枀鈻嗏枅鈻堚枅"
        },
        "rsd2xdr": {
            "current_rate": 0.006944320656105713,
            "sparkline": "鈻勨枀鈻呪枀鈻嗏枂鈻呪枀鈻呪杽鈻呪杽鈻勨杽鈻冣枀鈻呪枀鈻勨枀鈻呪杽鈻呪枀鈻呪杻鈻冣枀鈻勨枀"
        }
    },
    "neer": {
        "rub": {
            "current_rate": 97.54481096207459,
            "sparkline": "鈻呪枂鈻呪枀鈻呪杺鈻冣杺鈻冣枂鈻勨杻鈻呪枀鈻団枂鈻呪枀鈻呪枀鈻呪枀鈻勨杽鈻冣枀鈻嗏枀鈻勨杺"
        },
        "usd": {
            "current_rate": 102.748700135403,
            "sparkline": "鈻呪枀鈻勨杽鈻冣杻鈻冣杻鈻冣杻鈻冣杻鈻冣杻鈻勨杽鈻冣杽鈻勨杽鈻冣杻鈻冣杻鈻冣枀鈻嗏枂鈻呪枂"
        },
        "eur": {
            "current_rate": 109.54773028754687,
            "sparkline": "鈻呪枀鈻呪枀鈻嗏枂鈻嗏枀鈻呪枀鈻呪枀鈻呪枀鈻勨枀鈻勨杽鈻呪杽鈻勨杽鈻呪杽鈻勨杽鈻勨杻鈻冣杻"
        },
        "cny": {
            "current_rate": 109.33987795429594,
            "sparkline": "鈻勨杽鈻冣杻鈻冣杻鈻冣杻鈻冣杻鈻冣杻鈻冣杻鈻勨杽鈻勨杽鈻勨枀鈻呪枀鈻呪枀鈻呪枂鈻嗏枂鈻嗏枂"
        },
        "rsd": {
            "current_rate": 109.96449654721323,
            "sparkline": "鈻勨杽鈻勨杽鈻勨枀鈻呪杽鈻呪杽鈻勨枀鈻呪杽鈻呪杽鈻勨杽鈻呪杽鈻勨杽鈻勨杽鈻勨枀鈻勨杽鈻勨杽"
        }
    },
    "specific_rates": {
        "rub_kzt_bank": 6.04,
        "rub_kzt_crypto": 6.171563772024322,
        "kzt_rsd_bank": 0.20086539507443416,
        "rsd_eur_cash": 0.0084530853761623,
        "eur_rsd_cash": 116.81428571428572,
        "rsd_usd_cash": 0.009724473257698542,
        "usd_rsd_cash": 99.13333333333333,
        "eur_usd_exch": 1.161174504788103,
        "usd_kzt_bank": 490.5
    },
    "update_time": "2026-03-06 09:50:46",
    "update_time_display": "06.03 09:50"
}