{
    "rub2rsd": {
        "bank": {
            "current": 1.2231063560197653,
            "sparkline_full": "             1.23                 \n  ▅▄▄▄▄▄▆▇▇▇████▇▃  ▁▁▂▃▃▄▅▇▇▇▇█  \n                    1.16          "
        },
        "korona": {
            "current": 1.1843042081931334,
            "diff_percent": -3.1724263090988947
        },
        "crypto": {
            "current": 1.2010015910988918,
            "diff_percent": -1.8072643324989983
        },
        "forex": {
            "current": 1.2801468968368916,
            "diff_percent": 4.663579788984813
        }
    },
    "rub2eur": {
        "bank": {
            "current": 0.010526315789473684,
            "sparkline_full": "             94.7                 \n  ▅▅▅▄▃▃▅▇▆▇████▇▄  ▁▁▃▃▃▄▆▇▇▇▇█  \n                   99.8           "
        },
        "korona": {
            "current": 0.010143064475789084,
            "diff_percent": -3.6408874800037023
        },
        "crypto": {
            "current": 0.010261392730819373,
            "diff_percent": -2.516769057215953
        },
        "forex": {
            "current": 0.010905924567430206,
            "diff_percent": 3.6062833905869605
        }
    },
    "rub2usd": {
        "bank": {
            "current": 0.012269938650306749,
            "sparkline_full": "             80.3                 \n  ▅▄▄▄▃▃▅▇▇▇████▇▃  ▁▁▂▂▂▃▄▅▅▆▆▆  \n                    85.0          "
        },
        "korona": {
            "current": 0.011590939155303483,
            "diff_percent": -5.533845884276613
        },
        "crypto": {
            "current": 0.011936722156259271,
            "diff_percent": -2.7157144264869397
        },
        "forex": {
            "current": 0.012681873924418567,
            "diff_percent": 3.3572724840113226
        }
    },
    "xdr": {
        "rub2xdr": {
            "current_rate": 0.008900859212681727,
            "sparkline": "▄▃▂▂▁▂▄█▆▄▅▅▅▇▆▄▅▄▁▂▁▁▂▂▅▆▇███"
        },
        "usd2xdr": {
            "current_rate": 0.700952,
            "sparkline": "▄▄▄▄▄▅▅▄▃▃▃▃▃▃▃▄▄▄▄▄▅▄▅▅▅▅▆▆▆▆"
        },
        "eur2xdr": {
            "current_rate": 0.8161489800932175,
            "sparkline": "▅▄▄▄▄▄▅▅▄▄▄▄▄▄▄▄▄▄▄▄▄▄▄▄▄▄▄▅▄▄"
        },
        "cny2xdr": {
            "current_rate": 0.10045170535970192,
            "sparkline": "▃▃▃▃▃▃▃▃▂▂▃▃▃▃▄▄▄▄▄▅▅▅▅▆▆▆▇▇▇▇"
        },
        "rsd2xdr": {
            "current_rate": 0.006952998311892809,
            "sparkline": "▅▄▄▄▅▅▅▅▄▄▄▅▄▄▅▄▅▄▄▅▅▄▄▄▄▄▄▅▅▅"
        }
    },
    "neer": {
        "rub": {
            "current_rate": 97.70237808694505,
            "sparkline": "▄▄▂▃▃▃▃▄▅▅▆▆▆▆▇▆▆▆▆▆▆▆▂▂▃▅▅▄▆▆"
        },
        "usd": {
            "current_rate": 103.48006208231459,
            "sparkline": "▅▅▅▅▅▅▅▄▄▄▄▄▄▄▄▄▄▄▄▄▅▄▄▅▅▅▅▅▅▅"
        },
        "eur": {
            "current_rate": 110.03494664569811,
            "sparkline": "▅▅▅▅▅▅▅▅▅▅▅▅▅▅▅▅▅▄▄▄▄▄▄▄▄▄▄▄▄▄"
        },
        "cny": {
            "current_rate": 108.44433205292422,
            "sparkline": "▃▄▄▄▄▄▄▄▄▄▄▄▄▄▄▄▄▄▅▅▅▅▅▅▅▅▅▅▅▆"
        },
        "rsd": {
            "current_rate": 110.10579897996837,
            "sparkline": "▄▅▅▅▅▄▄▅▅▄▅▄▄▄▅▄▄▄▅▅▅▄▄▄▄▄▄▄▄▄"
        }
    },
    "specific_rates": {
        "rub_kzt_bank": 6.3,
        "rub_kzt_crypto": 6.141443549395395,
        "kzt_rsd_bank": 0.19555688844801422,
        "rsd_eur_cash": 0.008440243079000676,
        "eur_rsd_cash": 116.75999999999999,
        "rsd_usd_cash": 0.009787129924149743,
        "usd_rsd_cash": 99.08333333333333,
        "eur_usd_exch": 1.164343607113208,
        "usd_kzt_bank": 507.5
    },
    "update_time": "2026-01-14 06:35:51",
    "update_time_display": "14.01 06:35"
}