{
    "rub2rsd": {
        "bank": {
            "current": 1.1785041414819983,
            "sparkline_full": "  1.26                            \n  ██▇▅▃▃▃▄▄▃▃▃▃▃▄▅▅▅▆▆▆▆▅▂  ▁▁▁▂  \n                            1.16  "
        },
        "korona": {
            "current": 1.1511847728415496,
            "diff_percent": -2.3181393835488704
        },
        "crypto": {
            "current": 1.1791295220224374,
            "diff_percent": 0.05306562093643591
        },
        "forex": {
            "current": 1.2360687330363387,
            "diff_percent": 4.884547243249518
        }
    },
    "rub2eur": {
        "bank": {
            "current": 0.010198878123406425,
            "sparkline_full": "  92.8                            \n  ██▇▅▄▄▄▄▄▄▄▃▃▃▄▅▅▅▆▆▆▆▅▃  ▁▁▂▃  \n                           99.8   "
        },
        "korona": {
            "current": 0.009849007039853554,
            "diff_percent": -3.430485974235901
        },
        "crypto": {
            "current": 0.010144537324549705,
            "diff_percent": -0.5328115327901425
        },
        "forex": {
            "current": 0.010536596446805477,
            "diff_percent": 3.3113281609276983
        }
    },
    "rub2usd": {
        "bank": {
            "current": 0.011900511722004046,
            "sparkline_full": "  79.4                            \n  ██▇▅▄▄▄▄▄▄▄▃▃▃▄▆▆▆▇▇▇▇▆▃  ▁▁▂▂  \n                            85.0  "
        },
        "korona": {
            "current": 0.011264826182834762,
            "diff_percent": -5.341665585639496
        },
        "crypto": {
            "current": 0.011812401294736794,
            "diff_percent": -0.7403919203267162
        },
        "forex": {
            "current": 0.012783359134413187,
            "diff_percent": 7.41856680647401
        }
    },
    "xdr": {
        "rub2xdr": {
            "current_rate": 0.008609271441419698,
            "sparkline": "██▇▄▃▂▂▃▃▂▁▁▁▁▃▄▄▃▃▃▃▄▃▃▃▂▁▁▁▁"
        },
        "usd2xdr": {
            "current_rate": 0.697354,
            "sparkline": "▅▅▆▅▅▄▄▄▄▄▄▄▄▅▄▄▄▃▄▄▄▄▄▄▄▄▄▄▅▅"
        },
        "eur2xdr": {
            "current_rate": 0.8170827728749056,
            "sparkline": "▄▄▅▅▅▅▄▄▄▄▄▄▄▄▅▅▄▄▄▄▄▄▄▄▄▄▄▄▄▅"
        },
        "cny2xdr": {
            "current_rate": 0.09978307839798534,
            "sparkline": "▄▅▅▄▄▄▄▄▄▄▄▄▄▄▄▄▄▄▄▄▄▄▄▅▅▅▅▅▅▅"
        },
        "rsd2xdr": {
            "current_rate": 0.006965042647969477,
            "sparkline": "▄▄▄▅▅▅▄▄▄▄▄▄▄▄▄▅▄▄▄▄▄▄▄▄▄▄▄▄▄▅"
        }
    },
    "neer": {
        "rub": {
            "current_rate": 94.5690630540893,
            "sparkline": "▇▇█▆▄▃▃▄▃▄▂▃▂▂▂▄▅▄▄▄▅▄▄▃▄▄▂▂▂▁"
        },
        "usd": {
            "current_rate": 103.04107574495343,
            "sparkline": "▅▅▅▅▅▄▅▄▄▅▅▅▅▅▅▄▄▄▄▄▄▄▄▄▄▄▄▄▄▄"
        },
        "eur": {
            "current_rate": 110.37014211583528,
            "sparkline": "▄▄▄▅▅▅▅▅▅▅▅▅▅▅▅▅▅▅▅▅▅▅▅▄▄▄▄▄▄▄"
        },
        "cny": {
            "current_rate": 107.65188276412421,
            "sparkline": "▄▄▄▄▄▄▄▄▄▄▄▄▄▄▄▄▄▄▄▄▄▄▄▅▅▅▅▅▅▅"
        },
        "rsd": {
            "current_rate": 110.3297818473027,
            "sparkline": "▄▄▄▄▅▅▅▅▄▅▅▅▅▅▅▅▅▅▅▅▅▅▅▄▄▄▄▄▄▄"
        }
    },
    "specific_rates": {
        "rub_kzt_bank": 6.14,
        "rub_kzt_crypto": 6.107011469378922,
        "kzt_rsd_bank": 0.19307799370194303,
        "rsd_eur_cash": 0.008451894633046908,
        "eur_rsd_cash": 116.88333333333333,
        "rsd_usd_cash": 0.00978541972461033,
        "usd_rsd_cash": 98.37142857142858,
        "eur_usd_exch": 1.1716900926572524,
        "usd_kzt_bank": 510.0
    },
    "update_time": "2026-01-06 04:35:48",
    "update_time_display": "06.01 04:35"
}