{
    "rub2rsd": {
        "bank": {
            "current": 1.2005784313195396,
            "sparkline_full": "         1.23                     \n  ▅▄▅▅▄▁▁▆█▆▅▆▅▅▆▆▄▄▄▅▄▄▄▃▃▂▂▃▅▃  \n      1.19                        "
        },
        "korona": {
            "current": 1.1594176877048326,
            "diff_percent": -3.4284093850884685
        },
        "crypto": {
            "current": 1.143072308940184,
            "diff_percent": -4.789868023545233
        },
        "forex": {
            "current": 1.252407107275789,
            "diff_percent": 4.316975434856447
        }
    },
    "rub2eur": {
        "bank": {
            "current": 0.010350895352447986,
            "sparkline_full": "         94.8                     \n  ▅▄▅▅▄▁▁▆█▆▆▆▆▅▆▆▅▅▅▅▄▄▄▄▄▃▂▄▄▃  \n      97.6                        "
        },
        "korona": {
            "current": 0.009930772485694498,
            "diff_percent": -4.058807015705454
        },
        "crypto": {
            "current": 0.009825875674363969,
            "diff_percent": -5.072215109969694
        },
        "forex": {
            "current": 0.010692187704550762,
            "diff_percent": 3.297225413664916
        }
    },
    "rub2usd": {
        "bank": {
            "current": 0.01203079884504331,
            "sparkline_full": " 81.3                             \n  █▇▇▇▆▁▁▃▅▅▅▅▅▅▇▇▆▆▅▆▆▆▅▅▅▅▄▄▆▃  \n       84.1                       "
        },
        "korona": {
            "current": 0.011133718106775263,
            "diff_percent": -7.456535096484009
        },
        "crypto": {
            "current": 0.011398379366931007,
            "diff_percent": -5.256670702069468
        },
        "forex": {
            "current": 0.012460313900227775,
            "diff_percent": 3.570129138693271
        }
    },
    "xdr": {
        "rub2xdr": {
            "current_rate": 0.008717850648078873,
            "sparkline": "▇▆▆▆▄▁▁▃▃▅▅██▇█▇▆▇▇███▇▇▇▅▄▄▅▅"
        },
        "usd2xdr": {
            "current_rate": 0.702356,
            "sparkline": "▃▃▃▃▃▃▃▃▃▃▃▆▆▆▆▅▅▅▅▅▅▅▅▆▅▄▄▄▅▅"
        },
        "eur2xdr": {
            "current_rate": 0.8153476995515538,
            "sparkline": "▆▆▆▆▅▃▂▁▁▃▃▆▆▇▇▆▆▆▆▆█▇▇█▇▆▅▅▆▆"
        },
        "cny2xdr": {
            "current_rate": 0.09782116991643454,
            "sparkline": "▄▄▄▄▄▃▃▃▃▃▃▆▆▆▆▅▅▅▅▅▆▆▆▆▅▄▄▄▅▆"
        },
        "rsd2xdr": {
            "current_rate": 0.006960876058138769,
            "sparkline": "▆▆▆▆▅▃▂▁▁▃▃▆▆▇▇▆▆▆▆▇█▇▇█▇▆▆▅▆▆"
        }
    },
    "neer": {
        "rub": {
            "current_rate": 95.75993295364104,
            "sparkline": "██▆▆██▁▃█▇▆▅█▆▅▇▆▆▇▇▅▆▆▅▅▆▄▄▄▄"
        },
        "usd": {
            "current_rate": 104.4010620931159,
            "sparkline": "▂▃▃▃▄▅▅▆▇▅▅▅▅▄▄▄▄▄▄▄▃▃▄▄▄▄▄▅▄▅"
        },
        "eur": {
            "current_rate": 110.36620586685785,
            "sparkline": "▆▆▆▆▅▄▄▃▃▅▅▄▄▅▅▅▅▅▅▅▅▅▅▆▆▅▅▅▅▅"
        },
        "cny": {
            "current_rate": 104.28160038989508,
            "sparkline": "▃▄▄▄▄▅▅▆▆▄▄▅▅▄▄▄▄▄▄▄▄▄▄▄▄▄▄▄▅▅"
        },
        "rsd": {
            "current_rate": 110.47621259175176,
            "sparkline": "▅▅▅▅▆▅▄▄▄▄▄▅▄▄▅▅▄▄▅▅▄▅▅▄▅▃▃▄▄▄"
        }
    },
    "update_time": "2025-08-22 16:20:44",
    "update_time_display": "22.08 16:20"
}