{
    "rub2rsd": {
        "bank": {
            "current": 1.207795696938297,
            "sparkline_full": "                 1.22             \n  ▁▂▃▂▁▁▁▁▃▅▅▅▅▅▇██▅▄▄▄▄▄▆▅▄▄▄▆▇  \n       1.16                       "
        },
        "korona": {
            "current": 1.1682146632726909,
            "diff_percent": -3.27712987932828
        },
        "crypto": {
            "current": 1.253562176681959,
            "diff_percent": 3.789256731057882
        },
        "forex": {
            "current": 1.2568927449899316,
            "diff_percent": 4.065012665311959
        }
    },
    "rub2eur": {
        "bank": {
            "current": 0.010414496979795877,
            "sparkline_full": "                95.0              \n  ▁▂▃▂▁▁▁▂▃▄▅▅▅▅▇██▄▃▃▄▅▄▅▄▃▃▃▆▇  \n 100                              "
        },
        "korona": {
            "current": 0.010003061336891541,
            "diff_percent": -3.95060504316743
        },
        "crypto": {
            "current": 0.010865132374256044,
            "diff_percent": 4.327001057606526
        },
        "forex": {
            "current": 0.010716849978837418,
            "diff_percent": 2.9031934967968764
        }
    },
    "rub2usd": {
        "bank": {
            "current": 0.012147716229348883,
            "sparkline_full": "                 81.4             \n  ▁▃▄▃▂▂▁▂▃▄▄▄▄▄▆▇█▅▃▃▄▄▃▅▄▃▃▃▅▆  \n       85.2                       "
        },
        "korona": {
            "current": 0.01135843133954974,
            "diff_percent": -6.497393212826549
        },
        "crypto": {
            "current": 0.012648076089054074,
            "diff_percent": 4.118962365093134
        },
        "forex": {
            "current": 0.012583127284624046,
            "diff_percent": 3.5843038070251425
        }
    },
    "xdr": {
        "rub2xdr": {
            "current_rate": 0.008755362815501747,
            "sparkline": "▁▁▂▁▁▁▁▁▃▄▅▄▅▅▇█▇▅▄▄▄▄▄▄▅▇▇▆▇▆"
        },
        "usd2xdr": {
            "current_rate": 0.700447,
            "sparkline": "▄▄▄▃▃▄▄▄▅▅▆▅▅▅▆▅▅▅▅▅▄▅▅▅▅▅▅▅▅▅"
        },
        "eur2xdr": {
            "current_rate": 0.8169716691743355,
            "sparkline": "▅▅▅▄▄▄▄▄▄▄▅▄▄▄▄▅▅▅▅▅▄▄▄▄▅▅▄▅▅▅"
        },
        "cny2xdr": {
            "current_rate": 0.09867257385155029,
            "sparkline": "▄▄▄▃▄▄▄▄▅▅▆▅▅▅▅▅▅▅▄▄▄▅▅▅▅▅▅▅▅▅"
        },
        "rsd2xdr": {
            "current_rate": 0.006965879030172843,
            "sparkline": "▅▅▅▄▄▅▄▄▄▄▅▄▄▄▅▅▅▅▅▅▄▄▄▄▄▄▄▄▅▅"
        }
    },
    "neer": {
        "rub": {
            "current_rate": 97.08338077232214,
            "sparkline": "▁▁▃▄▂▂▄▁▃▄▄▄▄▄▆▇██▄▄█▄▄▄▄▇▇▇██"
        },
        "usd": {
            "current_rate": 103.97405090065689,
            "sparkline": "▄▄▄▄▄▄▄▄▅▄▅▅▅▅▅▅▅▄▄▄▄▅▅▅▅▅▅▅▄▄"
        },
        "eur": {
            "current_rate": 110.330357838757,
            "sparkline": "▅▅▅▅▅▅▄▅▄▄▄▄▄▄▄▄▄▅▄▄▄▄▄▄▄▄▄▄▄▄"
        },
        "cny": {
            "current_rate": 105.75186212519657,
            "sparkline": "▄▄▄▄▄▄▄▅▅▅▅▅▅▅▅▅▅▅▅▅▅▅▅▅▅▅▅▅▅▅"
        },
        "rsd": {
            "current_rate": 110.30451417224111,
            "sparkline": "▅▅▅▅▅▅▅▅▄▅▄▅▅▅▅▄▅▅▄▄▄▄▄▄▄▄▄▄▄▄"
        }
    },
    "update_time": "2025-10-29 18:05:44",
    "update_time_display": "29.10 18:05"
}