{
    "rub2rsd": {
        "bank": {
            "current": 1.2319187294050706,
            "sparkline_full": "                              1.23\n  ▅▃▄▄▄▁▂▅▇▅▅▅▅▄▅▅▄▄▄▅▄▄▄▃▃▂▂▃▅█  \n      1.19                        "
        },
        "korona": {
            "current": 1.1582385393214196,
            "diff_percent": -5.980929449723791
        },
        "crypto": {
            "current": 1.142852161619032,
            "diff_percent": -7.229906134234322
        },
        "forex": {
            "current": 1.2524261105632841,
            "diff_percent": 1.6646699712177522
        }
    },
    "rub2eur": {
        "bank": {
            "current": 0.010357327809425169,
            "sparkline_full": "         94.8                     \n  ▅▄▅▅▄▂▂▆▇▆▆▆▆▅▆▆▅▅▅▅▄▄▄▄▄▃▃▄▄▄  \n      97.6                        "
        },
        "korona": {
            "current": 0.00992067271367383,
            "diff_percent": -4.215904949479173
        },
        "crypto": {
            "current": 0.009837886898482084,
            "diff_percent": -5.015201995155479
        },
        "forex": {
            "current": 0.010690679680284833,
            "diff_percent": 3.218512313150063
        }
    },
    "rub2usd": {
        "bank": {
            "current": 0.012391573729863692,
            "sparkline_full": "                              80.7\n  ▇▆▆▆▅▁▁▃▄▄▄▄▄▄▆▆▅▅▄▅▅▅▄▄▄▄▃▄▅█  \n       84.1                       "
        },
        "korona": {
            "current": 0.011122394917689743,
            "diff_percent": -10.24227301424377
        },
        "crypto": {
            "current": 0.0114578164710351,
            "diff_percent": -7.5354210787467295
        },
        "forex": {
            "current": 0.012460313900227775,
            "diff_percent": 0.554733174838153
        }
    },
    "xdr": {
        "rub2xdr": {
            "current_rate": 0.00868145826726461,
            "sparkline": "▇▆▆▆▄▁▁▃▃▅▅██▇█▇▆▇▇███▇▇▇▅▄▄▅▅"
        },
        "usd2xdr": {
            "current_rate": 0.699543,
            "sparkline": "▃▃▃▃▃▃▃▃▃▃▃▆▆▆▆▅▅▅▅▅▅▅▅▆▅▄▄▄▅▅"
        },
        "eur2xdr": {
            "current_rate": 0.8120585899954031,
            "sparkline": "▆▆▆▆▅▃▂▁▁▃▃▆▆▇▇▆▆▆▆▆█▇▇█▇▆▅▅▆▅"
        },
        "cny2xdr": {
            "current_rate": 0.09742395966798507,
            "sparkline": "▄▄▄▄▄▃▃▃▃▃▃▆▆▆▆▅▅▅▅▅▆▆▆▆▅▄▄▄▅▅"
        },
        "rsd2xdr": {
            "current_rate": 0.006931712932238441,
            "sparkline": "▆▆▆▆▅▃▂▁▁▃▃▆▆▇▇▆▆▆▆▇█▇▇█▇▆▆▅▆▅"
        }
    },
    "neer": {
        "rub": {
            "current_rate": 95.55833017847486,
            "sparkline": "█▇▆▆█▇▁▃▇▆▆▅▇▆▅▇▆▆▇▇▅▆▅▅▅▆▄▄▄▄"
        },
        "usd": {
            "current_rate": 104.12989802250077,
            "sparkline": "▃▃▃▃▄▅▅▆▆▅▅▅▅▄▄▄▄▄▄▄▃▄▄▄▄▄▄▅▄▄"
        },
        "eur": {
            "current_rate": 110.42839953286027,
            "sparkline": "▅▅▆▆▅▄▄▃▃▅▅▄▄▅▅▅▅▅▅▅▅▅▅▅▆▅▅▅▅▅"
        },
        "cny": {
            "current_rate": 104.14286577956838,
            "sparkline": "▃▄▄▄▄▅▅▆▆▄▄▅▅▄▄▄▄▄▄▄▄▄▄▄▄▄▄▄▅▅"
        },
        "rsd": {
            "current_rate": 110.48080623832065,
            "sparkline": "▅▅▅▅▆▅▄▄▄▄▄▅▄▄▅▅▄▄▅▅▄▅▅▄▅▃▃▄▄▄"
        }
    },
    "update_time": "2025-08-22 00:21:27",
    "update_time_display": "22.08 00:21"
}