{
    "rub2rsd": {
        "bank": {
            "current": 1.2373240237156147,
            "sparkline_full": "                1.26              \n  ▁▂▂▃▂▁▁▃▅▅▂▂▃▃▄███▇███▇▇▇███▇▆  \n 1.20                             "
        },
        "korona": {
            "current": 1.19246244590302,
            "diff_percent": -3.6256935897743174
        },
        "crypto": {
            "current": 1.2747746256761476,
            "diff_percent": 3.0267416814611665
        },
        "forex": {
            "current": 1.285584689735001,
            "diff_percent": 3.900406449271243
        }
    },
    "rub2eur": {
        "bank": {
            "current": 0.010649627263045794,
            "sparkline_full": "                92.5              \n  ▁▂▂▃▂▁▁▃▅▅▃▂▂▂▅██▇▇▇▇▇███▇▇▇▇▆  \n 96.9                             "
        },
        "korona": {
            "current": 0.010235729149382146,
            "diff_percent": -3.886503287301648
        },
        "crypto": {
            "current": 0.010912760844585223,
            "diff_percent": 2.4708243306552466
        },
        "forex": {
            "current": 0.011014133286514786,
            "diff_percent": 3.422711560373844
        }
    },
    "rub2usd": {
        "bank": {
            "current": 0.012109469605231292,
            "sparkline_full": "                            81.8  \n  ▁▃▃▃▂▁▁▃▅▅▃▂▂▂▃▅▆▆▅▅▅▅▆▆▇▇██▇▆  \n 85.1                             "
        },
        "korona": {
            "current": 0.011325325960297776,
            "diff_percent": -6.475458219860972
        },
        "crypto": {
            "current": 0.01238402540074172,
            "diff_percent": 2.267281759325111
        },
        "forex": {
            "current": 0.01255354085173264,
            "diff_percent": 3.66714035360813
        }
    },
    "xdr": {
        "rub2xdr": {
            "current_rate": 0.008944822486882345,
            "sparkline": "▁▁▁▁▁▁▁▂▃▃▂▁▁▁▂▄▄▄▄██▅▅▅▅▅▆▆▅▄"
        },
        "usd2xdr": {
            "current_rate": 0.715608,
            "sparkline": "▂▂▂▂▂▂▂▂▂▂▂▂▂▂▂▂▂▂▂▇▇▄▄▃▂▂▃▃▂▂"
        },
        "eur2xdr": {
            "current_rate": 0.8121222300654366,
            "sparkline": "▄▄▃▃▄▃▃▄▄▄▃▃▃▃▂▂▂▂▂▇▇▄▄▄▃▄▄▄▄▃"
        },
        "cny2xdr": {
            "current_rate": 0.09945768648107739,
            "sparkline": "▁▁▁▁▂▂▂▂▂▂▃▃▃▃▃▃▃▃▃██▄▄▃▃▃▄▄▃▂"
        },
        "rsd2xdr": {
            "current_rate": 0.006957785479481832,
            "sparkline": "▄▄▄▃▄▄▄▄▄▄▄▄▄▃▃▁▁▂▂██▄▄▄▄▄▄▄▄▄"
        }
    },
    "neer": {
        "rub": {
            "current_rate": 97.11115849776027,
            "sparkline": "▂▂▄▄▄▂▂▄▃▅▅▆▂▂▇▇▆▇▇▆▆▇▇▅▇▇▇▇▆▆"
        },
        "usd": {
            "current_rate": 104.46091966384938,
            "sparkline": "▆▅▅▅▅▅▅▅▅▅▅▅▅▅▆▆▅▅▅▅▅▅▅▄▄▄▃▃▃▃"
        },
        "eur": {
            "current_rate": 108.20875049543767,
            "sparkline": "▆▆▆▆▅▅▅▅▅▅▅▄▄▄▃▃▄▃▄▃▃▄▄▄▄▄▄▄▅▅"
        },
        "cny": {
            "current_rate": 103.57658161178773,
            "sparkline": "▄▄▄▄▃▃▃▂▄▄▄▄▄▄▆▇▅▅▅▅▅▅▅▄▄▄▄▄▄▃"
        },
        "rsd": {
            "current_rate": 109.49017880472636,
            "sparkline": "▆▅▅▅▅▅▅▅▅▅▅▄▆▆▆▄▃▃▃▄▄▄▅▄▄▄▄▄▄▅"
        }
    },
    "update_time": "2025-05-27 13:05:49",
    "update_time_display": "27.05 13:05"
}