{
    "rub2rsd": {
        "bank": {
            "current": 1.3415735873049441,
            "sparkline_full": "         1.36                     \n  ▁▂▃▄▄▄▅▇█████▇▇▇██▇▇▇▆▄▃▃▄▄▅▆▇  \n 1.28                             "
        },
        "korona": {
            "current": 1.309682955919447,
            "diff_percent": -2.3771063836730373
        },
        "crypto": {
            "current": 1.3841745229801772,
            "diff_percent": 3.1754453187180784
        },
        "forex": {
            "current": 1.4058749817654177,
            "diff_percent": 4.792983036409291
        }
    },
    "rub2eur": {
        "bank": {
            "current": 0.011531365313653136,
            "sparkline_full": "         85.7                     \n  ▁▂▃▄▄▄▅▇█████▇▇▇████▇▅▄▂▃▃▃▄▆▆  \n 90.3                             "
        },
        "korona": {
            "current": 0.011213039006159648,
            "diff_percent": -2.760525738583528
        },
        "crypto": {
            "current": 0.01182716214632147,
            "diff_percent": 2.5651501328997823
        },
        "forex": {
            "current": 0.011980182918812027,
            "diff_percent": 3.8921462719378996
        }
    },
    "rub2usd": {
        "bank": {
            "current": 0.013340448239060833,
            "sparkline_full": "                  73.7            \n  ▂▂▃▃▄▄▄▆▇▇▇▇▇▆▆▆▇▇▇▇▇▅▃▂▂▂▂▃▅▅  \n                        76.9      "
        },
        "korona": {
            "current": 0.012713311333953538,
            "diff_percent": -4.7010182406842835
        },
        "crypto": {
            "current": 0.01365412215266381,
            "diff_percent": 2.3512996563679134
        },
        "forex": {
            "current": 0.013929671872649369,
            "diff_percent": 4.416820357379663
        }
    },
    "xdr": {
        "rub2xdr": {
            "current_rate": 0.009804544653066828,
            "sparkline": "▁▁▁▁▂▂▃▄▄▅█▅▄▄▄▄▅▅▄▄▄▃▂▂▂▂▂▃▄▄"
        },
        "usd2xdr": {
            "current_rate": 0.708406,
            "sparkline": "▂▂▂▂▃▃▃▃▃▄▇▅▃▃▃▃▃▃▃▃▃▃▃▃▃▃▃▄▄▄"
        },
        "eur2xdr": {
            "current_rate": 0.8183969075857034,
            "sparkline": "▃▃▃▂▂▃▃▃▃▃▇▄▃▃▃▃▃▃▃▃▃▃▃▃▃▂▂▃▃▃"
        },
        "cny2xdr": {
            "current_rate": 0.10458647060560428,
            "sparkline": "▂▂▂▂▂▃▃▃▃▃▇▅▃▃▃▃▃▃▃▃▃▃▃▃▃▃▃▄▄▄"
        },
        "rsd2xdr": {
            "current_rate": 0.006973980460734027,
            "sparkline": "▃▃▃▂▂▃▃▃▃▃▇▄▃▃▃▃▃▃▃▃▃▃▃▃▃▂▂▃▃▃"
        }
    },
    "neer": {
        "rub": {
            "current_rate": 106.84149709604468,
            "sparkline": "▁▂▃▄▄▄▄▅███▇▇█▇▆█▇▇▇▇▇▃▂▃▃▃▃▄▆"
        },
        "usd": {
            "current_rate": 102.94178229672052,
            "sparkline": "▃▃▃▄▅▅▄▄▄▄▄▅▅▄▄▄▄▄▄▄▄▄▅▅▅▅▅▆▅▅"
        },
        "eur": {
            "current_rate": 108.86603551312747,
            "sparkline": "▅▅▅▅▅▅▅▅▄▄▄▄▄▄▄▄▄▄▄▄▄▄▄▄▄▄▄▄▄▄"
        },
        "cny": {
            "current_rate": 112.40211098429934,
            "sparkline": "▄▄▄▅▄▃▅▅▅▅▅▄▄▅▅▅▅▅▄▄▅▆▄▅▅▅▅▅▅▅"
        },
        "rsd": {
            "current_rate": 109.30688541630255,
            "sparkline": "▇▇▇▇▂▂▆▇▇▇▇▂▂▆▆▇▆▆▂▂▇▇▂▂▂▂▂▂▂▂"
        }
    },
    "specific_rates": {
        "rub_kzt_bank": 6.55,
        "rub_kzt_crypto": 6.717828099110594,
        "kzt_rsd_bank": 0.2060449452648892,
        "rsd_eur_cash": 0.00844880027036161,
        "eur_rsd_cash": 116.8,
        "rsd_usd_cash": 0.00970716712506067,
        "usd_rsd_cash": 99.41666666666667,
        "eur_usd_exch": 1.1552653528989074,
        "usd_kzt_bank": 485.0
    },
    "update_time": "2026-06-10 20:50:55",
    "update_time_display": "10.06 20:50"
}