{
    "rub2rsd": {
        "bank": {
            "current": 1.1947395227845237,
            "sparkline_full": "                            1.22  \n               ▅▄▃▄▄▄▆▅▅ ▆▅▅▅▆▃▃  \n                1.19              "
        },
        "korona": {
            "current": 1.153639084086653,
            "diff_percent": -3.440117106202341
        },
        "crypto": {
            "current": 1.2591281898910065,
            "diff_percent": 5.389347709567285
        },
        "forex": {
            "current": 1.2388576435281884,
            "diff_percent": 3.6926978560850388
        }
    },
    "rub2eur": {
        "bank": {
            "current": 0.010235414534288638,
            "sparkline_full": "                          95.8    \n               ▅▃▄▃▃▃▅▆▅▅▆▆▆▅▆▅▄  \n               98.5               "
        },
        "korona": {
            "current": 0.009881276951491675,
            "diff_percent": -3.4599241839263253
        },
        "crypto": {
            "current": 0.010742626290040323,
            "diff_percent": 4.955458853693969
        },
        "forex": {
            "current": 0.010610290639669314,
            "diff_percent": 3.6625395495692055
        }
    },
    "rub2usd": {
        "bank": {
            "current": 0.011690437222352116,
            "sparkline_full": "                            83.5  \n               ▁▁▁▄▄▄▇▇▆▆███▇█▇▅  \n               89.1               "
        },
        "korona": {
            "current": 0.010664210747582134,
            "diff_percent": -8.778341265182425
        },
        "crypto": {
            "current": 0.012244947591137915,
            "diff_percent": 4.743281694593732
        },
        "forex": {
            "current": 0.012141270972527946,
            "diff_percent": 3.856431899004055
        }
    },
    "xdr": {
        "rub2xdr": {
            "current_rate": 0.0086230721239868,
            "sparkline": "                    ▄▃▃▅▅▅█▅▃▁"
        },
        "usd2xdr": {
            "current_rate": 0.715671,
            "sparkline": "                    ▆▆▆▆▆▆▆▃▅▅"
        },
        "eur2xdr": {
            "current_rate": 0.8127083806495571,
            "sparkline": "                    ▂▄▄▄▄▄▇▃▂▂"
        },
        "cny2xdr": {
            "current_rate": 0.09821202140798681,
            "sparkline": "                    ▆▆▆▆▆▆▆▃▄▆"
        },
        "rsd2xdr": {
            "current_rate": 0.006960502822123157,
            "sparkline": "                    ▄▄▄▄▅▅▅▄▄▄"
        }
    },
    "neer": {
        "rub": {
            "current_rate": 94.23948537263968,
            "sparkline": "▆▆▇▇▇▇▅▅▄▅▅▅▆▃▄▂▂▂▂▂▆▅▅▆▆▇▆▇▇▅"
        },
        "usd": {
            "current_rate": 106.051779862561,
            "sparkline": "▆▆▆▆▆▆▆▆▅▅▆▆▆▆▆▅▄▄▄▄▄▄▃▃▃▃▃▃▃▃"
        },
        "eur": {
            "current_rate": 109.26622456544665,
            "sparkline": "▂▂▂▂▂▂▂▂▄▄▄▄▄▄▅▅▇▇▇▇▆▆▆▆▆▆▇▇▆▆"
        },
        "cny": {
            "current_rate": 103.84360125452896,
            "sparkline": "▇▇▇▇▇▇▇▆▅▅▅▅▆▅▅▅▃▃▃▃▃▃▃▃▃▃▂▂▃▃"
        },
        "rsd": {
            "current_rate": 109.90915410793906,
            "sparkline": "▄▄▄▄▄▄▅▄▃▅▅▅▅▅▅▄▆▆▆▆▅▆▆▆▆▅▅▆▆▆"
        }
    },
    "update_time": "2025-04-24 05:35:42",
    "update_time_display": "24.04 05:35"
}