{
    "rub2rsd": {
        "bank": {
            "current": 1.2205572659334236,
            "sparkline_full": "                       1.22       \n  ▁▁▂▂▂▂▃▄▄▄▃▃▂▃▄▅▆▅▅▆▇██▆▅▅▅▅▅█  \n 1.14                             "
        },
        "korona": {
            "current": 1.149346791516476,
            "diff_percent": -5.8342591867239735
        },
        "crypto": {
            "current": 1.3556605974878928,
            "diff_percent": 11.068987529327323
        },
        "forex": {
            "current": 1.2394059126215258,
            "diff_percent": 1.5442656575140383
        }
    },
    "rub2eur": {
        "bank": {
            "current": 0.010287007509515483,
            "sparkline_full": "                      95.0        \n  ▁▁▁▂▂▂▂▃▄▃▃▃▂▃▄▅▆▆▆▆▇██▅▄▄▅▅▅▆  \n 102                              "
        },
        "korona": {
            "current": 0.009844512132903434,
            "diff_percent": -4.30149755604572
        },
        "crypto": {
            "current": 0.01167284850319928,
            "diff_percent": 13.471760299600197
        },
        "forex": {
            "current": 0.010572355344050342,
            "diff_percent": 2.7738662995133705
        }
    },
    "rub2usd": {
        "bank": {
            "current": 0.012224938875305624,
            "sparkline_full": "                       81.4       \n  ▁▁▁▁▁▂▃▄▅▄▃▃▃▃▄▅▄▅▅▅▆▇█▅▄▄▅▅▄▇  \n   86.2                           "
        },
        "korona": {
            "current": 0.01130452092260128,
            "diff_percent": -7.529018853121533
        },
        "crypto": {
            "current": 0.01352842146304242,
            "diff_percent": 10.662487567686982
        },
        "forex": {
            "current": 0.012304814874060219,
            "diff_percent": 0.653385669812585
        }
    },
    "xdr": {
        "rub2xdr": {
            "current_rate": 0.008632008286346736,
            "sparkline": "▁▁▁▁▁▂▂▃▃▃▃▃▂▃▄▅▆▅▅▆▇█▇▅▅▅▅▅▅▅"
        },
        "usd2xdr": {
            "current_rate": 0.702849,
            "sparkline": "▄▄▄▄▄▄▄▄▄▄▄▄▄▄▅▅▅▅▅▅▅▅▅▅▅▅▅▅▅▅"
        },
        "eur2xdr": {
            "current_rate": 0.8164697463753383,
            "sparkline": "▅▄▄▅▅▅▅▅▅▄▄▅▄▄▄▄▅▅▅▄▅▅▅▅▅▅▄▄▄▅"
        },
        "cny2xdr": {
            "current_rate": 0.09867732741797351,
            "sparkline": "▄▄▄▄▄▄▄▄▄▄▄▄▄▄▅▅▅▅▅▅▅▅▅▅▅▅▅▅▅▅"
        },
        "rsd2xdr": {
            "current_rate": 0.006964633780138074,
            "sparkline": "▅▄▄▅▅▅▅▅▅▄▅▅▄▄▄▄▅▅▅▄▅▅▅▅▅▅▄▄▄▅"
        }
    },
    "neer": {
        "rub": {
            "current_rate": 94.70230660366022,
            "sparkline": "▁▁▂▁▂▁▂▂▄▅▃▃▅▂▄▅▅▅▅▅▆▇██▅▅█▅▅▅"
        },
        "usd": {
            "current_rate": 104.32194502668926,
            "sparkline": "▄▄▄▄▄▄▄▄▄▄▄▄▄▄▅▄▅▅▅▅▅▅▅▄▄▄▄▅▅▅"
        },
        "eur": {
            "current_rate": 110.21962670419386,
            "sparkline": "▅▅▅▅▅▅▅▅▅▅▅▅▄▅▄▄▄▄▄▄▄▄▄▅▄▄▄▄▄▄"
        },
        "cny": {
            "current_rate": 105.75424462320773,
            "sparkline": "▄▄▄▄▄▄▄▄▄▄▄▄▅▅▅▅▅▅▅▅▅▅▅▅▅▅▅▅▅▅"
        },
        "rsd": {
            "current_rate": 110.35949700351908,
            "sparkline": "▅▅▅▅▅▅▅▅▄▄▄▅▅▅▄▅▄▄▄▅▅▄▅▅▄▄▄▄▄▄"
        }
    },
    "update_time": "2025-10-23 23:05:48",
    "update_time_display": "23.10 23:05"
}