{
    "rub2rsd": {
        "bank": {
            "current": 1.1967918978241845,
            "sparkline_full": "           1.22                   \n  ▁▁▃▅▅▅▅▅▇██▅▄▄▄▄▄▆▅▄▄▄▆▇▆▅▅▅▅▅  \n 1.16                             "
        },
        "korona": {
            "current": 1.167849151860932,
            "diff_percent": -2.4183607873575674
        },
        "crypto": {
            "current": 1.237855446642518,
            "diff_percent": 3.431135261943926
        },
        "forex": {
            "current": 1.2608352806483885,
            "diff_percent": 5.351254711920878
        }
    },
    "rub2eur": {
        "bank": {
            "current": 0.010329511414110112,
            "sparkline_full": "          95.0                    \n  ▁▂▃▄▅▅▅▅▇██▄▃▃▄▅▄▅▄▃▃▃▆▇▆▅▅▅▅▅  \n 100                              "
        },
        "korona": {
            "current": 0.010002990594097918,
            "diff_percent": -3.161048058538049
        },
        "crypto": {
            "current": 0.010672988900935258,
            "diff_percent": 3.3252055499542403
        },
        "forex": {
            "current": 0.010756828238010437,
            "diff_percent": 4.136854172179048
        }
    },
    "rub2usd": {
        "bank": {
            "current": 0.011901928112354201,
            "sparkline_full": "           81.4                   \n  ▁▂▃▄▄▄▄▄▆▇█▅▃▃▄▄▃▅▄▃▃▃▅▆▅▄▃▃▃▃  \n 85.2                             "
        },
        "korona": {
            "current": 0.011421507597661926,
            "diff_percent": -4.036493164444498
        },
        "crypto": {
            "current": 0.012272924618532762,
            "diff_percent": 3.11711264491227
        },
        "forex": {
            "current": 0.012363063616616453,
            "diff_percent": 3.8744605068114364
        }
    },
    "xdr": {
        "rub2xdr": {
            "current_rate": 0.00875536682368102,
            "sparkline": "▁▁▃▄▅▄▅▅▇█▇▅▄▄▄▄▄▄▅▇▇▆▇▇▆▆▆▆▆▆"
        },
        "usd2xdr": {
            "current_rate": 0.70875,
            "sparkline": "▃▃▄▄▅▄▄▅▅▅▄▄▄▄▄▄▄▅▄▄▄▄▄▄▄▅▅▅▅▆"
        },
        "eur2xdr": {
            "current_rate": 0.8139357280748395,
            "sparkline": "▄▄▄▄▅▅▅▄▅▅▅▅▅▅▄▄▄▄▅▅▅▅▅▄▄▄▅▄▄▄"
        },
        "cny2xdr": {
            "current_rate": 0.09940671547588992,
            "sparkline": "▃▃▄▄▅▄▄▄▅▄▄▄▄▄▄▄▄▅▅▅▄▅▅▅▄▅▅▅▆▆"
        },
        "rsd2xdr": {
            "current_rate": 0.006944100437274046,
            "sparkline": "▄▄▄▄▅▄▅▄▅▅▅▅▅▅▄▄▄▄▅▄▄▄▅▄▄▄▄▄▅▄"
        }
    },
    "neer": {
        "rub": {
            "current_rate": 96.08974601510432,
            "sparkline": "▄▁▃▄▄▄▄▄▅▆██▄▄█▄▄▄▄▇▇▄▄▇▆▇▆▅▅▆"
        },
        "usd": {
            "current_rate": 104.76292716542181,
            "sparkline": "▄▄▄▄▅▅▅▅▅▄▄▄▄▄▄▄▅▅▅▄▄▄▄▄▄▅▅▅▅▅"
        },
        "eur": {
            "current_rate": 109.8832098556659,
            "sparkline": "▅▅▅▄▄▅▅▄▄▅▅▅▅▅▅▄▄▄▅▅▅▅▅▅▅▄▄▅▄▄"
        },
        "cny": {
            "current_rate": 106.21360851405372,
            "sparkline": "▄▄▄▄▅▄▄▄▅▄▄▄▄▄▄▅▅▅▅▅▅▅▅▅▅▅▅▅▅▅"
        },
        "rsd": {
            "current_rate": 110.18297411136263,
            "sparkline": "▅▅▅▅▄▅▅▅▅▄▅▅▄▄▄▄▅▅▄▄▄▄▄▄▄▄▄▄▄▄"
        }
    },
    "update_time": "2025-11-04 22:50:43",
    "update_time_display": "04.11 22:50"
}