{
    "rub2rsd": {
        "bank": {
            "current": 1.2355566886745455,
            "sparkline_full": "                              1.24\n  ▇▇▇▇▆▅▄▂▂▁▁▁▁▁▄▅▅▅▅▆▆▆▆▇▇▇▇█▇█  \n             1.12                 "
        },
        "korona": {
            "current": 1.2038991193789872,
            "diff_percent": -2.562210992481392
        },
        "crypto": {
            "current": 1.228464603141934,
            "diff_percent": -0.5739992019483651
        },
        "forex": {
            "current": 1.298864657874495,
            "diff_percent": 5.123841729015574
        }
    },
    "rub2eur": {
        "bank": {
            "current": 0.010636034886194428,
            "sparkline_full": "                              94.0\n  ▇▇▆▆▆▅▄▂▂▁▁▁▁▂▄▅▅▅▅▅▅▆▆▇▇▇▇▇▇█  \n            104                   "
        },
        "korona": {
            "current": 0.010311769759134793,
            "diff_percent": -3.0487407246146816
        },
        "crypto": {
            "current": 0.010596856179629785,
            "diff_percent": -0.36835819912077056
        },
        "forex": {
            "current": 0.01106693408582977,
            "diff_percent": 4.05131427497148
        }
    },
    "rub2usd": {
        "bank": {
            "current": 0.01246416552411816,
            "sparkline_full": "                              80.2\n  ▇▆▆▆▅▄▃▂▁▁▁▁▁▁▃▄▅▅▅▅▅▅▆▆▆▇▇▇██  \n            89.9                  "
        },
        "korona": {
            "current": 0.011756827337685422,
            "diff_percent": -5.674974269749852
        },
        "crypto": {
            "current": 0.012394438065598399,
            "diff_percent": -0.5594233997040401
        },
        "forex": {
            "current": 0.012991669741361839,
            "diff_percent": 4.232166334946041
        }
    },
    "xdr": {
        "rub2xdr": {
            "current_rate": 0.009057566716992102,
            "sparkline": "▇▆▇▇▆▄▂▁▁▂▂▂▄▄▄▄▄▄▅▅▆▅▆▆▆▆▇█▇█"
        },
        "usd2xdr": {
            "current_rate": 0.698112,
            "sparkline": "▅▅▅▅▅▅▅▅▅▄▄▅▄▄▄▅▅▅▅▅▅▄▅▅▅▅▅▅▄▄"
        },
        "eur2xdr": {
            "current_rate": 0.8184350468473031,
            "sparkline": "▄▄▄▄▄▄▄▄▄▄▄▄▄▄▄▄▄▄▄▄▅▄▄▄▄▄▄▅▄▄"
        },
        "cny2xdr": {
            "current_rate": 0.10224253075571177,
            "sparkline": "▅▅▅▅▅▅▅▅▅▄▄▄▄▄▄▄▄▄▅▅▅▄▅▅▅▅▅▅▄▄"
        },
        "rsd2xdr": {
            "current_rate": 0.006973449205873538,
            "sparkline": "▄▄▄▄▄▅▄▄▄▄▄▄▄▄▄▄▄▄▄▄▅▄▄▄▄▄▄▅▄▅"
        }
    },
    "neer": {
        "rub": {
            "current_rate": 98.83742503138957,
            "sparkline": "▇▇▆▆▇▅▄▃▂▃▃▂▄▅▅▄▅▅▄▅▅▆▆▅▆▆▇▆▇▇"
        },
        "usd": {
            "current_rate": 102.51668984035112,
            "sparkline": "▄▄▅▅▄▄▄▅▄▅▅▄▄▄▄▅▅▅▅▅▄▅▅▅▅▅▄▄▄▄"
        },
        "eur": {
            "current_rate": 110.85794548629588,
            "sparkline": "▄▄▄▄▄▄▄▄▄▅▅▄▄▄▄▄▅▅▄▄▅▄▄▄▄▄▄▄▅▅"
        },
        "cny": {
            "current_rate": 110.65633503310455,
            "sparkline": "▄▅▄▄▅▄▅▅▅▄▄▄▅▄▄▅▄▄▅▅▅▅▅▄▄▅▅▄▄▄"
        },
        "rsd": {
            "current_rate": 111.48762627312898,
            "sparkline": "▅▆▃▃▅▅▆▅▆▃▃▅▆▆▆▆▃▃▆▅▆▆▆▃▃▆▆▃▄▄"
        }
    },
    "specific_rates": {
        "rub_kzt_bank": 5.94,
        "rub_kzt_crypto": 5.918344176323235,
        "kzt_rsd_bank": 0.20756896972239222,
        "rsd_eur_cash": 0.008447135013374631,
        "eur_rsd_cash": 116.75,
        "rsd_usd_cash": 0.009765625,
        "usd_rsd_cash": 98.2,
        "eur_usd_exch": 1.1723549328006153,
        "usd_kzt_bank": 470.5
    },
    "update_time": "2026-04-10 22:35:41",
    "update_time_display": "10.04 22:35"
}