{
    "rub2rsd": {
        "bank": {
            "current": 1.205217680657733,
            "sparkline_full": "  1.24                            \n  ▇█▇▇▇▇▇▆▅▄▃▄▄▃▁▁▄▆▄▄▅▄▄▄▄▃▃▃▄▃  \n               1.19               "
        },
        "korona": {
            "current": 1.1642999271477243,
            "diff_percent": -3.395050883063575
        },
        "crypto": {
            "current": 1.2033834458075763,
            "diff_percent": -0.1521911667571751
        },
        "forex": {
            "current": 1.2628615511267876,
            "diff_percent": 4.782859677066474
        }
    },
    "rub2eur": {
        "bank": {
            "current": 0.010418837257762034,
            "sparkline_full": "   93.4                           \n  ▇▇█▇▇▇▇▇▅▄▃▃▃▃▁▁▄▆▅▅▄▄▄▄▄▃▃▄▄▄  \n               97.6               "
        },
        "korona": {
            "current": 0.009969540660592134,
            "diff_percent": -4.312348739636704
        },
        "crypto": {
            "current": 0.010370411981862799,
            "diff_percent": -0.46478579808086
        },
        "forex": {
            "current": 0.010778435411055888,
            "diff_percent": 3.451423075314412
        }
    },
    "rub2usd": {
        "bank": {
            "current": 0.012144765606023802,
            "sparkline_full": "   80.2                           \n  ███▇▇▇██▇▆▅▅▅▅▁▁▃▄▃▃▄▄▄▅▅▄▄▄▄▄  \n                84.1              "
        },
        "korona": {
            "current": 0.01145561808986446,
            "diff_percent": -5.674440648056023
        },
        "crypto": {
            "current": 0.012065483912782522,
            "diff_percent": -0.6528054621487065
        },
        "forex": {
            "current": 0.012520126102710107,
            "diff_percent": 3.0907183297150347
        }
    },
    "xdr": {
        "rub2xdr": {
            "current_rate": 0.008840056509441063,
            "sparkline": "███████▇▆▅▄▅▅▃▁▁▂▂▄▄▆▆▆▆▅▅▅▅▆▆"
        },
        "usd2xdr": {
            "current_rate": 0.702337,
            "sparkline": "▄▅▅▅▅▅▅▄▄▃▃▃▃▃▃▃▃▃▃▃▆▆▆▆▅▅▅▅▅▅"
        },
        "eur2xdr": {
            "current_rate": 0.8201613844968121,
            "sparkline": "▆▆▆▆▆▆▇▆▆▆▆▆▆▅▃▃▂▃▄▄▆▆▆▇▆▆▆▆▆▇"
        },
        "cny2xdr": {
            "current_rate": 0.09776950275627819,
            "sparkline": "▅▅▅▅▅▅▅▅▄▄▄▄▄▄▄▄▃▃▃▃▆▆▆▆▅▅▅▅▅▅"
        },
        "rsd2xdr": {
            "current_rate": 0.007000020312245256,
            "sparkline": "▆▆▆▆▆▆▇▆▆▆▆▆▆▅▄▃▂▃▄▄▆▆▆▇▆▆▆▆▆▇"
        }
    },
    "neer": {
        "rub": {
            "current_rate": 96.82663159460141,
            "sparkline": "▇██▇▇▇▇▇▇▆▆▄▄▆▆▁▂▅▅▅▄▅▅▄▅▄▄▄▅▅"
        },
        "usd": {
            "current_rate": 104.09395235848869,
            "sparkline": "▄▄▅▄▄▄▄▄▃▃▃▃▃▄▅▅▆▆▅▅▅▅▅▄▄▄▄▄▄▄"
        },
        "eur": {
            "current_rate": 110.28693291651484,
            "sparkline": "▅▄▄▅▅▅▅▅▅▅▅▆▆▅▄▄▄▃▅▅▄▄▄▅▅▅▅▅▅▅"
        },
        "cny": {
            "current_rate": 103.88073825988359,
            "sparkline": "▄▄▅▄▄▄▄▄▄▄▄▄▄▄▅▅▅▅▄▄▅▅▅▄▄▄▄▄▄▄"
        },
        "rsd": {
            "current_rate": 110.48845264676926,
            "sparkline": "▅▅▅▅▅▅▄▅▅▅▅▅▅▄▆▄▃▅▅▅▅▆▅▅▅▅▅▅▅▅"
        }
    },
    "update_time": "2025-08-13 02:51:23",
    "update_time_display": "13.08 02:51"
}