{
    "rub2rsd": {
        "bank": {
            "current": 1.1761896262538185,
            "sparkline_full": "                             1.22 \n                ▅▅▄▅▅▅▇▆▆ ▆▆▆▆▇▂  \n                              1.18"
        },
        "korona": {
            "current": 1.1544940130610404,
            "diff_percent": -1.8445676367576018
        },
        "crypto": {
            "current": 1.2426964944165604,
            "diff_percent": 5.654434172707953
        },
        "forex": {
            "current": 1.2615837578873728,
            "diff_percent": 7.26023506137661
        }
    },
    "rub2eur": {
        "bank": {
            "current": 0.010201999591920016,
            "sparkline_full": "                           95.8   \n                ▅▃▄▃▃▃▅▆▅▅▆▆▆▅▆▃  \n                98.5              "
        },
        "korona": {
            "current": 0.009888599683606341,
            "diff_percent": -3.0719459012906416
        },
        "crypto": {
            "current": 0.010719819207269244,
            "diff_percent": 5.0756678696531266
        },
        "forex": {
            "current": 0.0107693471672677,
            "diff_percent": 5.561140933557996
        }
    },
    "rub2usd": {
        "bank": {
            "current": 0.011652295502213937,
            "sparkline_full": "                             83.5 \n                ▁▁▁▄▄▄▇▇▆▆███▇█▅  \n                89.1              "
        },
        "korona": {
            "current": 0.010672113689570528,
            "diff_percent": -8.411920316105737
        },
        "crypto": {
            "current": 0.012218951012117242,
            "diff_percent": 4.86303758599016
        },
        "forex": {
            "current": 0.012275662271979572,
            "diff_percent": 5.349733618128679
        }
    },
    "xdr": {
        "rub2xdr": {
            "current_rate": 0.00877865672302342,
            "sparkline": "                     ▃▁▁▄▄▄█▃▆"
        },
        "usd2xdr": {
            "current_rate": 0.715671,
            "sparkline": "                     ▇▇▇▇▇▇▇▂▆"
        },
        "eur2xdr": {
            "current_rate": 0.8151521709417285,
            "sparkline": "                     ▁▄▄▄▄▄█▃▃"
        },
        "cny2xdr": {
            "current_rate": 0.09787221530845287,
            "sparkline": "                     ▆▆▇▇▇▇▇▂▄"
        },
        "rsd2xdr": {
            "current_rate": 0.006958441457524796,
            "sparkline": "                     ▄▄▄▄▅▅▅▄▄"
        }
    },
    "neer": {
        "rub": {
            "current_rate": 95.75152146473948,
            "sparkline": "▇▆▆▇▇▇▇▅▅▄▅▅▅▆▃▄▂▂▂▂▂▆▅▅▆▆▇▆▇▇"
        },
        "usd": {
            "current_rate": 105.87467441904775,
            "sparkline": "▆▆▆▆▆▆▆▆▆▅▅▆▆▆▆▆▅▄▄▄▄▄▄▃▃▃▃▃▃▃"
        },
        "eur": {
            "current_rate": 109.5488476688905,
            "sparkline": "▂▂▂▂▂▂▂▂▂▄▄▄▄▄▄▅▅▇▇▇▇▆▆▆▆▆▆▇▇▆"
        },
        "cny": {
            "current_rate": 103.32914925059585,
            "sparkline": "▆▇▇▇▇▇▇▇▆▅▅▅▅▆▅▅▅▃▃▃▃▃▃▃▃▃▃▂▂▃"
        },
        "rsd": {
            "current_rate": 109.9505934004932,
            "sparkline": "▄▄▄▄▄▄▄▅▄▃▅▅▅▅▅▅▄▆▆▆▆▅▆▆▆▆▅▅▆▆"
        }
    },
    "update_time": "2025-04-23 10:20:47",
    "update_time_display": "23.04 10:20"
}