{
    "rub2rsd": {
        "bank": {
            "current": 1.3419698402171842,
            "sparkline_full": "          1.36                    \n  ▁▁▂▃▄▅▅▅▇██████▇▇████▇▆▄▃▃▅▅▅▇  \n 1.28                             "
        },
        "korona": {
            "current": 1.315955806418394,
            "diff_percent": -1.9384961583473506
        },
        "crypto": {
            "current": 1.3585414246169139,
            "diff_percent": 1.2348701068458936
        },
        "forex": {
            "current": 1.41265041758399,
            "diff_percent": 5.26692741137661
        }
    },
    "rub2eur": {
        "bank": {
            "current": 0.011511453896627144,
            "sparkline_full": "          85.7                    \n  ▁▁▂▃▄▅▅▅▇█████▇▇▇█████▆▄▃▃▃▃▅▇  \n 90.9                             "
        },
        "korona": {
            "current": 0.011266744917965702,
            "diff_percent": -2.1257868976319427
        },
        "crypto": {
            "current": 0.011539219677773466,
            "diff_percent": 0.24120134081809935
        },
        "forex": {
            "current": 0.012035240497606884,
            "diff_percent": 4.550134202711002
        }
    },
    "rub2usd": {
        "bank": {
            "current": 0.013340448239060833,
            "sparkline_full": "                   73.7           \n  ▁▂▃▃▄▄▄▅▇▇▇▇▇▇▇▇▇▇███▇▅▄▂▃▃▃▃▅  \n 77.3                             "
        },
        "korona": {
            "current": 0.012763877850808864,
            "diff_percent": -4.321971630336759
        },
        "crypto": {
            "current": 0.013345154464742078,
            "diff_percent": 0.03527786770661012
        },
        "forex": {
            "current": 0.01394081843756883,
            "diff_percent": 4.50037500801595
        }
    },
    "xdr": {
        "rub2xdr": {
            "current_rate": 0.009841360802500329,
            "sparkline": "▁▁▁▁▂▃▃▃▄▅▅█▆▄▄▄▄▅▅▅▄▄▃▂▂▂▂▂▃▅"
        },
        "usd2xdr": {
            "current_rate": 0.708406,
            "sparkline": "▂▂▂▂▂▃▃▃▃▃▄▇▅▃▃▃▃▃▃▃▃▃▃▃▃▃▃▃▄▄"
        },
        "eur2xdr": {
            "current_rate": 0.8177120186719334,
            "sparkline": "▃▃▃▃▂▃▃▃▃▃▃▇▄▃▃▃▃▃▃▃▃▃▃▃▃▃▂▂▃▃"
        },
        "cny2xdr": {
            "current_rate": 0.1045963536283583,
            "sparkline": "▂▂▂▃▂▃▃▃▃▃▄▇▅▃▃▃▃▃▃▃▃▃▃▃▄▃▃▃▄▄"
        },
        "rsd2xdr": {
            "current_rate": 0.006966593206641802,
            "sparkline": "▃▃▃▃▂▃▃▃▃▃▃▇▄▃▃▃▃▃▃▃▃▃▃▃▃▃▂▂▃▃"
        }
    },
    "neer": {
        "rub": {
            "current_rate": 105.43981599679186,
            "sparkline": "▁▁▂▃▄▄▄▄▆███▇▇█▇▆█▇▇▇▇▇▃▃▃▃▃▃▄"
        },
        "usd": {
            "current_rate": 102.98197832310167,
            "sparkline": "▃▄▄▄▄▅▅▄▄▅▄▄▅▅▄▄▄▄▄▄▄▄▄▅▅▅▆▆▆▆"
        },
        "eur": {
            "current_rate": 108.82499302105708,
            "sparkline": "▅▅▅▅▅▅▅▅▅▄▄▄▄▄▄▄▄▄▄▄▄▄▄▄▄▄▄▄▄▄"
        },
        "cny": {
            "current_rate": 112.3451799454962,
            "sparkline": "▄▄▄▄▅▄▄▅▅▅▅▅▄▄▅▅▅▅▅▄▄▅▅▄▅▅▅▅▅▅"
        },
        "rsd": {
            "current_rate": 109.32330676693552,
            "sparkline": "▇▇▇▇▇▂▂▆▇▆▇▇▂▂▆▆▆▆▆▂▂▆▆▂▂▂▂▂▂▂"
        }
    },
    "specific_rates": {
        "rub_kzt_bank": 6.55,
        "rub_kzt_crypto": 6.565815996653102,
        "kzt_rsd_bank": 0.2069112849506329,
        "rsd_eur_cash": 0.00844880027036161,
        "eur_rsd_cash": 116.8,
        "rsd_usd_cash": 0.009699321047526672,
        "usd_rsd_cash": 99.325,
        "eur_usd_exch": 1.1542985500855913,
        "usd_kzt_bank": 485.0
    },
    "update_time": "2026-06-09 23:05:47",
    "update_time_display": "09.06 23:05"
}