{
    "rub2rsd": {
        "bank": {
            "current": 1.2672764772079705,
            "sparkline_full": "                              1.27\n  ▄▅▅▇▆▆▅         ▁▁▁▁▁▂▃▄▄▄▄▃▄█  \n                 1.21             "
        },
        "korona": {
            "current": 1.1978584527551186,
            "diff_percent": -5.4777332098668685
        },
        "crypto": {
            "current": 1.1891643727418213,
            "diff_percent": -6.163777665805313
        },
        "forex": {
            "current": 1.2924284786113336,
            "diff_percent": 1.9847288145659625
        }
    },
    "rub2eur": {
        "bank": {
            "current": 0.010651896037494675,
            "sparkline_full": "      92.8                        \n  ▆▆▇▇▇▇▇         ▂▂▃▃▃▃▄▄▅▅▅▄▅▅  \n                  95.5            "
        },
        "korona": {
            "current": 0.010260029573919645,
            "diff_percent": -3.678842360042383
        },
        "crypto": {
            "current": 0.010206487064984778,
            "diff_percent": -4.1814994339229115
        },
        "forex": {
            "current": 0.011033469191166106,
            "diff_percent": 3.582208766667395
        }
    },
    "rub2usd": {
        "bank": {
            "current": 0.012690355329949238,
            "sparkline_full": "                              78.8\n  ▂▃▃▃▃▃▃         ▂▂▃▃▃▂▃▄▄▄▄▃▃▇  \n                  81.0            "
        },
        "korona": {
            "current": 0.011743710321128614,
            "diff_percent": -7.459562669506519
        },
        "crypto": {
            "current": 0.011857678444466705,
            "diff_percent": -6.561493857602366
        },
        "forex": {
            "current": 0.012827354076020031,
            "diff_percent": 1.0795501190378487
        }
    },
    "xdr": {
        "rub2xdr": {
            "current_rate": 0.009010370992063378,
            "sparkline": "▂▂▂▃▃▃▃         ▂▇████▁▂▂▁▁▁▂▂"
        },
        "usd2xdr": {
            "current_rate": 0.702806,
            "sparkline": "▂▂▃▃▃▃▃         ▃█████▁▁▁▁▁▁▁▂"
        },
        "eur2xdr": {
            "current_rate": 0.8166398832451979,
            "sparkline": "▁▁▁▁▁▁▁         ▃█████▁▁▁▁▁▁▁▁"
        },
        "cny2xdr": {
            "current_rate": 0.09787839117597906,
            "sparkline": "▂▂▂▂▂▂▂         ▃█████▁▁▁▁▁▁▁▂"
        },
        "rsd2xdr": {
            "current_rate": 0.006971659276453492,
            "sparkline": "▁▁▁▁▁▁▁         ▃█████▁▁▁▁▁▁▁▁"
        }
    },
    "neer": {
        "rub": {
            "current_rate": 98.82210831058893,
            "sparkline": "▅▅▅▅▆▅▆▅▅▄▄▄▄▄▂▃▂▂▃▂▃▃▄▄▇▅▅▅▆▆"
        },
        "usd": {
            "current_rate": 104.05265165107633,
            "sparkline": "▄▅▆▅▅▅▆▅▅▄▄▄▄▄▃▃▃▃▃▃▄▄▄▄▄▄▄▄▄▅"
        },
        "eur": {
            "current_rate": 110.14422413282432,
            "sparkline": "▄▃▃▃▄▄▄▄▄▅▅▅▅▅▆▅▆▆▆▆▅▅▆▆▅▅▅▅▅▅"
        },
        "cny": {
            "current_rate": 103.85089840900139,
            "sparkline": "▄▅▅▅▅▅▆▄▅▄▄▄▄▄▃▃▃▃▃▃▄▄▄▄▄▄▄▅▅▅"
        },
        "rsd": {
            "current_rate": 110.33607922091686,
            "sparkline": "▄▄▃▄▄▃▄▄▄▄▄▄▄▅▃▆▄▄▄▄▄▄▄▄▄▄▄▄▄▄"
        }
    },
    "update_time": "2025-07-16 09:50:44",
    "update_time_display": "16.07 09:50"
}