{
    "rub2rsd": {
        "bank": {
            "current": 1.2988146935060938,
            "sparkline_full": "               1.36               \n  鈻佲杹鈻佲杹鈻佲杹鈻傗杻鈻冣杽鈻呪枀鈻嗏枃鈻堚枅鈻堚枅鈻堚枃鈻団枃鈻堚枅鈻団枃鈻団枂鈻勨杻  \n  1.27                            "
        },
        "korona": {
            "current": 1.2582865774676149,
            "diff_percent": -3.120392481014752
        },
        "crypto": {
            "current": 1.3814940119261014,
            "diff_percent": 6.365751699098693
        },
        "forex": {
            "current": 1.3607435522201536,
            "diff_percent": 4.768105798594377
        }
    },
    "rub2eur": {
        "bank": {
            "current": 0.011144544745347151,
            "sparkline_full": "               85.7               \n  鈻佲杹鈻佲杺鈻傗杺鈻傗杻鈻勨枀鈻呪枀鈻嗏枃鈻堚枅鈻堚枅鈻堚枃鈻団枃鈻堚枅鈻堚枅鈻堚枂鈻呪杻  \n 91.7                             "
        },
        "korona": {
            "current": 0.010766088363359272,
            "diff_percent": -3.3958891155772455
        },
        "crypto": {
            "current": 0.011833313630236098,
            "diff_percent": 6.1803232041085145
        },
        "forex": {
            "current": 0.011595579692725174,
            "diff_percent": 4.047136582822998
        }
    },
    "rub2usd": {
        "bank": {
            "current": 0.01297016861219196,
            "sparkline_full": "                        73.7      \n  鈻佲杺鈻傗杺鈻傗杺鈻冣杽鈻勨杽鈻呪枀鈻呪枃鈻堚枃鈻団枃鈻団枃鈻団枃鈻堚枅鈻堚枅鈻団枂鈻勨杻  \n 78.0                             "
        },
        "korona": {
            "current": 0.012283156749976714,
            "diff_percent": -5.296861457679538
        },
        "crypto": {
            "current": 0.013745035055161765,
            "diff_percent": 5.974220275297202
        },
        "forex": {
            "current": 0.01363445481268986,
            "diff_percent": 5.121646605838818
        }
    },
    "xdr": {
        "rub2xdr": {
            "current_rate": 0.009488581029463313,
            "sparkline": "鈻佲杹鈻佲杹鈻佲杹鈻傗杺鈻傗杺鈻冣杻鈻勨杽鈻呪枂鈻堚枂鈻呪枀鈻勨枀鈻呪枀鈻呪枀鈻勨杽鈻冣杺"
        },
        "usd2xdr": {
            "current_rate": 0.702903,
            "sparkline": "鈻冣杺鈻冣杻鈻傗杺鈻傗杻鈻冣杻鈻冣杻鈻冣杻鈻冣杽鈻団枀鈻冣杻鈻冣杻鈻冣杻鈻冣杻鈻冣杻鈻冣杻"
        },
        "eur2xdr": {
            "current_rate": 0.8182929427337085,
            "sparkline": "鈻冣杻鈻冣杻鈻冣杻鈻冣杻鈻冣杺鈻冣杻鈻冣杻鈻冣杻鈻団杽鈻冣杻鈻冣杻鈻冣杻鈻冣杻鈻冣杻鈻冣杻"
        },
        "cny2xdr": {
            "current_rate": 0.10383381342787502,
            "sparkline": "鈻冣杺鈻冣杻鈻傗杺鈻傗杻鈻冣杺鈻冣杻鈻冣杻鈻冣杽鈻団枀鈻冣杻鈻冣杻鈻冣杻鈻冣杻鈻冣杽鈻勨杽"
        },
        "rsd2xdr": {
            "current_rate": 0.006973085423761143,
            "sparkline": "鈻冣杻鈻冣杽鈻冣杻鈻冣杻鈻冣杺鈻冣杻鈻冣杻鈻冣杻鈻団杽鈻冣杻鈻冣杻鈻冣杻鈻冣杻鈻冣杻鈻冣杻"
        }
    },
    "neer": {
        "rub": {
            "current_rate": 104.00565569205226,
            "sparkline": "鈻佲杹鈻傗杹鈻佲杺鈻傗杻鈻勨枀鈻呪枀鈻呪枂鈻堚枅鈻堚枃鈻団枅鈻団枃鈻堚枃鈻団枃鈻団枃鈻勨杻"
        },
        "usd": {
            "current_rate": 102.55105193203478,
            "sparkline": "鈻勨杽鈻勨杽鈻勨杽鈻勨杽鈻勨枀鈻呪枀鈻呪枀鈻呪枀鈻呪枀鈻呪枀鈻呪枀鈻呪杽鈻呪枀鈻呪枀鈻呪枀"
        },
        "eur": {
            "current_rate": 109.14563985579827,
            "sparkline": "鈻呪枀鈻呪枀鈻呪枀鈻呪枀鈻呪杽鈻勨杽鈻呪杽鈻勨杽鈻勨杽鈻勨杽鈻勨杽鈻勨杽鈻勨杽鈻勨杽鈻勨杽"
        },
        "cny": {
            "current_rate": 112.02581998591508,
            "sparkline": "鈻勨杽鈻勨杻鈻冣杽鈻呪枀鈻呪枀鈻勨杽鈻呪枀鈻呪枀鈻嗏枀鈻呪枀鈻呪枀鈻嗏枂鈻呪枀鈻嗏枂鈻呪枀"
        },
        "rsd": {
            "current_rate": 109.50902701154816,
            "sparkline": "鈻嗏枂鈻嗏杻鈻冣枃鈻団枃鈻団枃鈻傗杺鈻嗏枂鈻嗏枂鈻嗏杻鈻傗枂鈻嗏枂鈻嗏枂鈻傗杺鈻嗏枂鈻傗杺"
        }
    },
    "specific_rates": {
        "rub_kzt_bank": 6.33,
        "rub_kzt_crypto": 6.721322141974103,
        "kzt_rsd_bank": 0.20553902680825029,
        "rsd_eur_cash": 0.008456659619450317,
        "eur_rsd_cash": 116.875,
        "rsd_usd_cash": 0.009761811792268643,
        "usd_rsd_cash": 99.02000000000001,
        "eur_usd_exch": 1.164161972183514,
        "usd_kzt_bank": 482.0
    },
    "update_time": "2026-06-04 16:05:46",
    "update_time_display": "04.06 16:05"
}