{
    "rub2rsd": {
        "bank": {
            "current": 1.226757420546009,
            "sparkline_full": "          1.26                    \n  ▆▆▇▇▇█████▇▄▂▁▁▂▂▁▁▁▁▁▂▄▃▄▅▅▅▅  \n                     1.19         "
        },
        "korona": {
            "current": 1.1906667776733417,
            "diff_percent": -2.9419543153530663
        },
        "crypto": {
            "current": 1.2326021514227783,
            "diff_percent": 0.47643737701361505
        },
        "forex": {
            "current": 1.258970028740198,
            "diff_percent": 2.625833571876959
        }
    },
    "rub2eur": {
        "bank": {
            "current": 0.010554089709762533,
            "sparkline_full": "          92.8                    \n  ▇▇▇▇▇█████▇▄▂▂▂▃▂▂▂▁▁▁▂▄▄▄▅▅▅▅  \n                      97.9        "
        },
        "korona": {
            "current": 0.010185344548103863,
            "diff_percent": -3.4938604067158914
        },
        "crypto": {
            "current": 0.010631478289190043,
            "diff_percent": 0.7332567900756629
        },
        "forex": {
            "current": 0.010749018207837073,
            "diff_percent": 1.8469475192562705
        }
    },
    "rub2usd": {
        "bank": {
            "current": 0.012436264146250467,
            "sparkline_full": "          79.4                    \n  ▅▆▆▆▇▇▇▇▇█▆▄▂▂▂▃▃▂▂▂▁▁▃▅▅▅▆▆▆▆  \n                      83.4        "
        },
        "korona": {
            "current": 0.011686570695305171,
            "diff_percent": -6.0282850390511244
        },
        "crypto": {
            "current": 0.012501441861794615,
            "diff_percent": 0.5240940106904927
        },
        "forex": {
            "current": 0.01287128840309786,
            "diff_percent": 3.498030049309888
        }
    },
    "xdr": {
        "rub2xdr": {
            "current_rate": 0.008754682288652994,
            "sparkline": "▇▇▇▇██████▆▃▂▂▂▂▂▁▁▁▁▁▂▄▃▂▃▃▃▂"
        },
        "usd2xdr": {
            "current_rate": 0.692794,
            "sparkline": "▆▆▆▆▅▅▅▅▅▅▅▅▄▄▄▄▄▄▄▄▄▄▄▄▃▃▄▄▄▄"
        },
        "eur2xdr": {
            "current_rate": 0.8144634346483834,
            "sparkline": "▄▄▄▅▅▄▄▄▄▄▅▅▅▅▄▄▄▄▄▄▄▄▅▅▄▄▄▄▄▄"
        },
        "cny2xdr": {
            "current_rate": 0.09884771783640332,
            "sparkline": "▅▅▅▅▅▅▅▅▅▅▅▄▄▄▄▄▄▄▄▄▄▄▄▅▄▄▄▄▄▄"
        },
        "rsd2xdr": {
            "current_rate": 0.006953844880178334,
            "sparkline": "▄▄▄▅▅▄▄▄▄▄▄▅▅▅▄▄▄▄▄▄▄▄▄▅▄▄▄▄▄▄"
        }
    },
    "neer": {
        "rub": {
            "current_rate": 97.31742188370876,
            "sparkline": "▇▅▆▆▆▇██▇▇█▅▃▂▂▃▂▃▁▂▁▁▁▄▅▃▃▃▅▄"
        },
        "usd": {
            "current_rate": 102.9348648004368,
            "sparkline": "▅▅▅▅▅▅▅▅▅▅▅▅▄▄▄▄▄▄▄▅▅▅▄▄▄▄▄▄▄▄"
        },
        "eur": {
            "current_rate": 110.82805898064245,
            "sparkline": "▄▄▄▄▄▄▄▄▄▄▄▅▅▅▅▅▅▅▅▅▅▅▅▅▅▅▅▅▅▅"
        },
        "cny": {
            "current_rate": 106.94016195512631,
            "sparkline": "▄▄▅▄▄▄▄▄▄▄▅▄▄▄▄▄▄▅▅▅▅▅▅▅▄▅▅▅▅▄"
        },
        "rsd": {
            "current_rate": 110.44183013154544,
            "sparkline": "▅▄▅▃▅▅▅▅▅▅▅▅▅▅▅▅▅▆▆▆▅▅▅▅▅▅▅▅▅▅"
        }
    },
    "specific_rates": {
        "rub_kzt_bank": 6.28,
        "rub_kzt_crypto": 6.3257295820680755,
        "kzt_rsd_bank": 0.19485533414468262,
        "rsd_eur_cash": 0.008437394532568343,
        "eur_rsd_cash": 116.9,
        "rsd_usd_cash": 0.009815148045149682,
        "usd_rsd_cash": 97.68333333333334,
        "eur_usd_exch": 1.1756213746775859,
        "usd_kzt_bank": 499.0
    },
    "update_time": "2025-12-29 09:50:52",
    "update_time_display": "29.12 09:50"
}