{
    "rub2rsd": {
        "bank": {
            "current": 1.2996591428479378,
            "sparkline_full": "                              1.30\n  ▂▁▁▁▁▂▃▄▄▃▃▃▄▄▄▅▄▄▄▃▃▄▄▅▅▅▅▆██  \n  1.25                            "
        },
        "korona": {
            "current": 1.2632483440468976,
            "diff_percent": -2.801565241271909
        },
        "crypto": {
            "current": 1.3461442009221543,
            "diff_percent": 3.576711503937403
        },
        "forex": {
            "current": 1.3507918807523605,
            "diff_percent": 3.9343191009587075
        }
    },
    "rub2eur": {
        "bank": {
            "current": 0.011204481792717087,
            "sparkline_full": "                              89.2\n  ▂▁▁▁▁▂▄▄▄▃▃▃▄▄▄▅▅▅▅▄▃▄▄▅▅▅▅▆██  \n   93.3                           "
        },
        "korona": {
            "current": 0.010815482397661795,
            "diff_percent": -3.4718196008684767
        },
        "crypto": {
            "current": 0.01148151325488857,
            "diff_percent": 2.472505799880494
        },
        "forex": {
            "current": 0.011509779674141943,
            "diff_percent": 2.7247835917168417
        }
    },
    "rub2usd": {
        "bank": {
            "current": 0.013114754098360656,
            "sparkline_full": "                              76.2\n  ▃▁▁▂▂▃▄▄▃▂▃▃▃▄▄▄▄▄▄▃▂▄▄▅▅▅▅▆▇█  \n   79.0                           "
        },
        "korona": {
            "current": 0.012428304157875311,
            "diff_percent": -5.234180796200752
        },
        "crypto": {
            "current": 0.013411179348147154,
            "diff_percent": 2.260242529622049
        },
        "forex": {
            "current": 0.013634752256551499,
            "diff_percent": 3.964985956205178
        }
    },
    "xdr": {
        "rub2xdr": {
            "current_rate": 0.009369029462894609,
            "sparkline": "▃▁▁▁▁▃▄▄▄▄▅▄▅▅▅▆▅▅▅▄▄▅▆▇▇▇▇██▇"
        },
        "usd2xdr": {
            "current_rate": 0.694969,
            "sparkline": "▄▃▄▄▄▄▄▄▄▅▅▅▅▅▆▆▅▅▅▅▅▅▅▅▅▄▄▄▅▅"
        },
        "eur2xdr": {
            "current_rate": 0.8140059782328605,
            "sparkline": "▄▄▅▄▄▅▄▄▃▄▄▄▅▄▅▅▅▄▅▄▄▅▅▅▆▅▄▄▄▄"
        },
        "cny2xdr": {
            "current_rate": 0.10240613580101378,
            "sparkline": "▄▃▄▄▄▄▄▄▄▅▄▄▅▅▅▅▅▄▄▄▅▅▅▅▅▅▄▅▅▆"
        },
        "rsd2xdr": {
            "current_rate": 0.0069359533444014135,
            "sparkline": "▄▄▅▄▄▅▄▄▃▄▄▄▄▄▅▅▅▄▄▄▄▅▅▅▆▅▄▄▄▄"
        }
    },
    "neer": {
        "rub": {
            "current_rate": 103.49672222128432,
            "sparkline": "▃▄▂▁▁▂▄▆▆▆▄▄▆▆▇▆▆▅▅▆▅▄▄▆▆▆▆▇▇█"
        },
        "usd": {
            "current_rate": 101.81464726250199,
            "sparkline": "▄▄▄▅▅▄▄▄▅▅▅▅▄▅▅▅▅▅▅▅▅▄▄▄▄▄▄▅▅▅"
        },
        "eur": {
            "current_rate": 109.53299958403191,
            "sparkline": "▅▅▅▅▅▄▄▄▄▄▅▅▅▄▄▄▄▄▄▄▄▄▄▄▄▄▄▄▄▄"
        },
        "cny": {
            "current_rate": 110.96830259604626,
            "sparkline": "▅▅▅▄▄▅▅▅▅▅▄▄▅▅▆▅▅▄▄▅▅▅▅▅▄▃▅▄▅▅"
        },
        "rsd": {
            "current_rate": 109.66657349629075,
            "sparkline": "███▂▁▇█▇▇▇▁▁▇█▇▇█▁▁██▇▇▇▁▁▇▁▁▁"
        }
    },
    "specific_rates": {
        "rub_kzt_bank": 6.23,
        "rub_kzt_crypto": 6.383721369718045,
        "kzt_rsd_bank": 0.2108713903629554,
        "rsd_eur_cash": 0.00844880027036161,
        "eur_rsd_cash": 116.8,
        "rsd_usd_cash": 0.009838369641602248,
        "usd_rsd_cash": 97.95714285714287,
        "eur_usd_exch": 1.1712838676730337,
        "usd_kzt_bank": 469.0
    },
    "update_time": "2026-05-14 07:50:45",
    "update_time_display": "14.05 07:50"
}