{
    "rub2rsd": {
        "bank": {
            "current": 1.190094963456152,
            "sparkline_full": " 1.22                             \n  █▇▆██▆▆▅▇▆▅▆▄▄▃▃▄▇▇▁▁▁▃▂▃▁▁▁▁▁  \n                      1.19        "
        },
        "korona": {
            "current": 1.156340454466835,
            "diff_percent": -2.8362870212718647
        },
        "crypto": {
            "current": 1.19161814032561,
            "diff_percent": 0.12798784267052749
        },
        "forex": {
            "current": 1.2481689015483473,
            "diff_percent": 4.879773452997642
        }
    },
    "rub2eur": {
        "bank": {
            "current": 0.01026167265264238,
            "sparkline_full": "    95.5                          \n  ██▆██▆▆▇▇▆▅▅▅▅▄▃▄▄▄▁▁▁▃▄▃▂▃▃▃▁  \n                      97.5        "
        },
        "korona": {
            "current": 0.00990138615445608,
            "diff_percent": -3.5109919248255017
        },
        "crypto": {
            "current": 0.01027305087729704,
            "diff_percent": 0.11088079925965046
        },
        "forex": {
            "current": 0.01065147134693471,
            "diff_percent": 3.7985882758787435
        }
    },
    "rub2usd": {
        "bank": {
            "current": 0.012023566189731874,
            "sparkline_full": "     81.9                         \n  ▅▅▄▇▇▆▆▅▆▆▆▅▅▅▄▃▄▇▆▂▂▂▃▂▂▂▂▂▂▂  \n                          83.3    "
        },
        "korona": {
            "current": 0.01132224081530241,
            "diff_percent": -5.8329231391298535
        },
        "crypto": {
            "current": 0.012013762275950149,
            "diff_percent": -0.08153915092260546
        },
        "forex": {
            "current": 0.01243377460799417,
            "diff_percent": 3.4117034146875227
        }
    },
    "xdr": {
        "rub2xdr": {
            "current_rate": 0.008646895839979523,
            "sparkline": "█▇▇█▆▅▅▆▇█▇▆▆▅▃▁▁▂▃▃▂▁▂▃▃▂▄▃▃▁"
        },
        "usd2xdr": {
            "current_rate": 0.697027,
            "sparkline": "▇▇▇▆▄▄▄▅▅▅▅▆▇▅▃▃▃▄▅▅▂▃▄▅▅▄▄▃▃▃"
        },
        "eur2xdr": {
            "current_rate": 0.8118029480000373,
            "sparkline": "▃▃▄▆▃▃▃▃▄▆▅▅▇▅▃▂▂▃▄▆▃▃▃▃▄▄▄▂▄▂"
        },
        "cny2xdr": {
            "current_rate": 0.09774877994053963,
            "sparkline": "▆▆▆▆▄▄▄▄▅▅▅▅▆▄▃▃▃▄▅▅▃▄▅▆▆▆▆▅▅▅"
        },
        "rsd2xdr": {
            "current_rate": 0.006927664861104209,
            "sparkline": "▄▃▅▆▄▃▃▃▄▆▅▆▇▅▃▃▂▃▄▆▃▃▃▃▄▄▄▃▄▂"
        }
    },
    "neer": {
        "rub": {
            "current_rate": 95.1915104011026,
            "sparkline": "▅█▅▄▇▅▅█▇▄▅▅▄▃▅▂▃▅▄▂▁▃▂▃▃▂▃▃▂▁"
        },
        "usd": {
            "current_rate": 103.71635571052957,
            "sparkline": "▅▆▅▄▄▄▄▅▅▃▄▄▄▄▄▄▅▅▅▃▃▄▄▄▄▃▃▃▃▃"
        },
        "eur": {
            "current_rate": 110.61497181854011,
            "sparkline": "▃▃▄▄▄▄▄▄▄▅▅▅▅▆▅▅▅▅▄▆▆▅▅▄▄▄▅▅▅▅"
        },
        "cny": {
            "current_rate": 104.48881484427076,
            "sparkline": "▅▅▄▄▄▃▄▄▄▃▃▃▃▃▄▄▅▅▅▄▄▅▅▆▅▆▆▆▆▆"
        },
        "rsd": {
            "current_rate": 110.59229127896951,
            "sparkline": "▄▄▄▅▄▄▄▅▄▄▅▅▄▄▂▂▆▃▇▅▅▂▃▄▄▄▄▄▄▄"
        }
    },
    "update_time": "2025-09-02 15:50:44",
    "update_time_display": "02.09 15:50"
}