{
    "rub2rsd": {
        "bank": {
            "current": 1.2275156817240649,
            "sparkline_full": "             1.26                 \n  ▅▆▆▆▆▇▇▇█████▇▄▂▁▁▂▂▁▁▁▁▁▂▄▃▄▅  \n                        1.19      "
        },
        "korona": {
            "current": 1.1940464213230628,
            "diff_percent": -2.7265851588954013
        },
        "crypto": {
            "current": 1.2174381821864237,
            "diff_percent": -0.820967070945044
        },
        "forex": {
            "current": 1.261524889634927,
            "diff_percent": 2.7705721741245357
        }
    },
    "rub2eur": {
        "bank": {
            "current": 0.010570824524312896,
            "sparkline_full": "             92.8                 \n  ▆▆▇▇▇▇▇▇█████▇▄▂▂▂▃▂▂▂▁▁▁▂▄▄▄▆  \n                         97.9     "
        },
        "korona": {
            "current": 0.010196809746567573,
            "diff_percent": -3.538179797470762
        },
        "crypto": {
            "current": 0.010659047730818307,
            "diff_percent": 0.8345915335411797
        },
        "forex": {
            "current": 0.010748455863686246,
            "diff_percent": 1.68039247047189
        }
    },
    "rub2usd": {
        "bank": {
            "current": 0.012450199203187252,
            "sparkline_full": "             79.4                 \n  ▅▅▅▅▆▆▆▇▇▇▇▇█▆▄▂▂▂▃▃▂▂▂▁▁▃▅▅▅▆  \n                         83.4     "
        },
        "korona": {
            "current": 0.011725496772403235,
            "diff_percent": -5.820809924057222
        },
        "crypto": {
            "current": 0.012530162618476746,
            "diff_percent": 0.6422661516052187
        },
        "forex": {
            "current": 0.012839541679720201,
            "diff_percent": 3.1271987715126492
        }
    },
    "xdr": {
        "rub2xdr": {
            "current_rate": 0.008771330986735179,
            "sparkline": "▆▇▇▇▇▇▇██████▆▃▂▂▂▂▂▁▁▁▁▁▂▄▃▂▃"
        },
        "usd2xdr": {
            "current_rate": 0.692918,
            "sparkline": "▆▆▆▆▅▅▅▅▅▅▅▅▅▅▅▄▄▄▄▄▄▄▄▄▄▄▄▃▃▄"
        },
        "eur2xdr": {
            "current_rate": 0.8160549848252342,
            "sparkline": "▅▄▄▄▄▄▅▅▄▄▄▄▄▅▅▅▅▄▄▄▄▄▄▄▄▅▅▄▄▄"
        },
        "cny2xdr": {
            "current_rate": 0.09888939631796775,
            "sparkline": "▅▅▅▅▅▅▅▅▅▅▅▅▅▅▄▄▄▄▄▄▄▄▄▄▄▄▅▄▄▄"
        },
        "rsd2xdr": {
            "current_rate": 0.006952959120191054,
            "sparkline": "▅▄▄▄▄▄▅▅▄▄▄▄▄▄▅▅▅▄▄▄▄▄▄▄▄▄▅▄▄▄"
        }
    },
    "neer": {
        "rub": {
            "current_rate": 97.02702764350876,
            "sparkline": "▅▆▇▇▅▆▆▆▇██▇▇█▅▃▂▂▃▂▃▁▂▁▁▁▄▅▃▃"
        },
        "usd": {
            "current_rate": 102.9388312865446,
            "sparkline": "▅▅▅▅▅▅▅▅▅▅▅▅▅▅▅▄▄▄▄▄▄▄▄▄▄▄▄▄▄▄"
        },
        "eur": {
            "current_rate": 110.88992090188655,
            "sparkline": "▄▄▄▄▄▄▄▄▄▄▄▄▄▄▅▅▅▅▅▅▅▅▅▅▅▅▅▅▅▅"
        },
        "cny": {
            "current_rate": 107.06923730083878,
            "sparkline": "▄▅▄▄▄▅▄▄▄▄▄▄▄▅▄▄▄▄▄▄▅▅▅▅▅▅▅▄▅▅"
        },
        "rsd": {
            "current_rate": 110.4458203750164,
            "sparkline": "▅▅▅▅▄▅▃▅▅▅▅▅▅▅▅▅▅▅▅▅▆▆▆▅▅▅▅▅▅▅"
        }
    },
    "specific_rates": {
        "rub_kzt_bank": 6.3,
        "rub_kzt_crypto": 6.352792447567711,
        "kzt_rsd_bank": 0.19163827438633596,
        "rsd_eur_cash": 0.008440005626670417,
        "eur_rsd_cash": 117.10000000000001,
        "rsd_usd_cash": 0.009819967266775777,
        "usd_rsd_cash": 97.50833333333333,
        "eur_usd_exch": 1.1777078742726184,
        "usd_kzt_bank": 500.0
    },
    "update_time": "2025-12-26 13:05:42",
    "update_time_display": "26.12 13:05"
}