{
    "rub2rsd": {
        "bank": {
            "current": 1.2550499803277049,
            "sparkline_full": "                     1.26         \n  ▁▁▁▁▁▁▃▃▄▃▂▂▃▅▅▃▃▃▃▄███▇███▇▇█  \n 1.19                             "
        },
        "korona": {
            "current": 1.1946608361475286,
            "diff_percent": -4.811692372952997
        },
        "crypto": {
            "current": 1.281105053463682,
            "diff_percent": 2.0760187677285966
        },
        "forex": {
            "current": 1.292563826871097,
            "diff_percent": 2.989032080905414
        }
    },
    "rub2eur": {
        "bank": {
            "current": 0.010713520462824084,
            "sparkline_full": "                     92.5         \n  ▁▁▁▂▂▂▃▃▄▃▂▂▄▅▆▃▃▃▃▆███▇▇▇▇██▇  \n  97.7                            "
        },
        "korona": {
            "current": 0.010254599451910117,
            "diff_percent": -4.283568715870968
        },
        "crypto": {
            "current": 0.010948212416021104,
            "diff_percent": 2.190614691140985
        },
        "forex": {
            "current": 0.011047933924219154,
            "diff_percent": 3.1214152486615845
        }
    },
    "rub2usd": {
        "bank": {
            "current": 0.01218026796589525,
            "sparkline_full": "                              82.1\n  ▃▂▁▂▂▂▄▄▄▃▂▂▄▅▅▄▃▃▃▄▆▆▆▆▆▆▆▆▆█  \n   85.5                           "
        },
        "korona": {
            "current": 0.011409415068659248,
            "diff_percent": -6.3287022863075855
        },
        "crypto": {
            "current": 0.012422215648617117,
            "diff_percent": 1.9863904751465211
        },
        "forex": {
            "current": 0.012538713277243489,
            "diff_percent": 2.9428360061690317
        }
    },
    "xdr": {
        "rub2xdr": {
            "current_rate": 0.009027817443486788,
            "sparkline": "▁▁▁▂▂▁▂▂▂▂▂▁▃▄▄▃▁▂▂▃▄▅▅▄██▅▆▅▅"
        },
        "usd2xdr": {
            "current_rate": 0.722148,
            "sparkline": "▂▂▂▂▂▂▂▂▂▂▂▂▂▂▂▂▂▂▂▂▂▂▂▂▇▇▄▄▃▃"
        },
        "eur2xdr": {
            "current_rate": 0.8171498404508113,
            "sparkline": "▃▃▄▄▄▄▄▃▃▄▄▄▄▄▄▃▃▃▃▂▂▃▃▃▇▇▄▄▄▄"
        },
        "cny2xdr": {
            "current_rate": 0.1002635196112461,
            "sparkline": "▁▁▂▂▂▂▁▁▂▂▂▂▂▂▂▃▃▃▃▃▃▃▃▃██▄▄▄▄"
        },
        "rsd2xdr": {
            "current_rate": 0.006984426808028801,
            "sparkline": "▄▄▄▄▄▄▄▄▃▄▄▄▄▄▄▄▄▄▄▃▂▂▂▂▇▇▄▄▄▄"
        }
    },
    "neer": {
        "rub": {
            "current_rate": 96.64822245739838,
            "sparkline": "▄▂▂▂▂▂▂▃▄▄▂▂▃▃▄▅▅▂▂▆▆▇▆▇▅▅▅▆▅▅"
        },
        "usd": {
            "current_rate": 105.19047099300364,
            "sparkline": "▄▅▅▅▅▅▅▄▄▄▄▄▄▄▄▄▄▄▄▅▅▅▅▄▅▅▅▄▄▄"
        },
        "eur": {
            "current_rate": 107.96353113832816,
            "sparkline": "▆▆▆▆▆▆▅▅▅▅▅▅▅▄▅▄▄▄▄▃▃▃▃▃▃▃▃▄▄▄"
        },
        "cny": {
            "current_rate": 104.02263651359135,
            "sparkline": "▄▄▄▄▄▄▄▄▄▃▄▄▃▄▄▄▄▄▄▆▆▅▅▅▅▅▅▅▄▄"
        },
        "rsd": {
            "current_rate": 109.34500981486318,
            "sparkline": "▅▄▅▅▄▅▅▅▅▅▅▅▅▅▄▅▄▅▅▅▄▄▄▄▄▄▄▄▄▄"
        }
    },
    "update_time": "2025-05-22 01:36:35",
    "update_time_display": "22.05 01:36"
}