{
    "rub2rsd": {
        "bank": {
            "current": 1.1978212368170709,
            "sparkline_full": "  1.23                            \n  ▆█▆▆▆▆▅▆▆▄▄▄▆▄▄▅▃▃▂▂▃▅▅▁▁▁▂▂▂▂  \n                          1.19    "
        },
        "korona": {
            "current": 1.1556054599944996,
            "diff_percent": -3.524380393751392
        },
        "crypto": {
            "current": 1.1848588502827417,
            "diff_percent": -1.0821636932046415
        },
        "forex": {
            "current": 1.2457795131531855,
            "diff_percent": 4.003792457675277
        }
    },
    "rub2eur": {
        "bank": {
            "current": 0.010309278350515464,
            "sparkline_full": "  94.8                            \n  ▆█▇▇▆▆▅▆▆▅▅▅▅▄▄▄▄▄▃▂▃▃▃▁▁▁▂▃▂▂  \n                          97.5    "
        },
        "korona": {
            "current": 0.009895092623806112,
            "diff_percent": -4.017601549080711
        },
        "crypto": {
            "current": 0.010172115981126212,
            "diff_percent": -1.3304749830757399
        },
        "forex": {
            "current": 0.01063581828307425,
            "diff_percent": 3.1674373458202254
        }
    },
    "rub2usd": {
        "bank": {
            "current": 0.01200912693647172,
            "sparkline_full": "         81.9                     \n  ▃▄▄▄▅▅▄▆▇▅▅▅▆▆▆▅▅▅▄▃▄▆▅▃▃▃▃▃▂▂  \n                             83.3 "
        },
        "korona": {
            "current": 0.011301764889921757,
            "diff_percent": -5.890203761621542
        },
        "crypto": {
            "current": 0.011825202234753371,
            "diff_percent": -1.5315409912086886
        },
        "forex": {
            "current": 0.012454571948816691,
            "diff_percent": 3.7092206177965767
        }
    },
    "xdr": {
        "rub2xdr": {
            "current_rate": 0.00870874462173976,
            "sparkline": "▁▂▄▄▇▇▆█▆▅▆▆▇▇▇▆▆▆▄▃▃▄▄▄▄▃▄▄▄▄"
        },
        "usd2xdr": {
            "current_rate": 0.701052,
            "sparkline": "▃▃▃▃▆▆▆▆▅▅▅▅▅▅▅▅▆▅▄▄▄▅▅▅▄▄▅▅▅▅"
        },
        "eur2xdr": {
            "current_rate": 0.8188128444803143,
            "sparkline": "▁▁▃▃▆▆▇▇▆▆▆▆▆█▇▇█▇▆▆▅▆▆█▆▆▆▆▇▇"
        },
        "cny2xdr": {
            "current_rate": 0.09799440872239305,
            "sparkline": "▃▃▂▂▆▆▆▆▅▅▅▅▅▆▆▆▆▅▄▄▄▅▆▆▄▅▆▆▇▆"
        },
        "rsd2xdr": {
            "current_rate": 0.006990598681220168,
            "sparkline": "▁▁▃▃▆▆▇█▆▆▆▆▇█▇██▇▆▆▅▆▆█▆▆▆▆▇▇"
        }
    },
    "neer": {
        "rub": {
            "current_rate": 95.6041397368026,
            "sparkline": "▂▇▆▆▅▇▅▄▇▅▅▇▆▄▅▅▄▄▅▃▄▅▅▃▂▃▃▃▃▃"
        },
        "usd": {
            "current_rate": 103.86354725535577,
            "sparkline": "▆▆▄▄▄▅▄▃▃▃▃▄▄▃▃▃▃▃▃▃▄▄▄▃▃▃▃▃▃▃"
        },
        "eur": {
            "current_rate": 110.27978212898255,
            "sparkline": "▃▃▅▅▄▄▅▅▅▅▅▅▅▆▅▅▆▆▅▆▅▅▅▆▆▆▅▅▅▅"
        },
        "cny": {
            "current_rate": 104.34875064333528,
            "sparkline": "▆▆▃▃▅▅▄▄▄▄▄▄▄▃▄▄▃▃▄▄▄▅▅▄▄▅▅▆▅▅"
        },
        "rsd": {
            "current_rate": 110.47126589231729,
            "sparkline": "▃▄▄▄▄▄▄▅▄▄▄▅▄▄▅▅▄▄▃▃▆▃▆▅▅▃▃▄▄▄"
        }
    },
    "update_time": "2025-08-29 01:06:33",
    "update_time_display": "29.08 01:06"
}