{
    "rub2rsd": {
        "bank": {
            "current": 1.201026882410966,
            "sparkline_full": "   1.24                           \n  ███▇▅▄▃▄▄▃▁▁▅▆▅▅▅▄▄▅▅▄▃▃▄▄▃▄▃▃  \n           1.19                   "
        },
        "korona": {
            "current": 1.158428899335178,
            "diff_percent": -3.546796803604932
        },
        "crypto": {
            "current": 1.142447285914595,
            "diff_percent": -4.877459227122129
        },
        "forex": {
            "current": 1.256752803210798,
            "diff_percent": 4.639856244347055
        }
    },
    "rub2eur": {
        "bank": {
            "current": 0.010361620557455185,
            "sparkline_full": "   93.9                           \n  ███▇▆▄▄▄▄▄▁▁▅▆▅▅▅▅▄▅▅▄▄▄▄▄▃▃▃▃  \n           97.6                   "
        },
        "korona": {
            "current": 0.009922303206297027,
            "diff_percent": -4.239851756027383
        },
        "crypto": {
            "current": 0.009828215252040818,
            "diff_percent": -5.14789460255405
        },
        "forex": {
            "current": 0.010725899838239572,
            "diff_percent": 3.515659338850123
        }
    },
    "rub2usd": {
        "bank": {
            "current": 0.012138868657441126,
            "sparkline_full": "   80.4                           \n  ████▇▆▆▆▆▅▁▁▃▄▄▄▄▄▄▅▅▄▄▄▅▅▅▄▄▄  \n            84.1                  "
        },
        "korona": {
            "current": 0.01127095640528486,
            "diff_percent": -7.149861133263324
        },
        "crypto": {
            "current": 0.011490339890253604,
            "diff_percent": -5.34257998409081
        },
        "forex": {
            "current": 0.012496500979725676,
            "diff_percent": 2.9461750709801215
        }
    },
    "xdr": {
        "rub2xdr": {
            "current_rate": 0.008743831280443759,
            "sparkline": "████▇▆▅▅▅▃▁▁▂▂▄▄▇▆▆▇▆▅▅▆▆▆▆▆▆▅"
        },
        "usd2xdr": {
            "current_rate": 0.697056,
            "sparkline": "▅▅▅▄▄▃▃▃▃▃▃▃▃▃▃▃▆▆▆▆▅▅▅▅▅▅▅▅▆▄"
        },
        "eur2xdr": {
            "current_rate": 0.8152072471598684,
            "sparkline": "▆▆▆▆▆▆▆▆▆▅▃▂▁▂▄▄▆▆▆▇▆▆▆▆▆▇▇▇█▆"
        },
        "cny2xdr": {
            "current_rate": 0.09705462190724161,
            "sparkline": "▅▅▆▅▄▄▄▄▄▄▄▄▃▃▃▃▆▆▆▆▅▅▅▅▅▆▆▆▆▄"
        },
        "rsd2xdr": {
            "current_rate": 0.006957479034942034,
            "sparkline": "▆▆▆▆▆▆▆▆▆▅▃▃▂▂▄▄▆▆▆▇▆▆▆▆▆▇▇▇▇▆"
        }
    },
    "neer": {
        "rub": {
            "current_rate": 95.81616362319427,
            "sparkline": "█████▇▆▅▅▇▆▁▂▆▆▅▅▆▅▄▆▅▅▆▆▅▅▅▄▄"
        },
        "usd": {
            "current_rate": 103.88545786258183,
            "sparkline": "▄▄▄▃▃▃▃▃▃▄▅▅▆▆▅▅▅▅▄▄▄▄▄▄▄▄▃▄▄▄"
        },
        "eur": {
            "current_rate": 110.72969310686827,
            "sparkline": "▅▅▅▅▅▅▅▆▆▅▄▄▃▃▅▅▄▄▅▅▅▅▅▅▅▅▅▅▅▅"
        },
        "cny": {
            "current_rate": 103.6122807252239,
            "sparkline": "▄▄▄▄▄▃▄▄▄▄▅▅▆▆▄▄▅▅▄▄▄▄▄▄▄▄▄▄▄▄"
        },
        "rsd": {
            "current_rate": 110.61239066503272,
            "sparkline": "▄▄▄▅▅▅▅▅▅▄▅▄▃▅▄▄▅▅▅▄▄▅▅▄▆▅▅▅▅▅"
        }
    },
    "update_time": "2025-08-17 22:35:40",
    "update_time_display": "17.08 22:35"
}