{
    "rub2rsd": {
        "bank": {
            "current": 1.1898868514175518,
            "sparkline_full": "          1.21                    \n  ▃▃▃▅▅▂▂▂▆▇▅▅▅▅▅▄▅▅▄▄▄▄▃▃▄▃▃▃▂▃  \n        1.18                      "
        },
        "korona": {
            "current": 1.1549867558410443,
            "diff_percent": -2.9330600245670317
        },
        "crypto": {
            "current": 1.2315726187209013,
            "diff_percent": 3.5033387631511226
        },
        "forex": {
            "current": 1.2481283753245436,
            "diff_percent": 4.894711109514885
        }
    },
    "rub2eur": {
        "bank": {
            "current": 0.010263779123473262,
            "sparkline_full": "          95.9                    \n  ▂▄▃▄▃▁▁▁▆█▆▅▄▄▅▅▅▅▄▄▄▄▃▄▄▃▄▄▃▃  \n      98.2                        "
        },
        "korona": {
            "current": 0.009889794851238299,
            "diff_percent": -3.643728764385243
        },
        "crypto": {
            "current": 0.010625033381304806,
            "diff_percent": 3.5197002340527375
        },
        "forex": {
            "current": 0.010653455784481883,
            "diff_percent": 3.796619708206998
        }
    },
    "rub2usd": {
        "bank": {
            "current": 0.011904761904761904,
            "sparkline_full": "          82.2                    \n  ▃▄▂▅▄▁▁▁▆█▆▃▂▂▂▂▂▂▂▂▂▂▁▂▃▃▃▃▂▂  \n        84.3                      "
        },
        "korona": {
            "current": 0.011266593214725906,
            "diff_percent": -5.3606169963023875
        },
        "crypto": {
            "current": 0.012299465576066308,
            "diff_percent": 3.3155108389569947
        },
        "forex": {
            "current": 0.012325866323514548,
            "diff_percent": 3.5372771175222093
        }
    },
    "xdr": {
        "rub2xdr": {
            "current_rate": 0.008686364517284738,
            "sparkline": "▂▂▁▁▄██▆██▆▆▆▆▆▆▅▅▆▆▅▄▄▄▅▅▅█▃▄"
        },
        "usd2xdr": {
            "current_rate": 0.703819,
            "sparkline": "▁▂▂▃▃▃▃▂▂▂▂▃▃▃▅▅▅▅▆▅▅▄▄▄▄▄▄█▃▃"
        },
        "eur2xdr": {
            "current_rate": 0.8153565090059824,
            "sparkline": "▃▂▂▃▃▃▃▃▃▂▁▂▃▂▂▂▂▃▄▃▃▂▃▃▄▄▄█▂▃"
        },
        "cny2xdr": {
            "current_rate": 0.09897191793342988,
            "sparkline": "▁▁▁▂▂▂▂▂▃▂▂▃▃▃▄▅▅▅▆▄▄▃▄▃▄▄▄█▃▃"
        },
        "rsd2xdr": {
            "current_rate": 0.006959512089472425,
            "sparkline": "▂▂▂▂▃▂▂▃▃▂▁▂▁▂▃▂▂▃▄▃▃▂▃▃▄▄▄█▂▃"
        }
    },
    "neer": {
        "rub": {
            "current_rate": 95.19932163286015,
            "sparkline": "█▁▁▁▂▇▆▁█▆█▅▅▃▅▆▆▃▂▄▃▂▃▃▂▃▃▃▃▂"
        },
        "usd": {
            "current_rate": 104.54338834120095,
            "sparkline": "▃▄▄▄▄▄▄▄▄▃▅▅▅▅▅▆▆▅▅▅▅▄▄▄▄▄▄▄▄▅"
        },
        "eur": {
            "current_rate": 110.32789037969754,
            "sparkline": "▅▅▄▅▅▅▅▅▅▅▄▄▄▅▄▄▄▄▅▅▅▅▅▅▅▅▅▅▅▅"
        },
        "cny": {
            "current_rate": 106.48941881219258,
            "sparkline": "▃▄▄▄▄▄▄▄▅▄▅▅▅▅▅▅▅▅▅▅▅▅▅▅▆▆▅▅▅▆"
        },
        "rsd": {
            "current_rate": 110.35454706178166,
            "sparkline": "▅▅▅▅▄▄▄▄▅▄▆▄▄▃▄▄▄▄▄▄▄▄▄▄▄▄▄▄▅▄"
        }
    },
    "specific_rates": {
        "rub_kzt_bank": 6.22,
        "rub_kzt_crypto": 6.4387702290707125,
        "kzt_rsd_bank": 0.19127450971311494,
        "rsd_eur_cash": 0.00849514563106796,
        "eur_rsd_cash": 116.78571428571429,
        "rsd_usd_cash": 0.00975473801560758,
        "usd_rsd_cash": 98.89999999999999,
        "eur_usd_exch": 1.1584747058632723,
        "usd_kzt_bank": 517.5
    },
    "update_time": "2025-11-18 14:50:43",
    "update_time_display": "18.11 14:50"
}