{
    "rub2rsd": {
        "bank": {
            "current": 1.326344296423774,
            "sparkline_full": "          1.36                    \n  鈻佲杹鈻傗杻鈻勨枀鈻呪枀鈻団枅鈻堚枅鈻堚枅鈻堚枃鈻団枅鈻堚枅鈻堚枃鈻嗏杽鈻冣杻鈻呪枀鈻呪枀  \n 1.28                             "
        },
        "korona": {
            "current": 1.287311088061658,
            "diff_percent": -2.9429167424597997
        },
        "crypto": {
            "current": 1.3362538110051063,
            "diff_percent": 0.7471298823428753
        },
        "forex": {
            "current": 1.394149786555944,
            "diff_percent": 5.112208822022624
        }
    },
    "rub2eur": {
        "bank": {
            "current": 0.011415525114155252,
            "sparkline_full": "          85.7                    \n  鈻佲杹鈻傗杻鈻勨枀鈻呪枀鈻団枅鈻堚枅鈻堚枅鈻団枃鈻団枅鈻堚枅鈻堚枅鈻嗏杽鈻冣杻鈻冣杻鈻呪枀  \n 90.9                             "
        },
        "korona": {
            "current": 0.011015211820265186,
            "diff_percent": -3.5067444544769795
        },
        "crypto": {
            "current": 0.011417744385030163,
            "diff_percent": 0.019440812864216228
        },
        "forex": {
            "current": 0.011880692014501842,
            "diff_percent": 4.07486204703613
        }
    },
    "rub2usd": {
        "bank": {
            "current": 0.01316309069369488,
            "sparkline_full": "                   73.7           \n  鈻佲杺鈻冣杻鈻勨杽鈻勨枀鈻団枃鈻団枃鈻団枃鈻団枃鈻団枃鈻堚枅鈻堚枃鈻呪杽鈻傗杻鈻冣杻鈻冣杽  \n 77.3                             "
        },
        "korona": {
            "current": 0.012504235920948596,
            "diff_percent": -5.00531970855352
        },
        "crypto": {
            "current": 0.013138544964444077,
            "diff_percent": -0.1864739051183498
        },
        "forex": {
            "current": 0.013649193878609531,
            "diff_percent": 3.6929258957966047
        }
    },
    "xdr": {
        "rub2xdr": {
            "current_rate": 0.00970784658558509,
            "sparkline": "鈻佲杹鈻佲杹鈻傗杻鈻冣杻鈻勨枀鈻呪枅鈻嗏杽鈻勨杽鈻勨枀鈻呪枀鈻勨杽鈻冣杺鈻傗杺鈻傗杺鈻冣杻"
        },
        "usd2xdr": {
            "current_rate": 0.708406,
            "sparkline": "鈻傗杺鈻傗杺鈻傗杻鈻冣杻鈻冣杻鈻勨枃鈻呪杻鈻冣杻鈻冣杻鈻冣杻鈻冣杻鈻冣杻鈻冣杻鈻冣杻鈻勨杽"
        },
        "eur2xdr": {
            "current_rate": 0.8171112064630135,
            "sparkline": "鈻冣杻鈻冣杻鈻傗杻鈻冣杻鈻冣杻鈻冣枃鈻勨杻鈻冣杻鈻冣杻鈻冣杻鈻冣杻鈻冣杻鈻冣杻鈻傗杺鈻冣杻"
        },
        "cny2xdr": {
            "current_rate": 0.10457103212092583,
            "sparkline": "鈻傗杺鈻傗杻鈻傗杻鈻冣杻鈻冣杻鈻勨枃鈻呪杻鈻冣杻鈻冣杻鈻冣杻鈻冣杻鈻冣杻鈻勨杻鈻冣杻鈻勨杽"
        },
        "rsd2xdr": {
            "current_rate": 0.0069632737308427915,
            "sparkline": "鈻冣杻鈻冣杻鈻傗杻鈻冣杻鈻冣杻鈻冣枃鈻勨杻鈻冣杻鈻冣杻鈻冣杻鈻冣杻鈻冣杻鈻冣杻鈻傗杺鈻冣杻"
        }
    },
    "neer": {
        "rub": {
            "current_rate": 104.63654875259385,
            "sparkline": "鈻佲杹鈻傗杻鈻勨杽鈻勨杽鈻嗏枅鈻堚枅鈻団枃鈻堚枃鈻嗏枅鈻団枃鈻団枃鈻団杻鈻冣杻鈻冣杻鈻冣杻"
        },
        "usd": {
            "current_rate": 103.09022109365607,
            "sparkline": "鈻冣杽鈻勨杽鈻勨枀鈻呪杽鈻勨枀鈻勨杽鈻呪枀鈻勨杽鈻勨杽鈻勨杽鈻勨杽鈻勨枀鈻呪枀鈻嗏枂鈻嗏枂"
        },
        "eur": {
            "current_rate": 108.89375214674956,
            "sparkline": "鈻呪枀鈻呪枀鈻呪枀鈻呪枀鈻呪杽鈻勨杽鈻勨杽鈻勨杽鈻勨杽鈻勨杽鈻勨杽鈻勨杽鈻勨杽鈻勨杽鈻勨杽"
        },
        "cny": {
            "current_rate": 112.54817551893689,
            "sparkline": "鈻勨杽鈻勨杽鈻呪杽鈻勨枀鈻呪枀鈻呪枀鈻勨杽鈻呪枀鈻呪枀鈻呪杽鈻勨枀鈻呪杽鈻呪枀鈻呪枀鈻呪枀"
        },
        "rsd": {
            "current_rate": 109.34457046248001,
            "sparkline": "鈻団枃鈻団枃鈻団杺鈻傗枂鈻団枂鈻団枃鈻傗杺鈻嗏枂鈻嗏枂鈻嗏杺鈻傗枂鈻嗏杺鈻傗杺鈻傗杺鈻傗杺"
        }
    },
    "specific_rates": {
        "rub_kzt_bank": 6.45,
        "rub_kzt_crypto": 6.451025577542042,
        "kzt_rsd_bank": 0.2071381976312429,
        "rsd_eur_cash": 0.00845725562055113,
        "eur_rsd_cash": 116.86666666666667,
        "rsd_usd_cash": 0.009713453132588635,
        "usd_rsd_cash": 99.45714285714287,
        "eur_usd_exch": 1.1534504316211516,
        "usd_kzt_bank": 484.0
    },
    "update_time": "2026-06-09 01:21:25",
    "update_time_display": "09.06 01:21"
}