{
    "rub2rsd": {
        "bank": {
            "current": 1.2281762522229709,
            "sparkline_full": "                            1.26  \n  ▁▁▁▁▁▁▁▁▂▄▆▆▆▅▅▅▆▆▆▇▇▇▇█████▇▅  \n      1.19                        "
        },
        "korona": {
            "current": 1.1828625455971982,
            "diff_percent": -3.6895117084177413
        },
        "crypto": {
            "current": 1.250394979530554,
            "diff_percent": 1.8090829608020615
        },
        "forex": {
            "current": 1.2827030209896007,
            "diff_percent": 4.439653402183731
        }
    },
    "rub2eur": {
        "bank": {
            "current": 0.010532968190436065,
            "sparkline_full": "                            92.8  \n  ▁▂▁▂▂▁▁▁▂▄▆▆▆▆▅▆▆▇▇▇▇▆▇█████▇▅  \n      97.7                        "
        },
        "korona": {
            "current": 0.010131584972995274,
            "diff_percent": -3.8107322663828698
        },
        "crypto": {
            "current": 0.010665321911260413,
            "diff_percent": 1.256566225506361
        },
        "forex": {
            "current": 0.010920972920788181,
            "diff_percent": 3.6837169099629934
        }
    },
    "rub2usd": {
        "bank": {
            "current": 0.012312238364934745,
            "sparkline_full": "                            79.4  \n  ▁▁▁▁▁▁▁▁▁▃▄▄▄▄▄▅▆▆▆▆▇▇▇█████▇▅  \n      84.1                        "
        },
        "korona": {
            "current": 0.0115280721464398,
            "diff_percent": -6.368998026615946
        },
        "crypto": {
            "current": 0.012441174554857841,
            "diff_percent": 1.0472197345553855
        },
        "forex": {
            "current": 0.012837003432614718,
            "diff_percent": 4.262141879696738
        }
    },
    "xdr": {
        "rub2xdr": {
            "current_rate": 0.008965637157669596,
            "sparkline": "▁▁▁▁▃▁▁▁▂▄▅▅▆▆▅▆▆▇▇▇▇▇██████▆▅"
        },
        "usd2xdr": {
            "current_rate": 0.701561,
            "sparkline": "▄▄▄▄▆▄▄▄▄▅▅▅▅▅▄▄▄▄▄▄▄▄▃▃▃▃▃▃▃▃"
        },
        "eur2xdr": {
            "current_rate": 0.8209559004219686,
            "sparkline": "▄▄▄▄▆▄▄▃▃▄▄▄▄▄▄▄▄▄▄▄▄▄▄▄▄▄▄▄▄▅"
        },
        "cny2xdr": {
            "current_rate": 0.09935295200600455,
            "sparkline": "▄▄▄▄▆▃▃▄▄▄▄▄▅▅▄▄▄▄▄▄▄▄▄▄▄▄▄▄▄▄"
        },
        "rsd2xdr": {
            "current_rate": 0.006989643753043196,
            "sparkline": "▄▄▄▄▆▄▄▃▃▄▃▄▄▄▄▄▄▃▃▄▄▄▄▃▃▃▃▃▄▄"
        }
    },
    "neer": {
        "rub": {
            "current_rate": null,
            "sparkline": "▁▁▁▂▂▁▁▂▂▅▅▂▅▅▅▆█▇▅▇▇▆▇███   "
        },
        "usd": {
            "current_rate": null,
            "sparkline": "▅▄▄▄▄▅▅▅▅▅▅▅▅▅▅▅▅▄▄▄▄▄▄▄▄▄▄▄▄"
        },
        "eur": {
            "current_rate": null,
            "sparkline": "▄▅▅▅▅▄▅▅▄▄▄▄▄▄▄▄▄▄▄▅▅▅▅▅▅▅▅▅▅"
        },
        "cny": {
            "current_rate": null,
            "sparkline": "▄▄▄▄▄▄▄▄▅▅▅▅▅▅▅▅▅▅▅▅▅▅▄▄▄▄▄▅▅"
        },
        "rsd": {
            "current_rate": null,
            "sparkline": "▅▄▅▅▅▅▅▅▅▅▄▄▄▄▅▅▅▄▄▄▄▄▄▄▄▄▄▄▄"
        }
    },
    "specific_rates": {
        "rub_kzt_bank": 6.42,
        "rub_kzt_crypto": 6.500513704913222,
        "kzt_rsd_bank": 0.1923532564181012,
        "rsd_eur_cash": 0.008483563096500531,
        "eur_rsd_cash": 116.75,
        "rsd_usd_cash": 0.009745910198398886,
        "usd_rsd_cash": 98.72142857142856,
        "eur_usd_exch": 1.1701846317311946,
        "usd_kzt_bank": 515.5
    },
    "update_time": "2025-12-11 05:52:47",
    "update_time_display": "11.12 05:52"
}