{
    "rub2rsd": {
        "bank": {
            "current": 1.2465176167477356,
            "sparkline_full": "                           1.26   \n  ▂▂▁▁▁▁▁▃▄▅▅▅▅▅▅▅▆▆▆▆▇▆▇▇▇▇██▇▇  \n      1.12                        "
        },
        "korona": {
            "current": 1.2059350431429845,
            "diff_percent": -3.255675897355894
        },
        "crypto": {
            "current": 1.2376683495012848,
            "diff_percent": -0.7099191481576731
        },
        "forex": {
            "current": 1.3042251177215414,
            "diff_percent": 4.629497425344796
        }
    },
    "rub2eur": {
        "bank": {
            "current": 0.010742292405199269,
            "sparkline_full": "                            92.5  \n  ▂▂▁▁▁▁▂▃▄▅▅▅▅▅▅▅▆▆▆▆▆▆▇▇▇▇██▇▇  \n     104                          "
        },
        "korona": {
            "current": 0.010329208078312502,
            "diff_percent": -3.845401998988914
        },
        "crypto": {
            "current": 0.010584190127757593,
            "diff_percent": -1.47177410070456
        },
        "forex": {
            "current": 0.011112434276626686,
            "diff_percent": 3.4456506811178276
        }
    },
    "rub2usd": {
        "bank": {
            "current": 0.012651821862348178,
            "sparkline_full": "                            78.5  \n  ▁▁▁▁▁▁▁▃▄▄▄▄▄▄▅▅▅▅▆▆▆▆▇▇▇█████  \n     89.9                         "
        },
        "korona": {
            "current": 0.011883642291829227,
            "diff_percent": -6.071691325381785
        },
        "crypto": {
            "current": 0.012440870538824313,
            "diff_percent": -1.6673592611326278
        },
        "forex": {
            "current": 0.013143005095543074,
            "diff_percent": 3.882312275172463
        }
    },
    "xdr": {
        "rub2xdr": {
            "current_rate": 0.00906760454151431,
            "sparkline": "▁▁▂▂▂▄▄▃▄▄▄▄▄▅▅▅▅▅▅▆▇▆▇▇▇████▇"
        },
        "usd2xdr": {
            "current_rate": 0.69253,
            "sparkline": "▆▅▅▅▅▅▅▅▅▅▅▅▆▆▅▅▅▅▅▅▅▄▄▄▄▄▄▃▃▃"
        },
        "eur2xdr": {
            "current_rate": 0.815987236980707,
            "sparkline": "▄▄▄▄▄▄▄▄▄▄▄▄▄▅▄▄▄▄▄▄▅▄▄▄▄▄▄▄▄▄"
        },
        "cny2xdr": {
            "current_rate": 0.10146959706959707,
            "sparkline": "▅▅▄▄▅▄▄▄▄▄▄▅▅▅▄▅▅▅▅▅▅▄▄▄▄▄▄▄▄▄"
        },
        "rsd2xdr": {
            "current_rate": 0.006952484213273901,
            "sparkline": "▄▄▄▄▄▄▄▄▄▄▄▄▄▅▄▄▄▄▄▄▅▄▄▄▄▄▄▄▄▄"
        }
    },
    "neer": {
        "rub": {
            "current_rate": 99.57712501558595,
            "sparkline": "▃▂▃▂▂▄▄▅▄▄▄▄▄▄▅▅▅▅▅▆▅▆▆▇▇▆▇▇▇▇"
        },
        "usd": {
            "current_rate": 101.85628429688688,
            "sparkline": "▅▅▅▅▅▅▅▅▅▅▅▅▅▅▅▅▅▅▅▅▄▄▄▄▄▄▄▄▄▄"
        },
        "eur": {
            "current_rate": 110.09541941571187,
            "sparkline": "▄▄▄▄▄▄▄▄▄▄▄▄▄▄▄▄▄▄▄▄▄▄▄▅▅▄▄▄▄▄"
        },
        "cny": {
            "current_rate": 110.23787957626028,
            "sparkline": "▅▅▄▄▄▅▅▅▅▄▄▅▅▅▅▅▄▄▅▅▅▅▅▄▄▅▄▄▄▄"
        },
        "rsd": {
            "current_rate": 110.00710405670596,
            "sparkline": "▅▆▄▄▅▆▅▆▆▄▃▆▅▅▅▅▄▃▅▅▅▅▅▄▄▅▅▃▃▃"
        }
    },
    "specific_rates": {
        "rub_kzt_bank": 6.01,
        "rub_kzt_crypto": 5.921854376480373,
        "kzt_rsd_bank": 0.20900013252890684,
        "rsd_eur_cash": 0.008447135013374631,
        "eur_rsd_cash": 116.75,
        "rsd_usd_cash": 0.009854297177447737,
        "usd_rsd_cash": 97.39285714285714,
        "eur_usd_exch": 1.1782698756453973,
        "usd_kzt_bank": 469.0
    },
    "update_time": "2026-04-17 07:50:48",
    "update_time_display": "17.04 07:50"
}