{
    "rub2rsd": {
        "bank": {
            "current": 1.2446782164772834,
            "sparkline_full": "                              1.24\n  ▂▃▂▂▂▂▂▁▂▁▁▁▁▁▁▂▅▇▇▇▆▆▆▇▇▇████  \n             1.19                 "
        },
        "korona": {
            "current": 1.2060948419677948,
            "diff_percent": -3.099867419443405
        },
        "crypto": {
            "current": 1.298493969153272,
            "diff_percent": 4.32366791380821
        },
        "forex": {
            "current": 1.3058190504887204,
            "diff_percent": 4.912179967644905
        }
    },
    "rub2eur": {
        "bank": {
            "current": 0.010699764605178687,
            "sparkline_full": "                              93.5\n  ▂▂▂▂▂▂▁▂▂▂▂▂▁▁▂▂▅▆▆▆▆▅▇▇▇▇▇█▇█  \n             97.7                 "
        },
        "korona": {
            "current": 0.010330576804863338,
            "diff_percent": -3.4504291817472486
        },
        "crypto": {
            "current": 0.011047586387850363,
            "diff_percent": 3.2507423808494798
        },
        "forex": {
            "current": 0.011121223299660537,
            "diff_percent": 3.9389529586273704
        }
    },
    "rub2usd": {
        "bank": {
            "current": 0.0125,
            "sparkline_full": "                              80.0\n  ▁▁▁▁▁▁▁▁▂▁▁▁▁▁▁▁▄▅▅▅▅▄▆▇▇▇▇█▇█  \n       84.2                       "
        },
        "korona": {
            "current": 0.011754492020570224,
            "diff_percent": -5.9640638354382105
        },
        "crypto": {
            "current": 0.01288161595518505,
            "diff_percent": 3.0529276414803936
        },
        "forex": {
            "current": 0.012827814807403188,
            "diff_percent": 2.6225184592254953
        }
    },
    "xdr": {
        "rub2xdr": {
            "current_rate": 0.009095792717581624,
            "sparkline": "▂▂▂▂▂▁▁▁▁▂▂▄▁▁▂▃▅▆▆▇▇▆▇███████"
        },
        "usd2xdr": {
            "current_rate": 0.701031,
            "sparkline": "▅▅▅▄▄▄▄▄▄▄▄▆▃▄▄▄▅▅▅▅▅▄▄▄▄▄▄▃▃▃"
        },
        "eur2xdr": {
            "current_rate": 0.8178769972058076,
            "sparkline": "▃▄▄▄▄▃▄▄▄▄▄▆▃▃▃▃▃▄▄▄▄▄▄▃▃▃▄▄▄▄"
        },
        "cny2xdr": {
            "current_rate": 0.09913189190717932,
            "sparkline": "▄▄▅▄▄▃▄▃▄▄▄▆▃▃▄▃▄▄▄▅▅▄▄▄▄▄▄▄▄▄"
        },
        "rsd2xdr": {
            "current_rate": 0.006965584331288016,
            "sparkline": "▃▄▄▄▄▃▄▄▄▄▄▆▃▃▃▃▃▃▃▄▄▃▄▃▃▃▃▃▄▄"
        }
    },
    "neer": {
        "rub": {
            "current_rate": 99.25896599604415,
            "sparkline": "▃▁▁▁▁▁▁▁▁▂▂▂▂▁▁▂▂▆▆▂▅▅▆▇██▆▇█▇"
        },
        "usd": {
            "current_rate": 104.02628016638475,
            "sparkline": "▅▅▅▅▅▄▄▄▄▄▄▄▄▅▅▅▅▅▅▅▅▅▄▄▄▄▄▄▄▄"
        },
        "eur": {
            "current_rate": 110.45045666133383,
            "sparkline": "▄▄▅▅▅▄▅▅▅▅▅▅▅▅▅▄▄▄▄▄▄▅▄▄▄▄▅▅▅▅"
        },
        "cny": {
            "current_rate": 106.71670499348721,
            "sparkline": "▄▄▄▄▄▄▄▄▄▄▄▄▄▄▄▅▅▅▅▅▅▅▅▅▅▅▅▅▅▅"
        },
        "rsd": {
            "current_rate": 110.07271090555156,
            "sparkline": "▅▄▅▅▅▅▅▅▄▅▅▅▅▅▅▅▅▄▄▄▄▅▅▅▄▄▄▄▄▄"
        }
    },
    "specific_rates": {
        "rub_kzt_bank": 6.35,
        "rub_kzt_crypto": 6.55674252118919,
        "kzt_rsd_bank": 0.1980394936901938,
        "rsd_eur_cash": 0.008483563096500531,
        "eur_rsd_cash": 116.75,
        "rsd_usd_cash": 0.009745910198398886,
        "usd_rsd_cash": 98.72142857142856,
        "eur_usd_exch": 1.1666773612091443,
        "usd_kzt_bank": 502.0
    },
    "update_time": "2025-12-04 13:35:50",
    "update_time_display": "04.12 13:35"
}