{
    "rub2rsd": {
        "bank": {
            "current": 1.3278276487763836,
            "sparkline_full": "                              1.33\n  ▁▂▂▂▁▁▁▂▂▂▃▂▂▂▁▁▂▂▃▃▃▃▄▅▆▇▇███  \n 1.26                             "
        },
        "korona": {
            "current": 1.2834681912627812,
            "diff_percent": -3.3407541674915704
        },
        "crypto": {
            "current": 1.3949500784900815,
            "diff_percent": 5.05505588587136
        },
        "forex": {
            "current": 1.3863213218280437,
            "diff_percent": 4.405215775222262
        }
    },
    "rub2eur": {
        "bank": {
            "current": 0.011446886446886446,
            "sparkline_full": "                              87.4\n  ▁▂▂▂▁▁▁▂▂▂▂▂▂▂▂▁▂▂▂▃▃▃▄▅▆▇▇▇██  \n 92.4                             "
        },
        "korona": {
            "current": 0.010988597527934772,
            "diff_percent": -4.00361199596183
        },
        "crypto": {
            "current": 0.011866160099948883,
            "diff_percent": 3.66277463315345
        },
        "forex": {
            "current": 0.011808231294184613,
            "diff_percent": 3.156708585996787
        }
    },
    "rub2usd": {
        "bank": {
            "current": 0.013324450366422385,
            "sparkline_full": "                              75.0\n  ▂▃▂▂▁▁▁▂▂▂▃▃▃▃▂▁▂▃▃▄▄▄▄▅▆▆▇▇▇█  \n     78.6                         "
        },
        "korona": {
            "current": 0.012525132216421956,
            "diff_percent": -5.998882715753219
        },
        "crypto": {
            "current": 0.013785685998470026,
            "diff_percent": 3.4615734185175437
        },
        "forex": {
            "current": 0.013821757381163986,
            "diff_percent": 3.7322891456357152
        }
    },
    "xdr": {
        "rub2xdr": {
            "current_rate": 0.009648227525874976,
            "sparkline": "▁▂▂▁▁▂▂▂▂▂▃▂▂▂▂▂▂▃▃▄▃▃▄▅▅▆▇███"
        },
        "usd2xdr": {
            "current_rate": 0.702153,
            "sparkline": "▄▄▄▄▄▄▄▄▄▅▅▄▄▄▄▄▄▄▄▄▄▃▄▄▄▄▅▅▆▆"
        },
        "eur2xdr": {
            "current_rate": 0.8170764346923481,
            "sparkline": "▅▅▄▄▅▅▅▅▅▅▅▅▅▅▅▄▅▅▅▆▅▅▅▄▄▃▄▅▅▅"
        },
        "cny2xdr": {
            "current_rate": 0.10323653953597789,
            "sparkline": "▄▃▃▃▄▄▄▄▄▄▄▄▄▄▄▄▄▄▄▄▄▄▄▄▄▄▅▅▆▆"
        },
        "rsd2xdr": {
            "current_rate": 0.0069595896520963435,
            "sparkline": "▅▅▄▄▄▅▅▅▅▅▅▅▅▅▅▄▅▅▅▆▅▅▄▄▄▃▄▄▅▅"
        }
    },
    "neer": {
        "rub": {
            "current_rate": 105.6650991420464,
            "sparkline": "▁▂▄▃▄▂▂▃▄▄▄▄▃▃▄▃▂▂▃▃▃▃▅▅▅▆█▇██"
        },
        "usd": {
            "current_rate": 102.33259908444177,
            "sparkline": "▄▄▄▅▅▅▅▄▅▅▅▅▅▅▅▅▄▃▄▄▄▄▄▅▅▅▅▅▆▅"
        },
        "eur": {
            "current_rate": 109.31817270566722,
            "sparkline": "▅▅▅▅▅▅▅▅▅▅▅▅▅▅▅▅▅▅▅▅▅▅▅▅▄▄▄▄▄▄"
        },
        "cny": {
            "current_rate": 111.26021717873128,
            "sparkline": "▅▅▅▅▅▄▄▅▅▅▅▅▄▄▅▅▄▅▅▄▄▅▄▅▅▅▅▅▅▅"
        },
        "rsd": {
            "current_rate": 109.55986014433871,
            "sparkline": "▇▇▇▇▆▂▂▇▇▇▆▇▂▂▇▇▇▆▆▂▂▆▂▂▂▂▂▂▂▂"
        }
    },
    "specific_rates": {
        "rub_kzt_bank": 6.33,
        "rub_kzt_crypto": 6.561986535271733,
        "kzt_rsd_bank": 0.21258045425603975,
        "rsd_eur_cash": 0.00844880027036161,
        "eur_rsd_cash": 116.8,
        "rsd_usd_cash": 0.009758817788930714,
        "usd_rsd_cash": 99.02857142857144,
        "eur_usd_exch": 1.1636729241238706,
        "usd_kzt_bank": 469.0
    },
    "update_time": "2026-05-19 09:05:47",
    "update_time_display": "19.05 09:05"
}