{
    "rub2rsd": {
        "bank": {
            "current": 1.2537046831561922,
            "sparkline_full": "               1.26               \n  ▂▁▂▂▁▁▂▅▄▂▂▂▂▄███▇███▇▇▇███▇▆█  \n      1.20                        "
        },
        "korona": {
            "current": 1.206614795631544,
            "diff_percent": -3.756058995177374
        },
        "crypto": {
            "current": 1.264996595004241,
            "diff_percent": 0.9006835501022045
        },
        "forex": {
            "current": 1.299673556858575,
            "diff_percent": 3.6666428960492192
        }
    },
    "rub2eur": {
        "bank": {
            "current": 0.010796804145972791,
            "sparkline_full": "               92.5               \n  ▂▂▂▁▁▁▂▅▅▂▁▁▁▅██▇▇▇▇▆██▇▇▇▇▆▆█  \n      96.4                        "
        },
        "korona": {
            "current": 0.010335030369435066,
            "diff_percent": -4.27694871829241
        },
        "crypto": {
            "current": 0.010852742765640338,
            "diff_percent": 0.5181034953608168
        },
        "forex": {
            "current": 0.01108691260998592,
            "diff_percent": 2.686984593689601
        }
    },
    "rub2usd": {
        "bank": {
            "current": 0.012257906349595489,
            "sparkline_full": "                              81.6\n  ▃▃▃▁▁▁▂▅▅▂▁▁▁▃▅▆▅▅▅▅▅▅▆▇▇███▇█  \n      85.1                        "
        },
        "korona": {
            "current": 0.01136618066377151,
            "diff_percent": -7.274698144952019
        },
        "crypto": {
            "current": 0.01229626291990512,
            "diff_percent": 0.3129129005859691
        },
        "forex": {
            "current": 0.012562230147593641,
            "diff_percent": 2.4826735440689274
        }
    },
    "xdr": {
        "rub2xdr": {
            "current_rate": 0.008959251810178063,
            "sparkline": "▁▁▁▁▁▁▂▃▃▂▁▁▁▂▄▄▄▄██▅▅▅▅▅▆▆▅▄▄"
        },
        "usd2xdr": {
            "current_rate": 0.715608,
            "sparkline": "▂▂▂▂▂▂▂▂▂▂▂▂▂▂▂▂▂▂▇▇▄▄▃▂▂▃▃▂▂▂"
        },
        "eur2xdr": {
            "current_rate": 0.8080925795436067,
            "sparkline": "▄▃▃▄▃▃▄▄▄▃▃▃▃▂▂▂▂▂▇▇▄▄▄▃▄▄▄▄▃▃"
        },
        "cny2xdr": {
            "current_rate": 0.09946183354645022,
            "sparkline": "▁▁▁▂▂▂▂▂▂▃▃▃▃▃▃▃▃▃██▄▄▃▃▃▄▄▃▂▂"
        },
        "rsd2xdr": {
            "current_rate": 0.006893463179964483,
            "sparkline": "▄▄▃▄▄▄▄▄▄▄▄▄▃▃▁▁▂▂██▄▄▄▄▄▄▄▄▃▃"
        }
    },
    "neer": {
        "rub": {
            "current_rate": 96.99352030167763,
            "sparkline": "▁▄▄▄▁▁▃▂▄▅▆▂▂▇▇▇█▇▆▆▇▇▆▇▇▇▇▇▆▆"
        },
        "usd": {
            "current_rate": 104.94437579607799,
            "sparkline": "▅▅▅▅▅▅▄▄▄▅▅▅▅▆▆▅▅▅▅▅▅▅▄▄▄▃▃▃▃▄"
        },
        "eur": {
            "current_rate": 107.97561955426116,
            "sparkline": "▆▆▆▆▅▅▅▅▅▅▄▄▄▃▃▄▃▄▃▃▄▄▄▄▄▄▅▅▅▄"
        },
        "cny": {
            "current_rate": 103.95126040516408,
            "sparkline": "▄▄▄▃▃▃▂▄▄▄▄▄▄▇▇▅▅▅▅▅▅▅▄▄▄▄▄▄▃▄"
        },
        "rsd": {
            "current_rate": 109.40099926674807,
            "sparkline": "▅▅▅▆▅▅▅▅▅▅▄▆▆▆▄▃▃▃▄▄▄▅▅▄▆▄▄▅▅▄"
        }
    },
    "update_time": "2025-05-28 20:50:43",
    "update_time_display": "28.05 20:50"
}