{
    "rub2rsd": {
        "bank": {
            "current": 1.2142452559223436,
            "sparkline_full": "                            1.23  \n  ▄▄▃▂▃▃▃▂▃▃▂▂▂▂▂▁▂▁▁▁▁▁▁▂▆████▅  \n                     1.19         "
        },
        "korona": {
            "current": 1.1916418737496937,
            "diff_percent": -1.8615170256918416
        },
        "crypto": {
            "current": 1.2713016277258489,
            "diff_percent": 4.69891659244451
        },
        "forex": {
            "current": 1.2899529604222795,
            "diff_percent": 6.234959875748344
        }
    },
    "rub2eur": {
        "bank": {
            "current": 0.010430791697089808,
            "sparkline_full": "                            94.4  \n  ▃▅▄▃▂▂▃▃▃▃▂▂▂▂▁▂▂▂▂▂▁▁▂▃▆████▅  \n                     97.7         "
        },
        "korona": {
            "current": 0.010203661304278721,
            "diff_percent": -2.177499075879886
        },
        "crypto": {
            "current": 0.01087746154424909,
            "diff_percent": 4.282223824716039
        },
        "forex": {
            "current": 0.010990487068135647,
            "diff_percent": 5.365799522216458
        }
    },
    "rub2usd": {
        "bank": {
            "current": 0.012093360744951022,
            "sparkline_full": "                            81.8  \n  ▅▆▅▃▂▂▂▂▂▂▂▂▂▂▂▂▃▃▂▂▂▂▂▂▆▇▇▇▇▅  \n               84.2               "
        },
        "korona": {
            "current": 0.011532250638114739,
            "diff_percent": -4.639819473429223
        },
        "crypto": {
            "current": 0.012586181556947223,
            "diff_percent": 4.075135294396586
        },
        "forex": {
            "current": 0.012664399739113366,
            "diff_percent": 4.721921442728422
        }
    },
    "xdr": {
        "rub2xdr": {
            "current_rate": 0.00896370770294709,
            "sparkline": "▄▄▃▃▃▂▂▃▂▂▃▂▂▁▁▁▂▂▂▄▁▁▂▃▆▇████"
        },
        "usd2xdr": {
            "current_rate": 0.704694,
            "sparkline": "▃▃▃▄▄▃▅▅▅▅▅▄▄▄▄▄▄▄▄▆▃▄▄▄▅▅▅▅▅▄"
        },
        "eur2xdr": {
            "current_rate": 0.8155878485982001,
            "sparkline": "▄▃▂▃▃▃▃▃▃▃▄▄▄▃▃▃▄▄▄▇▃▃▃▂▃▃▃▃▄▃"
        },
        "cny2xdr": {
            "current_rate": 0.09953867450138426,
            "sparkline": "▃▃▂▃▃▃▄▄▄▄▅▄▄▃▄▃▄▄▄▇▃▃▄▄▅▅▅▅▅▄"
        },
        "rsd2xdr": {
            "current_rate": 0.006948864011299086,
            "sparkline": "▄▃▂▃▂▃▃▃▃▃▄▄▄▃▄▃▄▄▄▇▃▃▃▂▃▃▃▃▄▃"
        }
    },
    "neer": {
        "rub": {
            "current_rate": 98.02917958086044,
            "sparkline": "▆▄▅▃▃▃▃▄▄▂▁▁▁▁▂▁▁▂▂▂▂▁▂▃▅▇▇▇█▇"
        },
        "usd": {
            "current_rate": 104.50770335241307,
            "sparkline": "▄▄▅▅▅▅▅▅▅▅▅▅▅▄▄▄▄▄▄▄▄▅▄▅▅▅▅▅▅▄"
        },
        "eur": {
            "current_rate": 110.19749685537285,
            "sparkline": "▅▅▄▄▄▄▄▄▄▄▅▅▅▅▅▅▅▅▅▅▅▅▅▄▄▄▄▄▄▅"
        },
        "cny": {
            "current_rate": 106.88597576676358,
            "sparkline": "▄▃▄▄▄▄▄▄▄▄▄▄▄▄▄▄▄▄▄▄▄▅▄▅▅▆▅▅▅▅"
        },
        "rsd": {
            "current_rate": 110.06821292926243,
            "sparkline": "▅▄▅▄▄▄▄▄▄▄▄▄▄▄▄▄▄▄▄▄▅▅▄▄▄▄▄▄▄▄"
        }
    },
    "specific_rates": {
        "rub_kzt_bank": 6.3,
        "rub_kzt_crypto": 6.56998677272645,
        "kzt_rsd_bank": 0.19350139835947905,
        "rsd_eur_cash": 0.00849514563106796,
        "eur_rsd_cash": 116.78571428571429,
        "rsd_usd_cash": 0.00967761446803363,
        "usd_rsd_cash": 99.5375,
        "eur_usd_exch": 1.157364542053998,
        "usd_kzt_bank": 516.0
    },
    "update_time": "2025-11-26 12:50:52",
    "update_time_display": "26.11 12:50"
}