{
    "rub2rsd": {
        "bank": {
            "current": 1.240491811223713,
            "sparkline_full": "                              1.24\n  ▅▃ ▆▇▇  ▆▇▅▅▅▃▂▂▂▂▂▂▃▄▅▆▇▆▆▆▇▇  \n               1.22               "
        },
        "korona": {
            "current": 1.2018495572521894,
            "diff_percent": -3.115075296902127
        },
        "crypto": {
            "current": 1.2427338225012117,
            "diff_percent": 0.18073567735097595
        },
        "forex": {
            "current": 1.287661955247178,
            "diff_percent": 3.8025357037167975
        }
    },
    "rub2eur": {
        "bank": {
            "current": 0.010689470871191877,
            "sparkline_full": "                              93.5\n  ▅▄▅▇▆▆▆▆▆▇▆▅▅▂▂▁▂▂▂▂▄▅▆▆▆▆▆▅▇█  \n                95.4              "
        },
        "korona": {
            "current": 0.010288549468956005,
            "diff_percent": -3.7506197179165786
        },
        "crypto": {
            "current": 0.010582561711880862,
            "diff_percent": -1.000135185354541
        },
        "forex": {
            "current": 0.010963220016034605,
            "diff_percent": 2.560923250003723
        }
    },
    "rub2usd": {
        "bank": {
            "current": 0.012594458438287152,
            "sparkline_full": "    78.6                          \n  ▅▆▇█▇▇▅▄▄▅▃▃▃▁▂▂▂▂▂▂▃▄▅▄▃▃▃▃▄▅  \n              80.4                "
        },
        "korona": {
            "current": 0.011867607421025992,
            "diff_percent": -5.771197077053611
        },
        "crypto": {
            "current": 0.012443921380571368,
            "diff_percent": -1.195264238263329
        },
        "forex": {
            "current": 0.013077399899042474,
            "diff_percent": 3.834555198397254
        }
    },
    "xdr": {
        "rub2xdr": {
            "current_rate": 0.008965580224063779,
            "sparkline": "▅▅▆█▇▇▅▆▆▇▆▅▅▄▃▁▂▃▆▄▄▅▆▅▇▇▇▆▇▅"
        },
        "usd2xdr": {
            "current_rate": 0.692606,
            "sparkline": "▄▄▂▃▅▅▄▆▆▆▇▆▆▆▅▄▄▄▄▄▅▅▅▅▇▇▆▆▇▇"
        },
        "eur2xdr": {
            "current_rate": 0.8177871292330982,
            "sparkline": "▅▆▄▄▄▄▃▄▄▄▅▄▄▅▆▄▄▄▄▄▄▄▄▃▄▄▄▄▄▅"
        },
        "cny2xdr": {
            "current_rate": 0.10082408344190584,
            "sparkline": "▂▂▁▁▃▃▃▄▄▅▅▄▄▅▅▄▄▅▄▄▅▅▅▅▇▇▆▆▇█"
        },
        "rsd2xdr": {
            "current_rate": 0.006962681616498297,
            "sparkline": "▅▆▄▄▅▄▃▄▄▄▅▄▄▅▆▄▄▄▄▄▄▄▄▃▄▄▄▄▄▅"
        }
    },
    "neer": {
        "rub": {
            "current_rate": 99.02193414597214,
            "sparkline": "▇▄▅▇▇██▅▅▅▇▆▅▅▁▂▁▂▆▄▂▅▆▅▆▆▆▆▅▆"
        },
        "usd": {
            "current_rate": 101.4965315499748,
            "sparkline": "▄▃▃▄▅▅▅▅▅▆▆▅▅▄▄▃▃▄▃▃▄▄▄▅▅▄▄▄▅▄"
        },
        "eur": {
            "current_rate": 109.84192539135256,
            "sparkline": "▆▆▆▆▅▅▅▄▄▄▄▄▄▅▅▅▄▅▄▄▄▄▄▃▃▃▃▄▃▃"
        },
        "cny": {
            "current_rate": 108.45701814741633,
            "sparkline": "▃▂▂▃▄▄▅▅▅▆▆▅▅▅▅▅▅▅▄▄▅▅▅▆▆▆▆▅▆▇"
        },
        "rsd": {
            "current_rate": 109.92405230529509,
            "sparkline": "▃▆▅▅▅▅▅▄▅▄▄▄▄▃▅▅▄▄▄▄▄▅▄▄▄▄▄▄▄▃"
        }
    },
    "specific_rates": {
        "rub_kzt_bank": 6.36,
        "rub_kzt_crypto": 6.296624218569113,
        "kzt_rsd_bank": 0.19736509268511165,
        "rsd_eur_cash": 0.008449004224502113,
        "eur_rsd_cash": 116.81428571428572,
        "rsd_usd_cash": 0.009874453378473692,
        "usd_rsd_cash": 97.58571428571429,
        "eur_usd_exch": 1.1807393081103803,
        "usd_kzt_bank": 499.0
    },
    "update_time": "2026-02-25 21:05:45",
    "update_time_display": "25.02 21:05"
}