{
    "rub2rsd": {
        "bank": {
            "current": 1.2221759217903236,
            "sparkline_full": "               1.24               \n   ▄▄▅▅▅▅▆▇▇▇▇▆▇██▇▇▇▇▆▅▄▃▃▃▃▁▁▅  \n                            1.19  "
        },
        "korona": {
            "current": 1.1882333648981123,
            "diff_percent": -2.7772234984379405
        },
        "crypto": {
            "current": 1.1866919660098454,
            "diff_percent": -2.9033427306028923
        },
        "forex": {
            "current": 1.2783575537405558,
            "diff_percent": 4.596853116524635
        }
    },
    "rub2eur": {
        "bank": {
            "current": 0.010546298249314492,
            "sparkline_full": "                93.4              \n   ▅▄▅▅▅▅▆▇▇▇▇▇▇██▇▇▇▇▇▅▄▃▃▃▃▁▁▆  \n                            97.6  "
        },
        "korona": {
            "current": 0.01016742753763359,
            "diff_percent": -3.5924520881583084
        },
        "crypto": {
            "current": 0.01025022193970382,
            "diff_percent": -2.8073955677283866
        },
        "forex": {
            "current": 0.0109080125633543,
            "diff_percent": 3.429775125725467
        }
    },
    "rub2usd": {
        "bank": {
            "current": 0.012094823415578132,
            "sparkline_full": "            80.1                  \n   ▇▇▇▇▇▇█████████▇▇▇██▇▆▅▅▅▅▁▁▃  \n                             84.1 "
        },
        "korona": {
            "current": 0.011659825315869937,
            "diff_percent": -3.5965642883873605
        },
        "crypto": {
            "current": 0.011730704777361134,
            "diff_percent": -3.010532900778143
        },
        "forex": {
            "current": 0.012450772757211176,
            "diff_percent": 2.9429891566220103
        }
    },
    "xdr": {
        "rub2xdr": {
            "current_rate": 0.008656534572525727,
            "sparkline": " ▄█████▃▄▄▃▃▃▄▄▄▄▄▄▄▄▃▃▂▂▂▂▁▁▂"
        },
        "usd2xdr": {
            "current_rate": 0.69341,
            "sparkline": " ▃▇▇▇▇▇▂▂▂▂▂▂▂▃▃▃▃▃▃▂▂▂▂▂▂▂▂▂▂"
        },
        "eur2xdr": {
            "current_rate": 0.7935941146242842,
            "sparkline": " ▄█████▂▂▂▂▂▂▂▃▂▃▃▃▃▃▃▃▂▃▃▂▁▁▁"
        },
        "cny2xdr": {
            "current_rate": 0.09631363289117299,
            "sparkline": " ▃▇▇▇▇▇▂▂▂▂▂▂▂▃▃▃▃▃▃▂▂▂▂▂▂▂▂▂▂"
        },
        "rsd2xdr": {
            "current_rate": 0.006771606697356427,
            "sparkline": " ▄█████▂▂▂▂▂▂▂▃▂▃▃▃▃▃▃▃▂▃▃▂▁▁▁"
        }
    },
    "neer": {
        "rub": {
            "current_rate": 95.97849206404045,
            "sparkline": "▅▄▄▄▄▄▅▆▆▇▇▆▇▆▇█▇▆▆▆▆▆▅▅▃▃▅▅▁▃"
        },
        "usd": {
            "current_rate": 104.79982099357957,
            "sparkline": "▃▃▃▃▃▄▄▄▄▄▄▄▄▄▅▅▅▅▅▄▄▄▃▄▄▄▄▅▅▆"
        },
        "eur": {
            "current_rate": 109.27914122057649,
            "sparkline": "▅▅▅▅▅▅▅▅▅▅▅▅▅▅▄▄▅▅▅▅▅▅▅▅▆▆▅▄▄▃"
        },
        "cny": {
            "current_rate": 104.5127326658544,
            "sparkline": "▃▃▃▃▃▄▄▄▄▄▄▄▄▅▅▅▅▅▅▄▄▄▄▄▄▄▅▆▅▆"
        },
        "rsd": {
            "current_rate": 110.02821930047601,
            "sparkline": "▅▅▅▅▅▅▅▅▅▄▄▄▄▅▅▅▄▄▄▄▅▅▅▅▅▅▄▅▄▄"
        }
    },
    "update_time": "2025-07-31 18:35:49",
    "update_time_display": "31.07 18:35"
}