{
    "rub2rsd": {
        "bank": {
            "current": 1.1822974759827065,
            "sparkline_full": "   1.22                           \n  ▇██▆▆▆█▇▆▇▅▅▄▄▅█▇▃▂▂▄▄▄▃▂▂▂▂▂▁  \n                              1.18"
        },
        "korona": {
            "current": 1.140393192050092,
            "diff_percent": -3.544309683803081
        },
        "crypto": {
            "current": 1.223691931994693,
            "diff_percent": 3.501187886541003
        },
        "forex": {
            "current": 1.2377210873540998,
            "diff_percent": 4.687789029180332
        }
    },
    "rub2eur": {
        "bank": {
            "current": 0.010206164523372117,
            "sparkline_full": "  95.5                            \n  ▇██▆▆▇▇▆▆▅▅▅▄▄▅▅▅▂▂▂▄▄▄▃▄▄▄▃▂▁  \n                              98.0"
        },
        "korona": {
            "current": 0.009762595544570075,
            "diff_percent": -4.3460888543024
        },
        "crypto": {
            "current": 0.010532044814171948,
            "diff_percent": 3.1929750892567443
        },
        "forex": {
            "current": 0.010563724839544148,
            "diff_percent": 3.503375977853561
        }
    },
    "rub2usd": {
        "bank": {
            "current": 0.011901928112354201,
            "sparkline_full": "   81.9                           \n  ▅██▇▇▆▇▇▇▆▆▆▆▄▅█▇▄▄▄▄▄▃▃▄▄▄▃▂▁  \n                              84.0"
        },
        "korona": {
            "current": 0.011163907900637222,
            "diff_percent": -6.200845818846063
        },
        "crypto": {
            "current": 0.01225829157008595,
            "diff_percent": 2.994165771862151
        },
        "forex": {
            "current": 0.012300470985034015,
            "diff_percent": 3.348557216255796
        }
    },
    "xdr": {
        "rub2xdr": {
            "current_rate": 0.00861125142327983,
            "sparkline": "▇█▆▅▆▆▇█▇▆▇▆▃▂▂▃▄▃▃▂▃▄▄▃▅▄▄▂▁▁"
        },
        "usd2xdr": {
            "current_rate": 0.699693,
            "sparkline": "▆▆▄▄▄▅▅▅▅▅▆▅▃▃▃▄▅▅▃▃▄▅▅▄▄▄▃▃▃▄"
        },
        "eur2xdr": {
            "current_rate": 0.8151718786771645,
            "sparkline": "▄▅▄▃▄▃▄▆▅▅▇▅▃▃▂▃▄▆▃▃▃▃▄▄▄▃▄▃▂▃"
        },
        "cny2xdr": {
            "current_rate": 0.098002806911389,
            "sparkline": "▆▆▄▄▄▄▅▅▅▅▆▄▃▃▃▄▅▅▃▄▅▅▆▆▆▅▅▅▅▆"
        },
        "rsd2xdr": {
            "current_rate": 0.0069573440343399726,
            "sparkline": "▅▅▄▄▄▃▄▆▅▅▇▅▃▃▃▃▄▆▄▃▃▃▄▄▄▄▄▃▂▃"
        }
    },
    "neer": {
        "rub": {
            "current_rate": 94.87286844988353,
            "sparkline": "▆▄▇▆▆█▇▅▆▅▄▄▆▃▄▅▅▃▂▃▂▄▃▄▄▄▃▄▃▁"
        },
        "usd": {
            "current_rate": 103.93368153852495,
            "sparkline": "▅▄▄▄▄▅▅▃▄▄▄▄▅▅▅▅▆▄▄▄▄▅▄▄▄▄▄▅▅▄"
        },
        "eur": {
            "current_rate": 110.43137414730904,
            "sparkline": "▄▄▄▄▄▄▄▅▅▅▅▅▄▅▄▄▄▅▅▅▄▄▄▄▄▄▅▄▄▄"
        },
        "cny": {
            "current_rate": 104.63635357019847,
            "sparkline": "▄▃▃▃▃▄▄▃▃▃▃▃▃▄▄▄▅▃▃▄▅▅▅▆▅▅▅▆▆▆"
        },
        "rsd": {
            "current_rate": 110.46753236056378,
            "sparkline": "▄▅▅▄▄▆▅▄▅▄▅▅▅▄▄▅▄▅▅▅▄▅▄▅▄▄▅▃▄▄"
        }
    },
    "update_time": "2025-09-04 23:35:41",
    "update_time_display": "04.09 23:35"
}