{
    "rub2rsd": {
        "bank": {
            "current": 1.2627826941986233,
            "sparkline_full": "  1.34                            \n  ▇▇▇▇▇▇ ▆   ▇▇▇▆▄▂▂▂▂▂ ▂▂▂▂▄▄▄▂  \n                 1.26             "
        },
        "korona": {
            "current": 1.241627426155139,
            "diff_percent": -1.6752896710316192
        },
        "crypto": {
            "current": 1.368370534734672,
            "diff_percent": 8.361521029796494
        },
        "forex": {
            "current": 1.3410509325255089,
            "diff_percent": 6.198076572197206
        }
    },
    "rub2eur": {
        "bank": {
            "current": 0.0107863229425089,
            "sparkline_full": " 86.5                             \n  ██▇▇▇▇ ▇▇▇▇▇▆▆▆▃▁▁▂▂▂▃▂▁▁▁▃▄▄▂  \n                  93.7            "
        },
        "korona": {
            "current": 0.01063037179927345,
            "diff_percent": -1.4458230489358495
        },
        "crypto": {
            "current": 0.011346521565037003,
            "diff_percent": 5.193601429458045
        },
        "forex": {
            "current": 0.01142819503809481,
            "diff_percent": 5.950796198176977
        }
    },
    "rub2usd": {
        "bank": {
            "current": 0.012291052114060964,
            "sparkline_full": " 74.8                             \n  ██████ ▇▇▇▇▇▆▅▅▂▁▁▁▁▁▂▂▁▁▁▃▃▃▁  \n                  82.1            "
        },
        "korona": {
            "current": 0.011900962581761133,
            "diff_percent": -3.173768434791422
        },
        "crypto": {
            "current": 0.012903424731965157,
            "diff_percent": 4.982263619268514
        },
        "forex": {
            "current": 0.013043812863025618,
            "diff_percent": 6.1244614535764255
        }
    },
    "xdr": {
        "rub2xdr": {
            "current_rate": 0.009316528381922836,
            "sparkline": "▆▆▆▆▆▆ ▅▅██▅▅▅▄▂▁▁▁▁▁▂▂▂▂▂▂▂▃▂"
        },
        "usd2xdr": {
            "current_rate": 0.713149,
            "sparkline": "▃▃▃▃▃▃ ▃▃▆▆▄▄▄▄▄▄▄▄▄▄▄▄▄▄▄▄▄▄▄"
        },
        "eur2xdr": {
            "current_rate": 0.8152230821111353,
            "sparkline": "▄▄▄▄▄▄ ▃▃▆▆▄▃▃▄▄▄▄▄▄▄▄▄▄▄▄▄▃▄▄"
        },
        "cny2xdr": {
            "current_rate": 0.10518887266398219,
            "sparkline": "▃▃▃▃▃▃ ▃▃▆▆▄▄▄▄▄▄▄▄▄▄▄▄▄▄▄▃▃▄▄"
        },
        "rsd2xdr": {
            "current_rate": 0.0069471845967681925,
            "sparkline": "▄▄▄▄▄▄ ▃▃▆▆▄▃▃▄▄▄▄▄▄▄▄▄▄▄▄▄▃▄▄"
        }
    },
    "neer": {
        "rub": {
            "current_rate": 101.73842230551526,
            "sparkline": "██▇▇█▇█▇▇▇▇▇▇▆▆▄▂▁▄▂▂▂▂▂▂▂▂▃▃▃"
        },
        "usd": {
            "current_rate": 103.47698277237795,
            "sparkline": "▄▄▄▄▄▄▄▄▄▅▅▅▅▅▅▅▅▅▅▅▅▅▅▅▅▅▅▅▅▅"
        },
        "eur": {
            "current_rate": 108.62599844777294,
            "sparkline": "▅▅▅▅▅▅▅▄▅▅▅▄▄▄▄▄▄▄▄▄▅▄▅▄▅▄▄▄▅▅"
        },
        "cny": {
            "current_rate": 112.8392172121719,
            "sparkline": "▅▄▄▄▄▄▄▅▅▄▄▅▅▅▅▅▄▄▅▅▅▅▅▄▄▅▄▄▄▄"
        },
        "rsd": {
            "current_rate": 109.47600386736549,
            "sparkline": "▆▆▃▃▆▆▆▆▅▃▃▆▆▆▆▆▃▃▆▆▆▆▅▃▃▆▃▃▃▃"
        }
    },
    "specific_rates": {
        "rub_kzt_bank": 5.9,
        "rub_kzt_crypto": 6.20654729607524,
        "kzt_rsd_bank": 0.22047210300000003,
        "rsd_eur_cash": 0.0084530853761623,
        "eur_rsd_cash": 116.8,
        "rsd_usd_cash": 0.009584970765839165,
        "usd_rsd_cash": 100.32000000000001,
        "eur_usd_exch": 1.1431314944158026,
        "usd_kzt_bank": 474.0
    },
    "conversion_rates": {
        "rub_usd": {
            "rub_to_usd": [
                0.012291052114060964,
                0.012422360248447204
            ],
            "usd_to_rub": [
                75.92,
                75.8
            ]
        },
        "rub_eur": {
            "rub_to_eur": [
                0.0107863229425089,
                0.010869565217391304
            ],
            "eur_to_rub": [
                86.4,
                86.55
            ]
        },
        "rub_kzt": {
            "rub_to_kzt": [
                5.9,
                5.88235294117647
            ],
            "kzt_to_rub": [
                0.16,
                0.159
            ]
        },
        "rub_rsd": {
            "rub_to_rsd": [
                1.3545945014
            ],
            "rsd_to_rub": [
                0.738228302984015
            ]
        },
        "usd_eur": {
            "usd_to_eur": [
                0.8669267446900737
            ],
            "eur_to_usd": [
                1.1335
            ]
        },
        "usd_kzt": {
            "usd_to_kzt": [
                474.0
            ],
            "kzt_to_usd": [
                0.002079002079002079
            ]
        },
        "usd_rsd": {
            "usd_to_rsd": [
                102.74
            ],
            "rsd_to_usd": [
                0.009733307377846993
            ]
        },
        "eur_kzt": {
            "eur_to_kzt": [
                540.0
            ],
            "kzt_to_eur": [
                0.0018281535648994515
            ]
        },
        "eur_rsd": {
            "eur_to_rsd": [
                117.64745636270001
            ],
            "rsd_to_eur": [
                0.008499971277891979
            ]
        },
        "kzt_rsd": {
            "kzt_to_rsd": [
                0.22047210300000003
            ],
            "rsd_to_kzt": [
                4.535721238164993
            ]
        },
        "eur_usd_forex": {
            "eur_to_usd": [
                1.1431314944158026
            ],
            "usd_to_eur": [
                0.87479
            ]
        }
    },
    "update_time": "2026-07-10 16:50:49",
    "update_time_display": "10.07 16:50"
}