{
    "rub2rsd": {
        "bank": {
            "current": 1.2270857081892121,
            "sparkline_full": "              1.24                \n  ▄▄▅▅▅▅▆▇▇▇▇▆▇██▇▇▇▇▆▅▄▃▃▃▃▁▁▄▆  \n                           1.19   "
        },
        "korona": {
            "current": 1.1882980394919362,
            "diff_percent": -3.160958394219598
        },
        "crypto": {
            "current": 1.2081420935210632,
            "diff_percent": -1.5437890394880176
        },
        "forex": {
            "current": 1.2646454394227067,
            "diff_percent": 3.0608889813345432
        }
    },
    "rub2eur": {
        "bank": {
            "current": 0.010546298249314492,
            "sparkline_full": "               93.4               \n  ▅▄▅▅▅▅▆▇▇▇▇▇▇██▇▇▇▇▇▅▄▃▃▃▃▁▁▄▆  \n                           97.6   "
        },
        "korona": {
            "current": 0.01016798094260071,
            "diff_percent": -3.587204702260084
        },
        "crypto": {
            "current": 0.01036426317834686,
            "diff_percent": -1.7260565429150827
        },
        "forex": {
            "current": 0.010795373019111059,
            "diff_percent": 2.3617269672110472
        }
    },
    "rub2usd": {
        "bank": {
            "current": 0.012094823415578132,
            "sparkline_full": "           80.1                   \n  ▇▇▇▇▇▇█████████▇▇▇██▇▆▅▅▅▅▁▁▂▃  \n                            84.1  "
        },
        "korona": {
            "current": 0.01166045995085717,
            "diff_percent": -3.5913171263129096
        },
        "crypto": {
            "current": 0.01186121747365547,
            "diff_percent": -1.9314539278165752
        },
        "forex": {
            "current": 0.012450772757211176,
            "diff_percent": 2.9429891566220103
        }
    },
    "xdr": {
        "rub2xdr": {
            "current_rate": 0.008557580047284533,
            "sparkline": "▄█████▃▄▄▃▃▃▄▄▄▄▄▄▄▄▃▃▂▂▂▂▁▁▁▁"
        },
        "usd2xdr": {
            "current_rate": 0.694035,
            "sparkline": "▃▇▇▇▇▇▂▂▂▂▂▂▂▃▃▃▃▃▃▂▂▂▂▂▂▂▂▂▂▂"
        },
        "eur2xdr": {
            "current_rate": 0.7927081382120879,
            "sparkline": "▄█████▃▃▂▂▂▂▂▃▂▃▃▃▃▃▃▃▂▃▃▂▁▁▁▁"
        },
        "cny2xdr": {
            "current_rate": 0.09638772576713955,
            "sparkline": "▃▇▇▇▇▇▂▂▂▂▂▂▂▃▃▃▃▃▃▂▂▂▂▂▂▂▂▂▂▂"
        },
        "rsd2xdr": {
            "current_rate": 0.006766782040657143,
            "sparkline": "▄█████▃▃▂▂▂▂▂▃▂▃▃▃▃▃▃▃▂▃▃▂▁▁▁▁"
        }
    },
    "neer": {
        "rub": {
            "current_rate": 96.49691851811917,
            "sparkline": "▄▄▄▄▄▅▆▆▇▇▆▇▆▇█▇▆▆▆▆▆▅▅▃▃▅▅▁▃▃"
        },
        "usd": {
            "current_rate": 105.14459858241656,
            "sparkline": "▃▃▃▃▃▃▄▄▄▄▄▄▄▅▅▄▄▄▄▄▃▃▄▄▄▄▅▅▆▆"
        },
        "eur": {
            "current_rate": 109.39737590828162,
            "sparkline": "▅▅▅▅▅▅▅▅▅▅▅▅▅▄▄▅▅▅▅▅▅▅▅▆▆▅▄▄▃▃"
        },
        "cny": {
            "current_rate": 104.6449133805403,
            "sparkline": "▃▃▃▃▄▄▄▄▄▄▄▄▄▅▅▅▅▅▄▄▄▄▄▄▄▅▅▅▆▆"
        },
        "rsd": {
            "current_rate": 110.0600676598892,
            "sparkline": "▅▅▅▅▅▅▅▅▄▄▄▄▅▅▅▄▄▄▄▅▅▅▅▅▅▄▅▄▄▄"
        }
    },
    "update_time": "2025-08-01 04:35:50",
    "update_time_display": "01.08 04:35"
}