{
    "rub2rsd": {
        "bank": {
            "current": 1.1473235497390637,
            "sparkline_full": " 1.21                             \n  ██▆▆▆▇▇▇▆▆▆▆▆▆▆▆▄▄▄▃▂▁▁▂▂▃▃▂▂▂  \n                      1.13        "
        },
        "korona": {
            "current": 1.1089827775910663,
            "diff_percent": -3.341757619872548
        },
        "crypto": {
            "current": 1.119080000118157,
            "diff_percent": -2.4616900461365274
        },
        "forex": {
            "current": 1.192212499646974,
            "diff_percent": 3.9124926807367877
        }
    },
    "rub2eur": {
        "bank": {
            "current": 0.009875567845151095,
            "sparkline_full": " 96.5                             \n  ██▇▇▇▇▇▇▇▇▇▇▇▇▆▆▅▅▅▃▂▁▂▂▂▃▃▃▃▃  \n                      103         "
        },
        "korona": {
            "current": 0.009495876994663564,
            "diff_percent": -3.8447495520367427
        },
        "crypto": {
            "current": 0.00960665575717781,
            "diff_percent": -2.7230038028174794
        },
        "forex": {
            "current": 0.01019057980989793,
            "diff_percent": 3.1898111550264514
        }
    },
    "rub2usd": {
        "bank": {
            "current": 0.011659088259298123,
            "sparkline_full": " 82.0                             \n  █▇▆▆▆▇▆▆▆▆▆▆▆▆▅▅▅▅▅▄▂▁▂▂▂▃▄▄▃▃  \n                      87.6        "
        },
        "korona": {
            "current": 0.010858540855684582,
            "diff_percent": -6.866295080793337
        },
        "crypto": {
            "current": 0.011319607243292236,
            "diff_percent": -2.9117286742824904
        },
        "forex": {
            "current": 0.012023204785235504,
            "diff_percent": 3.1230274429649216
        }
    },
    "xdr": {
        "rub2xdr": {
            "current_rate": 0.008276477051774499,
            "sparkline": "████▇███████▇▇▆▆▆▆▅▂▁▁▁▂▂▃▃▂▁▁"
        },
        "usd2xdr": {
            "current_rate": 0.689851,
            "sparkline": "▅▆▆▅▅▅▆▆▅▅▅▅▅▅▅▅▅▅▅▄▅▅▅▄▄▄▄▄▃▃"
        },
        "eur2xdr": {
            "current_rate": 0.8121693962629785,
            "sparkline": "▄▄▅▄▄▄▄▄▄▄▄▄▄▄▄▅▄▄▄▄▄▄▄▄▄▄▅▅▄▄"
        },
        "cny2xdr": {
            "current_rate": 0.09699544444756897,
            "sparkline": "▄▅▅▄▄▅▅▅▅▅▅▅▅▅▅▅▅▄▅▄▅▅▅▄▄▅▅▅▄▄"
        },
        "rsd2xdr": {
            "current_rate": 0.006942115649873865,
            "sparkline": "▄▄▅▄▄▄▄▄▄▄▄▄▄▄▄▅▄▄▄▄▄▄▄▄▄▄▅▅▄▄"
        }
    },
    "neer": {
        "rub": {
            "current_rate": 91.70016481872733,
            "sparkline": "███▇██████████▇▇▇▆▆▅▄▂▁▃▃▁▁▃▃▄"
        },
        "usd": {
            "current_rate": 103.27017739038493,
            "sparkline": "▅▅▅▅▅▅▅▅▅▅▅▅▅▅▅▅▅▅▅▄▅▅▄▄▄▄▄▄▄▄"
        },
        "eur": {
            "current_rate": 110.98922988184277,
            "sparkline": "▄▄▅▅▄▄▄▄▄▄▄▄▄▄▄▄▄▅▅▅▄▄▄▄▅▅▅▅▅▅"
        },
        "cny": {
            "current_rate": 104.53179053181998,
            "sparkline": "▄▅▄▄▄▅▅▅▅▅▅▅▅▅▅▅▅▅▅▅▅▅▅▅▅▅▄▄▄▅"
        },
        "rsd": {
            "current_rate": 110.82745721202015,
            "sparkline": "▄▄▄▄▅▄▄▄▄▄▄▄▅▄▄▄▄▄▄▅▅▅▅▅▄▄▅▅▅▅"
        }
    },
    "update_time": "2025-09-19 08:50:46",
    "update_time_display": "19.09 08:50"
}