{
    "rub2rsd": {
        "bank": {
            "current": 1.1842476369337755,
            "sparkline_full": "                             1.22 \n  ▁▁▁▁▁▁▁▁▂▂▂▂▃▄▄▄▃▃▂▃▄▅▆▅▅▆▇██▅  \n       1.14                       "
        },
        "korona": {
            "current": 1.1476409878006395,
            "diff_percent": -3.09113127959597
        },
        "crypto": {
            "current": 1.3099204828529705,
            "diff_percent": 10.612041096791538
        },
        "forex": {
            "current": 1.2309732611651703,
            "diff_percent": 3.9455957330322837
        }
    },
    "rub2eur": {
        "bank": {
            "current": 0.010182262498727218,
            "sparkline_full": "                            95.0  \n  ▁▁▁▁▁▁▁▁▁▂▂▂▃▃▄▃▃▃▃▃▄▅▆▆▆▆▇██▅  \n      102                         "
        },
        "korona": {
            "current": 0.00982689530838468,
            "diff_percent": -3.4900611763540765
        },
        "crypto": {
            "current": 0.011202237378487991,
            "diff_percent": 10.017173294130547
        },
        "forex": {
            "current": 0.010505193251627284,
            "diff_percent": 3.171502924231548
        }
    },
    "rub2usd": {
        "bank": {
            "current": 0.011920371915603767,
            "sparkline_full": "                             81.4 \n  ▂▂▂▂▁▂▁▁▁▁▁▂▃▄▅▄▃▃▃▃▄▅▄▅▅▅▆▇█▄  \n         86.2                     "
        },
        "korona": {
            "current": 0.011265582547475075,
            "diff_percent": -5.493028009231596
        },
        "crypto": {
            "current": 0.01308827549401511,
            "diff_percent": 9.797543119292754
        },
        "forex": {
            "current": 0.012348209633085298,
            "diff_percent": 3.5891306119525646
        }
    },
    "xdr": {
        "rub2xdr": {
            "current_rate": 0.008593457541425766,
            "sparkline": "▁▁▁▁▁▁▁▁▁▁▂▂▂▃▃▃▃▃▂▃▄▅▆▅▆▆▇██▅"
        },
        "usd2xdr": {
            "current_rate": 0.700567,
            "sparkline": "▃▄▄▄▄▄▄▄▄▅▄▄▄▄▄▄▄▄▄▄▅▅▆▅▅▅▆▅▅▅"
        },
        "eur2xdr": {
            "current_rate": 0.8180199388616306,
            "sparkline": "▄▄▄▄▅▅▅▄▄▅▅▅▅▅▅▄▅▅▄▄▄▄▅▅▅▄▅▅▅▅"
        },
        "cny2xdr": {
            "current_rate": 0.09836246718054562,
            "sparkline": "▃▄▄▄▄▄▄▄▄▄▄▄▄▄▄▄▄▄▄▄▅▅▆▅▅▅▅▅▅▅"
        },
        "rsd2xdr": {
            "current_rate": 0.006981026974779031,
            "sparkline": "▄▄▄▄▅▅▅▄▄▅▅▅▅▅▅▄▅▅▄▄▄▄▅▅▅▄▅▅▅▅"
        }
    },
    "neer": {
        "rub": {
            "current_rate": 95.58571540411072,
            "sparkline": "▂▂▁▁▂▁▂▁▂▂▂▁▂▃▄▅▃▃▅▃▄▅▅▅▅▅▆██▆"
        },
        "usd": {
            "current_rate": 103.98845564993142,
            "sparkline": "▄▄▄▄▄▄▄▄▅▄▄▄▄▄▄▄▄▄▅▅▅▅▅▅▅▅▅▅▅▅"
        },
        "eur": {
            "current_rate": 110.74994247257099,
            "sparkline": "▅▅▅▅▅▅▅▅▅▅▅▅▅▅▅▅▅▅▄▄▄▄▄▄▄▄▄▄▄▅"
        },
        "cny": {
            "current_rate": 105.1916710212628,
            "sparkline": "▄▄▄▄▄▄▄▄▄▄▄▄▄▄▄▄▄▄▅▅▅▅▅▅▅▅▅▅▅▅"
        },
        "rsd": {
            "current_rate": 110.62570627241759,
            "sparkline": "▄▅▄▄▄▅▅▅▄▅▄▅▄▅▄▄▄▄▅▅▄▄▄▄▄▅▅▄▄▄"
        }
    },
    "update_time": "2025-10-17 17:35:47",
    "update_time_display": "17.10 17:35"
}