{
    "rub2rsd": {
        "bank": {
            "current": 1.326344296423774,
            "sparkline_full": "           1.36                   \n  鈻佲杹鈻佲杺鈻冣杽鈻呪枀鈻呪枃鈻堚枅鈻堚枅鈻堚枅鈻団枃鈻堚枅鈻堚枅鈻団枂鈻勨杻鈻冣枀鈻呪枀  \n  1.28                            "
        },
        "korona": {
            "current": 1.2864051558355463,
            "diff_percent": -3.011219688275186
        },
        "crypto": {
            "current": 1.4132735826366094,
            "diff_percent": 6.554051346036105
        },
        "forex": {
            "current": 1.3946324876719554,
            "diff_percent": 5.148602171570917
        }
    },
    "rub2eur": {
        "bank": {
            "current": 0.011415525114155252,
            "sparkline_full": "           85.7                   \n  鈻佲杹鈻傗杻鈻冣杽鈻呪枀鈻呪枃鈻堚枅鈻堚枅鈻堚枃鈻団枃鈻堚枅鈻堚枅鈻団枂鈻勨杻鈻冣杻鈻冣枀  \n  90.9                            "
        },
        "korona": {
            "current": 0.011007459975774783,
            "diff_percent": -3.5746506122129116
        },
        "crypto": {
            "current": 0.012075846953448984,
            "diff_percent": 5.784419312213092
        },
        "forex": {
            "current": 0.011881809721997257,
            "diff_percent": 4.084653164695964
        }
    },
    "rub2usd": {
        "bank": {
            "current": 0.01316309069369488,
            "sparkline_full": "                    73.7          \n  鈻佲杹鈻傗杻鈻冣杽鈻勨杽鈻呪枃鈻団枃鈻団枃鈻団枃鈻嗏枃鈻団枅鈻堚枅鈻団枀鈻勨杺鈻冣杻鈻冣杽  \n  77.3                            "
        },
        "korona": {
            "current": 0.012495436190728957,
            "diff_percent": -5.072171259032113
        },
        "crypto": {
            "current": 0.013895832034009525,
            "diff_percent": 5.5666359623703565
        },
        "forex": {
            "current": 0.013611201474365342,
            "diff_percent": 3.404297600753501
        }
    },
    "xdr": {
        "rub2xdr": {
            "current_rate": 0.009690406580107884,
            "sparkline": "鈻佲杹鈻佲杹鈻佲杺鈻冣杻鈻冣杽鈻呪枀鈻堚枂鈻勨枀鈻勨杽鈻呪枀鈻呪枀鈻勨杻鈻傗杺鈻傗杺鈻傗杻"
        },
        "usd2xdr": {
            "current_rate": 0.708406,
            "sparkline": "鈻傗杺鈻傗杺鈻傗杺鈻冣杻鈻冣杻鈻冣杽鈻団枀鈻冣杻鈻冣杻鈻冣杻鈻冣杻鈻冣杻鈻冣杻鈻冣杻鈻冣杽"
        },
        "eur2xdr": {
            "current_rate": 0.8155665514629188,
            "sparkline": "鈻冣杻鈻冣杻鈻冣杺鈻冣杻鈻冣杻鈻冣杻鈻団杽鈻冣杻鈻冣杻鈻冣杻鈻冣杻鈻冣杻鈻冣杻鈻冣杺鈻傗杻"
        },
        "cny2xdr": {
            "current_rate": 0.10450932373421457,
            "sparkline": "鈻傗杺鈻傗杺鈻冣杺鈻冣杻鈻冣杻鈻冣杽鈻団枀鈻冣杻鈻冣杻鈻冣杻鈻冣杻鈻冣杻鈻冣杽鈻冣杻鈻冣杽"
        },
        "rsd2xdr": {
            "current_rate": 0.0069483585573744755,
            "sparkline": "鈻冣杻鈻冣杻鈻冣杺鈻冣杻鈻冣杻鈻冣杻鈻団杽鈻冣杻鈻冣杻鈻冣杻鈻冣杻鈻冣杻鈻冣杻鈻冣杺鈻傗杻"
        }
    },
    "neer": {
        "rub": {
            "current_rate": 104.63654875259385,
            "sparkline": "鈻佲杹鈻佲杺鈻冣杽鈻勨杽鈻勨枂鈻堚枅鈻堚枃鈻団枅鈻団枃鈻堚枃鈻団枃鈻団枃鈻冣杻鈻冣杻鈻冣杻"
        },
        "usd": {
            "current_rate": 103.09022109365607,
            "sparkline": "鈻勨杻鈻勨杽鈻勨杽鈻呪枀鈻勨杽鈻呪杽鈻勨枀鈻呪杽鈻勨杽鈻勨杽鈻勨杽鈻勨杽鈻呪枀鈻呪枂鈻嗏枂"
        },
        "eur": {
            "current_rate": 108.89375214674956,
            "sparkline": "鈻呪枀鈻呪枀鈻呪枀鈻呪枀鈻呪枀鈻勨杽鈻勨杽鈻勨杽鈻勨杽鈻勨杽鈻勨杽鈻勨杽鈻勨杽鈻勨杽鈻勨杽"
        },
        "cny": {
            "current_rate": 112.54817551893689,
            "sparkline": "鈻冣杽鈻呪枀鈻呪枀鈻勨杽鈻呪枀鈻嗏枂鈻嗏枀鈻呪枂鈻嗏枂鈻嗏枂鈻呪枀鈻嗏枂鈻呪枀鈻呪枂鈻嗏枂"
        },
        "rsd": {
            "current_rate": 109.34457046248001,
            "sparkline": "鈻冣枃鈻団枃鈻団枃鈻傗杺鈻嗏枃鈻嗏枃鈻団杺鈻傗枂鈻嗏枂鈻嗏枂鈻傗杺鈻嗏枂鈻傗杺鈻傗杺鈻傗杺"
        }
    },
    "specific_rates": {
        "rub_kzt_bank": 6.45,
        "rub_kzt_crypto": 6.822853528698676,
        "kzt_rsd_bank": 0.2071381976312429,
        "rsd_eur_cash": 0.00845725562055113,
        "eur_rsd_cash": 116.86666666666667,
        "rsd_usd_cash": 0.009713453132588635,
        "usd_rsd_cash": 99.47142857142856,
        "eur_usd_exch": 1.1512699658993837,
        "usd_kzt_bank": 484.0
    },
    "update_time": "2026-06-08 15:20:43",
    "update_time_display": "08.06 15:20"
}