{
    "rub2rsd": {
        "bank": {
            "current": 1.196895578520189,
            "sparkline_full": "        1.22                      \n  ▂▃▂▂▃▆██▃▁▁▁▂▂▄▄▁▁▁▅▆▄▃▄▄▄▃▄▄▃  \n           1.18                   "
        },
        "korona": {
            "current": 1.1586762286352135,
            "diff_percent": -3.1932067066559697
        },
        "crypto": {
            "current": 1.24228718943873,
            "diff_percent": 3.7924453672610334
        },
        "forex": {
            "current": 1.2508912745048177,
            "diff_percent": 4.511312177407133
        }
    },
    "rub2eur": {
        "bank": {
            "current": 0.010311404413281088,
            "sparkline_full": "       95.0                       \n  ▁▃▄▄▃▆██▂▁▁▂▃▂▃▂▁▁▁▄▆▅▄▃▃▃▄▄▄▄  \n           98.2                   "
        },
        "korona": {
            "current": 0.009924421658545726,
            "diff_percent": -3.752958755423541
        },
        "crypto": {
            "current": 0.01067821096428833,
            "diff_percent": 3.5572899316682367
        },
        "forex": {
            "current": 0.010670997313178835,
            "diff_percent": 3.487331943208353
        }
    },
    "rub2usd": {
        "bank": {
            "current": 0.011914690813773382,
            "sparkline_full": "        81.4                      \n  ▂▂▂▂▂▅██▃▂▂▂▃▁▄▃▁▁▁▅▆▅▂▁▁▁▁▁▁▁  \n                   84.3           "
        },
        "korona": {
            "current": 0.01138282009301888,
            "diff_percent": -4.463990959292546
        },
        "crypto": {
            "current": 0.012313248938026242,
            "diff_percent": 3.345098336854254
        },
        "forex": {
            "current": 0.01228855996510049,
            "diff_percent": 3.137883787088415
        }
    },
    "xdr": {
        "rub2xdr": {
            "current_rate": 0.008702210186485268,
            "sparkline": "▁▃▂▂▃▆█▆▂▂▁▁▂▁▁▃▇▆▅▆▆▅▅▅▄▄▅▄▄▃"
        },
        "usd2xdr": {
            "current_rate": 0.707015,
            "sparkline": "▃▅▄▄▄▅▄▃▃▃▃▃▃▃▄▄▄▄▄▃▃▃▄▄▄▆▆▆▆▅"
        },
        "eur2xdr": {
            "current_rate": 0.8155011130719632,
            "sparkline": "▄▅▅▅▄▅▅▅▆▅▅▄▄▄▄▅▅▅▅▅▄▃▄▅▄▄▄▄▅▄"
        },
        "cny2xdr": {
            "current_rate": 0.0992580373438158,
            "sparkline": "▃▅▄▄▄▄▄▃▃▃▃▃▃▃▄▄▄▄▄▄▄▄▅▅▄▆▆▆▆▅"
        },
        "rsd2xdr": {
            "current_rate": 0.006956807808840266,
            "sparkline": "▄▅▄▅▄▅▅▅▆▅▅▄▄▄▄▅▄▄▄▅▄▃▄▃▄▅▄▄▅▄"
        }
    },
    "neer": {
        "rub": {
            "current_rate": 95.38366230932677,
            "sparkline": "▁▂▂▁▂▄▅█▇▂▁▇▁▂▁▂▆▅▁█▅█▅▅▃▅▅▄▃▃"
        },
        "usd": {
            "current_rate": 104.79210838373663,
            "sparkline": "▄▄▄▄▄▅▄▄▃▃▃▃▄▄▄▄▄▄▄▄▃▅▅▅▄▅▅▆▅▅"
        },
        "eur": {
            "current_rate": 110.13197534681424,
            "sparkline": "▅▄▅▅▄▄▅▅▅▅▅▅▄▄▄▅▅▅▅▅▅▄▄▄▅▄▄▄▄▄"
        },
        "cny": {
            "current_rate": 106.24927003888737,
            "sparkline": "▄▄▄▄▄▄▄▄▃▃▃▄▄▄▅▅▄▄▅▅▅▆▅▅▅▅▆▆▆▆"
        },
        "rsd": {
            "current_rate": 110.29079830827435,
            "sparkline": "▅▅▅▅▆▅▅▅▅▄▅▅▅▅▅▄▄▄▄▅▄▆▄▄▃▃▄▄▄▄"
        }
    },
    "update_time": "2025-11-07 10:36:05",
    "update_time_display": "07.11 10:36"
}