{
    "rub2rsd": {
        "bank": {
            "current": 1.2106134406162115,
            "sparkline_full": "          1.24                    \n  ▅▅▆▇▇▇▇▆▇██▇▇▇▇▆▅▄▃▃▃▃▁▁▄▆▄▄▅▄  \n                       1.19       "
        },
        "korona": {
            "current": 1.174458243751593,
            "diff_percent": -2.986518706269713
        },
        "crypto": {
            "current": 1.193274908600182,
            "diff_percent": -1.4322104343401378
        },
        "forex": {
            "current": 1.2651935967514387,
            "diff_percent": 4.5084710200677725
        }
    },
    "rub2eur": {
        "bank": {
            "current": 0.010448229025180233,
            "sparkline_full": "           93.4                   \n  ▅▅▆▇▇▇▇▇▇██▇▇▇▇▇▅▄▃▃▃▃▁▁▄▆▅▅▄▄  \n                       97.6       "
        },
        "korona": {
            "current": 0.010045463961707173,
            "diff_percent": -3.854864422500652
        },
        "crypto": {
            "current": 0.01033302453282111,
            "diff_percent": -1.1026221963691654
        },
        "forex": {
            "current": 0.010800271071764081,
            "diff_percent": 3.369394427854011
        }
    },
    "rub2usd": {
        "bank": {
            "current": 0.012097749818533753,
            "sparkline_full": "       80.1                       \n  ▇▇█████████▇▇▇██▇▆▅▅▅▅▁▁▂▃▃▃▄▃  \n                        84.1      "
        },
        "korona": {
            "current": 0.011473053504574336,
            "diff_percent": -5.163739731188539
        },
        "crypto": {
            "current": 0.011940383904593283,
            "diff_percent": -1.3007866446319232
        },
        "forex": {
            "current": 0.012492348436582592,
            "diff_percent": 3.261752176791703
        }
    },
    "xdr": {
        "rub2xdr": {
            "current_rate": 0.00881131981486971,
            "sparkline": "██▃▄▄▃▃▃▄▄▄▄▄▄▄▄▃▃▂▂▂▂▁▁▁▁▂▂▃▃"
        },
        "usd2xdr": {
            "current_rate": 0.704914,
            "sparkline": "▇▇▂▂▂▂▂▂▂▃▃▃▃▃▃▂▂▂▂▂▂▂▂▂▂▂▂▂▃▃"
        },
        "eur2xdr": {
            "current_rate": 0.8158424687974519,
            "sparkline": "██▃▃▂▂▂▂▃▃▃▃▃▃▃▃▃▃▃▃▃▂▂▁▁▁▂▂▃▃"
        },
        "cny2xdr": {
            "current_rate": 0.09812140699600508,
            "sparkline": "▇▇▂▂▂▂▂▂▂▃▃▃▃▃▃▂▂▂▂▂▂▂▂▂▂▂▂▂▃▃"
        },
        "rsd2xdr": {
            "current_rate": 0.006964404370599097,
            "sparkline": "██▃▃▂▂▂▂▃▃▃▃▃▃▃▃▃▃▃▃▃▂▂▁▁▁▂▂▃▃"
        }
    },
    "neer": {
        "rub": {
            "current_rate": 96.89353273576658,
            "sparkline": "▄▅▆▆▇▇▆▇▆▇█▇▆▆▆▆▆▅▅▃▃▅▅▁▃▃▄▄▄▄"
        },
        "usd": {
            "current_rate": 104.38268477668113,
            "sparkline": "▃▃▃▃▄▃▃▄▄▄▅▄▄▄▄▄▃▃▃▃▃▄▅▄▅▆▅▅▅▅"
        },
        "eur": {
            "current_rate": 110.02471149976851,
            "sparkline": "▅▅▅▅▅▅▅▅▅▄▄▅▅▅▅▅▅▅▅▆▆▅▄▄▃▃▅▅▄▄"
        },
        "cny": {
            "current_rate": 104.11827820218453,
            "sparkline": "▃▃▄▄▄▄▄▄▄▅▅▄▄▅▄▄▄▄▄▄▄▄▅▅▅▆▄▄▅▅"
        },
        "rsd": {
            "current_rate": 110.33091808411837,
            "sparkline": "▅▅▅▅▄▄▄▄▅▅▅▄▄▄▄▅▅▅▅▅▅▄▅▄▄▄▄▄▄▄"
        }
    },
    "update_time": "2025-08-05 22:20:42",
    "update_time_display": "05.08 22:20"
}