{
    "rub2rsd": {
        "bank": {
            "current": 1.2098590231750437,
            "sparkline_full": "                     1.22         \n        ▅▄▃▄▄▄▆▅▅ ▆▅▅▅▆▃▄▃▄▄▄▅▅▅  \n         1.19                     "
        },
        "korona": {
            "current": 1.177190692666764,
            "diff_percent": -2.700176622442174
        },
        "crypto": {
            "current": 1.2527844500768606,
            "diff_percent": 3.547969315397369
        },
        "forex": {
            "current": 1.2614427478277777,
            "diff_percent": 4.263614492650752
        }
    },
    "rub2eur": {
        "bank": {
            "current": 0.010467915837956662,
            "sparkline_full": "                              95.5\n        ▄▃▄▃▃▃▅▆▅▅▆▆▆▅▅▄▄▄▅▅▅▆▆▆  \n        98.5                      "
        },
        "korona": {
            "current": 0.010078687437215446,
            "diff_percent": -3.718298912280841
        },
        "crypto": {
            "current": 0.010743220565387337,
            "diff_percent": 2.6299860611452406
        },
        "forex": {
            "current": 0.010765897509875224,
            "diff_percent": 2.84661891183802
        }
    },
    "rub2usd": {
        "bank": {
            "current": 0.011907597046915932,
            "sparkline_full": "                     83.5         \n        ▁▁▁▄▄▄▇▇▆▆███▇█▇▅▅▆▆▆▇██  \n        89.1                      "
        },
        "korona": {
            "current": 0.010983305585620115,
            "diff_percent": -7.762199691962267
        },
        "crypto": {
            "current": 0.012196409820608812,
            "diff_percent": 2.4254496734728064
        },
        "forex": {
            "current": 0.012270947427579936,
            "diff_percent": 3.051416496816305
        }
    },
    "xdr": {
        "rub2xdr": {
            "current_rate": 0.008727608719772103,
            "sparkline": "             ▅▃▃▅▅▅█▅▃▁▃▅▅▃▅▅▅"
        },
        "usd2xdr": {
            "current_rate": 0.715661,
            "sparkline": "             ▆▆▆▆▆▆▆▂▅▅▇▇▇▆▅▅▅"
        },
        "eur2xdr": {
            "current_rate": 0.8106717263253285,
            "sparkline": "             ▂▄▄▄▄▄▇▄▂▃▄▅▅▄▄▃▂"
        },
        "cny2xdr": {
            "current_rate": 0.0981029472241261,
            "sparkline": "             ▅▅▆▆▆▆▆▂▄▅▇▇▇▆▅▅▅"
        },
        "rsd2xdr": {
            "current_rate": 0.006918751354194368,
            "sparkline": "             ▅▅▅▅▆▆▆▅▅▅▆▅▅▅▅▅▃"
        }
    },
    "neer": {
        "rub": {
            "current_rate": 95.44130960690642,
            "sparkline": "▅▄▄▅▅▅▃▃▂▂▂▂▂▅▆▅▆▆▆▆▇▆▅▅▅▅▅▅▆▆"
        },
        "usd": {
            "current_rate": 105.88012666553446,
            "sparkline": "▆▅▅▆▆▆▆▆▅▄▄▄▄▄▄▃▃▃▃▃▃▃▃▃▃▃▃▃▃▃"
        },
        "eur": {
            "current_rate": 108.77242498660414,
            "sparkline": "▂▄▄▄▄▄▄▅▅▇▇▇▇▆▆▆▆▆▆▆▇▆▆▆▇▆▆▆▆▆"
        },
        "cny": {
            "current_rate": 103.53843679148007,
            "sparkline": "▇▅▅▅▆▆▅▅▅▄▄▃▃▃▃▃▃▃▃▃▂▃▃▃▃▃▃▃▃▃"
        },
        "rsd": {
            "current_rate": 109.79822674883371,
            "sparkline": "▃▂▅▅▅▅▅▅▄▅▅▅▆▄▅▅▅▅▅▇▆▅▅▅▅▅▅▅▅▅"
        }
    },
    "update_time": "2025-05-01 03:51:33",
    "update_time_display": "01.05 03:51"
}