{
    "rub2rsd": {
        "bank": {
            "current": 1.1992494685794866,
            "sparkline_full": "                      1.26        \n  ▁▁▂▄▆▆▆▅▅▅▆▆▆▇▇▇▇█████▇▄▁▁▁▂▂▂  \n 1.19                             "
        },
        "korona": {
            "current": 1.1635349869190263,
            "diff_percent": -2.978069417263456
        },
        "crypto": {
            "current": 1.1799523777851912,
            "diff_percent": -1.6090972979252396
        },
        "forex": {
            "current": 1.263964468021561,
            "diff_percent": 5.3962916922305935
        }
    },
    "rub2eur": {
        "bank": {
            "current": 0.010327377878756584,
            "sparkline_full": "                      92.8        \n  ▁▁▂▄▆▆▆▆▅▆▆▇▇▇▇▇▇█████▇▄▂▂▂▂▂▂  \n 97.7                             "
        },
        "korona": {
            "current": 0.009966038431854616,
            "diff_percent": -3.4988498643517487
        },
        "crypto": {
            "current": 0.01010291799954366,
            "diff_percent": -2.173445010418731
        },
        "forex": {
            "current": 0.010767016262804676,
            "diff_percent": 4.257018472737683
        }
    },
    "rub2usd": {
        "bank": {
            "current": 0.012140342357654486,
            "sparkline_full": "                      79.4        \n  ▁▁▁▃▄▄▄▄▄▅▆▆▆▆▇▇▇█████▇▄▃▃▃▃▃▃  \n  84.1                            "
        },
        "korona": {
            "current": 0.011339707495208053,
            "diff_percent": -6.5948293619712715
        },
        "crypto": {
            "current": 0.011851499961003141,
            "diff_percent": -2.379194821217126
        },
        "forex": {
            "current": 0.012589669924033932,
            "diff_percent": 3.7011111642674983
        }
    },
    "xdr": {
        "rub2xdr": {
            "current_rate": 0.008781289621777618,
            "sparkline": "▁▁▂▄▅▅▆▆▅▆▆▆▆▆▇▇█████▇▆▃▂▁▁▂▂▂"
        },
        "usd2xdr": {
            "current_rate": 0.69418,
            "sparkline": "▅▅▅▆▆▆▆▆▅▅▅▅▅▅▅▅▄▄▄▄▄▄▄▄▄▃▃▃▃▃"
        },
        "eur2xdr": {
            "current_rate": 0.8155731734253181,
            "sparkline": "▄▄▄▅▅▅▅▅▅▅▅▅▅▅▅▅▅▄▄▅▄▄▅▅▅▅▄▅▅▅"
        },
        "cny2xdr": {
            "current_rate": 0.09857780870355512,
            "sparkline": "▄▄▄▅▅▅▅▅▅▅▅▅▅▅▅▅▄▄▄▄▄▄▅▄▄▄▄▄▄▄"
        },
        "rsd2xdr": {
            "current_rate": 0.006947418099120035,
            "sparkline": "▅▅▄▅▄▅▅▅▅▅▅▅▄▅▅▅▅▄▄▄▄▄▅▅▅▅▅▅▅▄"
        }
    },
    "neer": {
        "rub": {
            "current_rate": 97.01488921291416,
            "sparkline": "▁▁▁▂▅▅▂▅▄▅▆▇▇▅▆▆▅▇██▇▇█▄▁▂▂▂▂▃"
        },
        "usd": {
            "current_rate": 103.36406218173899,
            "sparkline": "▅▅▅▆▅▅▅▅▅▅▅▅▅▄▅▄▄▄▄▄▄▄▄▄▄▄▄▄▃▃"
        },
        "eur": {
            "current_rate": 110.96687819173516,
            "sparkline": "▄▄▄▄▄▄▄▄▄▄▄▄▄▄▄▄▄▄▄▄▄▄▄▅▅▅▅▅▅▅"
        },
        "cny": {
            "current_rate": 106.93575339770095,
            "sparkline": "▄▄▅▅▅▅▅▅▅▅▅▅▅▄▅▄▄▄▄▄▄▅▄▅▄▄▄▄▅▅"
        },
        "rsd": {
            "current_rate": 110.48751282438114,
            "sparkline": "▅▅▅▅▄▄▄▄▅▅▅▄▄▄▄▄▄▄▄▄▄▄▄▄▅▅▅▅▅▅"
        }
    },
    "specific_rates": {
        "rub_kzt_bank": 6.3,
        "rub_kzt_crypto": 6.162779979721633,
        "kzt_rsd_bank": 0.19146430371809064,
        "rsd_eur_cash": 0.008483563096500531,
        "eur_rsd_cash": 116.75,
        "rsd_usd_cash": 0.009745910198398886,
        "usd_rsd_cash": 98.72142857142856,
        "eur_usd_exch": 1.1748727612799534,
        "usd_kzt_bank": 513.0
    },
    "update_time": "2025-12-17 03:06:28",
    "update_time_display": "17.12 03:06"
}