{
    "rub2rsd": {
        "bank": {
            "current": 1.1687837705486637,
            "sparkline_full": "   1.21                           \n  ▇▇█▇▇█▆▆▆▅▆██▅▄▄▆▅▆▅▄▄▄▄▄▃▃▁▁▁  \n                             1.17 "
        },
        "korona": {
            "current": 1.1371156089874737,
            "diff_percent": -2.7094970309455944
        },
        "crypto": {
            "current": 1.2241226084921315,
            "diff_percent": 4.734737026463847
        },
        "forex": {
            "current": 1.2311433834524081,
            "diff_percent": 5.3354276877468045
        }
    },
    "rub2eur": {
        "bank": {
            "current": 0.010086746015735323,
            "sparkline_full": "   95.8                           \n  ▇██▇▇▇▇▇▆▅▆▆▆▄▄▄▆▆▆▅▅▅▅▅▄▄▂▁▁▁  \n                              99.1"
        },
        "korona": {
            "current": 0.009736769740565523,
            "diff_percent": -3.4696647920334
        },
        "crypto": {
            "current": 0.010534561222085577,
            "diff_percent": 4.439639955756414
        },
        "forex": {
            "current": 0.010507290965570449,
            "diff_percent": 4.1692826326654355
        }
    },
    "rub2usd": {
        "bank": {
            "current": 0.011849745230477545,
            "sparkline_full": "            82.0                  \n  ▇▆▇▇▇▆▇▇▆▅▆█▇▅▅▄▅▄▄▄▄▄▄▄▄▃▂▁▁▁  \n                             84.4 "
        },
        "korona": {
            "current": 0.011116275766932918,
            "diff_percent": -6.189748802853106
        },
        "crypto": {
            "current": 0.012350528216810246,
            "diff_percent": 4.226107621661666
        },
        "forex": {
            "current": 0.012261573699414878,
            "diff_percent": 3.475420449362152
        }
    },
    "xdr": {
        "rub2xdr": {
            "current_rate": 0.008569565586058337,
            "sparkline": "▇▇███▇▇▆▄▃▃▄▅▄▄▃▄▅▅▄▆▅▅▃▂▁▂▁▁▁"
        },
        "usd2xdr": {
            "current_rate": 0.695927,
            "sparkline": "▄▅▅▅▅▅▆▅▃▃▃▄▅▅▃▃▄▅▅▄▄▄▃▃▃▃▄▃▃▃"
        },
        "eur2xdr": {
            "current_rate": 0.8155827809602385,
            "sparkline": "▄▃▄▆▅▅▇▅▃▃▃▃▄▅▃▃▃▃▄▄▄▃▄▃▂▃▅▄▄▄"
        },
        "cny2xdr": {
            "current_rate": 0.09757207912018888,
            "sparkline": "▄▄▅▅▅▅▆▄▃▃▃▄▅▅▃▄▅▅▆▆▅▅▅▅▅▅▆▅▄▄"
        },
        "rsd2xdr": {
            "current_rate": 0.0069606560058238795,
            "sparkline": "▄▃▄▆▅▅▆▅▃▃▃▃▄▅▄▃▃▃▄▄▄▄▄▃▃▃▅▄▄▄"
        }
    },
    "neer": {
        "rub": {
            "current_rate": 94.21873041565695,
            "sparkline": "▆█▇▅▆▆▅▅▆▄▅▆▆▄▄▄▄▅▄▅▅▅▄▅▄▃▂▂▁▁"
        },
        "usd": {
            "current_rate": 103.75226697376846,
            "sparkline": "▄▅▅▄▄▄▄▄▅▅▅▅▅▄▄▄▄▅▄▄▄▄▄▅▅▄▄▄▄▄"
        },
        "eur": {
            "current_rate": 110.69378439072278,
            "sparkline": "▄▄▄▅▅▅▅▅▄▅▄▄▄▅▅▅▄▄▄▄▄▄▅▄▄▄▅▅▅▅"
        },
        "cny": {
            "current_rate": 104.42171428928206,
            "sparkline": "▄▄▄▃▄▃▃▃▄▄▄▄▅▄▄▄▅▅▅▅▅▅▅▆▆▅▅▅▅▅"
        },
        "rsd": {
            "current_rate": 110.66456119689828,
            "sparkline": "▄▅▅▄▅▄▅▅▅▄▄▅▄▅▅▅▄▅▄▅▄▄▅▄▄▄▄▅▅▅"
        }
    },
    "update_time": "2025-09-08 01:36:33",
    "update_time_display": "08.09 01:36"
}