{
    "rub2rsd": {
        "bank": {
            "current": 1.2049535285301536,
            "sparkline_full": "                     1.24         \n         ▃▃▃▃▃▄▆▇▇▇▇▆▇██▇▇▇▇▆▃▂▁  \n                              1.20"
        },
        "korona": {
            "current": 1.1633956332774478,
            "diff_percent": -3.4489209972603385
        },
        "crypto": {
            "current": 1.169897926138796,
            "diff_percent": -2.90929082004678
        },
        "forex": {
            "current": 1.2590863104911878,
            "diff_percent": 4.492520307158017
        }
    },
    "rub2eur": {
        "bank": {
            "current": 0.010404744563520965,
            "sparkline_full": "                      93.4        \n         ▃▂▃▃▃▄▅▆▆▇▇▆▆▇█▇▇▇▇▆▄▂▁  \n                              96.1"
        },
        "korona": {
            "current": 0.009964844824646234,
            "diff_percent": -4.22787639032504
        },
        "crypto": {
            "current": 0.010048882213450702,
            "diff_percent": -3.4201930465252968
        },
        "forex": {
            "current": 0.010744969903147196,
            "diff_percent": 3.2699057391477084
        }
    },
    "rub2usd": {
        "bank": {
            "current": 0.012232415902140673,
            "sparkline_full": "                  80.1            \n         ▄▄▅▅▅▅▆▇▇▇▇▆▆▇▇▅▅▅▆▆▄▃▂  \n                              81.8"
        },
        "korona": {
            "current": 0.011501686933044467,
            "diff_percent": -5.973709322361484
        },
        "crypto": {
            "current": 0.01179093296213285,
            "diff_percent": -3.6091230345639556
        },
        "forex": {
            "current": 0.012570283598168258,
            "diff_percent": 2.7620684150255066
        }
    },
    "xdr": {
        "rub2xdr": {
            "current_rate": 0.008741031951974003,
            "sparkline": "       ▃█████▂▃▃▂▂▂▂▃▃▃▂▂▂▂▂▁▁"
        },
        "usd2xdr": {
            "current_rate": 0.694035,
            "sparkline": "       ▃█████▁▁▁▁▁▁▂▂▂▂▂▂▂▂▁▁▁"
        },
        "eur2xdr": {
            "current_rate": 0.8134999009549351,
            "sparkline": "       ▃█████▁▁▁▁▁▁▁▁▁▁▁▁▁▁▁▁▁"
        },
        "cny2xdr": {
            "current_rate": 0.09681597522528806,
            "sparkline": "       ▃█████▁▁▁▁▁▁▁▂▂▂▂▂▂▁▁▁▁"
        },
        "rsd2xdr": {
            "current_rate": 0.006942361202040231,
            "sparkline": "       ▃█████▁▁▁▁▁▁▁▁▁▁▁▁▁▁▁▁▁"
        }
    },
    "neer": {
        "rub": {
            "current_rate": 96.43873857678616,
            "sparkline": "▅▅▅▄▄▂▃▂▂▃▂▃▃▅▅▆▆▆▆▅██▆▆▆▆▅▄▄▁"
        },
        "usd": {
            "current_rate": 103.3411525270915,
            "sparkline": "▄▄▄▄▄▃▄▃▃▃▃▄▄▄▄▅▄▄▅▅▆▆▅▆▆▅▅▄▃▄"
        },
        "eur": {
            "current_rate": 110.75454413620997,
            "sparkline": "▄▄▄▄▄▅▅▅▅▅▅▅▅▄▅▄▅▄▅▅▄▄▄▄▄▄▅▅▅▅"
        },
        "cny": {
            "current_rate": 103.56773015262586,
            "sparkline": "▄▄▄▄▄▃▃▃▃▃▃▄▄▄▄▅▅▅▅▅▆▆▆▆▆▅▅▄▄▅"
        },
        "rsd": {
            "current_rate": 110.6060558570823,
            "sparkline": "▄▄▄▅▅▅▆▅▅▅▅▆▅▅▅▅▅▄▄▃▄▅▄▄▄▆▅▅▅▅"
        }
    },
    "update_time": "2025-07-25 17:05:44",
    "update_time_display": "25.07 17:05"
}