{
    "rub2rsd": {
        "bank": {
            "current": 1.1687837705486637,
            "sparkline_full": "    1.21                          \n  ▇▇▇█▇▇█▆▆▆▅▆██▅▄▄▆▅▆▅▄▄▄▄▄▃▃▁▁  \n                              1.17"
        },
        "korona": {
            "current": 1.1359601902726995,
            "diff_percent": -2.8083535298026767
        },
        "crypto": {
            "current": 1.205706825624704,
            "diff_percent": 3.159100597256548
        },
        "forex": {
            "current": 1.232489797905376,
            "diff_percent": 5.450625595768384
        }
    },
    "rub2eur": {
        "bank": {
            "current": 0.010086746015735323,
            "sparkline_full": "    95.8                          \n  ▇▇██▇▇▇▇▇▆▅▆▆▆▄▄▄▆▆▆▅▅▅▅▅▄▄▂▁▁  \n                              99.1"
        },
        "korona": {
            "current": 0.00972985173681113,
            "diff_percent": -3.5382498812544467
        },
        "crypto": {
            "current": 0.01037607857441312,
            "diff_percent": 2.8684429867316745
        },
        "forex": {
            "current": 0.010513586113926925,
            "diff_percent": 4.231692733471542
        }
    },
    "rub2usd": {
        "bank": {
            "current": 0.011849745230477545,
            "sparkline_full": "             82.0                 \n  ▇▇▆▇▇▇▆▇▇▆▅▆█▇▅▅▄▅▄▄▄▄▄▄▄▄▃▂▁▁  \n                             84.4 "
        },
        "korona": {
            "current": 0.011120510917990207,
            "diff_percent": -6.15400836308065
        },
        "crypto": {
            "current": 0.012164726039511211,
            "diff_percent": 2.6581230474351063
        },
        "forex": {
            "current": 0.012261573699414878,
            "diff_percent": 3.475420449362152
        }
    },
    "xdr": {
        "rub2xdr": {
            "current_rate": 0.008572600071830156,
            "sparkline": "▆▇▇███▇▇▆▄▃▃▄▅▄▄▃▄▅▅▄▆▅▅▃▂▁▂▁▁"
        },
        "usd2xdr": {
            "current_rate": 0.695927,
            "sparkline": "▄▄▅▅▅▅▅▆▅▃▃▃▄▅▅▃▃▄▅▅▄▄▄▃▃▃▃▄▃▃"
        },
        "eur2xdr": {
            "current_rate": 0.8153830652011664,
            "sparkline": "▄▄▃▄▆▅▅▇▅▃▃▃▃▄▅▃▃▃▃▄▄▄▃▄▃▂▃▅▄▃"
        },
        "cny2xdr": {
            "current_rate": 0.0975664706253461,
            "sparkline": "▄▄▄▅▅▅▅▆▄▃▃▃▄▅▅▃▄▅▅▆▆▅▅▅▅▅▅▆▅▄"
        },
        "rsd2xdr": {
            "current_rate": 0.006955514022427889,
            "sparkline": "▄▄▃▄▆▅▅▇▅▃▃▃▃▄▅▄▃▃▃▄▄▄▄▄▃▂▃▅▄▃"
        }
    },
    "neer": {
        "rub": {
            "current_rate": 94.35411700985614,
            "sparkline": "▆▆█▇▅▆▆▅▅▆▄▅▅▅▄▃▄▄▅▄▄▄▅▄▄▄▃▂▁▁"
        },
        "usd": {
            "current_rate": 103.72485292006552,
            "sparkline": "▄▄▅▅▄▄▄▄▄▅▅▅▅▅▄▄▄▄▅▄▄▄▄▄▅▅▄▄▄▄"
        },
        "eur": {
            "current_rate": 110.63251131600754,
            "sparkline": "▄▄▄▄▅▅▅▅▅▄▅▄▄▄▅▅▅▄▄▄▄▄▄▅▄▄▄▅▅▅"
        },
        "cny": {
            "current_rate": 104.43771917908315,
            "sparkline": "▄▄▄▄▃▄▃▃▃▄▄▄▄▅▄▄▄▅▅▅▅▅▅▅▆▆▅▅▅▅"
        },
        "rsd": {
            "current_rate": 110.6265163428591,
            "sparkline": "▄▄▅▅▄▅▄▅▅▅▄▄▅▄▅▅▅▄▅▄▅▄▄▅▄▄▄▄▅▅"
        }
    },
    "update_time": "2025-09-07 00:21:23",
    "update_time_display": "07.09 00:21"
}