{
    "rub2rsd": {
        "bank": {
            "current": 1.1999229002019673,
            "sparkline_full": "   1.21                           \n  ▇▇█▇▇█▆▆▆▅▆██▅▄▄▆▅▆▅▄▄▄▄▄▃▃▁▁▆  \n                             1.17 "
        },
        "korona": {
            "current": 1.1283262237662341,
            "diff_percent": -5.966773067143086
        },
        "crypto": {
            "current": 1.1706214828010202,
            "diff_percent": -2.4419416777540652
        },
        "forex": {
            "current": 1.22427291274451,
            "diff_percent": 2.029298093939547
        }
    },
    "rub2eur": {
        "bank": {
            "current": 0.01014301653311695,
            "sparkline_full": "   95.8                           \n  ▇██▇▇▇▇▇▆▅▆▆▆▄▄▄▆▆▆▅▅▅▅▅▄▄▂▁▁▂  \n                             99.1 "
        },
        "korona": {
            "current": 0.00966860517366096,
            "diff_percent": -4.67722159287659
        },
        "crypto": {
            "current": 0.010098088971094184,
            "diff_percent": -0.442940833982443
        },
        "forex": {
            "current": 0.01043927520781245,
            "diff_percent": 2.920814273822932
        }
    },
    "rub2usd": {
        "bank": {
            "current": 0.0121654501216545,
            "sparkline_full": "            82.0                  \n  ▇▆▇▇▇▆▇▇▆▅▆█▇▅▅▄▅▄▄▄▄▄▄▄▄▃▂▁▁▇  \n                             84.4 "
        },
        "korona": {
            "current": 0.011034204479412741,
            "diff_percent": -9.298839179227262
        },
        "crypto": {
            "current": 0.0118436694066179,
            "diff_percent": -2.6450374776008525
        },
        "forex": {
            "current": 0.012261573699414878,
            "diff_percent": 0.7901358091903053
        }
    },
    "xdr": {
        "rub2xdr": {
            "current_rate": 0.008525129172936354,
            "sparkline": "▇▇███▇█▇▅▄▄▅▅▅▅▄▅▅▆▅▆▆▅▄▃▂▃▂▂▁"
        },
        "usd2xdr": {
            "current_rate": 0.696384,
            "sparkline": "▄▅▅▅▅▅▆▅▃▃▄▄▅▅▃▃▄▅▅▄▄▄▄▃▃▄▄▃▃▃"
        },
        "eur2xdr": {
            "current_rate": 0.8166399489646939,
            "sparkline": "▄▄▄▅▅▅▆▅▃▃▃▃▄▅▄▃▃▃▄▄▄▃▄▃▃▃▅▄▄▄"
        },
        "cny2xdr": {
            "current_rate": 0.097639438041558,
            "sparkline": "▄▄▅▅▅▅▆▄▃▃▃▄▅▅▃▄▅▅▆▅▅▅▅▅▅▅▆▅▄▅"
        },
        "rsd2xdr": {
            "current_rate": 0.00696342219466832,
            "sparkline": "▄▄▄▅▅▅▆▅▄▃▃▃▄▅▄▄▄▃▄▄▄▄▄▃▃▃▅▄▄▄"
        }
    },
    "neer": {
        "rub": {
            "current_rate": 94.27208191613416,
            "sparkline": "▆█▇▅▆▆▅▅▆▄▅▆▆▄▄▄▄▅▄▅▅▅▄▅▄▃▂▂▁▁"
        },
        "usd": {
            "current_rate": 103.79427227610411,
            "sparkline": "▄▅▅▄▄▄▄▄▅▅▅▅▅▄▄▄▄▅▄▄▄▄▄▅▅▄▄▄▄▄"
        },
        "eur": {
            "current_rate": 110.65302257475031,
            "sparkline": "▄▄▄▅▅▅▅▅▄▅▄▄▄▅▅▅▄▄▄▄▄▄▅▄▄▄▅▅▅▅"
        },
        "cny": {
            "current_rate": 104.5188714933135,
            "sparkline": "▄▄▄▃▄▃▃▃▄▄▄▄▅▄▄▄▅▅▅▅▅▅▅▆▆▅▅▅▅▅"
        },
        "rsd": {
            "current_rate": 110.67753342940382,
            "sparkline": "▄▅▅▄▅▄▅▅▅▄▄▅▄▅▅▅▄▅▄▅▄▄▅▄▄▄▄▅▅▅"
        }
    },
    "update_time": "2025-09-08 11:50:50",
    "update_time_display": "08.09 11:50"
}