{
    "rub2rsd": {
        "bank": {
            "current": 1.213338890661811,
            "sparkline_full": "                 1.23             \n  ▅▄▄▅▅▄▄▄▄▄▆▇▇▇████▇▃  ▁▁▂▃▃▄▅▇  \n                        1.16      "
        },
        "korona": {
            "current": 1.1616968575363789,
            "diff_percent": -4.256192027048947
        },
        "crypto": {
            "current": 1.1833828358950755,
            "diff_percent": -2.4688943045743836
        },
        "forex": {
            "current": 1.2733188375990827,
            "diff_percent": 4.943379578359668
        }
    },
    "rub2eur": {
        "bank": {
            "current": 0.010450412791305257,
            "sparkline_full": "                 94.7             \n  ▅▅▅▅▅▅▅▄▃▃▅▇▆▇████▇▄  ▁▁▃▃▃▄▆▇  \n                       99.8       "
        },
        "korona": {
            "current": 0.00994887402971492,
            "diff_percent": -4.799224409657935
        },
        "crypto": {
            "current": 0.010108921848122888,
            "diff_percent": -3.2677268353120876
        },
        "forex": {
            "current": 0.010840256233296479,
            "diff_percent": 3.730411896414006
        }
    },
    "rub2usd": {
        "bank": {
            "current": 0.01218769043266301,
            "sparkline_full": "                 80.3             \n  ▄▄▄▅▅▄▄▄▃▃▅▇▇▇████▇▃  ▁▁▂▂▂▃▄▅  \n                        85.0      "
        },
        "korona": {
            "current": 0.011260389572242768,
            "diff_percent": -7.60850355974809
        },
        "crypto": {
            "current": 0.011765961413916066,
            "diff_percent": -3.4602865988186764
        },
        "forex": {
            "current": 0.012783359134413187,
            "diff_percent": 4.887461697860193
        }
    },
    "xdr": {
        "rub2xdr": {
            "current_rate": 0.008813402051895508,
            "sparkline": "▅▄▄▅▅▃▂▂▁▂▅█▇▅▅▅▅█▆▅▆▄▂▂▁▁▂▃▆▇"
        },
        "usd2xdr": {
            "current_rate": 0.69877,
            "sparkline": "▅▅▄▅▄▄▄▅▅▅▅▅▃▃▄▄▄▄▄▄▅▄▄▅▅▅▅▆▆▆"
        },
        "eur2xdr": {
            "current_rate": 0.8130252516379299,
            "sparkline": "▅▅▄▅▅▄▄▄▄▄▅▆▄▄▄▄▄▄▄▄▄▄▄▄▄▄▄▄▄▃"
        },
        "cny2xdr": {
            "current_rate": 0.10014833711939346,
            "sparkline": "▃▃▂▃▃▃▃▃▃▄▄▄▃▂▃▄▃▃▄▅▅▄▅▅▆▆▆▆▇▇"
        },
        "rsd2xdr": {
            "current_rate": 0.006921598732108365,
            "sparkline": "▅▅▅▅▅▄▄▄▅▅▅▆▄▄▄▅▄▄▅▄▅▄▄▅▅▄▄▄▄▃"
        }
    },
    "neer": {
        "rub": {
            "current_rate": 96.9243052752257,
            "sparkline": "▄▄▃▄▄▄▂▃▂▂▃▄▅▅▆▅▆▆▇▆▆▆▂▂▆▆▂▂▃▅"
        },
        "usd": {
            "current_rate": 103.50331420013313,
            "sparkline": "▅▅▅▅▅▅▅▅▅▅▅▄▄▄▄▄▄▄▄▄▄▄▄▄▅▄▄▅▅▅"
        },
        "eur": {
            "current_rate": 110.01784623209151,
            "sparkline": "▅▅▅▅▅▅▅▅▅▅▅▅▅▅▅▅▅▅▅▅▅▄▄▄▄▄▄▄▄▄"
        },
        "cny": {
            "current_rate": 108.24898801747938,
            "sparkline": "▄▄▄▄▄▄▄▄▄▄▄▄▄▄▄▄▄▄▄▄▄▅▄▄▅▅▅▅▅▅"
        },
        "rsd": {
            "current_rate": 110.06770059067894,
            "sparkline": "▅▅▅▄▄▅▅▅▅▅▄▅▅▄▅▅▅▄▅▄▄▄▄▄▅▄▄▄▄▄"
        }
    },
    "specific_rates": {
        "rub_kzt_bank": 6.27,
        "rub_kzt_crypto": 6.065353108873732,
        "kzt_rsd_bank": 0.1951053491286044,
        "rsd_eur_cash": 0.008450704225352114,
        "eur_rsd_cash": 116.76666666666667,
        "rsd_usd_cash": 0.009693053311793215,
        "usd_rsd_cash": 98.0,
        "eur_usd_exch": 1.1635090968958741,
        "usd_kzt_bank": 508.5
    },
    "update_time": "2026-01-10 03:20:43",
    "update_time_display": "10.01 03:20"
}