{
    "rub2rsd": {
        "bank": {
            "current": 1.2366568642080893,
            "sparkline_full": "                         1.26     \n  ▂▄▄▂▂▂▂▃▇▇▆▆▆▆▇▆▆▆▆▆▆▆▅▅▇▇▇▇▇▄  \n    1.21                          "
        },
        "korona": {
            "current": 1.2061653178966212,
            "diff_percent": -2.4656432349157584
        },
        "crypto": {
            "current": 1.248009323139582,
            "diff_percent": 0.9179958693523544
        },
        "forex": {
            "current": 1.3030436451437506,
            "diff_percent": 5.368245861649991
        }
    },
    "rub2eur": {
        "bank": {
            "current": 0.010671219720414044,
            "sparkline_full": "                         92.1     \n  ▂▄▄▂▂▂▂▄▇▆▆▆▆▆▅▇▆▆▆▆▆▅▅▅▇▇▇▇▇▅  \n       96.1                       "
        },
        "korona": {
            "current": 0.010331180453075985,
            "diff_percent": -3.186507974224944
        },
        "crypto": {
            "current": 0.01070934083577721,
            "diff_percent": 0.35723297206824045
        },
        "forex": {
            "current": 0.011116545094920986,
            "diff_percent": 4.1731440845045595
        }
    },
    "rub2usd": {
        "bank": {
            "current": 0.01220703125,
            "sparkline_full": "                          81.0    \n  ▂▄▄▂▁▁▁▂▄▅▄▄▄▄▄▄▅▆▆▆▆▆▆▅▇█▇▇▇▆  \n       84.8                       "
        },
        "korona": {
            "current": 0.01134146984387984,
            "diff_percent": -7.0906790389363445
        },
        "crypto": {
            "current": 0.012225891526391636,
            "diff_percent": 0.1545033842002823
        },
        "forex": {
            "current": 0.012637671635377897,
            "diff_percent": 3.5278060370157363
        }
    },
    "xdr": {
        "rub2xdr": {
            "current_rate": 0.009106110678498995,
            "sparkline": "▁▂▂▂▁▁▁▂▂▃▃▂▅▅▃▃▃▃▃▃▄▃▂▂▄▅▅█▅▄"
        },
        "usd2xdr": {
            "current_rate": 0.717565,
            "sparkline": "▃▃▃▃▃▃▃▃▃▃▃▃▆▆▄▄▃▃▃▃▃▃▃▃▃▃▃▆▄▃"
        },
        "eur2xdr": {
            "current_rate": 0.8191493490778413,
            "sparkline": "▃▃▄▃▃▃▃▂▂▃▃▃▆▆▄▄▄▃▄▄▄▃▃▃▃▄▄▇▄▄"
        },
        "cny2xdr": {
            "current_rate": 0.09979208967262816,
            "sparkline": "▂▂▃▃▃▃▃▃▃▃▃▃▆▆▄▄▄▃▄▄▄▃▃▃▃▃▃▇▄▃"
        },
        "rsd2xdr": {
            "current_rate": 0.006988338965034756,
            "sparkline": "▄▄▄▄▄▄▄▃▂▂▂▃▆▆▄▄▄▄▄▄▄▄▃▃▃▄▄▇▅▄"
        }
    },
    "neer": {
        "rub": {
            "current_rate": 98.05636241513022,
            "sparkline": "▂▁▂▃▃▁▁▄▄▄▅▅▄▄▄▄▃▅▄▄▄▄▄▄▅███▇▅"
        },
        "usd": {
            "current_rate": 104.51779594704938,
            "sparkline": "▄▄▄▅▅▅▅▆▆▅▅▅▅▅▅▅▄▄▄▃▃▃▃▄▄▄▄▄▄▃"
        },
        "eur": {
            "current_rate": 108.60051655088436,
            "sparkline": "▅▅▅▅▅▅▅▄▄▄▄▄▄▄▄▄▅▅▄▅▅▅▅▅▄▅▅▅▅▅"
        },
        "cny": {
            "current_rate": 103.55617829330471,
            "sparkline": "▃▄▄▄▄▄▄▆▆▅▅▅▅▅▅▅▄▄▄▄▄▄▄▄▅▄▄▄▄▄"
        },
        "rsd": {
            "current_rate": 109.66330562617239,
            "sparkline": "▅▅▅▅▄▆▆▆▄▃▄▄▄▄▄▅▅▄▅▄▄▅▅▄▄▄▄▄▄▅"
        }
    },
    "update_time": "2025-06-03 11:20:44",
    "update_time_display": "03.06 11:20"
}