{
    "rub2rsd": {
        "bank": {
            "current": 1.2294214277121887,
            "sparkline_full": "                1.26              \n  ▁▂▄▄▄▄▅▅▆▆▆▆▆▅████▇▅▄ ▆▆▆  ▆▆▅  \n 1.19                             "
        },
        "korona": {
            "current": 1.199911523853748,
            "diff_percent": -2.400308242012267
        },
        "crypto": {
            "current": 1.234450721784614,
            "diff_percent": 0.4090781207371817
        },
        "forex": {
            "current": 1.2967372503736816,
            "diff_percent": 5.475406654230838
        }
    },
    "rub2eur": {
        "bank": {
            "current": 0.010594342621040365,
            "sparkline_full": "                92.2              \n  ▁▂▃▃▃▄▄▅▆▆▆▆▅▅████▇▅▅▅▆▅▅▅▆▅▆▅  \n 97.7                             "
        },
        "korona": {
            "current": 0.01026881920285621,
            "diff_percent": -3.0726155442402403
        },
        "crypto": {
            "current": 0.010520261755255061,
            "diff_percent": -0.6992492921474797
        },
        "forex": {
            "current": 0.011046424092627589,
            "diff_percent": 4.267197010311809
        }
    },
    "rub2usd": {
        "bank": {
            "current": 0.012504689258471927,
            "sparkline_full": "                78.6              \n  ▁▂▃▃▃▄▄▄▅▅▅▅▅▅█████▇▇████▇▇▇▇▆  \n 83.5                             "
        },
        "korona": {
            "current": 0.011822759082227585,
            "diff_percent": -5.453395619426009
        },
        "crypto": {
            "current": 0.012392868347690461,
            "diff_percent": -0.8942318235193851
        },
        "forex": {
            "current": 0.013062964796616169,
            "diff_percent": 4.464529478539498
        }
    },
    "xdr": {
        "rub2xdr": {
            "current_rate": 0.009019933361100085,
            "sparkline": "▁▂▃▃▄▄▄▄▅▆▆▆▆▆████▇▅▅▅▆▆▆▅▅▅▆▆"
        },
        "usd2xdr": {
            "current_rate": 0.692248,
            "sparkline": "▆▆▆▆▆▆▆▆▆▆▇▆▆▆▆▅▅▄▄▃▃▂▃▄▄▄▄▄▄▄"
        },
        "eur2xdr": {
            "current_rate": 0.8165478063729248,
            "sparkline": "▄▄▄▄▄▄▄▄▄▄▄▄▅▅▄▄▅▅▄▅▅▄▄▄▄▄▄▄▄▄"
        },
        "cny2xdr": {
            "current_rate": 0.09974898773757547,
            "sparkline": "▅▅▅▆▆▆▆▆▆▆▆▆▆▆▅▅▅▄▄▃▃▃▃▄▄▄▄▄▅▅"
        },
        "rsd2xdr": {
            "current_rate": 0.006955868167202573,
            "sparkline": "▄▄▄▄▅▄▄▄▄▄▄▄▅▅▄▄▅▅▄▅▅▄▄▄▄▄▄▄▄▄"
        }
    },
    "neer": {
        "rub": {
            "current_rate": 99.28200545026715,
            "sparkline": "▃▄▂▂▃▃▃▃▃▅▅▃▄▄▅▇▇▇▆▅▄▅▆▅▆▆▄▄▅▅"
        },
        "usd": {
            "current_rate": 102.25600816646919,
            "sparkline": "▆▆▆▆▆▆▆▆▆▆▆▆▅▅▅▅▄▄▄▄▃▃▃▄▄▄▄▄▄▄"
        },
        "eur": {
            "current_rate": 110.40063550929095,
            "sparkline": "▄▄▄▄▄▄▄▄▄▄▄▄▅▅▄▄▅▅▅▅▅▅▅▅▅▅▄▄▄▄"
        },
        "cny": {
            "current_rate": 108.02957376001443,
            "sparkline": "▅▅▅▅▅▆▆▆▆▆▆▆▅▅▅▅▄▄▄▄▃▃▄▄▄▅▅▅▅▅"
        },
        "rsd": {
            "current_rate": 110.18885869470569,
            "sparkline": "▅▅▄▄▄▅▄▄▄▄▄▄▄▄▄▄▄▄▅▄▅▅▅▅▅▅▅▅▅▅"
        }
    },
    "specific_rates": {
        "rub_kzt_bank": 6.24,
        "rub_kzt_crypto": 6.196434173845231,
        "kzt_rsd_bank": 0.19921953290412653,
        "rsd_eur_cash": 0.008449514152936207,
        "eur_rsd_cash": 116.85,
        "rsd_usd_cash": 0.009853025699975367,
        "usd_rsd_cash": 97.38333333333333,
        "eur_usd_exch": 1.1795596467926592,
        "usd_kzt_bank": 493.0
    },
    "update_time": "2026-02-06 08:50:44",
    "update_time_display": "06.02 08:50"
}