{
    "rub2rsd": {
        "bank": {
            "current": 1.1987359826380282,
            "sparkline_full": " 1.24                             \n  █▇▅▄▃▄▄▃▁▁▅▆▅▅▅▄▄▅▅▄▃▃▄▄▃▄▃▃▂▂  \n         1.19                     "
        },
        "korona": {
            "current": 1.1571162241431352,
            "diff_percent": -3.4719704002962697
        },
        "crypto": {
            "current": 1.1432524777968536,
            "diff_percent": -4.628500824599712
        },
        "forex": {
            "current": 1.2488083429976775,
            "diff_percent": 4.1770966321922165
        }
    },
    "rub2eur": {
        "bank": {
            "current": 0.010311404413281088,
            "sparkline_full": " 93.9                             \n  █▇▆▄▄▄▄▄▁▁▅▆▅▅▅▅▄▅▅▄▄▄▄▄▃▃▃▃▃▂  \n         97.6                     "
        },
        "korona": {
            "current": 0.009911059735701373,
            "diff_percent": -3.8825426831680763
        },
        "crypto": {
            "current": 0.00982461484278351,
            "diff_percent": -4.720885254685508
        },
        "forex": {
            "current": 0.010658085328479472,
            "diff_percent": 3.3621115155939316
        }
    },
    "rub2usd": {
        "bank": {
            "current": 0.012075836251660426,
            "sparkline_full": " 80.4                             \n  ██▇▆▆▆▆▅▁▁▃▄▄▄▄▄▄▅▅▄▄▄▅▅▅▄▄▄▄▃  \n          84.1                    "
        },
        "korona": {
            "current": 0.011110855375860009,
            "diff_percent": -7.991006632503256
        },
        "crypto": {
            "current": 0.011482632098136809,
            "diff_percent": -4.912323595329076
        },
        "forex": {
            "current": 0.012433851907850237,
            "diff_percent": 2.964727648907821
        }
    },
    "xdr": {
        "rub2xdr": {
            "current_rate": 0.008659341092864804,
            "sparkline": "██▇▆▅▅▅▃▁▁▂▂▄▄▇▆▆▇▆▅▅▆▆▆▆▆▆▅▄▃"
        },
        "usd2xdr": {
            "current_rate": 0.697125,
            "sparkline": "▅▄▄▃▃▃▃▃▃▃▃▃▃▃▆▆▆▆▅▅▅▅▅▅▅▅▆▅▄▄"
        },
        "eur2xdr": {
            "current_rate": 0.8124668574125764,
            "sparkline": "▆▆▆▆▆▆▆▅▃▂▁▂▄▄▆▆▆▇▆▆▆▆▆▇▇▇█▇▆▅"
        },
        "cny2xdr": {
            "current_rate": 0.09705882352941177,
            "sparkline": "▆▅▄▄▄▄▄▄▄▄▃▃▃▃▆▆▆▆▅▅▅▅▅▆▆▆▆▅▄▄"
        },
        "rsd2xdr": {
            "current_rate": 0.006934083313439962,
            "sparkline": "▆▆▆▆▆▆▆▅▃▃▂▂▄▄▆▆▆▇▆▆▆▆▆▇▇▇▇▇▆▅"
        }
    },
    "neer": {
        "rub": {
            "current_rate": 95.65901492663093,
            "sparkline": "███▇▆▅▅▇▆▁▂▆▆▅▅▆▅▄▆▅▅▆▆▅▅▅▄▄▄▄"
        },
        "usd": {
            "current_rate": 104.09674538485874,
            "sparkline": "▄▃▃▃▃▃▃▄▅▅▆▆▅▅▅▅▄▄▄▄▄▄▄▄▃▄▄▄▄▄"
        },
        "eur": {
            "current_rate": 110.42021420429117,
            "sparkline": "▅▅▅▅▅▆▆▅▄▄▃▃▅▅▄▄▅▅▅▅▅▅▅▅▅▅▅▅▅▅"
        },
        "cny": {
            "current_rate": 103.80339426901074,
            "sparkline": "▄▄▄▃▄▄▄▄▅▅▆▆▄▄▅▅▄▄▄▄▄▄▄▄▄▄▄▄▄▄"
        },
        "rsd": {
            "current_rate": 110.49661088748353,
            "sparkline": "▄▅▅▅▅▅▅▄▅▄▃▅▄▄▅▅▅▄▄▅▅▄▆▅▅▅▅▅▅▅"
        }
    },
    "update_time": "2025-08-19 09:05:43",
    "update_time_display": "19.08 09:05"
}