{
    "rub2rsd": {
        "bank": {
            "current": 1.2071004201084952,
            "sparkline_full": "    1.24                          \n  ▇▆▇█▇▇▇▇▇▆▅▄▃▄▄▃▁▁▄▆▄▄▅▄▄▄▄▃▃▃  \n                 1.19             "
        },
        "korona": {
            "current": 1.1701306846467725,
            "diff_percent": -3.0626893045401964
        },
        "crypto": {
            "current": 1.1894132993299764,
            "diff_percent": -1.4652567826071188
        },
        "forex": {
            "current": 1.261627961861518,
            "diff_percent": 4.517233267810635
        }
    },
    "rub2eur": {
        "bank": {
            "current": 0.010402579839800271,
            "sparkline_full": "     93.4                         \n  ▇▇▇▇█▇▇▇▇▇▅▄▃▃▃▃▁▁▄▆▅▅▄▄▄▄▄▃▃▃  \n                 97.6             "
        },
        "korona": {
            "current": 0.01002682677503661,
            "diff_percent": -3.6121142115730724
        },
        "crypto": {
            "current": 0.010226614996169352,
            "diff_percent": -1.6915500418240268
        },
        "forex": {
            "current": 0.010763511440966668,
            "diff_percent": 3.4696354820125674
        }
    },
    "rub2usd": {
        "bank": {
            "current": 0.012149192078726764,
            "sparkline_full": " 80.1                             \n  █████▇▇▇█▇▆▆▅▅▅▅▁▁▃▃▃▃▄▄▃▅▅▄▄▄  \n                  84.1            "
        },
        "korona": {
            "current": 0.01142798747925553,
            "diff_percent": -5.93623505824773
        },
        "crypto": {
            "current": 0.011920074701146798,
            "diff_percent": -1.885865134860704
        },
        "forex": {
            "current": 0.012534532637416081,
            "diff_percent": 3.1717381385717656
        }
    },
    "xdr": {
        "rub2xdr": {
            "current_rate": 0.008778578596822767,
            "sparkline": "▇▇███████▇▆▅▄▅▅▃▁▁▂▂▄▄▆▆▆▆▅▅▅▅"
        },
        "usd2xdr": {
            "current_rate": 0.700227,
            "sparkline": "▄▄▄▅▅▅▅▅▅▄▄▃▃▃▃▃▃▃▃▃▃▃▆▆▆▆▅▅▅▅"
        },
        "eur2xdr": {
            "current_rate": 0.8155868691151189,
            "sparkline": "▆▅▆▆▆▆▆▆▇▆▆▆▆▆▆▅▃▃▂▃▄▄▆▆▆▇▆▆▆▆"
        },
        "cny2xdr": {
            "current_rate": 0.09746763731521951,
            "sparkline": "▄▄▅▅▅▅▅▅▅▅▄▄▄▄▄▄▄▄▃▃▃▃▆▆▆▆▅▅▅▅"
        },
        "rsd2xdr": {
            "current_rate": 0.0069581357279606204,
            "sparkline": "▆▅▆▆▆▆▆▆▇▆▆▆▆▆▆▅▄▃▂▃▄▄▆▆▆▇▆▆▆▆"
        }
    },
    "neer": {
        "rub": {
            "current_rate": 96.4723830385601,
            "sparkline": "▇█▇██▇▇▇▇▇▇▆▆▄▄▆▆▁▂▅▅▅▄▅▅▄▅▄▄▄"
        },
        "usd": {
            "current_rate": 103.83508121935533,
            "sparkline": "▃▄▄▄▅▄▄▄▄▄▃▃▃▃▃▄▅▅▆▆▅▅▅▅▅▄▄▄▄▄"
        },
        "eur": {
            "current_rate": 110.47383330296758,
            "sparkline": "▅▅▅▄▄▅▅▅▅▅▅▅▅▆▆▅▄▄▄▃▅▅▄▄▄▅▅▅▅▅"
        },
        "cny": {
            "current_rate": 103.70740542205256,
            "sparkline": "▄▄▄▄▅▄▄▄▄▄▄▄▄▄▄▄▅▅▅▅▄▄▅▅▅▄▄▄▄▄"
        },
        "rsd": {
            "current_rate": 110.32270005328513,
            "sparkline": "▅▅▅▅▅▅▅▅▄▅▅▅▅▅▅▄▆▄▃▅▅▅▅▆▅▅▅▅▅▅"
        }
    },
    "update_time": "2025-08-11 05:20:44",
    "update_time_display": "11.08 05:20"
}