{
    "rub2rsd": {
        "bank": {
            "current": 1.197579041166065,
            "sparkline_full": " 1.24                             \n  █▇▅▄▃▄▄▃▁▁▅▆▅▅▅▄▄▅▅▄▃▃▄▄▃▄▃▃▂▂  \n         1.19                     "
        },
        "korona": {
            "current": 1.1527716248626585,
            "diff_percent": -3.741499705921551
        },
        "crypto": {
            "current": 1.1478772167439517,
            "diff_percent": -4.150191570964645
        },
        "forex": {
            "current": 1.2440103003324259,
            "diff_percent": 3.877093500329757
        }
    },
    "rub2eur": {
        "bank": {
            "current": 0.010308215647871353,
            "sparkline_full": " 93.9                             \n  █▇▆▄▄▄▄▄▁▁▅▆▅▅▅▅▄▅▅▄▄▄▄▄▃▃▃▃▃▂  \n         97.6                     "
        },
        "korona": {
            "current": 0.009873846893898574,
            "diff_percent": -4.213811282289932
        },
        "crypto": {
            "current": 0.009861238674469502,
            "diff_percent": -4.336123618971351
        },
        "forex": {
            "current": 0.01061998134877755,
            "diff_percent": 3.024439064491027
        }
    },
    "rub2usd": {
        "bank": {
            "current": 0.012064181445288938,
            "sparkline_full": " 80.4                             \n  ██▇▆▆▆▆▅▁▁▃▄▄▄▄▄▄▅▅▄▄▄▅▅▅▄▄▄▄▃  \n          84.1                    "
        },
        "korona": {
            "current": 0.011069137687295762,
            "diff_percent": -8.247917710005437
        },
        "crypto": {
            "current": 0.011518436678858652,
            "diff_percent": -4.523678368940643
        },
        "forex": {
            "current": 0.012446077369795363,
            "diff_percent": 3.165535318233754
        }
    },
    "xdr": {
        "rub2xdr": {
            "current_rate": 0.008631672431371225,
            "sparkline": "██▇▆▅▅▅▃▁▁▂▂▄▄▇▆▆▇▆▅▅▆▆▆▆▆▆▅▄▃"
        },
        "usd2xdr": {
            "current_rate": 0.697125,
            "sparkline": "▅▄▄▃▃▃▃▃▃▃▃▃▃▃▆▆▆▆▅▅▅▅▅▅▅▅▆▅▄▄"
        },
        "eur2xdr": {
            "current_rate": 0.812776609288942,
            "sparkline": "▆▆▆▆▆▆▆▅▃▂▁▂▄▄▆▆▆▇▆▆▆▆▆▇▇▇█▇▆▅"
        },
        "cny2xdr": {
            "current_rate": 0.0970601748719091,
            "sparkline": "▆▅▄▄▄▄▄▄▄▄▃▃▃▃▆▆▆▆▅▅▅▅▅▆▆▆▆▅▄▄"
        },
        "rsd2xdr": {
            "current_rate": 0.006938585982016916,
            "sparkline": "▆▆▆▆▆▆▆▅▃▃▂▂▄▄▆▆▆▇▆▆▆▆▆▇▇▇▇▇▆▅"
        }
    },
    "neer": {
        "rub": {
            "current_rate": 95.65901492663093,
            "sparkline": "███▇▆▅▅▇▆▁▂▆▆▅▅▆▅▄▆▅▅▆▆▅▅▅▄▄▄▄"
        },
        "usd": {
            "current_rate": 104.09674538485874,
            "sparkline": "▄▃▃▃▃▃▃▄▅▅▆▆▅▅▅▅▄▄▄▄▄▄▄▄▃▄▄▄▄▄"
        },
        "eur": {
            "current_rate": 110.42021420429117,
            "sparkline": "▅▅▅▅▅▆▆▅▄▄▃▃▅▅▄▄▅▅▅▅▅▅▅▅▅▅▅▅▅▅"
        },
        "cny": {
            "current_rate": 103.80339426901074,
            "sparkline": "▄▄▄▃▄▄▄▄▅▅▆▆▄▄▅▅▄▄▄▄▄▄▄▄▄▄▄▄▄▄"
        },
        "rsd": {
            "current_rate": 110.49661088748353,
            "sparkline": "▄▅▅▅▅▅▅▄▅▄▃▅▄▄▅▅▅▄▄▅▅▄▆▅▅▅▅▅▅▅"
        }
    },
    "update_time": "2025-08-19 20:20:42",
    "update_time_display": "19.08 20:20"
}