{
    "rub2rsd": {
        "bank": {
            "current": 1.3160136506494424,
            "sparkline_full": "  1.36                            \n  ▇█▇▇▇▇▆▇▇▇▇▆▅▃▁▂▃▃▄▅▆▆▆▅▅▅▅ ▃▃  \n               1.30               "
        },
        "korona": {
            "current": 1.2972317655029435,
            "diff_percent": -1.4271801160444049
        },
        "crypto": {
            "current": 1.379458934323134,
            "diff_percent": 4.821020180328818
        },
        "forex": {
            "current": 1.3972062577450202,
            "diff_percent": 6.1695869990033785
        }
    },
    "rub2eur": {
        "bank": {
            "current": 0.011496895838123706,
            "sparkline_full": "    85.8                          \n  ████▇▆▆████▇▅▃▁▂▂▂▃▆▆▆▆▅▅▅▆ ▅▆  \n               89.4               "
        },
        "korona": {
            "current": 0.011100100674583087,
            "diff_percent": -3.451324332476301
        },
        "crypto": {
            "current": 0.011995938611535549,
            "diff_percent": 4.340674043136212
        },
        "forex": {
            "current": 0.011906322985837232,
            "diff_percent": 3.5611973308122478
        }
    },
    "rub2usd": {
        "bank": {
            "current": 0.013135426244581638,
            "sparkline_full": "         73.7                     \n  ▇▇▇▇▇▇▇████▇▅▃▁▂▂▂▂▅▅▅▅▅▅▅▅ ▃▃  \n               76.9               "
        },
        "korona": {
            "current": 0.012520333611648912,
            "diff_percent": -4.682700214516846
        },
        "crypto": {
            "current": 0.013678295855836266,
            "diff_percent": 4.132866350481484
        },
        "forex": {
            "current": 0.013631573996954707,
            "diff_percent": 3.7771728388161736
        }
    },
    "xdr": {
        "rub2xdr": {
            "current_rate": 0.00959712509984319,
            "sparkline": "▅█▅▃▄▃▃▄▄▄▄▃▂▁▁▁▁▁▂▃▄▃▃▂▂▂▃ ▁▁"
        },
        "usd2xdr": {
            "current_rate": 0.703697,
            "sparkline": "▃▇▄▂▂▂▂▂▂▂▂▂▂▂▂▂▂▂▃▃▃▃▃▃▃▃▃ ▃▃"
        },
        "eur2xdr": {
            "current_rate": 0.8060528100286821,
            "sparkline": "▃▇▄▃▃▃▃▃▃▃▃▃▃▃▃▃▂▂▃▃▃▃▃▃▃▃▃ ▂▂"
        },
        "cny2xdr": {
            "current_rate": 0.10395417546865998,
            "sparkline": "▃▇▄▂▂▂▂▂▂▂▂▂▃▃▃▃▃▃▃▃▃▃▃▃▃▃▃ ▃▃"
        },
        "rsd2xdr": {
            "current_rate": 0.006868796247257143,
            "sparkline": "▃▇▄▃▃▃▃▃▃▃▃▃▃▃▃▃▂▂▃▃▃▃▃▃▃▃▃ ▂▂"
        }
    },
    "neer": {
        "rub": {
            "current_rate": 105.87086153332619,
            "sparkline": "██▆▆█▆▆█▇▆▆▇▆▄▃▁▂▂▁▃▇▇▆▄▄▆▅▄▃▄"
        },
        "usd": {
            "current_rate": 103.43478001093656,
            "sparkline": "▄▄▄▄▃▃▃▄▃▄▄▃▃▄▄▄▅▅▄▄▅▅▄▄▄▄▄▄▅▆"
        },
        "eur": {
            "current_rate": 108.37869969450892,
            "sparkline": "▅▅▅▅▅▅▅▅▅▅▅▅▅▅▅▅▄▄▅▅▅▅▅▄▅▅▅▅▄▄"
        },
        "cny": {
            "current_rate": 113.05848017900954,
            "sparkline": "▄▄▃▃▄▄▄▅▅▃▃▅▅▅▅▆▅▅▆▆▆▆▆▄▄▆▆▄▅▅"
        },
        "rsd": {
            "current_rate": 109.12934648869542,
            "sparkline": "█▇▂▂▇▇▇▇▇▂▂▇▇▇▇▇▂▂▇▇▇▇▇▂▂▇▇▂▂▁"
        }
    },
    "specific_rates": {
        "rub_kzt_bank": 6.45,
        "rub_kzt_crypto": 6.729721561071443,
        "kzt_rsd_bank": 0.20498009045466503,
        "rsd_eur_cash": 0.00845725562055113,
        "eur_rsd_cash": 116.86666666666667,
        "rsd_usd_cash": 0.009651578033008399,
        "usd_rsd_cash": 99.62,
        "eur_usd_exch": 1.1454543788429994,
        "usd_kzt_bank": 485.0
    },
    "conversion_rates": {
        "rub_usd": {
            "rub_to_usd": [
                0.013135426244581638,
                0.013071895424836602
            ],
            "usd_to_rub": [
                71.39,
                71.8
            ]
        },
        "rub_eur": {
            "rub_to_eur": [
                0.011496895838123706,
                0.011389521640091117
            ],
            "eur_to_rub": [
                81.47,
                82.5
            ]
        },
        "rub_kzt": {
            "rub_to_kzt": [
                6.45,
                6.389776357827476
            ],
            "kzt_to_rub": [
                0.14705882352941177,
                0.148
            ]
        },
        "rub_rsd": {
            "rub_to_rsd": [
                1.370188990856714
            ],
            "rsd_to_rub": [
                0.7298263280999999
            ]
        },
        "usd_eur": {
            "usd_to_eur": [
                0.867980210051211
            ],
            "eur_to_usd": [
                1.1321
            ]
        },
        "usd_kzt": {
            "usd_to_kzt": [
                485.0
            ],
            "kzt_to_usd": [
                0.0020325203252032522
            ]
        },
        "usd_rsd": {
            "usd_to_rsd": [
                100.18811922394204
            ],
            "rsd_to_usd": [
                0.0099812234
            ]
        },
        "eur_kzt": {
            "eur_to_kzt": [
                554.0
            ],
            "kzt_to_eur": [
                0.0017825311942959
            ]
        },
        "eur_rsd": {
            "eur_to_rsd": [
                114.98601988471638
            ],
            "rsd_to_eur": [
                0.0086967094
            ]
        },
        "kzt_rsd": {
            "kzt_to_rsd": [
                0.20498009045466503
            ],
            "rsd_to_kzt": [
                4.8785225813
            ]
        },
        "eur_usd_forex": {
            "eur_to_usd": [
                1.1454543788429994
            ],
            "usd_to_eur": [
                0.873016
            ]
        }
    },
    "update_time": "2026-06-19 08:22:04",
    "update_time_display": "19.06 08:22"
}