{
    "rub2rsd": {
        "bank": {
            "current": 1.139982160602569,
            "sparkline_full": "     1.20                         \n  ▇▇█▇█▇▇▇▇▇▇▆▆▅▅▅▄▂▁▂▃▃▃▄▃▃▃▃▃▂  \n                   1.13           "
        },
        "korona": {
            "current": 1.1086468289818685,
            "diff_percent": -2.748756314233673
        },
        "crypto": {
            "current": 1.1128274376352345,
            "diff_percent": -2.382030518177687
        },
        "forex": {
            "current": 1.1913868106073093,
            "diff_percent": 4.50925038840686
        }
    },
    "rub2eur": {
        "bank": {
            "current": 0.00984348853233586,
            "sparkline_full": "    96.8                          \n  ▇▇▇█▇▇▇▇▇▇▇▆▆▅▅▅▃▂▁▂▂▂▃▃▃▃▃▃▃▂  \n                   103            "
        },
        "korona": {
            "current": 0.009495904316761186,
            "diff_percent": -3.531108046023115
        },
        "crypto": {
            "current": 0.009572524796732235,
            "diff_percent": -2.7527205899972333
        },
        "forex": {
            "current": 0.0101848992976385,
            "diff_percent": 3.4683919647095123
        }
    },
    "rub2usd": {
        "bank": {
            "current": 0.011564704521799469,
            "sparkline_full": "   83.0                           \n  ▇▇▇▇▇▇▇▇▇▇▇▆▆▆▆▆▄▃▂▂▃▃▄▅▄▄▄▄▄▃  \n                   87.6           "
        },
        "korona": {
            "current": 0.010826629189276061,
            "diff_percent": -6.382137400329905
        },
        "crypto": {
            "current": 0.011223565770847519,
            "diff_percent": -2.9498267794815067
        },
        "forex": {
            "current": 0.011963096240716637,
            "diff_percent": 3.4448931934767564
        }
    },
    "xdr": {
        "rub2xdr": {
            "current_rate": 0.008301829286610319,
            "sparkline": "█▇███████▇▇▆▆▆▆▅▂▁▁▁▂▂▃▃▂▁▂▂▂▂"
        },
        "usd2xdr": {
            "current_rate": 0.695022,
            "sparkline": "▅▅▅▆▆▅▅▅▅▅▅▅▅▅▅▅▄▅▅▅▄▄▅▅▅▃▄▄▄▄"
        },
        "eur2xdr": {
            "current_rate": 0.8151115729278937,
            "sparkline": "▄▄▄▄▄▄▄▄▄▄▄▄▅▄▄▄▄▄▄▄▄▄▄▅▅▄▄▄▄▄"
        },
        "cny2xdr": {
            "current_rate": 0.09770189915233986,
            "sparkline": "▄▄▅▅▅▅▅▅▅▅▅▅▅▅▄▅▄▅▅▅▄▄▅▅▅▄▄▄▄▅"
        },
        "rsd2xdr": {
            "current_rate": 0.006968206473914599,
            "sparkline": "▄▄▄▄▄▄▄▄▄▄▄▄▅▄▄▄▄▄▄▄▄▄▄▅▅▄▄▄▄▄"
        }
    },
    "neer": {
        "rub": {
            "current_rate": 91.51578513843933,
            "sparkline": "████████████▇▇▇▇▅▄▂▁▃▃▁▁▃▃▄▄▄▄"
        },
        "usd": {
            "current_rate": 103.42466031039547,
            "sparkline": "▅▅▅▅▅▅▅▅▅▅▅▅▅▅▅▅▄▅▅▅▄▄▄▄▄▄▄▄▄▄"
        },
        "eur": {
            "current_rate": 110.79299467168201,
            "sparkline": "▅▄▄▄▄▄▄▄▄▄▄▄▄▄▅▅▅▄▄▄▄▅▅▅▅▅▅▅▅▅"
        },
        "cny": {
            "current_rate": 104.73104612699649,
            "sparkline": "▄▄▅▅▅▅▅▅▅▅▅▅▅▅▅▅▅▅▅▅▅▅▅▄▄▄▅▅▅▅"
        },
        "rsd": {
            "current_rate": 110.8352426598597,
            "sparkline": "▄▅▄▄▄▄▄▄▄▅▄▄▄▄▄▄▅▅▅▅▅▄▄▅▅▅▅▅▅▅"
        }
    },
    "update_time": "2025-09-22 08:35:51",
    "update_time_display": "22.09 08:35"
}