{
    "rub2rsd": {
        "bank": {
            "current": 1.1892026810152685,
            "sparkline_full": "   1.22                           \n  ▆██▃▁▁▁▂▂▄▄▁▁▁▅▆▄▃▄▄▄▃▄▄▃▃▃▃▂▂  \n      1.18                        "
        },
        "korona": {
            "current": 1.1587902350148784,
            "diff_percent": -2.5573812173401573
        },
        "crypto": {
            "current": 1.2318967576681195,
            "diff_percent": 3.590142986929812
        },
        "forex": {
            "current": 1.2500738701912482,
            "diff_percent": 5.118655562062101
        }
    },
    "rub2eur": {
        "bank": {
            "current": 0.01026167265264238,
            "sparkline_full": "  95.0                            \n  ▆██▂▁▁▂▃▂▃▂▁▁▁▄▆▅▄▃▃▃▄▄▄▃▃▃▃▂▂  \n      98.2                        "
        },
        "korona": {
            "current": 0.009922362868628928,
            "diff_percent": -3.306573845211095
        },
        "crypto": {
            "current": 0.0106006095076527,
            "diff_percent": 3.302939652075561
        },
        "forex": {
            "current": 0.010668375019838717,
            "diff_percent": 3.9633145683282938
        }
    },
    "rub2usd": {
        "bank": {
            "current": 0.011899095668729176,
            "sparkline_full": "   81.4                           \n  ▅██▃▂▂▂▃▁▄▃▁▁▁▅▆▅▂▁▁▁▁▁▁▁▂▂▁▁▁  \n              84.3                "
        },
        "korona": {
            "current": 0.011306189787932791,
            "diff_percent": -4.982781022212819
        },
        "crypto": {
            "current": 0.01226699319919659,
            "diff_percent": 3.0918108460481455
        },
        "forex": {
            "current": 0.012291626206730402,
            "diff_percent": 3.2988266413622993
        }
    },
    "xdr": {
        "rub2xdr": {
            "current_rate": 0.008705972624843588,
            "sparkline": "▆█▆▂▂▁▁▂▁▁▃▇▆▅▆▆▅▅▅▄▄▅▄▄▅▄▄▃▃▃"
        },
        "usd2xdr": {
            "current_rate": 0.704773,
            "sparkline": "▄▄▃▃▃▃▃▃▃▄▄▄▄▃▃▃▃▄▄▄▅▆▆▆▆▅▅▅▅▄"
        },
        "eur2xdr": {
            "current_rate": 0.8160542358751093,
            "sparkline": "▄▅▅▅▄▄▄▄▃▄▄▄▄▄▅▄▃▄▄▄▄▄▄▅▆▅▅▄▅▄"
        },
        "cny2xdr": {
            "current_rate": 0.09899192359013975,
            "sparkline": "▄▄▃▃▃▃▃▃▃▄▄▄▄▄▄▄▄▄▄▄▅▆▆▆▆▅▅▅▅▅"
        },
        "rsd2xdr": {
            "current_rate": 0.006964366532604721,
            "sparkline": "▄▅▅▅▅▄▄▄▃▄▄▄▄▄▅▄▃▄▃▄▄▄▄▅▆▅▅▄▅▄"
        }
    },
    "neer": {
        "rub": {
            "current_rate": 95.55447955843998,
            "sparkline": "▄▅█▇▂▁▇▁▂▁▂▆▅▁█▅█▅▅▃▅▅▄▃▃▄▃▃▃▃"
        },
        "usd": {
            "current_rate": 104.40592291812276,
            "sparkline": "▅▄▄▃▃▃▃▄▄▄▄▄▄▄▄▃▅▅▅▄▅▅▆▅▅▄▅▅▅▄"
        },
        "eur": {
            "current_rate": 110.20914893746712,
            "sparkline": "▄▅▅▅▅▅▅▄▄▄▅▅▅▅▅▅▄▄▄▅▄▄▄▄▄▅▅▄▄▅"
        },
        "cny": {
            "current_rate": 106.18670485382088,
            "sparkline": "▄▄▄▃▃▃▄▄▄▅▅▄▄▅▅▅▆▅▅▅▅▆▆▆▆▅▅▅▅▅"
        },
        "rsd": {
            "current_rate": 110.32938989530165,
            "sparkline": "▅▅▅▅▄▅▅▅▅▅▄▄▄▄▅▄▆▄▄▃▃▄▄▄▄▄▄▅▄▄"
        }
    },
    "update_time": "2025-11-12 06:05:45",
    "update_time_display": "12.11 06:05"
}