{
    "rub2rsd": {
        "bank": {
            "current": 1.202280198198575,
            "sparkline_full": "    1.24                          \n  ▇▆▇█▇▇▇▇▇▆▅▄▃▄▄▃▁▁▄▆▄▄▅▄▄▄▄▃▃▃  \n                 1.19             "
        },
        "korona": {
            "current": 1.1690437924491064,
            "diff_percent": -2.764447572143995
        },
        "crypto": {
            "current": 1.1492523090465092,
            "diff_percent": -4.410609875428334
        },
        "forex": {
            "current": 1.2616004475582083,
            "diff_percent": 4.9339787387761485
        }
    },
    "rub2eur": {
        "bank": {
            "current": 0.010770059235325796,
            "sparkline_full": "                              92.8\n  ▇▆▆▇▇▇▆▆▇▆▅▄▃▃▃▃▁▁▄▅▄▄▄▄▃▄▄▃▃█  \n                 97.6             "
        },
        "korona": {
            "current": 0.010010160913937301,
            "diff_percent": -7.055655914092167
        },
        "crypto": {
            "current": 0.009834736133646606,
            "diff_percent": -8.684474999091272
        },
        "forex": {
            "current": 0.010766123209107886,
            "diff_percent": -0.03654600343328795
        }
    },
    "rub2usd": {
        "bank": {
            "current": 0.012100677637947725,
            "sparkline_full": " 80.1                             \n  █████▇▇▇█▇▆▆▅▅▅▅▁▁▃▃▃▃▄▄▃▅▅▄▄▃  \n                  84.1            "
        },
        "korona": {
            "current": 0.011462150101633529,
            "diff_percent": -5.276791560100516
        },
        "crypto": {
            "current": 0.011454363310276421,
            "diff_percent": -5.341141603875653
        },
        "forex": {
            "current": 0.012534532637416081,
            "diff_percent": 3.5853777156064957
        }
    },
    "xdr": {
        "rub2xdr": {
            "current_rate": 0.00879596293454524,
            "sparkline": "▇▇███████▇▆▅▄▅▅▃▁▁▂▂▄▄▆▆▆▆▅▅▅▅"
        },
        "usd2xdr": {
            "current_rate": 0.700441,
            "sparkline": "▄▄▄▅▅▅▅▅▅▄▄▃▃▃▃▃▃▃▃▃▃▃▆▆▆▆▅▅▅▅"
        },
        "eur2xdr": {
            "current_rate": 0.8170037406876473,
            "sparkline": "▆▅▆▆▆▆▆▆▇▆▆▆▆▆▆▅▃▃▂▃▄▄▆▆▆▇▆▆▆▆"
        },
        "cny2xdr": {
            "current_rate": 0.09751371293331476,
            "sparkline": "▄▄▅▅▅▅▅▅▅▅▄▄▄▄▄▄▄▄▃▃▃▃▆▆▆▆▅▅▅▅"
        },
        "rsd2xdr": {
            "current_rate": 0.006972067068912013,
            "sparkline": "▆▅▆▆▆▆▆▆▇▆▆▆▆▆▆▅▄▃▂▃▄▄▆▆▆▇▆▆▆▆"
        }
    },
    "neer": {
        "rub": {
            "current_rate": 96.4723830385601,
            "sparkline": "▇█▇██▇▇▇▇▇▇▆▆▄▄▆▆▁▂▅▅▅▄▅▅▄▅▄▄▄"
        },
        "usd": {
            "current_rate": 103.83508121935533,
            "sparkline": "▃▄▄▄▅▄▄▄▄▄▃▃▃▃▃▄▅▅▆▆▅▅▅▅▅▄▄▄▄▄"
        },
        "eur": {
            "current_rate": 110.47383330296758,
            "sparkline": "▅▅▅▄▄▅▅▅▅▅▅▅▅▆▆▅▄▄▄▃▅▅▄▄▄▅▅▅▅▅"
        },
        "cny": {
            "current_rate": 103.70740542205256,
            "sparkline": "▄▄▄▄▅▄▄▄▄▄▄▄▄▄▄▄▅▅▅▅▄▄▅▅▅▄▄▄▄▄"
        },
        "rsd": {
            "current_rate": 110.32270005328513,
            "sparkline": "▅▅▅▅▅▅▅▅▄▅▅▅▅▅▅▄▆▄▃▅▅▅▅▆▅▅▅▅▅▅"
        }
    },
    "update_time": "2025-08-11 12:20:48",
    "update_time_display": "11.08 12:20"
}