{
    "rub2rsd": {
        "bank": {
            "current": 1.2331964922586227,
            "sparkline_full": " 1.25                             \n  █▇▄▂ ▅▅▅  ▄▅▄▃▃▂▁▁▁▁▁▁▂▃▄▄▅▄▄▄  \n                 1.22             "
        },
        "korona": {
            "current": 1.1953370866518287,
            "diff_percent": -3.070022161468672
        },
        "crypto": {
            "current": 1.2601892167249449,
            "diff_percent": 2.1888421379535785
        },
        "forex": {
            "current": 1.2932341903186206,
            "diff_percent": 4.868461630963427
        }
    },
    "rub2eur": {
        "bank": {
            "current": 0.010592098294672175,
            "sparkline_full": " 92.3                             \n  █▆▃▂▃▅▄▄▄▄▄▅▄▄▄▁▁▁▁▁▁▁▃▃▄▄▄▄▄▃  \n                  95.4            "
        },
        "korona": {
            "current": 0.010232798834001224,
            "diff_percent": -3.3921462081944527
        },
        "crypto": {
            "current": 0.010807475541645992,
            "diff_percent": 2.03337658867981
        },
        "forex": {
            "current": 0.011011522149589685,
            "diff_percent": 3.9597806142762155
        }
    },
    "rub2usd": {
        "bank": {
            "current": 0.012507817385866166,
            "sparkline_full": "      78.6                        \n  ▇▆▅▅▆▇▆▆▅▄▄▅▄▃▃▂▂▃▃▂▃▃▄▄▅▄▄▃▃▃  \n                80.4              "
        },
        "korona": {
            "current": 0.011809130769265121,
            "diff_percent": -5.585999499725355
        },
        "crypto": {
            "current": 0.012736227408001559,
            "diff_percent": 1.8261381269724635
        },
        "forex": {
            "current": 0.013028993419055423,
            "diff_percent": 4.166802385348109
        }
    },
    "xdr": {
        "rub2xdr": {
            "current_rate": 0.008967413428531898,
            "sparkline": "█▆▃▃▄▅▅▄▃▄▄▄▄▃▃▃▂▁▁▂▄▂▂▃▄▃▄▄▄▃"
        },
        "usd2xdr": {
            "current_rate": 0.689818,
            "sparkline": "▆▅▄▄▃▄▅▅▄▅▅▆▆▅▅▅▅▄▄▄▄▄▅▅▅▅▆▆▆▅"
        },
        "eur2xdr": {
            "current_rate": 0.8143663797530521,
            "sparkline": "▅▅▅▆▄▄▄▄▄▄▄▄▅▄▄▅▅▄▄▄▄▄▄▄▄▃▄▄▄▄"
        },
        "cny2xdr": {
            "current_rate": 0.09984628300138954,
            "sparkline": "▅▄▃▃▂▃▄▄▄▅▅▅▆▅▅▅▅▄▅▅▅▅▅▅▆▆▇▇▇▆"
        },
        "rsd2xdr": {
            "current_rate": 0.006934098630908104,
            "sparkline": "▅▄▅▆▄▄▅▄▄▄▄▄▅▄▄▅▅▄▄▄▄▄▄▄▄▃▄▄▄▄"
        }
    },
    "neer": {
        "rub": {
            "current_rate": 99.10966141102442,
            "sparkline": "█▇▆▃▄▆▆▇▇▄▄▄▆▅▄▄▁▂▁▂▅▃▂▄▅▄▅▅▅▅"
        },
        "usd": {
            "current_rate": 101.47924354481287,
            "sparkline": "▆▅▄▃▃▄▅▅▅▅▅▆▆▅▅▄▄▄▄▄▄▄▄▄▄▅▅▄▄▄"
        },
        "eur": {
            "current_rate": 110.24884369012133,
            "sparkline": "▄▅▆▆▆▅▅▄▅▄▄▄▄▄▄▅▅▅▄▄▄▄▄▄▄▃▃▃▃▄"
        },
        "cny": {
            "current_rate": 107.80777892092307,
            "sparkline": "▄▄▃▃▃▄▄▄▅▅▅▆▆▅▅▅▅▅▅▅▅▅▅▅▅▆▆▆▆▅"
        },
        "rsd": {
            "current_rate": 109.96793100671694,
            "sparkline": "▄▅▄▅▅▅▅▅▅▄▅▄▄▄▄▄▅▅▄▄▄▄▄▅▄▄▄▄▄▄"
        }
    },
    "specific_rates": {
        "rub_kzt_bank": 6.26,
        "rub_kzt_crypto": 6.387218045112782,
        "kzt_rsd_bank": 0.19729860603227506,
        "rsd_eur_cash": 0.008446965126101122,
        "eur_rsd_cash": 116.81428571428572,
        "rsd_usd_cash": 0.009879331028156094,
        "usd_rsd_cash": 97.31428571428572,
        "eur_usd_exch": 1.1805525221914361,
        "usd_kzt_bank": 494.5
    },
    "update_time": "2026-02-23 18:22:06",
    "update_time_display": "23.02 18:22"
}