{
    "rub2rsd": {
        "bank": {
            "current": 1.1643685798205847,
            "sparkline_full": "                          1.18    \n  ▆▆▄▃▁▂▃▃▄▅▃▃▃▃▃▃▃▃▃▄▄▄▄▅▇█▇▆▆▆  \n     1.13                         "
        },
        "korona": {
            "current": 1.1291821169218497,
            "diff_percent": -3.0219351078811205
        },
        "crypto": {
            "current": 1.127273025603544,
            "diff_percent": -3.1858944718996787
        },
        "forex": {
            "current": 1.2124093095391635,
            "diff_percent": 4.125903992186156
        }
    },
    "rub2eur": {
        "bank": {
            "current": 0.010039152695512499,
            "sparkline_full": "                          98.6    \n  ▇▆▄▃▂▂▃▃▄▄▃▄▄▄▄▃▃▃▃▄▄▄▄▅▆▇▆▆▆▆  \n     103                          "
        },
        "korona": {
            "current": 0.009665999973650485,
            "diff_percent": -3.7169742624675264
        },
        "crypto": {
            "current": 0.00969144857942655,
            "diff_percent": -3.463480700332137
        },
        "forex": {
            "current": 0.010359433722950655,
            "diff_percent": 3.1903193143114748
        }
    },
    "rub2usd": {
        "bank": {
            "current": 0.011804981702278363,
            "sparkline_full": "                          83.7    \n  ▇▇▅▃▁▂▃▃▄▅▅▄▄▄▄▃▄▄▄▃▄▄▄▅▇█▇▆▆▆  \n     87.6                         "
        },
        "korona": {
            "current": 0.01110579903537595,
            "diff_percent": -5.9227763713303405
        },
        "crypto": {
            "current": 0.011374236469126978,
            "diff_percent": -3.6488428700253825
        },
        "forex": {
            "current": 0.012210474389140491,
            "diff_percent": 3.434928550409088
        }
    },
    "xdr": {
        "rub2xdr": {
            "current_rate": 0.008440680845632173,
            "sparkline": "█▇▃▁▁▁▂▃▄▄▃▁▂▂▂▂▂▂▂▂▃▃▄▄▆▆▅▆▆▅"
        },
        "usd2xdr": {
            "current_rate": 0.69486,
            "sparkline": "▅▅▅▅▆▅▅▅▅▅▅▃▄▄▅▅▄▄▅▅▆▆▅▅▅▅▅▅▅▅"
        },
        "eur2xdr": {
            "current_rate": 0.8147820693067798,
            "sparkline": "▄▄▄▄▄▄▄▄▄▅▆▃▄▄▄▄▄▄▄▃▄▄▄▄▄▄▄▄▄▄"
        },
        "cny2xdr": {
            "current_rate": 0.09759955053023386,
            "sparkline": "▅▅▄▅▆▅▅▅▅▅▅▃▄▄▄▅▄▄▄▄▅▅▅▅▅▅▅▅▅▅"
        },
        "rsd2xdr": {
            "current_rate": 0.006961906989018812,
            "sparkline": "▄▄▄▄▄▄▄▄▄▅▆▄▄▄▄▄▄▄▄▃▄▄▄▄▄▄▄▄▄▄"
        }
    },
    "neer": {
        "rub": {
            "current_rate": 93.10589199314089,
            "sparkline": "██▆▅▂▁▄▃▁▅▅▅▅▄▄▅▃▅▄▅▅▅▄▆▆▆▇▇▇▇"
        },
        "usd": {
            "current_rate": 103.5778815924127,
            "sparkline": "▅▅▅▅▅▅▅▄▄▄▄▄▅▄▄▄▄▅▅▅▅▅▅▅▅▅▅▅▅▅"
        },
        "eur": {
            "current_rate": 110.83106668717235,
            "sparkline": "▄▄▄▄▄▄▄▄▅▅▅▅▄▅▅▅▅▅▅▄▅▅▅▅▅▅▅▅▅▅"
        },
        "cny": {
            "current_rate": 104.74474747453515,
            "sparkline": "▄▄▄▅▅▅▄▄▄▄▄▄▅▅▅▄▅▅▅▅▅▅▅▅▅▅▅▅▅▅"
        },
        "rsd": {
            "current_rate": 110.72905884047724,
            "sparkline": "▄▄▅▄▄▅▄▄▄▅▄▅▄▄▄▅▅▄▄▅▄▄▄▄▄▄▄▄▄▄"
        }
    },
    "update_time": "2025-10-06 01:51:32",
    "update_time_display": "06.10 01:51"
}