{
    "rub2rsd": {
        "bank": {
            "current": 1.1992494685794866,
            "sparkline_full": "                       1.26       \n  ▁▁▁▂▄▆▆▆▅▅▅▆▆▆▇▇▇▇█████▇▄▂▁▁▂▂  \n 1.19                             "
        },
        "korona": {
            "current": 1.162777727094723,
            "diff_percent": -3.0412138958847623
        },
        "crypto": {
            "current": 1.2263785529957945,
            "diff_percent": 2.2621718939298225
        },
        "forex": {
            "current": 1.2565105707868418,
            "diff_percent": 4.77474484730697
        }
    },
    "rub2eur": {
        "bank": {
            "current": 0.010327377878756584,
            "sparkline_full": "                       92.8       \n  ▁▁▁▂▄▆▆▆▆▅▆▆▇▇▇▇▆▇█████▇▄▂▂▂▂▂  \n 97.7                             "
        },
        "korona": {
            "current": 0.009959552266335957,
            "diff_percent": -3.5616554050689295
        },
        "crypto": {
            "current": 0.010500425432907686,
            "diff_percent": 1.675619466845126
        },
        "forex": {
            "current": 0.010703251707420671,
            "diff_percent": 3.6395862829543595
        }
    },
    "rub2usd": {
        "bank": {
            "current": 0.012140342357654486,
            "sparkline_full": "                       79.4       \n  ▁▁▁▁▃▄▄▄▄▄▅▆▆▆▆▇▇▇█████▇▄▃▃▃▃▃  \n 84.1                             "
        },
        "korona": {
            "current": 0.011332327308963538,
            "diff_percent": -6.655619956067335
        },
        "crypto": {
            "current": 0.012317806757834017,
            "diff_percent": 1.4617742642787934
        },
        "forex": {
            "current": 0.01258661162121851,
            "diff_percent": 3.6759199239768647
        }
    },
    "xdr": {
        "rub2xdr": {
            "current_rate": 0.008731788093548194,
            "sparkline": "▁▁▁▂▄▅▅▆▆▅▆▆▇▇▇▇▇██████▆▃▂▂▁▂▂"
        },
        "usd2xdr": {
            "current_rate": 0.69418,
            "sparkline": "▅▅▅▅▆▆▆▆▆▅▅▅▅▅▅▅▅▄▄▄▄▄▄▄▄▄▃▃▃▃"
        },
        "eur2xdr": {
            "current_rate": 0.8158070399759317,
            "sparkline": "▄▄▄▄▅▅▅▅▅▅▅▅▅▅▅▅▅▅▄▄▅▄▄▅▅▅▅▄▅▅"
        },
        "cny2xdr": {
            "current_rate": 0.09855611556754455,
            "sparkline": "▄▄▄▄▅▅▅▅▅▅▅▅▅▅▅▅▅▄▄▄▄▄▄▅▄▄▄▄▄▄"
        },
        "rsd2xdr": {
            "current_rate": 0.006949235682179933,
            "sparkline": "▅▅▅▄▅▄▅▅▅▅▅▅▅▄▅▅▅▅▄▄▄▄▄▅▅▅▅▅▅▄"
        }
    },
    "neer": {
        "rub": {
            "current_rate": 96.43964435359503,
            "sparkline": "▁▁▁▂▂▅▅▂▅▄▅▆▇▇▅▆▆▅▇██▇▇█▄▁▂▂▂▂"
        },
        "usd": {
            "current_rate": 103.39184994519697,
            "sparkline": "▅▅▅▅▆▅▅▅▅▅▅▅▅▅▄▅▄▄▄▄▄▄▄▄▄▄▄▄▄▃"
        },
        "eur": {
            "current_rate": 111.05308573312924,
            "sparkline": "▄▄▄▄▄▄▄▄▄▄▄▄▄▄▄▄▄▄▄▄▄▄▄▄▅▅▅▅▅▅"
        },
        "cny": {
            "current_rate": 106.88879235877857,
            "sparkline": "▄▄▄▅▅▅▅▅▅▅▅▅▅▅▄▅▅▄▄▄▄▄▅▄▅▄▄▄▅▅"
        },
        "rsd": {
            "current_rate": 110.48674355661282,
            "sparkline": "▅▅▅▅▅▄▄▄▄▅▅▅▄▄▄▄▄▄▄▄▄▄▄▄▄▅▅▅▅▅"
        }
    },
    "specific_rates": {
        "rub_kzt_bank": 6.3,
        "rub_kzt_crypto": 6.4052595140736885,
        "kzt_rsd_bank": 0.19146430371809064,
        "rsd_eur_cash": 0.008483563096500531,
        "eur_rsd_cash": 116.75,
        "rsd_usd_cash": 0.009745910198398886,
        "usd_rsd_cash": 98.72142857142856,
        "eur_usd_exch": 1.1752096574028807,
        "usd_kzt_bank": 513.0
    },
    "update_time": "2025-12-16 07:36:31",
    "update_time_display": "16.12 07:36"
}