{
    "rub2rsd": {
        "bank": {
            "current": 1.1926595772600987,
            "sparkline_full": "                              1.19\n  ▂▁▁▂▂▃▄▃▃▃▃▃▃▃▂▃▃▃▃▄▅▆▇▆▅▅▄▅▆█  \n  1.13                            "
        },
        "korona": {
            "current": 1.1532454594207397,
            "diff_percent": -3.3047248846904993
        },
        "crypto": {
            "current": 1.186052186740092,
            "diff_percent": -0.5540047341242158
        },
        "forex": {
            "current": 1.2415186616605844,
            "diff_percent": 4.096649650248888
        }
    },
    "rub2eur": {
        "bank": {
            "current": 0.010260619741432383,
            "sparkline_full": "                              97.5\n  ▂▁▁▂▂▃▄▃▃▃▃▃▂▂▂▃▃▃▃▄▄▅▆▅▅▅▄▅▆█  \n  103                             "
        },
        "korona": {
            "current": 0.009877905434010618,
            "diff_percent": -3.729933640132516
        },
        "crypto": {
            "current": 0.01014660688195879,
            "diff_percent": -1.1111693284296387
        },
        "forex": {
            "current": 0.010595813075291328,
            "diff_percent": 3.2667942317892775
        }
    },
    "rub2usd": {
        "bank": {
            "current": 0.011943150603129105,
            "sparkline_full": "                       83.7       \n  ▃▂▂▃▃▄▅▅▄▄▄▄▄▄▄▄▄▄▄▄▅▆▇▆▆▆▅▆▆▇  \n  87.6                            "
        },
        "korona": {
            "current": 0.011373229382847534,
            "diff_percent": -4.771950377417601
        },
        "crypto": {
            "current": 0.0117864625396491,
            "diff_percent": -1.3119491555180782
        },
        "forex": {
            "current": 0.012283457989959501,
            "diff_percent": 2.8493937499309023
        }
    },
    "xdr": {
        "rub2xdr": {
            "current_rate": 0.008627113044003518,
            "sparkline": "▁▁▁▂▂▃▃▃▁▂▂▂▂▁▁▁▂▂▃▃▄▅▅▅▅▅▄▅▇█"
        },
        "usd2xdr": {
            "current_rate": 0.700971,
            "sparkline": "▅▅▅▄▄▅▅▅▃▄▄▄▄▄▄▄▄▅▅▅▅▅▅▄▄▄▅▅▆▆"
        },
        "eur2xdr": {
            "current_rate": 0.8142001923496861,
            "sparkline": "▄▄▄▄▄▄▅▆▄▄▄▄▄▄▄▄▃▄▄▄▄▄▄▄▄▄▄▄▄▄"
        },
        "cny2xdr": {
            "current_rate": 0.09842610014322221,
            "sparkline": "▅▅▄▄▄▄▅▅▃▄▄▄▄▄▄▄▄▅▅▅▅▅▅▄▄▄▅▅▆▆"
        },
        "rsd2xdr": {
            "current_rate": 0.006948838797529136,
            "sparkline": "▄▄▄▄▄▄▅▆▄▄▄▄▄▄▄▄▃▄▄▄▄▄▄▄▄▄▄▄▄▄"
        }
    },
    "neer": {
        "rub": {
            "current_rate": 94.51420698789124,
            "sparkline": "▅▂▁▄▃▁▄▄▄▅▄▄▄▃▄▃▅▄▅▄▅▆▇█▆▆█▅▇█"
        },
        "usd": {
            "current_rate": 104.01123436350503,
            "sparkline": "▅▅▅▄▄▄▄▄▄▄▄▄▄▄▅▅▅▅▅▅▅▅▅▅▅▅▅▅▅▅"
        },
        "eur": {
            "current_rate": 110.4023377615761,
            "sparkline": "▄▄▄▄▄▅▅▅▅▅▅▅▅▅▅▅▄▅▅▅▅▄▅▅▅▅▄▄▄▄"
        },
        "cny": {
            "current_rate": 105.33228828792095,
            "sparkline": "▄▄▄▄▄▄▄▄▄▄▄▄▄▄▄▄▅▄▄▅▄▄▄▄▄▄▅▅▅▅"
        },
        "rsd": {
            "current_rate": 110.53604378421659,
            "sparkline": "▄▅▅▄▄▄▄▅▄▅▄▄▄▅▅▅▄▅▄▅▄▅▄▄▄▄▅▅▄▄"
        }
    },
    "update_time": "2025-10-09 17:35:44",
    "update_time_display": "09.10 17:35"
}