{
    "rub2rsd": {
        "bank": {
            "current": 1.225663926850438,
            "sparkline_full": "                         1.26     \n  ▅▂  ▁▁▂▂▂▃▄▅▅▅▅▆▆▇▇▇▇▇▆█████▆▆  \n      1.16                        "
        },
        "korona": {
            "current": 1.186688110393173,
            "diff_percent": -3.179975815835602
        },
        "crypto": {
            "current": 1.2040306441380437,
            "diff_percent": -1.765025651687796
        },
        "forex": {
            "current": 1.2834126857755421,
            "diff_percent": 4.711630787201184
        }
    },
    "rub2eur": {
        "bank": {
            "current": 0.010560777273207308,
            "sparkline_full": "                         92.2     \n  ▅▂  ▁▁▂▂▂▃▄▅▅▅▅▅▆▆▇▇▇▆▆████▇▆▆  \n     99.8                         "
        },
        "korona": {
            "current": 0.010158758435553639,
            "diff_percent": -3.8067163737425935
        },
        "crypto": {
            "current": 0.010333560914705985,
            "diff_percent": -2.151511698649027
        },
        "forex": {
            "current": 0.010931044654957173,
            "diff_percent": 3.5060618377894706
        }
    },
    "rub2usd": {
        "bank": {
            "current": 0.01264862130027827,
            "sparkline_full": "                         78.6     \n  ▅▃  ▁▁▂▂▂▂▃▄▄▄▅▅▅▅▆▆▆▆▆█████▇█  \n      85.0                        "
        },
        "korona": {
            "current": 0.011744735851080493,
            "diff_percent": -7.146118361357619
        },
        "crypto": {
            "current": 0.012351356832962184,
            "diff_percent": -2.350172878600971
        },
        "forex": {
            "current": 0.013063033053392535,
            "diff_percent": 3.276339320121382
        }
    },
    "xdr": {
        "rub2xdr": {
            "current_rate": 0.009006732685307078,
            "sparkline": "▃▂▃▂▁▁▁▁▁▂▃▃▄▄▅▅▅▆▆▆▆▆▆████▇▅▆"
        },
        "usd2xdr": {
            "current_rate": 0.686755,
            "sparkline": "▄▄▅▄▅▅▅▅▅▅▅▅▅▅▅▆▆▆▆▆▆▆▅▅▅▄▄▃▃▃"
        },
        "eur2xdr": {
            "current_rate": 0.8239590057133808,
            "sparkline": "▄▄▄▄▄▄▄▄▄▄▄▄▄▄▄▄▄▄▄▄▄▅▅▄▄▅▄▄▅▅"
        },
        "cny2xdr": {
            "current_rate": 0.09887341990843387,
            "sparkline": "▄▄▄▄▄▄▄▄▄▅▅▅▅▅▅▅▅▅▆▆▆▆▅▅▄▄▄▃▃▃"
        },
        "rsd2xdr": {
            "current_rate": 0.007017799329188084,
            "sparkline": "▄▄▄▄▄▄▄▄▄▄▄▄▄▄▄▄▄▄▄▄▄▅▅▄▄▅▄▄▅▅"
        }
    },
    "neer": {
        "rub": {
            "current_rate": 98.66304078458198,
            "sparkline": "▄▃▃▄▄▄▄▄▄▄▄▃▃▄▃▃▄▄▅▅▄▄▄▅▆▆▆▆▅▄"
        },
        "usd": {
            "current_rate": 101.19206156393984,
            "sparkline": "▅▅▅▅▅▅▅▅▅▅▆▆▆▅▆▆▆▅▅▅▅▅▅▅▅▄▄▄▄▃"
        },
        "eur": {
            "current_rate": 111.17750462063692,
            "sparkline": "▅▅▅▅▅▄▄▄▄▄▄▄▄▄▄▄▄▄▄▄▄▅▅▄▄▅▅▅▅▅"
        },
        "cny": {
            "current_rate": 106.58745089573087,
            "sparkline": "▄▄▄▅▅▅▅▅▅▅▅▅▅▅▅▅▅▅▅▅▅▅▅▅▅▄▄▄▄▄"
        },
        "rsd": {
            "current_rate": 110.50492033165307,
            "sparkline": "▅▅▅▅▅▅▅▅▅▅▅▅▅▅▄▄▅▅▅▄▅▄▅▅▅▅▅▅▅▅"
        }
    },
    "specific_rates": {
        "rub_kzt_bank": 6.4,
        "rub_kzt_crypto": 6.262137914311827,
        "kzt_rsd_bank": 0.19227149906524532,
        "rsd_eur_cash": 0.008443908323281062,
        "eur_rsd_cash": 116.81428571428572,
        "rsd_usd_cash": 0.009897070467141727,
        "usd_rsd_cash": 96.38,
        "eur_usd_exch": 1.1997859581850598,
        "usd_kzt_bank": 500.0
    },
    "update_time": "2026-01-28 05:22:02",
    "update_time_display": "28.01 05:22"
}