{
    "rub2rsd": {
        "bank": {
            "current": 1.1842476369337755,
            "sparkline_full": "                            1.22  \n  ▁▁▁▁▁▁▁▂▂▂▂▃▄▄▄▃▃▂▃▄▅▆▅▅▆▇██▆▅  \n      1.14                        "
        },
        "korona": {
            "current": 1.1488017160565356,
            "diff_percent": -2.9931172984238046
        },
        "crypto": {
            "current": 1.3846035533934742,
            "diff_percent": 16.918413869792907
        },
        "forex": {
            "current": 1.2369020180957069,
            "diff_percent": 4.446230629453713
        }
    },
    "rub2eur": {
        "bank": {
            "current": 0.010182262498727218,
            "sparkline_full": "                           95.0   \n  ▁▁▁▁▁▁▁▁▂▂▂▃▃▄▃▃▃▃▃▄▅▆▆▆▆▇██▅▅  \n     102                          "
        },
        "korona": {
            "current": 0.009836834265927522,
            "diff_percent": -3.3924506743258163
        },
        "crypto": {
            "current": 0.01184091544734829,
            "diff_percent": 16.28963060840755
        },
        "forex": {
            "current": 0.010555588727898519,
            "diff_percent": 3.6664368966913385
        }
    },
    "rub2usd": {
        "bank": {
            "current": 0.011920371915603767,
            "sparkline_full": "                            81.4  \n  ▂▂▂▁▂▁▁▁▁▁▂▃▄▅▄▃▃▃▃▄▅▄▅▅▅▆▇█▅▄  \n        86.2                      "
        },
        "korona": {
            "current": 0.011276976598507571,
            "diff_percent": -5.3974433151199905
        },
        "crypto": {
            "current": 0.01383448308048186,
            "diff_percent": 16.057478562162323
        },
        "forex": {
            "current": 0.012348209633085298,
            "diff_percent": 3.5891306119525646
        }
    },
    "xdr": {
        "rub2xdr": {
            "current_rate": 0.008630288390248143,
            "sparkline": "▁▁▁▁▁▁▁▁▁▁▂▂▃▃▃▃▃▂▃▄▅▆▅▅▆▇█▇▅▅"
        },
        "usd2xdr": {
            "current_rate": 0.700567,
            "sparkline": "▃▄▄▄▄▄▄▄▄▄▄▄▄▄▄▄▄▄▄▅▅▆▅▅▅▅▅▅▅▅"
        },
        "eur2xdr": {
            "current_rate": 0.8176036991132679,
            "sparkline": "▄▄▄▅▅▅▄▄▅▅▅▅▅▅▄▄▅▄▄▄▄▅▅▅▄▅▅▅▅▅"
        },
        "cny2xdr": {
            "current_rate": 0.09829691106418505,
            "sparkline": "▄▄▄▄▄▄▄▄▄▄▄▄▄▄▄▄▄▄▄▅▅▅▅▅▅▅▅▅▅▅"
        },
        "rsd2xdr": {
            "current_rate": 0.006977341991514452,
            "sparkline": "▄▄▄▅▅▅▄▄▅▅▅▅▅▅▄▅▅▄▄▄▄▅▅▅▄▅▅▅▅▅"
        }
    },
    "neer": {
        "rub": {
            "current_rate": 95.58571540411072,
            "sparkline": "▂▁▁▂▁▂▁▂▂▂▁▂▃▄▅▃▃▅▃▄▅▅▅▅▅▆██▆▆"
        },
        "usd": {
            "current_rate": 103.98845564993142,
            "sparkline": "▄▄▄▄▄▄▄▅▄▄▄▄▄▄▄▄▄▄▄▅▅▅▅▅▅▅▅▄▄▄"
        },
        "eur": {
            "current_rate": 110.74994247257099,
            "sparkline": "▅▅▅▅▅▅▅▅▅▅▅▅▅▅▅▅▅▄▄▄▄▄▄▄▄▄▄▄▅▅"
        },
        "cny": {
            "current_rate": 105.1916710212628,
            "sparkline": "▄▄▄▄▄▄▄▄▄▄▄▄▄▄▄▄▄▅▅▅▅▅▅▅▅▅▅▅▄▄"
        },
        "rsd": {
            "current_rate": 110.62570627241759,
            "sparkline": "▅▄▄▄▅▅▅▄▅▄▅▄▅▄▄▄▄▅▅▄▄▄▄▄▅▅▄▄▄▄"
        }
    },
    "update_time": "2025-10-18 00:36:31",
    "update_time_display": "18.10 00:36"
}