{
    "rub2rsd": {
        "bank": {
            "current": 1.1469999423802766,
            "sparkline_full": "  1.21                            \n  █████▇▇▇▆▇██▆▆▅▇▆▇▆▆▆▆▅▆▅▅▃▃▃▁  \n                              1.15"
        },
        "korona": {
            "current": 1.1090967823596631,
            "diff_percent": -3.3045476830588214
        },
        "crypto": {
            "current": 1.1680837545816098,
            "diff_percent": 1.8381702929801136
        },
        "forex": {
            "current": 1.193261161909218,
            "diff_percent": 4.033236430068094
        }
    },
    "rub2eur": {
        "bank": {
            "current": 0.009881422924901186,
            "sparkline_full": "  95.8                            \n  ████▇▇▇▇▇▇▇▇▆▆▆▇▇▇▆▆▆▆▆▆▅▄▃▃▃▁  \n                              101 "
        },
        "korona": {
            "current": 0.009499758307149149,
            "diff_percent": -3.8624459316506177
        },
        "crypto": {
            "current": 0.010011991024382234,
            "diff_percent": 1.3213491667482027
        },
        "forex": {
            "current": 0.010185351296296562,
            "diff_percent": 3.0757551185212098
        }
    },
    "rub2usd": {
        "bank": {
            "current": 0.01162655505173817,
            "sparkline_full": "           82.0                   \n  ▇▇██▇▇▇▇▆▇█▇▆▆▆▆▆▆▆▆▆▆▆▅▅▄▄▄▄▁  \n                              86.0"
        },
        "korona": {
            "current": 0.010798070170229164,
            "diff_percent": -7.125798465858956
        },
        "crypto": {
            "current": 0.011756434316860324,
            "diff_percent": 1.1170915593156514
        },
        "forex": {
            "current": 0.012013094272757305,
            "diff_percent": 3.3246238399855828
        }
    },
    "xdr": {
        "rub2xdr": {
            "current_rate": 0.008294726453271563,
            "sparkline": "███████▇▆▆▆▇▆▆▆▆▇▇▆▇▇▇▆▅▅▅▅▅▄▁"
        },
        "usd2xdr": {
            "current_rate": 0.693539,
            "sparkline": "▅▅▅▅▅▆▅▄▄▄▅▅▅▄▄▅▅▅▅▄▄▄▄▄▄▅▄▄▄▃"
        },
        "eur2xdr": {
            "current_rate": 0.8143780427374716,
            "sparkline": "▄▄▅▅▅▆▅▄▄▄▄▄▅▄▄▄▄▄▄▄▄▄▄▃▄▅▄▄▄▄"
        },
        "cny2xdr": {
            "current_rate": 0.09738664607175455,
            "sparkline": "▄▅▅▅▅▅▄▄▄▄▄▅▅▄▄▅▅▅▅▅▅▅▅▅▅▅▅▄▄▄"
        },
        "rsd2xdr": {
            "current_rate": 0.006951308496456887,
            "sparkline": "▄▄▅▅▅▅▅▄▄▄▄▄▅▄▄▄▄▄▄▄▄▄▄▄▄▅▄▄▄▄"
        }
    },
    "neer": {
        "rub": {
            "current_rate": 92.60918407454983,
            "sparkline": "█▇▆▇▇▆▆▇▆▆▆▆▅▅▆▅▆▅▆▆▆▅▆▆▅▄▄▄▄▁"
        },
        "usd": {
            "current_rate": 103.45713142476674,
            "sparkline": "▅▅▄▄▄▅▄▅▅▅▅▅▄▄▄▅▅▄▄▄▄▄▅▅▅▅▄▄▄▄"
        },
        "eur": {
            "current_rate": 110.94346612479137,
            "sparkline": "▄▄▅▄▅▅▅▄▅▄▄▄▅▅▅▄▄▄▄▄▄▅▄▄▄▄▅▅▅▅"
        },
        "cny": {
            "current_rate": 104.35196725611736,
            "sparkline": "▄▄▄▄▄▄▄▄▄▄▄▅▄▄▄▅▅▅▅▅▅▅▅▅▅▅▅▅▅▅"
        },
        "rsd": {
            "current_rate": 110.82014570553432,
            "sparkline": "▅▅▄▅▄▅▅▅▄▄▅▄▅▅▅▄▅▄▅▄▄▅▄▄▄▄▅▅▅▅"
        }
    },
    "update_time": "2025-09-09 17:20:43",
    "update_time_display": "09.09 17:20"
}