{
    "rub2rsd": {
        "bank": {
            "current": 1.3347949445447511,
            "sparkline_full": "  1.35                            \n  ▇█▇▇▇▆▅▃▁▂▃▃▄▆▆▆▆▅▅▅▆ ▃   ▆▅▅▅  \n         1.30                     "
        },
        "korona": {
            "current": 1.2794184639976682,
            "diff_percent": -4.148688214126384
        },
        "crypto": {
            "current": 1.396238889384547,
            "diff_percent": 4.603249741910891
        },
        "forex": {
            "current": 1.3802738878508807,
            "diff_percent": 3.407185762277571
        }
    },
    "rub2eur": {
        "bank": {
            "current": 0.011361054305839582,
            "sparkline_full": "   85.8                           \n  ▆████▇▅▃▁▂▂▂▃▆▆▆▆▅▅▅▆ ▅▅▅▅▅▄▄▄  \n         89.4                     "
        },
        "korona": {
            "current": 0.010953925205459488,
            "diff_percent": -3.5835503415455876
        },
        "crypto": {
            "current": 0.011825908559731698,
            "diff_percent": 4.091647142758408
        },
        "forex": {
            "current": 0.011758580882750039,
            "diff_percent": 3.4990289299658457
        }
    },
    "rub2usd": {
        "bank": {
            "current": 0.012896569512509672,
            "sparkline_full": "   73.7                           \n  ▇█████▆▄▂▃▃▃▃▅▆▆▆▅▅▅▆ ▄▄▃▃▃▁▁▁  \n                              77.5"
        },
        "korona": {
            "current": 0.012225690052533857,
            "diff_percent": -5.2019993326524725
        },
        "crypto": {
            "current": 0.013396253925171046,
            "diff_percent": 3.8745529357762947
        },
        "forex": {
            "current": 0.013373668316977338,
            "diff_percent": 3.6994241298422867
        }
    },
    "xdr": {
        "rub2xdr": {
            "current_rate": 0.00957226309911841,
            "sparkline": "▅▆▆▅▅▄▃▁▁▁▁▁▂▄▅▅▄▃▃▃▄ ▂▂██▂▁▁▁"
        },
        "usd2xdr": {
            "current_rate": 0.716966,
            "sparkline": "▁▁▁▁▁▁▁▁▁▁▁▁▃▃▃▂▂▂▂▂▂ ▂▂██▃▄▄▄"
        },
        "eur2xdr": {
            "current_rate": 0.8140661866059892,
            "sparkline": "▃▃▃▃▃▃▃▃▃▃▂▂▃▃▃▃▃▃▃▃▃ ▁▁█▇▃▃▃▂"
        },
        "cny2xdr": {
            "current_rate": 0.10540982401458458,
            "sparkline": "▁▁▁▁▁▁▁▁▁▁▁▁▂▂▂▂▂▂▂▂▂ ▂▂██▃▄▄▄"
        },
        "rsd2xdr": {
            "current_rate": 0.006935046140750117,
            "sparkline": "▃▃▃▃▃▃▃▃▃▃▂▂▃▃▃▃▃▃▃▃▃ ▁▁█▇▃▃▃▂"
        }
    },
    "neer": {
        "rub": {
            "current_rate": 104.29790353697443,
            "sparkline": "▆█▇▇▇▇▆▅▃▁▂▂▂▃▇▇▆▄▅▆▅▄▄▄▄▄▄▂▂▂"
        },
        "usd": {
            "current_rate": 103.96716358092844,
            "sparkline": "▃▃▃▃▃▃▃▃▃▃▅▅▄▄▄▄▄▄▄▃▃▄▄▅▅▅▅▅▆▆"
        },
        "eur": {
            "current_rate": 108.22616423356742,
            "sparkline": "▅▅▅▅▅▅▅▅▅▅▄▄▅▅▅▅▅▅▅▅▅▅▄▄▄▄▄▄▄▄"
        },
        "cny": {
            "current_rate": 112.95982574248187,
            "sparkline": "▄▄▄▃▃▅▅▅▅▅▅▅▆▆▆▆▆▄▄▅▅▄▄▅▅▅▅▅▅▅"
        },
        "rsd": {
            "current_rate": 109.14578155332435,
            "sparkline": "▇▇▇▂▂▇▇▇▇▇▂▂▇▇▇▇▇▂▂▇▇▂▂▂▂▂▂▂▂▂"
        }
    },
    "specific_rates": {
        "rub_kzt_bank": 6.3,
        "rub_kzt_crypto": 6.557466296371227,
        "kzt_rsd_bank": 0.2129235327,
        "rsd_eur_cash": 0.00844880027036161,
        "eur_rsd_cash": 116.8,
        "rsd_usd_cash": 0.009555661729574772,
        "usd_rsd_cash": 101.31875,
        "eur_usd_exch": 1.1354320659640613,
        "usd_kzt_bank": 482.5
    },
    "conversion_rates": {
        "rub_usd": {
            "rub_to_usd": [
                0.012896569512509672,
                0.012755102040816325
            ],
            "usd_to_rub": [
                72.63,
                74.0
            ]
        },
        "rub_eur": {
            "rub_to_eur": [
                0.011361054305839582,
                0.011261261261261262
            ],
            "eur_to_rub": [
                82.33,
                83.7
            ]
        },
        "rub_kzt": {
            "rub_to_kzt": [
                6.3,
                6.191950464396284
            ],
            "kzt_to_rub": [
                0.15037593984962405,
                0.151
            ]
        },
        "rub_rsd": {
            "rub_to_rsd": [
                1.3873980764
            ],
            "rsd_to_rub": [
                0.7207736676374709
            ]
        },
        "usd_eur": {
            "usd_to_eur": [
                0.8736676568233444
            ],
            "eur_to_usd": [
                1.1246
            ]
        },
        "usd_kzt": {
            "usd_to_kzt": [
                482.5
            ],
            "kzt_to_usd": [
                0.0020429009193054137
            ]
        },
        "usd_rsd": {
            "usd_to_rsd": [
                103.5
            ],
            "rsd_to_usd": [
                0.00966183574879227
            ]
        },
        "eur_kzt": {
            "eur_to_kzt": [
                547.5
            ],
            "kzt_to_eur": [
                0.0018034265103697023
            ]
        },
        "eur_rsd": {
            "eur_to_rsd": [
                117.84498211349998
            ],
            "rsd_to_eur": [
                0.00848572405939924
            ]
        },
        "kzt_rsd": {
            "kzt_to_rsd": [
                0.2129235327
            ],
            "rsd_to_kzt": [
                4.696521738670175
            ]
        },
        "eur_usd_forex": {
            "eur_to_usd": [
                1.1354320659640613
            ],
            "usd_to_eur": [
                0.880722
            ]
        }
    },
    "update_time": "2026-06-25 04:36:31",
    "update_time_display": "25.06 04:36"
}