{
    "rub2rsd": {
        "bank": {
            "current": 1.164369498142765,
            "sparkline_full": "   1.19                           \n  ▇▇▇▇▇▅▅▅▄▃▂▂▃▃▄▄▃▃▃▃▃▃▃▃▃▄▄▄▄▅  \n           1.13                   "
        },
        "korona": {
            "current": 1.119998715287127,
            "diff_percent": -3.8107132595290425
        },
        "crypto": {
            "current": 1.1018940598319584,
            "diff_percent": -5.365602449261892
        },
        "forex": {
            "current": 1.2083578113110889,
            "diff_percent": 3.7778654661160136
        }
    },
    "rub2eur": {
        "bank": {
            "current": 0.010015022533800702,
            "sparkline_full": " 97.1                             \n  █▇▇▇▆▅▅▅▄▂▁▂▃▃▃▄▃▃▃▃▃▂▂▂▃▃▃▃▃▄  \n           103                    "
        },
        "korona": {
            "current": 0.009593136747641343,
            "diff_percent": -4.212529574801193
        },
        "crypto": {
            "current": 0.009447741392185837,
            "diff_percent": -5.664302199024427
        },
        "forex": {
            "current": 0.010316472161239234,
            "diff_percent": 3.0099745299737437
        }
    },
    "rub2usd": {
        "bank": {
            "current": 0.011781338360037702,
            "sparkline_full": " 83.2                             \n  ▇▇▇▆▆▆▆▆▄▃▂▂▃▃▄▅▄▄▄▄▄▃▄▃▃▃▃▃▄▅  \n           87.6                   "
        },
        "korona": {
            "current": 0.011007358381200264,
            "diff_percent": -6.569542060372169
        },
        "crypto": {
            "current": 0.011090826851696416,
            "diff_percent": -5.8610616828008295
        },
        "forex": {
            "current": 0.012105306482149514,
            "diff_percent": 2.749841420485067
        }
    },
    "xdr": {
        "rub2xdr": {
            "current_rate": 0.008435511339813856,
            "sparkline": "██▇▇▇▆▆▅▂▁▁▁▂▂▃▃▂▁▂▂▂▂▁▁▁▂▂▂▃▄"
        },
        "usd2xdr": {
            "current_rate": 0.695924,
            "sparkline": "▅▅▅▅▆▅▅▅▄▅▅▅▅▅▅▅▅▃▄▄▄▄▄▄▄▅▅▅▅▅"
        },
        "eur2xdr": {
            "current_rate": 0.8176740273198746,
            "sparkline": "▄▄▃▄▅▄▄▄▄▄▄▄▄▄▄▅▆▄▄▄▄▄▄▄▄▃▄▄▄▄"
        },
        "cny2xdr": {
            "current_rate": 0.09774899922747383,
            "sparkline": "▅▅▅▅▅▅▄▅▄▅▅▅▄▄▅▅▅▄▄▄▄▄▄▄▄▄▅▅▅▅"
        },
        "rsd2xdr": {
            "current_rate": 0.006980971414966219,
            "sparkline": "▄▄▃▄▅▄▄▄▄▄▄▄▄▄▄▅▆▄▄▄▄▄▄▄▄▃▄▄▄▅"
        }
    },
    "neer": {
        "rub": {
            "current_rate": 92.27368863948126,
            "sparkline": "████▇▇▇▇▅▄▂▁▃▃▁▄▄▄▄▄▄▄▃▃▃▄▄▄▄▄"
        },
        "usd": {
            "current_rate": 103.64215684482946,
            "sparkline": "▅▅▅▅▅▅▅▅▅▅▅▅▄▄▄▄▄▄▄▄▄▄▄▄▅▅▅▅▅▅"
        },
        "eur": {
            "current_rate": 110.86200484962332,
            "sparkline": "▄▄▄▄▄▄▄▄▄▄▄▄▄▄▅▅▅▅▅▅▅▅▅▅▅▄▅▅▅▅"
        },
        "cny": {
            "current_rate": 104.85636596344773,
            "sparkline": "▄▅▅▅▄▄▄▄▄▄▅▅▄▄▄▄▄▄▅▅▅▄▅▄▅▅▅▅▅▅"
        },
        "rsd": {
            "current_rate": 110.77962147281357,
            "sparkline": "▄▅▄▄▄▄▄▄▅▄▅▅▄▄▄▅▅▅▄▄▄▅▅▅▄▄▅▄▄▄"
        }
    },
    "update_time": "2025-09-30 20:35:47",
    "update_time_display": "30.09 20:35"
}