{
    "rub2rsd": {
        "bank": {
            "current": 1.1601546244616154,
            "sparkline_full": "   1.19                           \n  ▇▇▇▇▇▅▅▅▄▃▂▂▃▃▄▄▃▃▃▃▃▃▃▃▃▄▄▄▄▅  \n           1.13                   "
        },
        "korona": {
            "current": 1.1141628304076117,
            "diff_percent": -3.9642814056227076
        },
        "crypto": {
            "current": 1.0975111009363427,
            "diff_percent": -5.399584004101455
        },
        "forex": {
            "current": 1.2030014792479342,
            "diff_percent": 3.693202085558415
        }
    },
    "rub2eur": {
        "bank": {
            "current": 0.009953219866626855,
            "sparkline_full": " 97.1                             \n  █▇▇▇▆▅▅▅▄▂▁▂▃▃▃▄▃▃▃▃▃▂▂▂▃▃▃▃▃▄  \n           103                    "
        },
        "korona": {
            "current": 0.009543150581649779,
            "diff_percent": -4.119966106164679
        },
        "crypto": {
            "current": 0.009344724694582127,
            "diff_percent": -6.113550993533382
        },
        "forex": {
            "current": 0.010264177692914187,
            "diff_percent": 3.12419328070883
        }
    },
    "rub2usd": {
        "bank": {
            "current": 0.0117000117000117,
            "sparkline_full": " 83.2                             \n  ▇▇▇▆▆▆▆▆▄▃▂▂▃▃▄▅▄▄▄▄▄▃▄▃▃▃▃▃▄▄  \n           87.6                   "
        },
        "korona": {
            "current": 0.010955386729671697,
            "diff_percent": -6.364309621495997
        },
        "crypto": {
            "current": 0.010962895516581389,
            "diff_percent": -6.3001320197788635
        },
        "forex": {
            "current": 0.012067442522771265,
            "diff_percent": 3.1404312421260063
        }
    },
    "xdr": {
        "rub2xdr": {
            "current_rate": 0.008378051411554649,
            "sparkline": "██▇▇▇▆▆▅▂▁▁▁▂▂▃▃▂▁▂▂▂▂▁▁▁▂▂▂▃▃"
        },
        "usd2xdr": {
            "current_rate": 0.695998,
            "sparkline": "▅▅▅▅▆▅▅▅▄▅▅▅▅▅▅▅▅▃▄▄▄▄▄▄▄▅▅▅▅▅"
        },
        "eur2xdr": {
            "current_rate": 0.8162418522175806,
            "sparkline": "▄▄▃▄▅▄▄▄▄▄▄▄▄▄▄▅▆▄▄▄▄▄▄▄▄▃▄▄▄▄"
        },
        "cny2xdr": {
            "current_rate": 0.0977600797814438,
            "sparkline": "▅▅▅▅▅▅▄▅▄▅▅▅▄▄▅▅▅▄▄▄▄▄▄▄▄▄▅▅▅▅"
        },
        "rsd2xdr": {
            "current_rate": 0.006964290199204288,
            "sparkline": "▄▄▃▄▅▄▄▄▄▄▄▄▄▄▄▅▆▄▄▄▄▄▄▄▄▃▄▄▄▄"
        }
    },
    "neer": {
        "rub": {
            "current_rate": 92.27368863948126,
            "sparkline": "████▇▇▇▇▅▄▂▁▃▃▁▄▄▄▄▄▄▄▃▃▃▄▄▄▄▄"
        },
        "usd": {
            "current_rate": 103.64215684482946,
            "sparkline": "▅▅▅▅▅▅▅▅▅▅▅▅▄▄▄▄▄▄▄▄▄▄▄▄▅▅▅▅▅▅"
        },
        "eur": {
            "current_rate": 110.86200484962332,
            "sparkline": "▄▄▄▄▄▄▄▄▄▄▄▄▄▄▅▅▅▅▅▅▅▅▅▅▅▄▅▅▅▅"
        },
        "cny": {
            "current_rate": 104.85636596344773,
            "sparkline": "▄▅▅▅▄▄▄▄▄▄▅▅▄▄▄▄▄▄▅▅▅▄▅▄▅▅▅▅▅▅"
        },
        "rsd": {
            "current_rate": 110.77962147281357,
            "sparkline": "▄▅▄▄▄▄▄▄▅▄▅▅▄▄▄▅▅▅▄▄▄▅▅▅▄▄▅▄▄▄"
        }
    },
    "update_time": "2025-09-30 04:35:41",
    "update_time_display": "30.09 04:35"
}