{
    "rub2rsd": {
        "bank": {
            "current": 1.1233837068526287,
            "sparkline_full": "  1.24                            \n  ██▇▇▇▇▇▇█▇▇▇▇▇▇▆▇▆▆▆▆▅▄▂▂▁▁▁▁▁  \n                             1.12 "
        },
        "korona": {
            "current": 1.1600305783265905,
            "diff_percent": 3.2621864862750196
        },
        "crypto": {
            "current": 1.2089721168213876,
            "diff_percent": 7.618804638759717
        },
        "forex": {
            "current": 1.2520530030289037,
            "diff_percent": 11.453726397436036
        }
    },
    "rub2eur": {
        "bank": {
            "current": 0.009732360097323601,
            "sparkline_full": "          93.5                    \n  ██▇▇▇▇▇█▇█▇▇▇▇▇▆▇▆▆▆▆▅▄▂▂▁▁▁▁▂  \n                            104   "
        },
        "korona": {
            "current": 0.009931768650056426,
            "diff_percent": 2.0489228793297736
        },
        "crypto": {
            "current": 0.010359544999188813,
            "diff_percent": 6.444324866665053
        },
        "forex": {
            "current": 0.010662091709931147,
            "diff_percent": 9.552992319542534
        }
    },
    "rub2usd": {
        "bank": {
            "current": 0.011199462425803561,
            "sparkline_full": "  79.3                            \n  ████████▇▇▆▆▆▆▆▆▆▅▅▅▅▄▃▁▁▁▁▁▁▁  \n                            89.9  "
        },
        "korona": {
            "current": 0.011218864393874184,
            "diff_percent": 0.17324017290258756
        },
        "crypto": {
            "current": 0.011897041442261872,
            "diff_percent": 6.228683037956256
        },
        "forex": {
            "current": 0.012388626250012389,
            "diff_percent": 10.618043786360625
        }
    },
    "xdr": {
        "rub2xdr": {
            "current_rate": 0.008672323291499832,
            "sparkline": "█████▇▇███▇▆▆█▇▆▇▆▇▇▆▄▂▁▁▂▂▃▄▄"
        },
        "usd2xdr": {
            "current_rate": 0.702492,
            "sparkline": "▃▃▃▃▃▃▃▄▅▅▅▅▅▅▅▅▅▆▆▆▆▆▅▆▅▅▅▅▅▅"
        },
        "eur2xdr": {
            "current_rate": 0.8133791686880768,
            "sparkline": "▅▅▅▅▅▅▄▄▅▅▄▅▅▅▅▄▄▄▄▅▅▅▄▅▅▅▅▅▅▄"
        },
        "cny2xdr": {
            "current_rate": 0.10178830688980657,
            "sparkline": "▃▃▄▃▃▃▃▄▄▄▄▄▄▅▅▅▅▅▆▆▆▆▅▆▅▅▅▅▅▄"
        },
        "rsd2xdr": {
            "current_rate": 0.00692648256145721,
            "sparkline": "▅▅▅▅▅▅▄▄▅▄▄▅▅▅▅▄▄▄▄▅▅▅▄▅▅▄▄▅▅▄"
        }
    },
    "neer": {
        "rub": {
            "current_rate": 95.54502907437693,
            "sparkline": "███▇▇▇██▇▇▇▆▆▇▇▇▆▇▆▆▇▅▄▃▁▄▃▃▄▅"
        },
        "usd": {
            "current_rate": 103.17155369490517,
            "sparkline": "▄▄▄▄▄▄▄▅▄▅▅▅▅▅▄▅▅▅▅▅▅▅▅▅▅▅▅▅▅▅"
        },
        "eur": {
            "current_rate": 109.84665331349271,
            "sparkline": "▅▅▅▅▅▅▅▅▅▅▄▄▅▄▄▄▄▄▄▄▄▄▄▄▅▅▅▅▅▅"
        },
        "cny": {
            "current_rate": 110.13974241255293,
            "sparkline": "▄▄▄▄▄▄▄▄▄▄▅▄▄▅▅▅▅▅▅▅▅▅▅▅▅▅▅▅▅▅"
        },
        "rsd": {
            "current_rate": 110.1157500304366,
            "sparkline": "▅▅▅▅▅▅▅▅▄▄▅▅▅▅▅▅▅▄▅▄▅▄▅▅▅▅▅▅▅▅"
        }
    },
    "specific_rates": {
        "rub_kzt_bank": 5.46,
        "rub_kzt_crypto": 5.811704744544924,
        "kzt_rsd_bank": 0.2080236643054127,
        "rsd_eur_cash": 0.008447135013374631,
        "eur_rsd_cash": 116.8,
        "rsd_usd_cash": 0.009671179883945842,
        "usd_rsd_cash": 99.21666666666665,
        "eur_usd_exch": 1.1578483010312954,
        "usd_kzt_bank": 478.5
    },
    "update_time": "2026-03-25 22:05:43",
    "update_time_display": "25.03 22:05"
}