{
    "rub2rsd": {
        "bank": {
            "current": 1.2741336716671283,
            "sparkline_full": "                              1.27\n  ▂▂▁▁▂▄▃▂▂▂▂▃▆▆▆▆▆▆▆▅▅▅▆▆▆▅▅▅▇█  \n    1.20                          "
        },
        "korona": {
            "current": 1.2141611198192415,
            "diff_percent": -4.706927787993887
        },
        "crypto": {
            "current": 1.2661182968183384,
            "diff_percent": -0.6290842968071199
        },
        "forex": {
            "current": 1.3140545934369814,
            "diff_percent": 3.1331816007671245
        }
    },
    "rub2eur": {
        "bank": {
            "current": 0.010806137886319428,
            "sparkline_full": "                             92.1 \n  ▃▂▂▂▃▄▄▂▂▂▂▄▇▆▆▆▆▆▆▇▇▆▆▆▆▅▅▆▇▇  \n    96.4                          "
        },
        "korona": {
            "current": 0.01039648665288647,
            "diff_percent": -3.7909125141885887
        },
        "crypto": {
            "current": 0.010836202413213319,
            "diff_percent": 0.2782171318760687
        },
        "forex": {
            "current": 0.011212075370647048,
            "diff_percent": 3.756545479967796
        }
    },
    "rub2usd": {
        "bank": {
            "current": 0.0125,
            "sparkline_full": "                              80.0\n  ▂▁▁▁▂▃▃▂▁▁▁▂▄▄▄▄▃▃▄▄▄▅▅▆▆▅▅▅▆█  \n    85.1                          "
        },
        "korona": {
            "current": 0.011449849459984987,
            "diff_percent": -8.401204320120106
        },
        "crypto": {
            "current": 0.012290867717710827,
            "diff_percent": -1.6730582583133895
        },
        "forex": {
            "current": 0.012739340356956317,
            "diff_percent": 1.9147228556505302
        }
    },
    "xdr": {
        "rub2xdr": {
            "current_rate": 0.00913976137214275,
            "sparkline": "▁▁▁▁▂▃▃▂▁▁▁▂▄▄▄▄██▅▅▅▅▅▆▆▅▄▄▆▆"
        },
        "usd2xdr": {
            "current_rate": 0.719753,
            "sparkline": "▂▂▂▂▂▂▂▂▂▂▂▂▂▂▂▂▇▇▄▄▃▂▂▃▃▂▂▂▂▂"
        },
        "eur2xdr": {
            "current_rate": 0.8151712390437931,
            "sparkline": "▃▄▃▃▄▄▄▃▃▃▃▂▂▂▂▂▇▇▄▄▄▃▄▄▄▄▃▃▃▄"
        },
        "cny2xdr": {
            "current_rate": 0.10002821207699256,
            "sparkline": "▁▁▁▁▁▁▂▂▂▂▂▂▃▃▃▃██▄▄▃▃▃▃▃▃▂▂▃▃"
        },
        "rsd2xdr": {
            "current_rate": 0.006955389386248563,
            "sparkline": "▃▄▄▄▄▄▄▄▄▄▃▃▁▁▂▂██▄▄▄▄▄▄▄▄▃▃▃▄"
        }
    },
    "neer": {
        "rub": {
            "current_rate": 100.25608583404146,
            "sparkline": "▂▂▁▁▂▁▃▃▄▁▁▅▅▄▅▅▄▄▄▄▄▅▅▅▅▄▄▄▅█"
        },
        "usd": {
            "current_rate": 104.76559768174937,
            "sparkline": "▅▅▅▅▄▄▄▅▅▅▅▆▆▅▅▅▅▅▅▅▄▄▄▃▃▃▃▄▄▄"
        },
        "eur": {
            "current_rate": 108.07740516995925,
            "sparkline": "▆▅▅▅▅▅▅▅▄▄▄▃▃▄▄▄▄▄▄▄▄▄▄▄▅▅▅▄▄▅"
        },
        "cny": {
            "current_rate": 103.9244273144807,
            "sparkline": "▄▄▄▄▃▄▄▄▄▄▄▆▆▅▅▅▅▅▅▅▄▄▄▄▄▄▄▄▅▄"
        },
        "rsd": {
            "current_rate": 109.3603869517723,
            "sparkline": "▅▅▅▅▅▅▅▅▄▆▅▆▄▃▄▄▄▄▄▅▅▄▅▄▄▅▅▄▄▄"
        }
    },
    "update_time": "2025-05-30 15:20:44",
    "update_time_display": "30.05 15:20"
}