{
    "rub2rsd": {
        "bank": {
            "current": 1.2440545503437543,
            "sparkline_full": "                1.26              \n  ▅▄▄▄▄▅▃▄▄▅▄▄▃▃▃▆▆▅▅▆▃▆▄▃▄▄▄▅▄▃  \n              1.24                "
        },
        "korona": {
            "current": 1.1964413295044614,
            "diff_percent": -3.8272614995971526
        },
        "crypto": {
            "current": 1.2637603146581355,
            "diff_percent": 1.5839951961058418
        },
        "forex": {
            "current": 1.281085749124208,
            "diff_percent": 2.9766539393486653
        }
    },
    "rub2eur": {
        "bank": {
            "current": 0.010689470871191877,
            "sparkline_full": "                92.1              \n  ▅▄▄▃▃▃▅▅▄▄▄▄▃▃▃▆▆▅▅▅▄▆▅▄▄▄▄▅▃▃  \n              93.7                "
        },
        "korona": {
            "current": 0.010247891473271618,
            "diff_percent": -4.1309752675440174
        },
        "crypto": {
            "current": 0.010772904269371008,
            "diff_percent": 0.7805194399657714
        },
        "forex": {
            "current": 0.010931837943460658,
            "diff_percent": 2.2673439610744506
        }
    },
    "rub2usd": {
        "bank": {
            "current": 0.012254901960784315,
            "sparkline_full": "                      80.8        \n  ▂▂▂▁▁▂▂▃▄▄▅▅▄▄▄▆▇▆▆▇▆█▇▆▆▆▆▇▆▅  \n     83.1                         "
        },
        "korona": {
            "current": 0.011367613581990132,
            "diff_percent": -7.240273170960536
        },
        "crypto": {
            "current": 0.012325377328637716,
            "diff_percent": 0.5750790016837515
        },
        "forex": {
            "current": 0.01265777921795177,
            "diff_percent": 3.2874784184864336
        }
    },
    "xdr": {
        "rub2xdr": {
            "current_rate": 0.009489241758862232,
            "sparkline": "▁▁▁▄▄▁▂▁▁▂▂▂▁▁▁▂▃▄█▃▂▂▂▂▂▂▂▂▂▆"
        },
        "usd2xdr": {
            "current_rate": 0.754425,
            "sparkline": "▃▃▃▇▇▄▄▃▃▃▃▃▂▂▂▃▃▃▇▃▂▂▂▂▂▂▂▂▂▇"
        },
        "eur2xdr": {
            "current_rate": 0.8680371780061581,
            "sparkline": "▁▁▁▅▅▃▃▃▂▂▃▃▂▂▂▂▂▂▇▄▂▂▃▃▂▂▂▃▃█"
        },
        "cny2xdr": {
            "current_rate": 0.1048788455924263,
            "sparkline": "▃▃▃▇▇▄▃▃▃▃▃▃▂▂▂▃▃▃▇▃▂▂▂▂▂▂▂▂▂▇"
        },
        "rsd2xdr": {
            "current_rate": 0.007407187040640634,
            "sparkline": "▁▁▁▆▆▃▃▃▂▃▃▃▃▂▂▂▃▃▇▄▃▃▃▃▃▃▃▃▃█"
        }
    },
    "neer": {
        "rub": {
            "current_rate": 98.87356768912298,
            "sparkline": "▁▂▂▁▁▁▁▁▂▂▂▂▁▂▂▃▅██▅▃▄▂▆▅▄▄▃▅▅"
        },
        "usd": {
            "current_rate": 104.41810507925513,
            "sparkline": "▆▆▆▆▆▆▅▅▅▄▃▃▃▄▄▅▄▄▄▃▄▃▃▃▃▃▃▃▃▃"
        },
        "eur": {
            "current_rate": 108.4526055160774,
            "sparkline": "▄▃▄▃▃▄▄▅▄▄▅▅▅▅▄▄▅▅▅▆▅▅▅▆▅▅▆▅▆▆"
        },
        "cny": {
            "current_rate": 103.8577559825279,
            "sparkline": "▆▆▆▆▆▅▅▄▄▄▄▄▄▄▄▅▄▄▄▃▄▄▃▃▄▄▄▄▄▄"
        },
        "rsd": {
            "current_rate": 109.51446224833833,
            "sparkline": "▄▅▅▅▅▃▅▅▅▅▄▄▆▅▅▄▅▅▅▄▅▅▅▅▅▅▅▅▅▅"
        }
    },
    "update_time": "2025-06-12 01:21:36",
    "update_time_display": "12.06 01:21"
}