{
    "rub2rsd": {
        "bank": {
            "current": 1.1442018229543525,
            "sparkline_full": "   1.21                           \n  ▇▇██▆▆▆▇▇▇▆▆▆▆▆▆▆▆▄▄▄▃▂▁▁▂▂▂▃▂  \n                        1.13      "
        },
        "korona": {
            "current": 1.100884270792788,
            "diff_percent": -3.785831423491156
        },
        "crypto": {
            "current": 1.0977276243321525,
            "diff_percent": -4.061713387433922
        },
        "forex": {
            "current": 1.1776224708561442,
            "diff_percent": 2.920870010108792
        }
    },
    "rub2eur": {
        "bank": {
            "current": 0.009852216748768473,
            "sparkline_full": "   96.5                           \n  ▇███▇▇▇▇██▇▇▇▇▇▇▆▆▅▅▅▃▂▁▁▂▂▃▃▂  \n                        103       "
        },
        "korona": {
            "current": 0.009429415595655572,
            "diff_percent": -4.291431704095948
        },
        "crypto": {
            "current": 0.009409573423412483,
            "diff_percent": -4.492829752363297
        },
        "forex": {
            "current": 0.010050318014134755,
            "diff_percent": 2.010727843467761
        }
    },
    "rub2usd": {
        "bank": {
            "current": 0.011684973124561814,
            "sparkline_full": "   82.0                           \n  ▇▇██▇▇▇▇▇▆▆▇▇▇▆▆▆▅▅▅▅▃▂▁▁▂▂▃▄▃  \n                        87.6      "
        },
        "korona": {
            "current": 0.010743828277092922,
            "diff_percent": -8.054317604638776
        },
        "crypto": {
            "current": 0.011137686081523131,
            "diff_percent": -4.683682514325045
        },
        "forex": {
            "current": 0.012048381480673795,
            "diff_percent": 3.110048711606334
        }
    },
    "xdr": {
        "rub2xdr": {
            "current_rate": 0.008276759791299874,
            "sparkline": "▇▇████▇███████▇▇▆▆▆▆▅▂▁▁▁▂▂▃▃▁"
        },
        "usd2xdr": {
            "current_rate": 0.695295,
            "sparkline": "▄▄▅▅▅▄▄▅▅▅▅▅▅▄▄▄▄▅▄▄▄▄▄▅▄▄▄▄▄▄"
        },
        "eur2xdr": {
            "current_rate": 0.8235321289992467,
            "sparkline": "▄▄▄▄▅▄▄▄▄▄▄▄▄▄▄▄▄▅▄▄▄▄▄▄▄▄▄▄▅▅"
        },
        "cny2xdr": {
            "current_rate": 0.09773134580109216,
            "sparkline": "▄▄▄▅▅▄▄▅▅▅▅▅▅▅▅▅▅▅▅▄▄▄▅▅▅▄▄▅▅▅"
        },
        "rsd2xdr": {
            "current_rate": 0.00702836434946981,
            "sparkline": "▄▄▄▄▅▄▄▄▄▄▄▄▄▄▄▄▄▅▄▄▄▄▄▄▄▄▄▄▅▅"
        }
    },
    "neer": {
        "rub": {
            "current_rate": 91.39648208877415,
            "sparkline": "▇▇██▇▇▇▇▇▇▇▇█▇▇▇▇▆▆▆▆▄▂▁▁▂▂▃▃▂"
        },
        "usd": {
            "current_rate": 102.77925377879272,
            "sparkline": "▅▅▅▅▅▅▅▅▅▅▅▅▅▅▅▅▅▅▅▅▅▄▅▅▄▄▄▄▄▄"
        },
        "eur": {
            "current_rate": 111.19885233896632,
            "sparkline": "▄▄▄▄▅▅▄▄▄▄▄▄▄▄▄▄▄▄▄▅▅▅▄▄▄▄▅▄▅▅"
        },
        "cny": {
            "current_rate": 104.09128209908417,
            "sparkline": "▄▄▄▅▄▄▄▅▅▅▅▅▅▅▅▅▅▅▅▅▅▅▅▅▅▅▅▅▄▄"
        },
        "rsd": {
            "current_rate": 110.92747007029999,
            "sparkline": "▄▄▅▄▅▅▅▄▅▄▅▄▄▅▄▅▄▅▄▅▄▄▅▅▅▅▅▅▅▅"
        }
    },
    "update_time": "2025-09-17 21:05:51",
    "update_time_display": "17.09 21:05"
}