{
    "rub2rsd": {
        "bank": {
            "current": 1.1903317252286802,
            "sparkline_full": "  1.22                            \n  ██▇▆██▆▆▅▇▆▅▆▄▄▃▃▄▇▇▁▁▁▃▂▃▁▁▁▁  \n                       1.19       "
        },
        "korona": {
            "current": 1.142467475125254,
            "diff_percent": -4.021084970597662
        },
        "crypto": {
            "current": 1.2236436321131723,
            "diff_percent": 2.7985397833610066
        },
        "forex": {
            "current": 1.2721587980422502,
            "diff_percent": 6.8743083192082235
        }
    },
    "rub2eur": {
        "bank": {
            "current": 0.010300782859497322,
            "sparkline_full": " 95.3                             \n  █▇▇▆▇▇▅▅▆▇▅▅▄▄▄▃▂▄▄▄▁▁▁▃▃▃▂▂▂▂  \n                       97.5       "
        },
        "korona": {
            "current": 0.009785588652036437,
            "diff_percent": -5.001505366030274
        },
        "crypto": {
            "current": 0.010552978162176718,
            "diff_percent": 2.448311998411573
        },
        "forex": {
            "current": 0.010841707359276264,
            "diff_percent": 5.25129504385397
        }
    },
    "rub2usd": {
        "bank": {
            "current": 0.01201634222542658,
            "sparkline_full": "      81.9                        \n  ▄▅▅▄▇▇▆▆▅▆▆▆▅▅▅▄▃▄▇▆▂▂▂▃▂▂▂▂▂▂  \n                           83.3   "
        },
        "korona": {
            "current": 0.011149909133324193,
            "diff_percent": -7.210456192476059
        },
        "crypto": {
            "current": 0.012285847269988024,
            "diff_percent": 2.242820980840342
        },
        "forex": {
            "current": 0.012448401376295257,
            "diff_percent": 3.595596253529132
        }
    },
    "xdr": {
        "rub2xdr": {
            "current_rate": 0.008852148570294009,
            "sparkline": "▃█▇▇█▆▅▅▆▇█▇▆▆▅▃▁▁▂▃▃▂▁▂▃▃▂▄▃█"
        },
        "usd2xdr": {
            "current_rate": 0.698011,
            "sparkline": "▂▇▇▇▇▅▅▅▅▆▆▆▆▇▅▃▃▄▅▅▅▃▃▅▅▅▄▄▄▄"
        },
        "eur2xdr": {
            "current_rate": 0.8164902701159913,
            "sparkline": "▁▅▄▆▇▅▅▅▅▅▇▇▇█▇▄▄▄▄▅▇▅▄▄▄▅▅▅▄▅"
        },
        "cny2xdr": {
            "current_rate": 0.09788677287260897,
            "sparkline": "▁▇▇▇▇▅▅▅▅▆▇▇▇█▆▄▄▄▅▆▆▄▅▆▇█▇▇▇▇"
        },
        "rsd2xdr": {
            "current_rate": 0.006958367606242829,
            "sparkline": "▁▅▅▆▇▅▅▅▅▆▇▇▇█▇▅▄▄▄▅▇▅▅▅▅▆▅▅▅▅"
        }
    },
    "neer": {
        "rub": {
            "current_rate": 95.330650485606,
            "sparkline": "▆▅█▅▄▇▅▅█▇▄▅▅▄▃▅▂▃▅▄▂▁▃▂▃▃▂▃▃▂"
        },
        "usd": {
            "current_rate": 103.65363801671009,
            "sparkline": "▆▅▆▅▄▄▄▄▅▅▃▄▄▄▄▄▄▅▅▅▃▃▄▄▄▄▃▃▃▃"
        },
        "eur": {
            "current_rate": 110.5958811718088,
            "sparkline": "▄▃▃▄▄▄▄▄▄▄▅▅▅▅▆▅▅▅▅▄▆▆▅▅▄▄▄▅▅▅"
        },
        "cny": {
            "current_rate": 104.58083099241409,
            "sparkline": "▃▅▅▄▄▄▃▄▄▄▃▃▃▃▃▄▄▅▅▅▄▄▅▅▆▅▆▆▆▆"
        },
        "rsd": {
            "current_rate": 110.54401306158023,
            "sparkline": "▄▄▄▄▅▄▄▄▅▄▄▅▅▄▄▂▂▆▃▇▅▅▂▃▄▄▄▄▄▄"
        }
    },
    "update_time": "2025-09-01 05:50:42",
    "update_time_display": "01.09 05:50"
}