{
    "rub2rsd": {
        "bank": {
            "current": 1.1422900010165122,
            "sparkline_full": "      1.21                        \n  ▇▇▇▇▇██▆▆▆▇▇▇▆▆▆▆▆▆▆▆▄▄▄▃▂▁▁▂▂  \n                           1.13   "
        },
        "korona": {
            "current": 1.0867841701745204,
            "diff_percent": -4.859171558238075
        },
        "crypto": {
            "current": 1.164016397056952,
            "diff_percent": 1.9020035210940822
        },
        "forex": {
            "current": 1.1919718843933242,
            "diff_percent": 4.349323143212372
        }
    },
    "rub2eur": {
        "bank": {
            "current": 0.00984348853233586,
            "sparkline_full": "  96.5                            \n  ███▇███▇▇▇▇█▇▇▇▇▇▇▇▆▆▅▅▅▃▂▁▁▂▂  \n                           103    "
        },
        "korona": {
            "current": 0.009308643855884544,
            "diff_percent": -5.433487068068923
        },
        "crypto": {
            "current": 0.010000312659345291,
            "diff_percent": 1.5931763062888054
        },
        "forex": {
            "current": 0.010175610424508255,
            "diff_percent": 3.3740263025793547
        }
    },
    "rub2usd": {
        "bank": {
            "current": 0.011548677676406051,
            "sparkline_full": "      82.0                        \n  ██▇▇▇██▇▇▇▇▇▆▆▇▇▇▆▆▆▅▅▅▅▃▂▁▁▂▂  \n                           87.6   "
        },
        "korona": {
            "current": 0.010567547234498214,
            "diff_percent": -8.49560849647996
        },
        "crypto": {
            "current": 0.011709924933828953,
            "diff_percent": 1.3962400020249104
        },
        "forex": {
            "current": 0.011851177651523232,
            "diff_percent": 2.6193472845396695
        }
    },
    "xdr": {
        "rub2xdr": {
            "current_rate": 0.008299491804541988,
            "sparkline": "██▇▆▆▇▇▇▇▇▇▇▇▇█▇▇▆▆▆▆▅▅▄▂▁▁▁▁▁"
        },
        "usd2xdr": {
            "current_rate": 0.695096,
            "sparkline": "▅▅▄▄▄▅▅▅▄▄▅▅▅▅▄▄▄▄▄▄▅▄▄▄▄▄▄▄▄▄"
        },
        "eur2xdr": {
            "current_rate": 0.8156259387203365,
            "sparkline": "▅▅▄▄▄▄▄▅▄▄▄▄▄▄▄▄▄▄▄▄▅▄▄▄▄▄▄▄▄▄"
        },
        "cny2xdr": {
            "current_rate": 0.09756144118348843,
            "sparkline": "▅▄▄▄▄▄▅▅▄▄▅▅▅▅▅▅▅▅▅▅▅▅▄▄▄▅▅▅▄▄"
        },
        "rsd2xdr": {
            "current_rate": 0.006962825141438772,
            "sparkline": "▅▅▄▄▄▄▄▅▄▄▄▄▄▄▄▄▄▄▄▄▅▄▄▄▄▄▄▄▄▄"
        }
    },
    "neer": {
        "rub": {
            "current_rate": 91.02810087760557,
            "sparkline": "▇▇█▇▇██▇▇▇▇▇▇▇▇▇▇▇▇▇▆▆▆▅▄▂▁▁▂▂"
        },
        "usd": {
            "current_rate": 103.43118547162224,
            "sparkline": "▅▄▅▅▅▅▅▄▄▄▅▅▄▄▄▄▄▅▅▅▄▄▄▄▄▄▄▄▄▄"
        },
        "eur": {
            "current_rate": 110.69016395834109,
            "sparkline": "▅▅▄▅▄▄▄▅▅▅▄▄▄▄▄▄▅▄▄▄▅▅▅▅▅▅▅▅▅▅"
        },
        "cny": {
            "current_rate": 104.49623959965137,
            "sparkline": "▄▄▄▄▄▅▅▄▄▄▅▅▅▅▅▅▅▅▅▅▅▅▅▅▅▅▅▅▅▅"
        },
        "rsd": {
            "current_rate": 110.7582044855448,
            "sparkline": "▄▄▅▄▄▅▄▅▅▅▄▅▄▅▄▄▅▄▅▄▅▄▅▄▄▅▅▅▅▅"
        }
    },
    "update_time": "2025-09-14 08:35:44",
    "update_time_display": "14.09 08:35"
}