{
    "rub2rsd": {
        "bank": {
            "current": 1.151061384841113,
            "sparkline_full": "   1.21                           \n  ▇▇██▆▆▆▇▇▇▆▆▆▆▆▆▆▆▄▄▄▃▂▁▁▂▂▂▃▃  \n                        1.13      "
        },
        "korona": {
            "current": 1.0995689906174224,
            "diff_percent": -4.473470737687759
        },
        "crypto": {
            "current": 1.1224172318582675,
            "diff_percent": -2.488499167818015
        },
        "forex": {
            "current": 1.186378989703576,
            "diff_percent": 3.068264240949921
        }
    },
    "rub2eur": {
        "bank": {
            "current": 0.009937394415184339,
            "sparkline_full": "   96.5                           \n  ▇███▇▇▇▇██▇▇▇▇▇▇▆▆▅▅▅▃▂▁▁▂▂▃▃▃  \n                        103       "
        },
        "korona": {
            "current": 0.00941814981256893,
            "diff_percent": -5.225158436118863
        },
        "crypto": {
            "current": 0.009673743320260064,
            "diff_percent": -2.6531209682229813
        },
        "forex": {
            "current": 0.010124081843993438,
            "diff_percent": 1.8786355961059629
        }
    },
    "rub2usd": {
        "bank": {
            "current": 0.011755025273304338,
            "sparkline_full": "   82.0                           \n  ▇▇██▇▇▇▇▇▆▆▇▇▇▆▆▆▅▅▅▅▃▂▁▁▂▂▃▄▄  \n                        87.6      "
        },
        "korona": {
            "current": 0.010718787885791283,
            "diff_percent": -8.81527145557356
        },
        "crypto": {
            "current": 0.011419649112866852,
            "diff_percent": -2.8530449968416955
        },
        "forex": {
            "current": 0.01207206054379804,
            "diff_percent": 2.6970190460899253
        }
    },
    "xdr": {
        "rub2xdr": {
            "current_rate": 0.008356837734476609,
            "sparkline": "▇▇████▇███████▇▇▆▆▆▆▅▂▁▁▁▂▂▃▃▂"
        },
        "usd2xdr": {
            "current_rate": 0.695295,
            "sparkline": "▄▄▅▅▅▄▄▅▅▅▅▅▅▄▄▄▄▅▄▄▄▄▄▅▄▄▄▄▄▄"
        },
        "eur2xdr": {
            "current_rate": 0.825441542576493,
            "sparkline": "▄▃▄▄▅▄▄▄▄▄▄▄▄▄▄▃▃▅▄▄▄▄▄▄▄▄▄▄▅▆"
        },
        "cny2xdr": {
            "current_rate": 0.09773134580109216,
            "sparkline": "▄▄▄▅▅▄▄▅▅▅▅▅▅▅▅▅▅▅▅▄▄▄▅▅▅▄▄▅▅▅"
        },
        "rsd2xdr": {
            "current_rate": 0.007043986624008417,
            "sparkline": "▄▃▄▄▅▄▄▄▄▄▄▄▄▄▄▃▃▅▄▄▄▄▄▄▄▄▄▄▅▆"
        }
    },
    "neer": {
        "rub": {
            "current_rate": 91.39648208877415,
            "sparkline": "▇▇██▇▇▇▇▇▇▇▇█▇▇▇▇▆▆▆▆▄▂▁▁▂▂▃▃▂"
        },
        "usd": {
            "current_rate": 102.77925377879272,
            "sparkline": "▅▅▅▅▅▅▅▅▅▅▅▅▅▅▅▅▅▅▅▅▅▄▅▅▄▄▄▄▄▄"
        },
        "eur": {
            "current_rate": 111.19885233896632,
            "sparkline": "▄▄▄▄▅▅▄▄▄▄▄▄▄▄▄▄▄▄▄▅▅▅▄▄▄▄▅▄▅▅"
        },
        "cny": {
            "current_rate": 104.09128209908417,
            "sparkline": "▄▄▄▅▄▄▄▅▅▅▅▅▅▅▅▅▅▅▅▅▅▅▅▅▅▅▅▅▄▄"
        },
        "rsd": {
            "current_rate": 110.92747007029999,
            "sparkline": "▄▄▅▄▅▅▅▄▅▄▅▄▄▅▄▅▄▅▄▅▄▄▅▅▅▅▅▅▅▅"
        }
    },
    "update_time": "2025-09-17 05:35:45",
    "update_time_display": "17.09 05:35"
}