{
    "rub2rsd": {
        "bank": {
            "current": 1.2532205258551317,
            "sparkline_full": "                              1.25\n  ▂▂▂▂▂▁▁▂▁▁▁▁▁▁▂▅▆▆▆▆▅▆▇▆▆▇▇▇▇█  \n            1.19                  "
        },
        "korona": {
            "current": 1.2247131354685041,
            "diff_percent": -2.2747305680439274
        },
        "crypto": {
            "current": 1.3020415004169799,
            "diff_percent": 3.895641154499551
        },
        "forex": {
            "current": 1.3248931136480335,
            "diff_percent": 5.719072287297263
        }
    },
    "rub2eur": {
        "bank": {
            "current": 0.010759629868732516,
            "sparkline_full": "                              92.9\n  ▂▂▂▂▂▁▁▂▁▁▁▁▁▁▂▄▆▆▆▆▅▆▆▇▇▇▇▇▇█  \n            97.7                  "
        },
        "korona": {
            "current": 0.010490048269537509,
            "diff_percent": -2.5054913829183993
        },
        "crypto": {
            "current": 0.011158812507733372,
            "diff_percent": 3.71000344687395
        },
        "forex": {
            "current": 0.011285855558070566,
            "diff_percent": 4.890741556707838
        }
    },
    "rub2usd": {
        "bank": {
            "current": 0.012577034335303735,
            "sparkline_full": "                              79.5\n  ▁▁▁▁▁▁▁▁▁▁▁▁▁▁▁▄▄▄▅▅▄▅▆▆▆▇▇▇██  \n      84.2                        "
        },
        "korona": {
            "current": 0.011935944237075571,
            "diff_percent": -5.097307371012131
        },
        "crypto": {
            "current": 0.01301678227503085,
            "diff_percent": 3.496435868770288
        },
        "forex": {
            "current": 0.01299193980054774,
            "diff_percent": 3.298913354155083
        }
    },
    "xdr": {
        "rub2xdr": {
            "current_rate": 0.009211144102732166,
            "sparkline": "▁▂▂▂▁▁▁▁▁▁▃▁▁▁▂▄▅▅▆▅▅▅▆▆▆▆▆▇▇█"
        },
        "usd2xdr": {
            "current_rate": 0.70002,
            "sparkline": "▅▅▅▄▄▄▄▄▄▄▆▄▄▄▄▅▅▅▅▅▄▄▄▄▄▄▄▄▃▃"
        },
        "eur2xdr": {
            "current_rate": 0.8161671089388731,
            "sparkline": "▄▄▄▄▄▄▄▄▄▄▆▄▄▄▃▄▄▄▄▄▄▄▄▄▄▄▄▄▄▄"
        },
        "cny2xdr": {
            "current_rate": 0.09901553084952898,
            "sparkline": "▄▅▄▄▄▄▄▄▄▄▆▃▄▄▄▄▄▄▅▅▄▄▄▄▄▄▄▄▄▄"
        },
        "rsd2xdr": {
            "current_rate": 0.00695236771015414,
            "sparkline": "▄▄▄▄▄▄▄▄▄▄▆▄▄▄▃▄▄▄▄▄▄▄▄▄▃▄▄▄▄▄"
        }
    },
    "neer": {
        "rub": {
            "current_rate": 99.92485706624934,
            "sparkline": "▂▁▁▁▁▂▁▁▂▂▂▂▁▂▂▃▅▅▂▅▅▆▆██▆▇█▇█"
        },
        "usd": {
            "current_rate": 103.97139336756244,
            "sparkline": "▅▅▅▅▅▅▄▄▄▄▄▄▅▅▅▅▅▅▅▅▅▄▄▄▄▄▄▄▄▄"
        },
        "eur": {
            "current_rate": 110.42712083506113,
            "sparkline": "▄▅▄▄▄▄▄▅▅▅▅▄▅▅▄▄▄▄▄▄▄▄▄▄▄▅▅▅▅▅"
        },
        "cny": {
            "current_rate": 106.7202965249224,
            "sparkline": "▄▄▄▄▄▄▄▄▄▄▄▄▄▄▅▅▅▅▅▅▅▅▅▅▅▅▅▅▅▅"
        },
        "rsd": {
            "current_rate": 110.09090271242688,
            "sparkline": "▄▅▅▅▅▅▅▄▅▅▅▅▅▅▅▅▄▄▄▄▅▅▅▄▄▄▄▄▄▄"
        }
    },
    "specific_rates": {
        "rub_kzt_bank": 6.37,
        "rub_kzt_crypto": 6.606017004578156,
        "kzt_rsd_bank": 0.19709932619226206,
        "rsd_eur_cash": 0.008483563096500531,
        "eur_rsd_cash": 116.75,
        "rsd_usd_cash": 0.009745910198398886,
        "usd_rsd_cash": 98.72142857142856,
        "eur_usd_exch": 1.165919700778368,
        "usd_kzt_bank": 500.5
    },
    "update_time": "2025-12-05 10:20:51",
    "update_time_display": "05.12 10:20"
}