{
    "rub2rsd": {
        "bank": {
            "current": 1.1410573463080216,
            "sparkline_full": "        1.21                      \n  ██▇▇▇▇▇██▆▆▆▇▇▇▆▆▆▆▆▆▆▆▄▄▄▃▂▁▂  \n                             1.13 "
        },
        "korona": {
            "current": 1.087923568288622,
            "diff_percent": -4.656538796346921
        },
        "crypto": {
            "current": 1.1003502883754464,
            "diff_percent": -3.5674857240335935
        },
        "forex": {
            "current": 1.181330846103757,
            "diff_percent": 3.5294895498498353
        }
    },
    "rub2eur": {
        "bank": {
            "current": 0.009835743090390479,
            "sparkline_full": " 96.3                             \n  ████▇▇███▇▇▇▇█▇▇▇▇▇▇▇▆▅▅▅▅▃▂▁▂  \n                             103  "
        },
        "korona": {
            "current": 0.009322395615155287,
            "diff_percent": -5.2192037807162
        },
        "crypto": {
            "current": 0.009445818735923655,
            "diff_percent": -3.9643609118641976
        },
        "forex": {
            "current": 0.010085070875892041,
            "diff_percent": 2.5349155951943803
        }
    },
    "rub2usd": {
        "bank": {
            "current": 0.011559357299734134,
            "sparkline_full": "        82.0                      \n  ████▇▇▇██▇▇▇▇▇▆▆▇▇▇▆▆▆▅▅▅▅▃▂▁▂  \n                             87.6 "
        },
        "korona": {
            "current": 0.010650255196168594,
            "diff_percent": -7.864642297945487
        },
        "crypto": {
            "current": 0.011079502197150561,
            "diff_percent": -4.151226492450491
        },
        "forex": {
            "current": 0.011673419739986248,
            "diff_percent": 0.9867541706210393
        }
    },
    "xdr": {
        "rub2xdr": {
            "current_rate": 0.008216079932592482,
            "sparkline": "████▇▆▆▇▇▇▇▆▇▇▇▇▇▇▇▆▆▅▆▅▅▄▂▁▁▁"
        },
        "usd2xdr": {
            "current_rate": 0.695271,
            "sparkline": "▅▅▅▅▄▄▄▅▅▅▄▄▅▅▅▅▄▄▄▄▄▄▅▄▄▄▄▄▄▄"
        },
        "eur2xdr": {
            "current_rate": 0.8146774607437508,
            "sparkline": "▅▅▅▅▄▄▄▄▄▅▄▄▄▄▄▄▄▄▄▄▄▄▅▄▄▄▄▄▄▄"
        },
        "cny2xdr": {
            "current_rate": 0.09760244261949884,
            "sparkline": "▅▅▅▄▄▄▄▄▅▅▄▄▅▅▅▅▅▅▅▅▅▅▅▅▄▄▄▅▅▄"
        },
        "rsd2xdr": {
            "current_rate": 0.006954935579385402,
            "sparkline": "▅▅▅▅▄▄▄▄▄▅▄▄▄▄▄▄▄▄▄▄▄▄▅▄▄▄▄▄▄▄"
        }
    },
    "neer": {
        "rub": {
            "current_rate": 90.44771147273714,
            "sparkline": "██▇▇█▇▇██▇▇▇▇▇▇▇▇▇▇▇▇▇▆▆▅▅▄▂▁▁"
        },
        "usd": {
            "current_rate": 103.43327174358659,
            "sparkline": "▄▄▅▄▅▅▅▅▅▄▄▄▅▅▄▄▄▄▄▅▅▅▄▄▄▄▄▄▄▄"
        },
        "eur": {
            "current_rate": 110.6356148285366,
            "sparkline": "▅▅▅▅▄▅▄▄▄▅▅▅▄▄▄▄▄▄▅▄▄▄▅▅▅▅▅▅▅▅"
        },
        "cny": {
            "current_rate": 104.50682456627106,
            "sparkline": "▄▄▄▄▄▄▄▅▅▄▄▄▅▅▅▅▅▅▅▅▅▅▅▅▅▅▅▅▅▅"
        },
        "rsd": {
            "current_rate": 110.75973074092961,
            "sparkline": "▅▄▄▄▅▄▄▅▄▅▅▅▄▅▄▅▄▄▅▄▅▄▅▄▅▄▄▅▅▅"
        }
    },
    "update_time": "2025-09-12 14:20:42",
    "update_time_display": "12.09 14:20"
}