{
    "rub2rsd": {
        "bank": {
            "current": 1.2073556985058969,
            "sparkline_full": "                 1.22             \n  ▁▂▃▂▁▁▁▁▃▅▅▅▅▅▇██▅▄▄▄▄▄▆▅▄▄▄▆▆  \n       1.16                       "
        },
        "korona": {
            "current": 1.1768155097069255,
            "diff_percent": -2.5295104695960644
        },
        "crypto": {
            "current": 1.2571620121686005,
            "diff_percent": 4.125239457132554
        },
        "forex": {
            "current": 1.2701273154432444,
            "diff_percent": 5.199098908053978
        }
    },
    "rub2eur": {
        "bank": {
            "current": 0.010425354462051709,
            "sparkline_full": "                95.0              \n  ▁▂▃▂▁▁▁▂▃▄▅▅▅▅▇██▄▃▃▄▅▄▅▄▃▃▃▆▇  \n 100                              "
        },
        "korona": {
            "current": 0.010076707728377344,
            "diff_percent": -3.344219469404513
        },
        "crypto": {
            "current": 0.010840320328866207,
            "diff_percent": 3.9803525944846694
        },
        "forex": {
            "current": 0.010834315463925619,
            "diff_percent": 3.9227539299745464
        }
    },
    "rub2usd": {
        "bank": {
            "current": 0.012143290831815423,
            "sparkline_full": "                 81.4             \n  ▁▃▄▃▂▂▁▂▃▄▄▄▄▄▆▇█▅▃▃▄▄▃▅▄▃▃▃▅▆  \n       85.2                       "
        },
        "korona": {
            "current": 0.011442056487184497,
            "diff_percent": -5.774664828035679
        },
        "crypto": {
            "current": 0.01260149281927024,
            "diff_percent": 3.773293366690423
        },
        "forex": {
            "current": 0.012528596521560461,
            "diff_percent": 3.1729923550503867
        }
    },
    "xdr": {
        "rub2xdr": {
            "current_rate": 0.008838411926724894,
            "sparkline": "▁▁▂▁▁▁▁▁▃▄▅▄▅▅▇█▇▅▄▄▄▄▄▄▅▇▇▆▇█"
        },
        "usd2xdr": {
            "current_rate": 0.700447,
            "sparkline": "▄▄▄▃▃▄▄▄▅▅▆▅▅▅▆▅▅▅▅▅▄▅▅▅▅▅▅▅▅▅"
        },
        "eur2xdr": {
            "current_rate": 0.8157794515171386,
            "sparkline": "▅▅▅▄▄▄▄▄▄▄▅▄▄▄▄▅▅▅▅▅▄▄▄▄▅▅▄▅▅▄"
        },
        "cny2xdr": {
            "current_rate": 0.09864617074613413,
            "sparkline": "▄▄▄▃▄▄▄▄▅▅▆▅▅▅▅▅▅▅▄▄▄▅▅▅▅▅▅▅▅▅"
        },
        "rsd2xdr": {
            "current_rate": 0.006958681873273858,
            "sparkline": "▅▅▅▄▄▅▄▄▄▄▅▄▄▄▅▅▅▅▅▅▄▄▄▄▄▄▄▄▅▄"
        }
    },
    "neer": {
        "rub": {
            "current_rate": 97.08338077232214,
            "sparkline": "▁▁▃▄▂▂▄▁▃▄▄▄▄▄▆▇██▄▄█▄▄▄▄▇▇▇██"
        },
        "usd": {
            "current_rate": 103.97405090065689,
            "sparkline": "▄▄▄▄▄▄▄▄▅▄▅▅▅▅▅▅▅▄▄▄▄▅▅▅▅▅▅▅▄▄"
        },
        "eur": {
            "current_rate": 110.330357838757,
            "sparkline": "▅▅▅▅▅▅▄▅▄▄▄▄▄▄▄▄▄▅▄▄▄▄▄▄▄▄▄▄▄▄"
        },
        "cny": {
            "current_rate": 105.75186212519657,
            "sparkline": "▄▄▄▄▄▄▄▅▅▅▅▅▅▅▅▅▅▅▅▅▅▅▅▅▅▅▅▅▅▅"
        },
        "rsd": {
            "current_rate": 110.30451417224111,
            "sparkline": "▅▅▅▅▅▅▅▅▄▅▄▅▅▅▅▄▅▅▄▄▄▄▄▄▄▄▄▄▄▄"
        }
    },
    "update_time": "2025-10-29 07:35:49",
    "update_time_display": "29.10 07:35"
}