{
    "rub2rsd": {
        "bank": {
            "current": 1.2766627879676424,
            "sparkline_full": "                              1.28\n  ▁▂▂▄▅▅▃▃▄▄▅▆▇▆▆▆▆▇▇▇█▇▇▇▆▆▇▇██  \n 1.23                             "
        },
        "korona": {
            "current": 1.2424972130244984,
            "diff_percent": -2.6761628258573418
        },
        "crypto": {
            "current": 1.2929617729124985,
            "diff_percent": 1.2766867726130626
        },
        "forex": {
            "current": 1.3413791115952287,
            "diff_percent": 5.069179131523848
        }
    },
    "rub2eur": {
        "bank": {
            "current": 0.011003521126760564,
            "sparkline_full": "                              90.9\n  ▁▁▁▃▄▄▃▃▃▃▅▆▆▆▆▆▆▆▇▇▇▇▇▇▆▆▆▇▇█  \n 94.2                             "
        },
        "korona": {
            "current": 0.010637818604661802,
            "diff_percent": -3.3235045208335534
        },
        "crypto": {
            "current": 0.011076254337184845,
            "diff_percent": 0.6609994163358621
        },
        "forex": {
            "current": 0.011421900247293877,
            "diff_percent": 3.8022294474067437
        }
    },
    "rub2usd": {
        "bank": {
            "current": 0.012938284383490747,
            "sparkline_full": "                              77.3\n  ▁▁▁▃▅▆▄▄▅▅▆▇▇▆▅▆▆▆▇▇▇▇▇▇▆▅▇▇██  \n 80.5                             "
        },
        "korona": {
            "current": 0.012243936779293994,
            "diff_percent": -5.366612632836705
        },
        "crypto": {
            "current": 0.012997403376396778,
            "diff_percent": 0.45693069617070853
        },
        "forex": {
            "current": 0.01345962046562211,
            "diff_percent": 4.029406578793306
        }
    },
    "xdr": {
        "rub2xdr": {
            "current_rate": 0.009368411866210527,
            "sparkline": "▁▁▁▂▄▄▃▂▂▂▄▆▆▅▅▆▆▆▆▇▇▇▆▆▆▆▆▇██"
        },
        "usd2xdr": {
            "current_rate": 0.695511,
            "sparkline": "▆▅▅▅▄▄▃▄▄▄▄▄▄▄▅▅▅▅▅▅▅▅▅▅▅▅▅▅▅▅"
        },
        "eur2xdr": {
            "current_rate": 0.820214820947165,
            "sparkline": "▅▄▄▄▅▄▄▄▄▄▅▄▄▃▄▄▄▅▄▅▅▅▄▅▄▄▅▅▅▆"
        },
        "cny2xdr": {
            "current_rate": 0.10226899776496884,
            "sparkline": "▅▅▅▅▅▄▄▄▄▄▄▄▄▄▅▅▄▅▅▅▅▅▅▅▅▅▅▅▅▅"
        },
        "rsd2xdr": {
            "current_rate": 0.006984164122750643,
            "sparkline": "▅▄▄▅▅▄▄▅▄▅▅▄▄▃▄▄▄▅▄▅▅▅▄▄▄▄▅▅▅▆"
        }
    },
    "neer": {
        "rub": {
            "current_rate": 102.16637875818489,
            "sparkline": "▁▂▂▁▃▅▆▄▃▃▄▆███▆▆█████▆▆█▇▅▆▇▇"
        },
        "usd": {
            "current_rate": 101.42359471526122,
            "sparkline": "▅▅▅▅▄▄▄▄▄▄▄▄▄▄▄▅▅▄▅▅▅▅▅▅▄▄▅▄▄▄"
        },
        "eur": {
            "current_rate": 109.79430708573469,
            "sparkline": "▄▆▆▄▄▄▄▄▄▄▄▄▄▃▄▄▄▄▃▄▄▄▄▃▃▃▃▃▃▄"
        },
        "cny": {
            "current_rate": 110.0575132721013,
            "sparkline": "▆▄▄▆▅▅▅▅▃▃▅▅▅▅▅▄▄▅▅▅▅▅▃▃▅▅▃▃▄▃"
        },
        "rsd": {
            "current_rate": 109.90068623330147,
            "sparkline": "▇▄▄▇▇███▂▁███▇▇▁▁▇█▇▇█▁▁██▁▁▁▁"
        }
    },
    "specific_rates": {
        "rub_kzt_bank": 6.03,
        "rub_kzt_crypto": 6.069787376777295,
        "kzt_rsd_bank": 0.2130159909487614,
        "rsd_eur_cash": 0.00844880027036161,
        "eur_rsd_cash": 116.8,
        "rsd_usd_cash": 0.009854297177447737,
        "usd_rsd_cash": 97.80714285714285,
        "eur_usd_exch": 1.1792981289255886,
        "usd_kzt_bank": 460.0
    },
    "update_time": "2026-05-09 06:50:55",
    "update_time_display": "09.05 06:50"
}