{
    "rub2rsd": {
        "bank": {
            "current": 1.222899865584256,
            "sparkline_full": "               1.26               \n  ▆▅▆▆▆▅▅▅▆▆▆▅▄▅█▇▆▆▇▅▇▆▅▅▆▆▆▅▂▁  \n                              1.22"
        },
        "korona": {
            "current": 1.1816847786470097,
            "diff_percent": -3.370274876721428
        },
        "crypto": {
            "current": 1.2375741056844387,
            "diff_percent": 1.199954347298247
        },
        "forex": {
            "current": 1.2713687585933557,
            "diff_percent": 3.963439229420726
        }
    },
    "rub2eur": {
        "bank": {
            "current": 0.010588733587462939,
            "sparkline_full": "               92.1               \n  ▅▅▅▅▅▇▆▆▅▅▅▄▄▅▇▇▇▇▆▅▇▆▅▅▅▆▆▅▂▃  \n                             95.0 "
        },
        "korona": {
            "current": 0.010121497033379098,
            "diff_percent": -4.412582016767792
        },
        "crypto": {
            "current": 0.010644241508755436,
            "diff_percent": 0.524216808686341
        },
        "forex": {
            "current": 0.010847295309493351,
            "diff_percent": 2.4418569028552115
        }
    },
    "rub2usd": {
        "bank": {
            "current": 0.012214486380847685,
            "sparkline_full": "                     80.8         \n  ▂▂▂▂▂▂▃▄▄▅▅▄▄▄▆▇▆▆▆▆▇▇▆▆▆▆▇▆▄▅  \n    83.1                          "
        },
        "korona": {
            "current": 0.011217638908127615,
            "diff_percent": -8.161190259159214
        },
        "crypto": {
            "current": 0.012253254760078932,
            "diff_percent": 0.3173967207662183
        },
        "forex": {
            "current": 0.01265777921795177,
            "diff_percent": 3.629238457371147
        }
    },
    "xdr": {
        "rub2xdr": {
            "current_rate": 0.008841321335039433,
            "sparkline": "▂▁▅▅▂▂▂▂▂▃▃▂▁▁▃▄▅█▄▃▃▂▃▃▃▃▃▃▁▁"
        },
        "usd2xdr": {
            "current_rate": 0.705737,
            "sparkline": "▃▃▇▇▄▄▄▃▄▄▄▃▃▃▃▃▃▇▄▃▃▃▃▃▃▃▃▃▃▂"
        },
        "eur2xdr": {
            "current_rate": 0.8150715070236608,
            "sparkline": "▂▂▆▆▃▃▃▃▃▄▄▃▃▃▃▃▃▇▄▃▃▃▃▃▃▃▃▃▄▃"
        },
        "cny2xdr": {
            "current_rate": 0.09827016263785228,
            "sparkline": "▃▃▇▇▄▄▄▃▄▄▄▃▃▃▃▃▃▇▄▃▃▃▃▃▃▃▃▃▃▂"
        },
        "rsd2xdr": {
            "current_rate": 0.006954175391899266,
            "sparkline": "▂▂▆▆▄▄▃▃▃▄▄▃▃▃▃▃▃▇▄▄▃▄▄▃▃▄▄▄▄▃"
        }
    },
    "neer": {
        "rub": {
            "current_rate": 96.26439108965448,
            "sparkline": "▃▃▂▂▃▂▂▃▃▃▃▂▃▃▄▆██▅▄▅▅▄▅▅▄▃▆▂▁"
        },
        "usd": {
            "current_rate": 103.87410050834552,
            "sparkline": "▆▆▆▆▆▆▅▅▅▄▄▄▄▅▅▅▅▅▄▄▄▄▄▄▄▄▄▄▃▃"
        },
        "eur": {
            "current_rate": 109.29348545227255,
            "sparkline": "▃▃▃▃▄▃▄▄▃▄▄▄▄▄▃▄▄▄▅▅▄▅▅▅▅▅▅▅▆▆"
        },
        "cny": {
            "current_rate": 103.40534824286755,
            "sparkline": "▆▆▆▆▅▅▄▄▅▄▄▄▄▄▅▄▄▄▄▄▄▄▄▄▄▄▄▄▃▃"
        },
        "rsd": {
            "current_rate": 109.9773267775056,
            "sparkline": "▄▄▄▄▃▄▄▅▄▃▃▅▅▄▃▄▄▄▄▄▆▆▄▄▄▄▄▄▅▅"
        }
    },
    "update_time": "2025-06-13 20:50:50",
    "update_time_display": "13.06 20:50"
}