{
    "rub2rsd": {
        "bank": {
            "current": 1.2194500046053136,
            "sparkline_full": "                              1.22\n                ▅▄▃▄▄▄▆▅▅ ▆▅▅▅▆▆  \n                 1.19             "
        },
        "korona": {
            "current": 1.1724679705942622,
            "diff_percent": -3.85272326324338
        },
        "crypto": {
            "current": 1.2697732457493094,
            "diff_percent": 4.126716220750957
        },
        "forex": {
            "current": 1.2516119562574461,
            "diff_percent": 2.637414533656265
        }
    },
    "rub2eur": {
        "bank": {
            "current": 0.010400416016640665,
            "sparkline_full": "                           95.8   \n                ▅▃▄▃▃▃▅▆▅▅▆▆▆▅▆▆  \n                98.5              "
        },
        "korona": {
            "current": 0.010038253172896082,
            "diff_percent": -3.4821957426041736
        },
        "crypto": {
            "current": 0.010804700548795038,
            "diff_percent": 3.8871957766642886
        },
        "forex": {
            "current": 0.010818074515962981,
            "diff_percent": 4.015786470984065
        }
    },
    "rub2usd": {
        "bank": {
            "current": 0.011977482333213559,
            "sparkline_full": "                              83.5\n                ▁▁▁▄▄▄▇▇▆▆███▇██  \n                89.1              "
        },
        "korona": {
            "current": 0.010731972270885695,
            "diff_percent": -10.39876351037533
        },
        "crypto": {
            "current": 0.012419196033097745,
            "diff_percent": 3.6878676803330763
        },
        "forex": {
            "current": 0.012275662271979572,
            "diff_percent": 2.4895043087574487
        }
    },
    "xdr": {
        "rub2xdr": {
            "current_rate": 0.008707934323370619,
            "sparkline": "                     ▃▂▂▄▄▄▇▄▃"
        },
        "usd2xdr": {
            "current_rate": 0.709959,
            "sparkline": "                     ▆▆▆▆▆▆▆▃▃"
        },
        "eur2xdr": {
            "current_rate": 0.8049430895046367,
            "sparkline": "                     ▃▆▆▅▅▅█▅▁"
        },
        "cny2xdr": {
            "current_rate": 0.09709106573855011,
            "sparkline": "                     ▆▆▆▇▇▇▇▃▂"
        },
        "rsd2xdr": {
            "current_rate": 0.006957375470756104,
            "sparkline": "                     ▄▄▄▄▅▅▅▄▄"
        }
    },
    "neer": {
        "rub": {
            "current_rate": 95.75152146473948,
            "sparkline": "▇▆▆▇▇▇▇▅▅▄▅▅▅▆▃▄▂▂▂▂▂▆▅▅▆▆▇▆▇▇"
        },
        "usd": {
            "current_rate": 105.87467441904775,
            "sparkline": "▆▆▆▆▆▆▆▆▆▅▅▆▆▆▆▆▅▄▄▄▄▄▄▃▃▃▃▃▃▃"
        },
        "eur": {
            "current_rate": 109.5488476688905,
            "sparkline": "▂▂▂▂▂▂▂▂▂▄▄▄▄▄▄▅▅▆▇▇▇▆▆▆▆▆▆▇▇▆"
        },
        "cny": {
            "current_rate": 103.32914925059585,
            "sparkline": "▆▇▇▇▇▇▇▇▆▅▅▅▅▆▅▅▅▃▃▃▃▃▃▃▃▃▃▂▂▃"
        },
        "rsd": {
            "current_rate": 109.9505934004932,
            "sparkline": "▄▄▄▄▄▄▄▅▄▃▅▅▅▅▅▅▄▆▆▆▆▅▆▆▆▆▅▅▆▆"
        }
    },
    "update_time": "2025-04-23 04:20:49",
    "update_time_display": "23.04 04:20"
}