{
    "rub2rsd": {
        "bank": {
            "current": 1.1918119750744942,
            "sparkline_full": "    1.22                          \n  ▃▆██▃▁▁▁▂▂▄▄▁▁▁▅▆▄▃▄▄▄▃▄▄▃▃▃▃▂  \n       1.18                       "
        },
        "korona": {
            "current": 1.1527621376588697,
            "diff_percent": -3.2765099052796223
        },
        "crypto": {
            "current": 1.246608505737637,
            "diff_percent": 4.5977496290652535
        },
        "forex": {
            "current": 1.2459627514537053,
            "diff_percent": 4.543567065251746
        }
    },
    "rub2eur": {
        "bank": {
            "current": 0.010245901639344263,
            "sparkline_full": "   95.0                           \n  ▃▆██▂▁▁▂▃▂▃▂▁▁▁▄▆▅▄▃▃▃▄▄▄▃▃▃▃▂  \n       98.2                       "
        },
        "korona": {
            "current": 0.009870746132858823,
            "diff_percent": -3.6615177432979005
        },
        "crypto": {
            "current": 0.010661311823094469,
            "diff_percent": 4.054403393402008
        },
        "forex": {
            "current": 0.010629309527382511,
            "diff_percent": 3.7420609872532964
        }
    },
    "rub2usd": {
        "bank": {
            "current": 0.011879306248515086,
            "sparkline_full": "    81.4                          \n  ▂▅██▃▂▂▂▃▁▄▃▁▁▁▅▆▅▂▁▁▁▁▁▁▁▂▂▁▁  \n               84.3               "
        },
        "korona": {
            "current": 0.011247374300273547,
            "diff_percent": -5.31960314029728
        },
        "crypto": {
            "current": 0.012337237734679396,
            "diff_percent": 3.8548672505311634
        },
        "forex": {
            "current": 0.012291626206730402,
            "diff_percent": 3.470909408256527
        }
    },
    "xdr": {
        "rub2xdr": {
            "current_rate": 0.008697533956785332,
            "sparkline": "▃▆█▆▂▂▁▁▂▁▁▃▇▆▅▆▆▅▅▅▄▄▅▄▄▅▄▄▃▃"
        },
        "usd2xdr": {
            "current_rate": 0.705352,
            "sparkline": "▄▄▄▃▃▃▃▃▃▃▄▄▄▄▃▃▃▃▄▄▄▅▆▆▆▆▅▅▅▅"
        },
        "eur2xdr": {
            "current_rate": 0.8182595430473948,
            "sparkline": "▄▄▅▅▅▄▄▄▄▃▄▄▄▄▄▅▄▃▄▄▄▄▄▄▅▆▅▅▄▅"
        },
        "cny2xdr": {
            "current_rate": 0.0990955197459925,
            "sparkline": "▄▄▄▃▃▃▃▃▃▃▄▄▄▄▄▄▄▄▄▄▄▅▆▆▆▆▅▅▅▅"
        },
        "rsd2xdr": {
            "current_rate": 0.0069805730120243445,
            "sparkline": "▄▄▅▅▅▅▄▄▄▃▄▄▄▄▄▅▄▃▄▃▄▄▄▄▅▆▅▅▄▅"
        }
    },
    "neer": {
        "rub": {
            "current_rate": 95.31472686114354,
            "sparkline": "▂▄▅█▇▂▁▇▁▂▁▂▆▅▁█▅█▅▅▃▅▅▄▃▃▄▃▃▃"
        },
        "usd": {
            "current_rate": 104.54901228018608,
            "sparkline": "▄▅▄▄▃▃▃▃▄▄▄▄▄▄▄▄▃▅▅▅▄▅▅▆▅▅▄▅▅▅"
        },
        "eur": {
            "current_rate": 110.1151279092981,
            "sparkline": "▄▄▅▅▅▅▅▅▄▄▄▅▅▅▅▅▅▄▄▄▅▄▄▄▄▄▅▅▄▄"
        },
        "cny": {
            "current_rate": 106.22261725122799,
            "sparkline": "▄▄▄▄▃▃▃▄▄▄▅▅▄▄▅▅▅▆▅▅▅▅▆▆▆▆▅▅▅▅"
        },
        "rsd": {
            "current_rate": 110.29723234521057,
            "sparkline": "▆▅▅▅▅▄▅▅▅▅▅▄▄▄▄▅▄▆▄▄▃▃▄▄▄▄▄▄▅▄"
        }
    },
    "update_time": "2025-11-11 17:50:50",
    "update_time_display": "11.11 17:50"
}