{
    "rub2rsd": {
        "bank": {
            "current": 1.2981269274581513,
            "sparkline_full": "                              1.30\n  ▂▁▁▁▁▂▄▄▄▃▃▃▄▄▄▅▅▄▄▃▃▅▄▅▅▅▅▆██  \n  1.25                            "
        },
        "korona": {
            "current": 1.2656228707366226,
            "diff_percent": -2.5039197657793393
        },
        "crypto": {
            "current": 1.284048271040487,
            "diff_percent": -1.0845361974912213
        },
        "forex": {
            "current": 1.3510106460135138,
            "diff_percent": 4.073848052664126
        }
    },
    "rub2eur": {
        "bank": {
            "current": 0.011183180496533213,
            "sparkline_full": "                              89.4\n  ▂▁▁▁▁▂▄▄▄▃▃▃▄▄▄▅▅▅▅▄▄▄▄▅▅▅▅▇██  \n   93.3                           "
        },
        "korona": {
            "current": 0.010829630953251191,
            "diff_percent": -3.161440016027838
        },
        "crypto": {
            "current": 0.011001352077163701,
            "diff_percent": -1.6259097260021722
        },
        "forex": {
            "current": 0.011509757397248167,
            "diff_percent": 2.920250646193122
        }
    },
    "rub2usd": {
        "bank": {
            "current": 0.013099292638197537,
            "sparkline_full": "                              76.3\n  ▃▁▁▂▂▃▄▄▃▂▃▃▃▄▄▄▄▄▄▃▂▄▄▅▅▅▅▇██  \n   79.0                           "
        },
        "korona": {
            "current": 0.012451665629172675,
            "diff_percent": -4.943984586895797
        },
        "crypto": {
            "current": 0.012860081044794316,
            "diff_percent": -1.8261413040401835
        },
        "forex": {
            "current": 0.013634752256551499,
            "diff_percent": 4.087698726514147
        }
    },
    "xdr": {
        "rub2xdr": {
            "current_rate": 0.009371393243263889,
            "sparkline": "▃▁▁▁▁▃▄▄▄▄▅▄▅▅▅▆▅▅▅▄▄▅▆▇▇▇▇██▇"
        },
        "usd2xdr": {
            "current_rate": 0.694969,
            "sparkline": "▄▃▄▄▄▄▄▄▄▅▅▅▅▅▆▆▅▅▅▅▅▅▅▅▅▄▄▄▅▅"
        },
        "eur2xdr": {
            "current_rate": 0.814212925591678,
            "sparkline": "▄▄▅▄▄▅▄▄▃▄▄▄▅▄▅▅▅▄▅▄▄▅▅▅▆▅▄▄▄▄"
        },
        "cny2xdr": {
            "current_rate": 0.10233676925342364,
            "sparkline": "▄▃▄▄▄▄▄▄▄▅▄▄▅▅▅▅▅▄▅▅▅▅▅▅▅▅▄▅▆▆"
        },
        "rsd2xdr": {
            "current_rate": 0.006936579864056933,
            "sparkline": "▄▄▅▄▄▅▄▄▃▄▄▄▄▄▅▅▅▄▄▄▄▅▅▅▆▅▄▄▄▄"
        }
    },
    "neer": {
        "rub": {
            "current_rate": 103.1585370331317,
            "sparkline": "▃▅▂▁▁▃▅▇▆▆▅▄▆▇▇▆▆▅▅▆▅▄▄▆▆▆▆███"
        },
        "usd": {
            "current_rate": 101.77947394363989,
            "sparkline": "▄▄▄▅▅▄▄▄▅▅▆▆▄▅▅▅▅▅▅▅▅▄▃▄▄▄▄▅▅▅"
        },
        "eur": {
            "current_rate": 109.67031600145124,
            "sparkline": "▅▅▅▅▅▄▄▄▄▄▅▅▄▄▄▄▄▄▄▄▄▄▄▄▄▄▄▄▄▄"
        },
        "cny": {
            "current_rate": 110.8002356879945,
            "sparkline": "▅▅▅▄▄▅▅▅▅▅▄▄▅▅▆▅▅▄▄▅▅▅▅▅▃▃▅▄▅▅"
        },
        "rsd": {
            "current_rate": 109.7466548509665,
            "sparkline": "███▂▁▇█▇▇▇▁▁▇█▇▇█▁▁██▇▇▇▁▁▇▁▁▁"
        }
    },
    "specific_rates": {
        "rub_kzt_bank": 6.19,
        "rub_kzt_crypto": 6.089248374710109,
        "kzt_rsd_bank": 0.2108713903629554,
        "rsd_eur_cash": 0.00845725562055113,
        "eur_rsd_cash": 116.86666666666667,
        "rsd_usd_cash": 0.009838369641602248,
        "usd_rsd_cash": 98.0,
        "eur_usd_exch": 1.1715816469391844,
        "usd_kzt_bank": 466.5
    },
    "update_time": "2026-05-14 02:51:40",
    "update_time_display": "14.05 02:51"
}