{
    "rub2rsd": {
        "bank": {
            "current": 1.241277834885208,
            "sparkline_full": "          1.26                    \n  ▅▅▅▆▆▆▅▅▅█▇▆▇▇▅▇▆▅▆▆▆▆▅▂▁▂▂▃▄▄  \n                         1.22     "
        },
        "korona": {
            "current": 1.2046029389856074,
            "diff_percent": -2.9546081359772494
        },
        "crypto": {
            "current": 1.2494658157551768,
            "diff_percent": 0.6596412696538614
        },
        "forex": {
            "current": 1.3013795303258204,
            "diff_percent": 4.841921264643425
        }
    },
    "rub2eur": {
        "bank": {
            "current": 0.010705491917353602,
            "sparkline_full": "          92.1                    \n  ▇▆▆▅▅▅▄▄▅▇▇▇▇▆▅▇▆▅▅▅▆▆▅▂▂▃▃▃▄▅  \n                        95.0      "
        },
        "korona": {
            "current": 0.01031779819259621,
            "diff_percent": -3.6214470829588055
        },
        "crypto": {
            "current": 0.010663999327395288,
            "diff_percent": -0.3875822828006084
        },
        "forex": {
            "current": 0.011100597589261327,
            "diff_percent": 3.690682081290063
        }
    },
    "rub2usd": {
        "bank": {
            "current": 0.012405408758218583,
            "sparkline_full": "                              80.6\n  ▂▂▄▄▄▄▄▃▃▅▆▅▅▆▅▇▆▅▅▅▅▆▅▃▄▄▄▆▇▇  \n 82.9                             "
        },
        "korona": {
            "current": 0.01142954813720555,
            "diff_percent": -7.866412465986058
        },
        "crypto": {
            "current": 0.012332168128129867,
            "diff_percent": -0.5903927191451399
        },
        "forex": {
            "current": 0.012704301041117472,
            "diff_percent": 2.4093706924479408
        }
    },
    "xdr": {
        "rub2xdr": {
            "current_rate": 0.009009442807120523,
            "sparkline": "▂▂▂▂▃▃▂▁▁▃▄▅█▄▃▂▂▃▃▃▃▃▃▁▁▁▁▁▂▂"
        },
        "usd2xdr": {
            "current_rate": 0.70726,
            "sparkline": "▄▄▃▄▄▄▃▃▃▃▃▃▇▄▃▃▃▃▃▃▃▃▃▃▂▂▂▂▂▂"
        },
        "eur2xdr": {
            "current_rate": 0.8116178191916641,
            "sparkline": "▃▃▃▃▃▃▃▃▂▃▃▃▇▄▃▃▃▃▃▃▃▃▃▄▃▃▃▃▃▂"
        },
        "cny2xdr": {
            "current_rate": 0.0984356297842728,
            "sparkline": "▄▄▃▄▄▄▃▃▃▃▃▃▇▄▃▃▃▃▃▃▃▃▃▃▂▂▂▂▂▂"
        },
        "rsd2xdr": {
            "current_rate": 0.006922994097551903,
            "sparkline": "▃▃▃▃▃▃▃▃▂▃▃▃▇▄▃▃▃▃▃▃▃▃▃▄▃▃▃▃▃▃"
        }
    },
    "neer": {
        "rub": {
            "current_rate": 98.06925040123929,
            "sparkline": "▂▂▃▃▃▃▂▃▃▄▆██▅▄▅▅▄▅▅▄▃▆▂▁▁▁▁▄▄"
        },
        "usd": {
            "current_rate": 103.83833672919025,
            "sparkline": "▆▅▅▅▄▄▄▅▅▅▅▅▅▄▄▄▄▄▄▄▄▄▄▃▃▃▃▃▃▃"
        },
        "eur": {
            "current_rate": 109.34732499945864,
            "sparkline": "▃▄▄▃▄▄▄▄▃▃▄▄▄▄▄▄▄▄▄▄▄▅▄▆▆▆▆▆▆▆"
        },
        "cny": {
            "current_rate": 103.39600811819406,
            "sparkline": "▅▅▅▅▄▅▄▅▅▅▅▅▅▄▅▅▄▅▄▄▄▄▅▄▄▄▄▄▄▄"
        },
        "rsd": {
            "current_rate": 109.91176482148146,
            "sparkline": "▄▄▄▄▃▃▅▄▄▃▄▄▄▃▄▆▅▄▄▄▄▃▄▅▅▅▅▅▅▅"
        }
    },
    "update_time": "2025-06-18 01:21:28",
    "update_time_display": "18.06 01:21"
}