{
    "rub2rsd": {
        "bank": {
            "current": 1.1884037959544975,
            "sparkline_full": "                 1.26             \n  ▆▆▅▅▅▆▆▆▆▇▇▇█████▇▄▂▁▁▂▂▁▁▁▁▁▁  \n                            1.19  "
        },
        "korona": {
            "current": 1.1537939348329698,
            "diff_percent": -2.9122980959287443
        },
        "crypto": {
            "current": 1.1839698431288506,
            "diff_percent": -0.3731015367622344
        },
        "forex": {
            "current": 1.2454059922913574,
            "diff_percent": 4.796534353971587
        }
    },
    "rub2eur": {
        "bank": {
            "current": 0.01021346134204882,
            "sparkline_full": "                 92.8             \n  ▆▆▆▅▆▆▇▇▇▇▇▇█████▇▄▂▂▂▃▂▂▂▁▁▁▁  \n                              97.9"
        },
        "korona": {
            "current": 0.009850261253554097,
            "diff_percent": -3.5560920664518334
        },
        "crypto": {
            "current": 0.010148420992382801,
            "diff_percent": -0.6368100635799915
        },
        "forex": {
            "current": 0.010610033447160824,
            "diff_percent": 3.882837481151628
        }
    },
    "rub2usd": {
        "bank": {
            "current": 0.011993283761093787,
            "sparkline_full": "                 79.4             \n  ▄▄▄▃▅▅▅▅▆▆▆▇▇▇▇▇█▆▄▂▂▂▃▃▂▂▂▁▁▁  \n                             83.4 "
        },
        "korona": {
            "current": 0.011331702365281571,
            "diff_percent": -5.516265678282257
        },
        "crypto": {
            "current": 0.01189344246945919,
            "diff_percent": -0.8324766896492801
        },
        "forex": {
            "current": 0.012388196526349695,
            "diff_percent": 3.2927826367037607
        }
    },
    "xdr": {
        "rub2xdr": {
            "current_rate": 0.008659658646310037,
            "sparkline": "▅▆▆▅▆▇▇▇▇▇▇██████▆▃▂▂▂▂▂▁▁▁▁▁▁"
        },
        "usd2xdr": {
            "current_rate": 0.69664,
            "sparkline": "▆▆▆▅▅▅▅▅▅▅▅▄▄▄▄▄▄▄▄▄▃▃▃▃▃▃▃▃▄▄"
        },
        "eur2xdr": {
            "current_rate": 0.816176375827289,
            "sparkline": "▄▅▅▄▅▄▄▄▅▄▅▅▄▄▄▄▄▅▅▅▅▄▅▅▄▄▄▄▄▄"
        },
        "cny2xdr": {
            "current_rate": 0.09893908622232321,
            "sparkline": "▅▅▅▅▅▅▅▅▅▅▅▄▄▄▄▄▄▅▄▄▄▄▄▄▄▄▄▄▄▄"
        },
        "rsd2xdr": {
            "current_rate": 0.00695328166068768,
            "sparkline": "▄▅▅▅▅▄▄▄▅▄▅▅▄▄▄▄▄▄▅▅▅▄▅▅▄▄▄▅▄▄"
        }
    },
    "neer": {
        "rub": {
            "current_rate": 94.99096565530324,
            "sparkline": "▅▂▅▅▅▆▇▇▅▆▆▆▇██▇▇█▅▃▂▂▃▂▃▁▂▁▁▁"
        },
        "usd": {
            "current_rate": 103.58523001329242,
            "sparkline": "▆▅▅▅▅▅▅▅▄▅▄▄▄▄▄▄▄▄▄▄▄▄▄▃▄▄▄▄▄▄"
        },
        "eur": {
            "current_rate": 110.85582451599899,
            "sparkline": "▄▄▄▄▄▄▄▄▄▄▄▄▄▄▄▄▄▄▅▅▅▅▅▅▅▅▅▅▅▅"
        },
        "cny": {
            "current_rate": 107.24598813989431,
            "sparkline": "▄▅▅▅▄▅▄▄▄▅▄▄▄▄▄▄▄▅▄▄▄▄▄▄▄▅▅▅▅▅"
        },
        "rsd": {
            "current_rate": 110.42413881948059,
            "sparkline": "▅▅▅▅▅▅▅▅▄▅▃▅▅▅▅▅▅▅▅▆▅▅▅▅▅▆▅▅▅▅"
        }
    },
    "specific_rates": {
        "rub_kzt_bank": 6.23,
        "rub_kzt_crypto": 6.190536805353508,
        "kzt_rsd_bank": 0.19125479427001654,
        "rsd_eur_cash": 0.008436445444319459,
        "eur_rsd_cash": 117.13333333333333,
        "rsd_usd_cash": 0.009821253191907287,
        "usd_rsd_cash": 98.05,
        "eur_usd_exch": 1.1715898826184097,
        "usd_kzt_bank": 514.5
    },
    "update_time": "2025-12-22 03:50:55",
    "update_time_display": "22.12 03:50"
}