{
    "rub2rsd": {
        "bank": {
            "current": 1.183867939442518,
            "sparkline_full": " 1.26                             \n  █▇▅▃▃▃▄▄▃▃▃▃▃▄▅▅▅▆▆▆▆▅▂  ▁▁▁▂▂  \n                           1.16   "
        },
        "korona": {
            "current": 1.152041975921682,
            "diff_percent": -2.6883035227580203
        },
        "crypto": {
            "current": 1.2050187518762587,
            "diff_percent": 1.7865854567951744
        },
        "forex": {
            "current": 1.2463512706473006,
            "diff_percent": 5.277897062927972
        }
    },
    "rub2eur": {
        "bank": {
            "current": 0.010165700925078784,
            "sparkline_full": " 92.8                             \n  █▇▅▄▄▄▄▄▄▄▃▃▃▄▅▅▅▆▆▆▆▅▃  ▁▁▂▂▂  \n                          99.8    "
        },
        "korona": {
            "current": 0.009856340874846844,
            "diff_percent": -3.0431748141315937
        },
        "crypto": {
            "current": 0.010278197378325145,
            "diff_percent": 1.1066276105844504
        },
        "forex": {
            "current": 0.010625480399990932,
            "diff_percent": 4.522850694710803
        }
    },
    "rub2usd": {
        "bank": {
            "current": 0.011926058437686345,
            "sparkline_full": " 79.4                             \n  █▇▅▄▄▄▄▄▄▄▃▃▃▄▆▆▆▇▇▇▇▆▃  ▁▁▂▂▂  \n                           85.0   "
        },
        "korona": {
            "current": 0.011279521409122,
            "diff_percent": -5.421212984512028
        },
        "crypto": {
            "current": 0.012034471881805947,
            "diff_percent": 0.9090467289428636
        },
        "forex": {
            "current": 0.012783359134413187,
            "diff_percent": 7.1884663420545625
        }
    },
    "xdr": {
        "rub2xdr": {
            "current_rate": 0.008664892531707564,
            "sparkline": "█▇▄▃▃▂▃▃▂▂▁▁▁▃▅▄▃▃▃▃▄▄▃▃▂▁▁▁▁▁"
        },
        "usd2xdr": {
            "current_rate": 0.697518,
            "sparkline": "▅▆▅▅▄▄▄▄▄▄▄▄▅▄▄▄▃▄▄▄▄▄▄▄▄▄▄▅▄▅"
        },
        "eur2xdr": {
            "current_rate": 0.8154824257842458,
            "sparkline": "▄▅▅▅▅▄▄▄▄▄▄▄▄▅▅▄▄▄▄▄▄▄▄▄▄▄▄▄▄▄"
        },
        "cny2xdr": {
            "current_rate": 0.09983368638003093,
            "sparkline": "▅▅▄▄▄▄▄▄▄▄▄▄▄▄▄▄▃▄▄▄▄▄▅▅▅▅▅▅▅▆"
        },
        "rsd2xdr": {
            "current_rate": 0.006952207403942708,
            "sparkline": "▄▄▅▅▅▄▄▄▄▄▄▄▄▄▅▄▄▄▄▄▄▄▄▄▄▄▄▄▄▄"
        }
    },
    "neer": {
        "rub": {
            "current_rate": 95.14347916622815,
            "sparkline": "▇█▆▄▃▃▄▃▄▂▃▂▂▂▄▅▄▄▄▅▄▄▃▄▄▂▂▂▁▂"
        },
        "usd": {
            "current_rate": 103.19593921311626,
            "sparkline": "▅▅▅▅▄▅▄▄▅▅▅▅▅▅▄▄▄▄▄▄▄▄▄▄▄▄▄▄▄▄"
        },
        "eur": {
            "current_rate": 110.25935169271821,
            "sparkline": "▄▄▅▅▅▅▅▅▅▅▅▅▅▅▅▅▅▅▅▅▅▅▄▄▅▄▄▄▄▄"
        },
        "cny": {
            "current_rate": 107.67324921391986,
            "sparkline": "▄▄▄▄▄▄▄▄▄▄▄▄▄▄▄▄▄▄▄▄▄▄▅▅▅▅▅▅▅▅"
        },
        "rsd": {
            "current_rate": 110.27301918944082,
            "sparkline": "▄▄▄▅▅▅▅▄▅▅▅▅▅▅▅▅▅▅▅▅▅▅▄▄▄▄▄▄▄▄"
        }
    },
    "specific_rates": {
        "rub_kzt_bank": 6.13,
        "rub_kzt_crypto": 6.1977530191300625,
        "kzt_rsd_bank": 0.1944283271948451,
        "rsd_eur_cash": 0.008451894633046908,
        "eur_rsd_cash": 116.88333333333333,
        "rsd_usd_cash": 0.009790894468144625,
        "usd_rsd_cash": 98.2,
        "eur_usd_exch": 1.1691202603864643,
        "usd_kzt_bank": 508.0
    },
    "update_time": "2026-01-07 09:05:48",
    "update_time_display": "07.01 09:05"
}