{
    "rub2rsd": {
        "bank": {
            "current": 1.2524036384710926,
            "sparkline_full": "                         1.26     \n  ▂▄▄▂▂▂▂▃▇▇▆▆▆▆▇▆▆▆▆▆▆▆▅▅▇▇▇▇▇▆  \n    1.21                          "
        },
        "korona": {
            "current": 1.2108350100762217,
            "diff_percent": -3.3191079231945495
        },
        "crypto": {
            "current": 1.255587609753034,
            "diff_percent": 0.25422884317298866
        },
        "forex": {
            "current": 1.304533722900007,
            "diff_percent": 4.16240282506314
        }
    },
    "rub2eur": {
        "bank": {
            "current": 0.010826025765941322,
            "sparkline_full": "                         92.1     \n  ▂▄▄▂▂▂▂▄▇▆▆▆▆▆▅▇▆▆▆▆▆▅▅▅▇▇▇▇▇▇  \n       96.1                       "
        },
        "korona": {
            "current": 0.010371177816498687,
            "diff_percent": -4.2014305090016215
        },
        "crypto": {
            "current": 0.010792710517877143,
            "diff_percent": -0.3077329463688247
        },
        "forex": {
            "current": 0.011127590291410406,
            "diff_percent": 2.785551521757928
        }
    },
    "rub2usd": {
        "bank": {
            "current": 0.012362467548522686,
            "sparkline_full": "                              80.9\n  ▂▄▄▂▁▁▁▂▄▄▄▄▄▄▄▄▅▆▆▆▆▆▅▅▇█▇▇▇█  \n       84.8                       "
        },
        "korona": {
            "current": 0.011385378562070725,
            "diff_percent": -7.903672811409912
        },
        "crypto": {
            "current": 0.012300130803594222,
            "diff_percent": -0.5042419297263456
        },
        "forex": {
            "current": 0.01268152010845236,
            "diff_percent": 2.580816157271133
        }
    },
    "xdr": {
        "rub2xdr": {
            "current_rate": 0.009092644398958167,
            "sparkline": "▁▂▂▂▁▁▁▂▂▃▃▂▅▅▃▃▃▃▃▃▄▃▂▂▄▅▅█▅▄"
        },
        "usd2xdr": {
            "current_rate": 0.717565,
            "sparkline": "▃▃▃▃▃▃▃▃▃▃▃▃▆▆▄▄▃▃▃▃▃▃▃▃▃▃▃▆▄▃"
        },
        "eur2xdr": {
            "current_rate": 0.8171260947643759,
            "sparkline": "▃▃▄▃▃▃▃▂▂▃▃▃▆▆▄▄▄▃▄▄▄▃▃▃▃▄▄▇▄▄"
        },
        "cny2xdr": {
            "current_rate": 0.09983651946461863,
            "sparkline": "▂▂▃▃▃▃▃▃▃▃▃▃▆▆▄▄▄▃▄▄▄▃▃▃▃▃▃▇▄▃"
        },
        "rsd2xdr": {
            "current_rate": 0.006970033997085964,
            "sparkline": "▄▄▄▄▄▄▄▃▂▂▂▃▆▆▄▄▄▄▄▄▄▄▃▃▃▄▄▇▅▄"
        }
    },
    "neer": {
        "rub": {
            "current_rate": 98.05636241513022,
            "sparkline": "▂▁▂▃▃▁▁▄▄▄▅▅▄▄▄▄▃▅▄▄▄▄▄▄▅███▇▅"
        },
        "usd": {
            "current_rate": 104.51779594704938,
            "sparkline": "▄▄▄▅▅▅▅▆▆▅▅▅▅▅▅▅▄▄▄▃▃▃▃▄▄▄▄▄▄▃"
        },
        "eur": {
            "current_rate": 108.60051655088436,
            "sparkline": "▅▅▅▅▅▅▅▄▄▄▄▄▄▄▄▄▅▅▄▅▅▅▅▅▄▅▅▅▅▅"
        },
        "cny": {
            "current_rate": 103.55617829330471,
            "sparkline": "▃▄▄▄▄▄▄▆▆▅▅▅▅▅▅▅▄▄▄▄▄▄▄▄▅▄▄▄▄▄"
        },
        "rsd": {
            "current_rate": 109.66330562617239,
            "sparkline": "▅▅▅▅▄▆▆▆▄▃▄▄▄▄▄▅▅▄▅▄▄▅▅▄▄▄▄▄▄▅"
        }
    },
    "update_time": "2025-06-03 16:51:00",
    "update_time_display": "03.06 16:51"
}