{
    "rub2rsd": {
        "bank": {
            "current": 1.2689846379504388,
            "sparkline_full": "                              1.27\n  ▁▂▁▁▁▂▄▄▁▂▂▂▃▇▇▆▆▆▆▇▆▆▆▇▆▆▆▅▅█  \n     1.20                         "
        },
        "korona": {
            "current": 1.2175234554218197,
            "diff_percent": -4.055303822411516
        },
        "crypto": {
            "current": 1.2737360978034438,
            "diff_percent": 0.37443005304454524
        },
        "forex": {
            "current": 1.3136582843302342,
            "diff_percent": 3.5204245223920663
        }
    },
    "rub2eur": {
        "bank": {
            "current": 0.01091703056768559,
            "sparkline_full": "                              91.6\n  ▁▂▁▁▁▂▄▄▂▁▁▁▄▇▆▆▆▅▅▅▇▆▆▆▆▆▅▅▅█  \n     96.4                         "
        },
        "korona": {
            "current": 0.010425277294131789,
            "diff_percent": -4.504459985752828
        },
        "crypto": {
            "current": 0.01096568435448666,
            "diff_percent": 0.4456686870977981
        },
        "forex": {
            "current": 0.011202793611181648,
            "diff_percent": 2.617589478423883
        }
    },
    "rub2usd": {
        "bank": {
            "current": 0.012348728081007655,
            "sparkline_full": "                              81.0\n  ▂▃▁▁▁▂▄▄▂▁▁▁▂▄▅▅▄▄▄▅▅▅▆▆▇▇▆▆▆█  \n     85.1                         "
        },
        "korona": {
            "current": 0.011481557143467061,
            "diff_percent": -7.022350252203732
        },
        "crypto": {
            "current": 0.012379229603307207,
            "diff_percent": 0.2470013275817666
        },
        "forex": {
            "current": 0.012562230147593641,
            "diff_percent": 1.7289397352133133
        }
    },
    "xdr": {
        "rub2xdr": {
            "current_rate": 0.009151504635232082,
            "sparkline": "▁▁▁▁▁▂▃▃▂▁▁▁▂▄▄▄▄██▅▅▅▅▅▆▆▅▄▄▆"
        },
        "usd2xdr": {
            "current_rate": 0.719753,
            "sparkline": "▂▂▂▂▂▂▂▂▂▂▂▂▂▂▂▂▂▇▇▄▄▃▂▂▃▃▂▂▂▂"
        },
        "eur2xdr": {
            "current_rate": 0.8168948704096317,
            "sparkline": "▃▃▄▃▃▄▄▄▃▃▃▃▂▂▂▂▂▇▇▄▄▄▃▄▄▄▄▃▃▄"
        },
        "cny2xdr": {
            "current_rate": 0.10015626956848447,
            "sparkline": "▁▁▂▂▂▂▂▂▃▃▃▃▃▃▃▃▃██▄▄▃▃▃▄▄▃▂▂▃"
        },
        "rsd2xdr": {
            "current_rate": 0.006966427071936715,
            "sparkline": "▄▃▄▄▄▄▄▄▄▄▄▃▃▁▁▂▂██▄▄▄▄▄▄▄▄▃▃▄"
        }
    },
    "neer": {
        "rub": {
            "current_rate": 97.88164397100809,
            "sparkline": "▄▄▄▂▂▄▃▄▅▅▃▂▆▆▆▇▇▆▆▆▆▆▇▇▇▇▆▆▆▇"
        },
        "usd": {
            "current_rate": 105.31357295324463,
            "sparkline": "▅▅▅▅▅▄▄▄▅▅▅▅▆▆▅▅▅▅▅▅▅▄▄▄▃▃▃▃▄▄"
        },
        "eur": {
            "current_rate": 107.62966401490303,
            "sparkline": "▆▆▅▅▅▅▅▅▅▄▄▄▃▃▄▄▄▄▄▄▄▄▄▄▄▅▅▅▄▄"
        },
        "cny": {
            "current_rate": 104.30337471571423,
            "sparkline": "▄▄▃▄▄▃▄▄▄▄▄▄▆▆▅▅▅▅▅▅▅▄▄▄▄▄▄▄▄▅"
        },
        "rsd": {
            "current_rate": 109.21031144853644,
            "sparkline": "▅▅▅▅▅▅▅▅▅▄▆▆▆▄▃▄▄▄▄▄▅▅▄▅▄▄▅▅▄▄"
        }
    },
    "update_time": "2025-05-29 16:35:43",
    "update_time_display": "29.05 16:35"
}