{
    "rub2rsd": {
        "bank": {
            "current": 1.268655868797776,
            "sparkline_full": "                      1.28        \n  ▁▂▃▃▄▆▅▄▄▄▄▅▇▇▇▆▇▇▇▇▇██▇▇▆▆██▇  \n 1.22                             "
        },
        "korona": {
            "current": 1.2394981318757459,
            "diff_percent": -2.298317269415313
        },
        "crypto": {
            "current": 1.3075544750826458,
            "diff_percent": 3.06612748512577
        },
        "forex": {
            "current": 1.3398923662932396,
            "diff_percent": 5.615115907119071
        }
    },
    "rub2eur": {
        "bank": {
            "current": 0.01095290251916758,
            "sparkline_full": "                      91.1        \n  ▁▂▃▃▄▅▅▄▄▄▄▆▇▇▇▆▇▇▇█▇████▇▇▇▇█  \n 94.8                             "
        },
        "korona": {
            "current": 0.010612141540032071,
            "diff_percent": -3.111147739507186
        },
        "crypto": {
            "current": 0.011256286594626868,
            "diff_percent": 2.769896608943303
        },
        "forex": {
            "current": 0.011414683800953661,
            "diff_percent": 4.216063102706928
        }
    },
    "rub2usd": {
        "bank": {
            "current": 0.012858428700012858,
            "sparkline_full": "                             77.7 \n  ▁▂▃▃▄▆▇▅▅▆▆▇██▇▆▇▇▇██████▇▆▇██  \n 81.1                             "
        },
        "korona": {
            "current": 0.012166852828228181,
            "diff_percent": -5.3783855548694355
        },
        "crypto": {
            "current": 0.013188696310442638,
            "diff_percent": 2.5684912063123995
        },
        "forex": {
            "current": 0.013401071281638253,
            "diff_percent": 4.220131357300696
        }
    },
    "xdr": {
        "rub2xdr": {
            "current_rate": 0.009316676459850213,
            "sparkline": "▁▃▂▂▄▅▆▄▄▃▄▅▇▇▆▆▇▇███████▇▇▇██"
        },
        "usd2xdr": {
            "current_rate": 0.695511,
            "sparkline": "▆▅▅▅▅▄▄▃▄▄▄▄▄▄▄▅▅▅▅▅▅▅▅▅▅▅▅▅▄▅"
        },
        "eur2xdr": {
            "current_rate": 0.8162010111109546,
            "sparkline": "▅▅▅▅▅▅▅▄▅▅▅▅▅▄▄▄▅▅▅▅▅▅▅▅▅▄▄▅▅▅"
        },
        "cny2xdr": {
            "current_rate": 0.10221939712820212,
            "sparkline": "▅▅▅▅▅▅▄▄▄▄▄▅▄▄▄▅▅▅▅▅▅▅▅▅▅▅▅▅▅▅"
        },
        "rsd2xdr": {
            "current_rate": 0.006953302141443225,
            "sparkline": "▅▅▅▅▅▅▅▅▅▅▅▅▅▄▄▄▄▅▅▅▅▅▅▅▅▄▄▅▅▅"
        }
    },
    "neer": {
        "rub": {
            "current_rate": 101.91297228611444,
            "sparkline": "▁▁▃▃▂▄▅▆▄▃▃▅▆███▆▆█████▇▇█▇▅▇▇"
        },
        "usd": {
            "current_rate": 101.69629238279704,
            "sparkline": "▅▅▅▅▅▄▄▄▄▄▄▄▄▄▄▄▅▅▄▅▅▅▅▅▅▄▄▅▄▄"
        },
        "eur": {
            "current_rate": 109.5129393334643,
            "sparkline": "▄▄▆▆▄▄▄▄▄▄▄▄▄▄▃▄▄▄▄▄▄▄▄▄▄▄▃▄▃▃"
        },
        "cny": {
            "current_rate": 110.31803568878884,
            "sparkline": "▆▆▄▄▆▅▅▅▅▃▃▅▅▅▅▅▄▄▅▅▅▅▅▄▄▅▅▃▃▄"
        },
        "rsd": {
            "current_rate": 109.72706026546737,
            "sparkline": "▇▇▄▄▇▇██▇▂▁▇▇▇▇▇▁▁▇▇▇▇█▁▁██▁▁▁"
        }
    },
    "specific_rates": {
        "rub_kzt_bank": 5.98,
        "rub_kzt_crypto": 6.14593248066627,
        "kzt_rsd_bank": 0.21275119425667627,
        "rsd_eur_cash": 0.00844880027036161,
        "eur_rsd_cash": 116.8,
        "rsd_usd_cash": 0.0098159509202454,
        "usd_rsd_cash": 97.83333333333333,
        "eur_usd_exch": 1.1735271061290973,
        "usd_kzt_bank": 459.0
    },
    "update_time": "2026-05-08 07:50:58",
    "update_time_display": "08.05 07:50"
}