{
    "rub2rsd": {
        "bank": {
            "current": 1.2141255326136458,
            "sparkline_full": "           1.24                   \n  ▅▅▅▆▇▇▇▇▆▇██▇▇▇▇▆▅▄▃▃▃▃▁▁▄▆▄▄▄  \n                        1.19      "
        },
        "korona": {
            "current": 1.1623673229882077,
            "diff_percent": -4.2630031438362295
        },
        "crypto": {
            "current": 1.1892364376670466,
            "diff_percent": -2.0499605912265495
        },
        "forex": {
            "current": 1.275833772466195,
            "diff_percent": 5.082525504567064
        }
    },
    "rub2eur": {
        "bank": {
            "current": 0.010493179433368312,
            "sparkline_full": "            93.4                  \n  ▅▅▅▆▇▇▇▇▇▇██▇▇▇▇▇▅▄▃▃▃▃▁▁▄▆▅▅▅  \n                        97.6      "
        },
        "korona": {
            "current": 0.009956037027736253,
            "diff_percent": -5.118967125673516
        },
        "crypto": {
            "current": 0.010251785751032354,
            "diff_percent": -2.30048179266168
        },
        "forex": {
            "current": 0.01090650851185776,
            "diff_percent": 3.9390261180044392
        }
    },
    "rub2usd": {
        "bank": {
            "current": 0.012093360744951022,
            "sparkline_full": "        80.1                      \n  ▇▇▇█████████▇▇▇██▇▆▅▅▅▅▁▁▂▃▃▃▃  \n                         84.1     "
        },
        "korona": {
            "current": 0.011402278979693037,
            "diff_percent": -5.714555116918278
        },
        "crypto": {
            "current": 0.011791431230125125,
            "diff_percent": -2.496655158095339
        },
        "forex": {
            "current": 0.012448819789639843,
            "diff_percent": 2.939290840531861
        }
    },
    "xdr": {
        "rub2xdr": {
            "current_rate": 0.008872603677406133,
            "sparkline": "███▃▄▄▃▃▃▄▄▄▄▄▄▄▄▃▃▂▂▂▂▁▁▁▁▂▂▃"
        },
        "usd2xdr": {
            "current_rate": 0.703852,
            "sparkline": "▇▇▇▂▂▂▂▂▂▂▃▃▃▃▃▃▂▂▂▂▂▂▂▂▂▂▂▂▂▃"
        },
        "eur2xdr": {
            "current_rate": 0.8135145787269749,
            "sparkline": "███▂▂▂▂▂▂▂▃▂▃▃▃▃▃▃▃▂▃▃▂▁▁▁▁▂▂▂"
        },
        "cny2xdr": {
            "current_rate": 0.0975972711389667,
            "sparkline": "▇▇▇▂▂▂▂▂▂▂▃▃▃▃▃▃▂▂▂▂▂▂▂▂▂▂▂▂▂▂"
        },
        "rsd2xdr": {
            "current_rate": 0.006954357118369215,
            "sparkline": "███▃▃▂▂▂▂▂▃▂▃▃▃▃▃▃▃▂▃▃▂▁▁▁▁▂▂▃"
        }
    },
    "neer": {
        "rub": {
            "current_rate": 96.55837867602675,
            "sparkline": "▄▄▅▆▆▇▇▆▇▆▇█▇▆▆▆▆▆▅▅▃▃▅▅▁▃▃▄▄▄"
        },
        "usd": {
            "current_rate": 104.43173162061906,
            "sparkline": "▃▃▃▄▄▄▄▄▄▄▅▅▄▄▄▄▄▃▃▄▄▄▄▅▅▆▆▅▅▅"
        },
        "eur": {
            "current_rate": 110.35977344600975,
            "sparkline": "▅▅▅▅▅▅▅▅▅▅▄▄▅▅▅▅▅▅▅▅▆▆▅▄▄▃▃▅▅▅"
        },
        "cny": {
            "current_rate": 103.66340657269119,
            "sparkline": "▃▃▄▄▄▄▄▄▄▄▅▅▅▅▅▄▄▄▄▄▄▄▅▅▅▆▆▄▄▄"
        },
        "rsd": {
            "current_rate": 110.39962388929726,
            "sparkline": "▅▅▅▅▅▄▄▄▄▅▅▅▄▄▄▄▅▅▅▅▅▅▄▅▄▄▄▄▄▄"
        }
    },
    "update_time": "2025-08-04 03:51:37",
    "update_time_display": "04.08 03:51"
}