{
    "rub2rsd": {
        "bank": {
            "current": 1.192675308447254,
            "sparkline_full": "           1.22                   \n  ▁▁▃▅▅▅▅▅▇██▅▄▄▄▄▄▆▅▄▄▄▆▇▆▅▅▅▅▅  \n 1.16                             "
        },
        "korona": {
            "current": 1.1650923948207226,
            "diff_percent": -2.312692602183704
        },
        "crypto": {
            "current": 1.2588189802012,
            "diff_percent": 5.545823853774474
        },
        "forex": {
            "current": 1.256990570200301,
            "diff_percent": 5.392520604520545
        }
    },
    "rub2eur": {
        "bank": {
            "current": 0.010279605263157895,
            "sparkline_full": "          95.0                    \n  ▁▂▃▄▅▅▅▅▇██▄▃▃▄▅▄▅▄▃▃▃▆▇▆▅▅▅▅▅  \n 100                              "
        },
        "korona": {
            "current": 0.009979378114096125,
            "diff_percent": -2.9206097060728986
        },
        "crypto": {
            "current": 0.01081803676983041,
            "diff_percent": 5.23786169691023
        },
        "forex": {
            "current": 0.01072387750343307,
            "diff_percent": 4.321880353396891
        }
    },
    "rub2usd": {
        "bank": {
            "current": 0.011860989206499821,
            "sparkline_full": "           81.4                   \n  ▁▂▃▄▄▄▄▄▆▇█▅▃▃▄▄▃▅▄▃▃▃▅▆▅▄▃▃▃▃  \n 85.2                             "
        },
        "korona": {
            "current": 0.011394546648613424,
            "diff_percent": -3.9325772055402197
        },
        "crypto": {
            "current": 0.012457133250107747,
            "diff_percent": 5.026090431658425
        },
        "forex": {
            "current": 0.012363063616616453,
            "diff_percent": 4.2329893516933215
        }
    },
    "xdr": {
        "rub2xdr": {
            "current_rate": 0.008750192180146771,
            "sparkline": "▁▁▃▄▅▄▅▅▇█▇▅▄▄▄▄▄▄▅▇▇▆▇▇▆▆▆▆▆▆"
        },
        "usd2xdr": {
            "current_rate": 0.70875,
            "sparkline": "▃▃▄▄▅▄▄▅▅▅▄▄▄▄▄▄▄▅▄▄▄▄▄▄▄▅▅▅▅▆"
        },
        "eur2xdr": {
            "current_rate": 0.8159541338797972,
            "sparkline": "▄▄▄▄▅▅▅▄▅▅▅▅▅▅▄▄▄▄▅▅▅▅▅▄▄▄▅▄▄▅"
        },
        "cny2xdr": {
            "current_rate": 0.09945972495088408,
            "sparkline": "▃▃▄▄▅▄▄▄▅▄▄▄▄▄▄▄▄▅▄▄▄▅▅▅▄▅▅▅▆▆"
        },
        "rsd2xdr": {
            "current_rate": 0.006961223407389947,
            "sparkline": "▄▄▄▄▅▄▅▄▅▅▅▅▅▅▄▄▄▄▅▄▄▄▅▄▄▄▄▄▅▅"
        }
    },
    "neer": {
        "rub": {
            "current_rate": 96.08974601510432,
            "sparkline": "▄▁▃▄▄▄▄▄▅▆██▄▄█▄▄▄▄▇▇▄▄▇▆▇▆▅▅▆"
        },
        "usd": {
            "current_rate": 104.76292716542181,
            "sparkline": "▄▄▄▄▅▅▅▅▅▄▄▄▄▄▄▄▅▅▅▄▄▄▄▄▄▅▅▅▅▅"
        },
        "eur": {
            "current_rate": 109.8832098556659,
            "sparkline": "▅▅▅▄▄▅▅▄▄▅▅▅▅▅▅▄▄▄▅▅▅▅▅▅▅▄▄▅▄▄"
        },
        "cny": {
            "current_rate": 106.21360851405372,
            "sparkline": "▄▄▄▄▅▄▄▄▅▄▄▄▄▄▄▅▅▅▅▅▅▅▅▅▅▅▅▅▅▅"
        },
        "rsd": {
            "current_rate": 110.18297411136263,
            "sparkline": "▅▅▅▅▄▅▅▅▅▄▅▅▄▄▄▄▅▅▄▄▄▄▄▄▄▄▄▄▄▄"
        }
    },
    "update_time": "2025-11-04 09:50:53",
    "update_time_display": "04.11 09:50"
}