{
    "rub2rsd": {
        "bank": {
            "current": 1.224308130872155,
            "sparkline_full": "             1.23                 \n  ▅▄▄▄▄▄▆▇▇▇████▇▃  ▁▁▂▃▃▄▅▇▇▇▇█  \n                    1.16          "
        },
        "korona": {
            "current": 1.182625014281443,
            "diff_percent": -3.404626297876376
        },
        "crypto": {
            "current": 1.1784141786721898,
            "diff_percent": -3.7485622322276013
        },
        "forex": {
            "current": 1.2800408051958487,
            "diff_percent": 4.552177096462769
        }
    },
    "rub2eur": {
        "bank": {
            "current": 0.01051745898190997,
            "sparkline_full": "             94.7                 \n  ▅▅▅▄▃▃▅▇▆▇████▇▄  ▁▁▃▃▃▄▆▇▇▇▇█  \n                   99.8           "
        },
        "korona": {
            "current": 0.010128682890385774,
            "diff_percent": -3.6964830782120615
        },
        "crypto": {
            "current": 0.010060000873305502,
            "diff_percent": -4.349511696611285
        },
        "forex": {
            "current": 0.010907039701335507,
            "diff_percent": 3.704133480298006
        }
    },
    "rub2usd": {
        "bank": {
            "current": 0.012281994595922378,
            "sparkline_full": "             80.3                 \n  ▅▄▄▄▃▃▅▇▇▇████▇▃  ▁▁▂▂▂▃▄▅▅▆▆▇  \n                    85.0          "
        },
        "korona": {
            "current": 0.011574504666321928,
            "diff_percent": -5.760383006806871
        },
        "crypto": {
            "current": 0.011723619694766528,
            "diff_percent": -4.54628844521093
        },
        "forex": {
            "current": 0.012681873924418567,
            "diff_percent": 3.255817492615972
        }
    },
    "xdr": {
        "rub2xdr": {
            "current_rate": 0.008888607727509995,
            "sparkline": "▄▃▂▂▁▂▄█▆▄▅▅▅▇▆▄▅▄▁▂▁▁▂▂▅▆▇███"
        },
        "usd2xdr": {
            "current_rate": 0.700002,
            "sparkline": "▄▄▄▄▄▅▅▅▃▃▃▄▄▄▄▄▄▄▄▄▅▅▅▅▅▅▆▆▆▆"
        },
        "eur2xdr": {
            "current_rate": 0.8149422731469139,
            "sparkline": "▅▄▄▄▄▄▅▅▄▄▄▄▄▄▄▄▄▄▄▄▄▄▄▄▄▄▄▅▄▄"
        },
        "cny2xdr": {
            "current_rate": 0.10031556319862425,
            "sparkline": "▃▃▃▃▃▃▃▄▃▂▃▃▃▃▄▄▄▄▄▅▅▅▅▆▆▆▇▇▇▇"
        },
        "rsd2xdr": {
            "current_rate": 0.006944003418820716,
            "sparkline": "▅▄▄▄▅▅▅▅▄▄▄▅▄▄▅▄▅▄▄▅▅▄▄▄▄▄▄▅▅▄"
        }
    },
    "neer": {
        "rub": {
            "current_rate": 97.70237808694505,
            "sparkline": "▄▄▂▃▃▃▃▄▅▅▆▆▆▆▇▆▆▆▆▆▆▆▂▂▃▅▅▄▆▆"
        },
        "usd": {
            "current_rate": 103.48006208231459,
            "sparkline": "▅▅▅▅▅▅▅▄▄▄▄▄▄▄▄▄▄▄▄▄▅▄▄▅▅▅▅▅▅▅"
        },
        "eur": {
            "current_rate": 110.03494664569811,
            "sparkline": "▅▅▅▅▅▅▅▅▅▅▅▅▅▅▅▅▅▄▄▄▄▄▄▄▄▄▄▄▄▄"
        },
        "cny": {
            "current_rate": 108.44433205292422,
            "sparkline": "▃▄▄▄▄▄▄▄▄▄▄▄▄▄▄▄▄▄▅▅▅▅▅▅▅▅▅▅▅▆"
        },
        "rsd": {
            "current_rate": 110.10579897996837,
            "sparkline": "▄▅▅▅▅▄▄▅▅▄▅▄▄▄▅▄▄▄▅▅▅▄▄▄▄▄▄▄▄▄"
        }
    },
    "specific_rates": {
        "rub_kzt_bank": 6.3,
        "rub_kzt_crypto": 6.025940523109996,
        "kzt_rsd_bank": 0.19555688844801422,
        "rsd_eur_cash": 0.008440243079000676,
        "eur_rsd_cash": 116.75999999999999,
        "rsd_usd_cash": 0.009787129924149743,
        "usd_rsd_cash": 99.08333333333333,
        "eur_usd_exch": 1.1641999210672453,
        "usd_kzt_bank": 507.0
    },
    "update_time": "2026-01-14 03:20:46",
    "update_time_display": "14.01 03:20"
}