{
    "rub2rsd": {
        "bank": {
            "current": 1.246314320039651,
            "sparkline_full": "                           1.26   \n  ▆▆▅▂  ▁▁▂▂▂▃▄▅▅▅▅▆▆▇▇▇▇▇▆████▇  \n        1.16                      "
        },
        "korona": {
            "current": 1.1989789778310518,
            "diff_percent": -3.7980260234106265
        },
        "crypto": {
            "current": 1.232607556436516,
            "diff_percent": -1.0997838492860186
        },
        "forex": {
            "current": 1.2963235976666176,
            "diff_percent": 4.012573459428412
        }
    },
    "rub2eur": {
        "bank": {
            "current": 0.010658708164570456,
            "sparkline_full": "                           92.2   \n  ▆▆▅▂  ▁▁▂▂▂▃▄▅▅▅▅▅▆▆▇▇▇▆▆████▇  \n       99.8                       "
        },
        "korona": {
            "current": 0.010263975595961065,
            "diff_percent": -3.7033809586933017
        },
        "crypto": {
            "current": 0.010518735069299574,
            "diff_percent": -1.3132275798314081
        },
        "forex": {
            "current": 0.01104158388012515,
            "diff_percent": 3.592139963334147
        }
    },
    "rub2usd": {
        "bank": {
            "current": 0.01262945188178833,
            "sparkline_full": "                           78.6   \n  ▆▆▅▃  ▁▁▂▂▂▂▃▄▄▄▅▅▅▅▆▆▆▆▆█████  \n        85.0                      "
        },
        "korona": {
            "current": 0.011845667490509323,
            "diff_percent": -6.206004810147174
        },
        "crypto": {
            "current": 0.012437833676617544,
            "diff_percent": -1.5172329485422829
        },
        "forex": {
            "current": 0.013170961717282673,
            "diff_percent": 4.287674877444207
        }
    },
    "xdr": {
        "rub2xdr": {
            "current_rate": 0.009013874183775026,
            "sparkline": "▃▄▃▂▃▂▁▁▁▁▁▂▃▃▄▄▅▅▅▆▆▆▆▆▆████▆"
        },
        "usd2xdr": {
            "current_rate": 0.688082,
            "sparkline": "▄▄▄▄▄▄▄▄▅▅▅▅▅▅▅▅▅▅▅▅▆▆▆▅▅▅▄▄▄▃"
        },
        "eur2xdr": {
            "current_rate": 0.8163569902321713,
            "sparkline": "▄▄▄▄▄▄▄▄▄▄▄▄▄▄▄▄▄▄▄▄▄▄▄▅▅▄▄▅▅▄"
        },
        "cny2xdr": {
            "current_rate": 0.09894481033044777,
            "sparkline": "▃▃▄▄▄▄▄▄▄▄▄▅▅▅▅▅▅▅▅▅▆▆▆▅▅▅▄▄▄▃"
        },
        "rsd2xdr": {
            "current_rate": 0.006953413638384736,
            "sparkline": "▄▄▄▄▄▄▄▅▄▄▄▄▄▄▄▅▄▄▄▄▄▄▅▅▅▅▅▅▅▄"
        }
    },
    "neer": {
        "rub": {
            "current_rate": 100.45974319601027,
            "sparkline": "▄▄▄▃▃▄▄▄▄▄▄▄▄▃▃▄▃▃▄▄▅▅▄▄▄▅▆▆▆▆"
        },
        "usd": {
            "current_rate": 101.8162628714416,
            "sparkline": "▅▅▅▅▅▅▅▅▅▅▅▅▅▅▅▅▅▅▅▅▅▅▅▅▅▅▄▄▄▄"
        },
        "eur": {
            "current_rate": 110.67841345723674,
            "sparkline": "▅▅▅▅▅▅▅▅▄▅▄▄▄▄▄▅▄▄▄▄▄▄▄▅▅▄▅▅▅▅"
        },
        "cny": {
            "current_rate": 107.0588312698768,
            "sparkline": "▄▄▄▄▄▄▄▅▅▄▄▅▅▅▅▅▅▅▅▅▅▅▅▅▅▅▅▄▄▄"
        },
        "rsd": {
            "current_rate": 109.99720806661963,
            "sparkline": "▅▅▅▅▅▅▅▅▅▅▅▅▅▅▅▅▄▄▅▅▅▄▅▄▅▅▅▅▅▅"
        }
    },
    "specific_rates": {
        "rub_kzt_bank": 6.39,
        "rub_kzt_crypto": 6.3059816740450945,
        "kzt_rsd_bank": 0.19546640319457761,
        "rsd_eur_cash": 0.008443908323281062,
        "eur_rsd_cash": 116.81428571428572,
        "rsd_usd_cash": 0.009879795817553105,
        "usd_rsd_cash": 96.925,
        "eur_usd_exch": 1.1864239875947509,
        "usd_kzt_bank": 500.0
    },
    "update_time": "2026-01-26 13:35:51",
    "update_time_display": "26.01 13:35"
}