{
    "rub2rsd": {
        "bank": {
            "current": 1.214118110781083,
            "sparkline_full": "                        1.23      \n  ▃▅▄▄ ▅▄▄▄▅▂▂▂▃▃▃▄▄▅▄▃▃▅▇▇▄▅▅▅▅  \n           1.19                   "
        },
        "korona": {
            "current": 1.1946109515115424,
            "diff_percent": -1.606693706017695
        },
        "crypto": {
            "current": 1.2772284931603142,
            "diff_percent": 5.19804307495505
        },
        "forex": {
            "current": 1.2630481689190916,
            "diff_percent": 4.030090458541155
        }
    },
    "rub2eur": {
        "bank": {
            "current": 0.01040907671489539,
            "sparkline_full": "                         94.4     \n  ▁▄▅▄▄▅▅▅▄▄▃▂▃▃▃▃▅▅▆▄▄▄▅▇█▅▅▅▅▅  \n 98.0                             "
        },
        "korona": {
            "current": 0.01022491541949965,
            "diff_percent": -1.7692375648668694
        },
        "crypto": {
            "current": 0.0109170475224387,
            "diff_percent": 4.880075548068595
        },
        "forex": {
            "current": 0.010801781707482042,
            "diff_percent": 3.77271686377997
        }
    },
    "rub2usd": {
        "bank": {
            "current": 0.011796626164916835,
            "sparkline_full": "                        83.2      \n  ▂▄▅▄▄▆▆▆▅▇▄▃▃▄▄▄▆▆▆▄▄▄▅▇▇▅▄▄▄▄  \n 86.2                             "
        },
        "korona": {
            "current": 0.011373997443697442,
            "diff_percent": -3.5826236697767926
        },
        "crypto": {
            "current": 0.012347412130388279,
            "diff_percent": 4.66901262930143
        },
        "forex": {
            "current": 0.012366870637586383,
            "diff_percent": 4.833962394819763
        }
    },
    "xdr": {
        "rub2xdr": {
            "current_rate": 0.008734164114111495,
            "sparkline": "  ▃▂▂▄▄▄▆▃▂▁▂▃▄▃▄▄▄▃▃▃▅██▆▂▄▄▄"
        },
        "usd2xdr": {
            "current_rate": 0.720178,
            "sparkline": "  ▅▅▅▅▅▅▅▃▄▅▆▆▆▅▅▅▅▆▆▆▆▆▆▆▆▆▆▆"
        },
        "eur2xdr": {
            "current_rate": 0.8085855047470201,
            "sparkline": "  ▃▅▅▅▅▅▇▄▃▄▄▅▅▅▄▄▃▄▄▄▄▄▅▃▃▃▃▂"
        },
        "cny2xdr": {
            "current_rate": 0.0996737874289827,
            "sparkline": "  ▄▄▄▄▄▄▄▂▃▄▅▅▅▅▄▄▄▅▅▅▅▅▆▇▇▇▇▇"
        },
        "rsd2xdr": {
            "current_rate": 0.006915147283405775,
            "sparkline": "  ▅▅▅▅▆▅▅▅▅▅▅▅▅▅▅▅▄▅▅▅▅▅▅▅▅▅▅▃"
        }
    },
    "neer": {
        "rub": {
            "current_rate": 93.80135826039549,
            "sparkline": "▁▁▅▆▅▆▆▆▆█▇▅▄▅▅▅▅▇▇▇▅▅▆▆▇█▆▅▅▃"
        },
        "usd": {
            "current_rate": 105.76652810710068,
            "sparkline": "▆▅▅▅▅▅▅▄▅▄▄▄▅▄▄▅▄▄▄▄▄▄▄▃▃▄▄▄▄▄"
        },
        "eur": {
            "current_rate": 107.87908411223712,
            "sparkline": "▆▆▅▅▅▅▅▅▅▆▅▅▅▆▅▅▅▅▅▄▄▄▄▄▄▄▃▃▃▃"
        },
        "cny": {
            "current_rate": 104.36622539646274,
            "sparkline": "▅▅▅▅▅▅▄▄▅▃▄▅▅▅▅▅▅▅▅▄▄▄▃▅▅▅▅▅▅▆"
        },
        "rsd": {
            "current_rate": 109.73296774405128,
            "sparkline": "▅▅▅▄▄▄▄▄▄▅▄▄▄▄▄▅▄▄▄▄▄▄▄▄▄▄▄▅▅▄"
        }
    },
    "update_time": "2025-05-12 04:05:43",
    "update_time_display": "12.05 04:05"
}