{
    "rub2rsd": {
        "bank": {
            "current": 1.2549013082781524,
            "sparkline_full": "                            1.26  \n  ▃ ▃▃▃▃▄▁▁▁▁▁▁▃▃▄▃▂▂▃▅▅▃▃▃▃▄███  \n        1.19                      "
        },
        "korona": {
            "current": 1.2069816198400165,
            "diff_percent": -3.818602157956659
        },
        "crypto": {
            "current": 1.2774960018338128,
            "diff_percent": 1.8005155789233018
        },
        "forex": {
            "current": 1.3094454984875068,
            "diff_percent": 4.346492417335543
        }
    },
    "rub2eur": {
        "bank": {
            "current": 0.010790978741771878,
            "sparkline_full": "                            92.5  \n  ▂▂▃▃▃▂▃▁▁▁▂▂▂▃▃▄▃▂▂▄▅▆▃▃▃▃▆███  \n         97.7                     "
        },
        "korona": {
            "current": 0.01033374674520562,
            "diff_percent": -4.237168912179507
        },
        "crypto": {
            "current": 0.010897890298405427,
            "diff_percent": 0.990749395323103
        },
        "forex": {
            "current": 0.011180238463636843,
            "diff_percent": 3.607269842522629
        }
    },
    "rub2usd": {
        "bank": {
            "current": 0.012118274357731459,
            "sparkline_full": "                              82.5\n  ▃▃▄▄▄▄▅▃▂▂▃▃▃▄▄▅▃▃▃▄▆▆▄▃▃▃▄▆▇▇  \n          85.5                    "
        },
        "korona": {
            "current": 0.011466669388561815,
            "diff_percent": -5.377044205587902
        },
        "crypto": {
            "current": 0.012213701785262559,
            "diff_percent": 0.7874671319866324
        },
        "forex": {
            "current": 0.012451222336496775,
            "diff_percent": 2.747486720771383
        }
    },
    "xdr": {
        "rub2xdr": {
            "current_rate": 0.009002296230668925,
            "sparkline": "▂▂▃▃▃▅▃▂▁▂▃▃▂▃▃▃▃▂▂▄▇▆▅▂▃▃▅▇██"
        },
        "usd2xdr": {
            "current_rate": 0.720178,
            "sparkline": "▅▅▅▅▅▅▃▄▅▅▅▅▅▅▅▅▆▆▆▆▆▆▆▆▆▆▆▆▆▆"
        },
        "eur2xdr": {
            "current_rate": 0.8051971574621092,
            "sparkline": "▅▅▅▅▅▇▅▄▅▅▆▆▅▅▅▄▅▅▅▅▅▅▄▄▄▄▂▂▃▃"
        },
        "cny2xdr": {
            "current_rate": 0.0999275704176495,
            "sparkline": "▄▄▄▄▄▄▂▃▄▅▄▄▄▃▃▄▅▅▅▅▅▅▆▆▆▆▆▇▇▇"
        },
        "rsd2xdr": {
            "current_rate": 0.006874891884440515,
            "sparkline": "▆▆▆▇▆▆▆▆▆▆▆▆▆▆▆▆▆▆▆▆▆▆▆▆▆▆▅▂▂▄"
        }
    },
    "neer": {
        "rub": {
            "current_rate": 97.59113722838448,
            "sparkline": "▃▂▃▃▃▃▅▄▂▂▂▂▂▂▃▄▄▂▂▃▃▄▅▅▂▂▆▆▇▆"
        },
        "usd": {
            "current_rate": 105.77131896671857,
            "sparkline": "▅▅▅▅▅▅▄▄▅▅▅▅▅▄▄▄▄▄▄▄▄▄▄▄▄▄▅▅▄▄"
        },
        "eur": {
            "current_rate": 107.57017092462269,
            "sparkline": "▆▆▆▆▆▅▆▆▆▅▆▆▅▅▅▅▅▄▅▄▄▅▄▄▄▄▃▃▃▃"
        },
        "cny": {
            "current_rate": 104.6266044122706,
            "sparkline": "▄▄▄▄▄▄▃▄▄▄▄▄▄▄▄▄▃▄▄▃▄▄▄▄▄▄▆▆▅▅"
        },
        "rsd": {
            "current_rate": 109.19744137712333,
            "sparkline": "▄▅▅▄▄▄▆▄▄▄▄▄▅▅▄▄▅▄▄▄▄▄▄▄▅▅▅▄▃▃"
        }
    },
    "update_time": "2025-05-15 19:20:51",
    "update_time_display": "15.05 19:20"
}