{
    "rub2rsd": {
        "bank": {
            "current": 1.1903744367591758,
            "sparkline_full": "                          1.22    \n  ▁▁▁▁▁▂▂▂▂▃▄▄▄▃▃▂▃▄▅▆▅▅▆▇██▆▅▅▅  \n    1.14                          "
        },
        "korona": {
            "current": 1.1520557876060535,
            "diff_percent": -3.219041670404625
        },
        "crypto": {
            "current": 1.2793984819004198,
            "diff_percent": 7.478659016201177
        },
        "forex": {
            "current": 1.2441032346824457,
            "diff_percent": 4.513604817451213
        }
    },
    "rub2eur": {
        "bank": {
            "current": 0.01026167265264238,
            "sparkline_full": "                         95.0     \n  ▁▁▁▁▁▁▂▂▂▃▃▄▃▃▃▃▃▄▅▆▆▆▆▇██▅▅▅▅  \n   102                            "
        },
        "korona": {
            "current": 0.00986469787552584,
            "diff_percent": -3.8685192030006905
        },
        "crypto": {
            "current": 0.010977834360972211,
            "diff_percent": 6.978995847674198
        },
        "forex": {
            "current": 0.010616859596191854,
            "diff_percent": 3.4612967648896174
        }
    },
    "rub2usd": {
        "bank": {
            "current": 0.011990407673860911,
            "sparkline_full": "                          81.4    \n  ▂▁▂▁▁▁▁▁▂▃▄▅▄▃▃▃▃▄▅▄▅▅▅▆▇█▅▄▄▅  \n      86.2                        "
        },
        "korona": {
            "current": 0.01132957363478839,
            "diff_percent": -5.511355885864834
        },
        "crypto": {
            "current": 0.01280240516889003,
            "diff_percent": 6.772059108542848
        },
        "forex": {
            "current": 0.012291324046008885,
            "diff_percent": 2.5096425437141026
        }
    },
    "xdr": {
        "rub2xdr": {
            "current_rate": 0.008648870713044654,
            "sparkline": "▁▁▁▁▁▁▁▁▂▂▃▃▃▃▃▂▃▄▅▆▅▅▆▇█▇▅▅▅▅"
        },
        "usd2xdr": {
            "current_rate": 0.699288,
            "sparkline": "▄▄▄▄▄▄▄▄▄▄▄▄▄▄▄▄▄▅▅▅▅▅▅▅▅▅▅▅▅▅"
        },
        "eur2xdr": {
            "current_rate": 0.8146354988199057,
            "sparkline": "▄▅▅▅▄▄▅▅▅▅▅▅▄▄▅▄▄▄▄▅▅▅▄▅▅▅▅▅▅▄"
        },
        "cny2xdr": {
            "current_rate": 0.09821322734231262,
            "sparkline": "▄▄▄▄▄▄▄▄▄▄▄▄▄▄▄▄▄▅▅▅▅▅▅▅▅▅▅▅▅▅"
        },
        "rsd2xdr": {
            "current_rate": 0.0069518915086273034,
            "sparkline": "▄▅▅▅▄▄▅▅▅▅▅▅▄▅▅▄▄▄▄▅▅▅▄▅▅▅▅▅▅▄"
        }
    },
    "neer": {
        "rub": {
            "current_rate": 94.81653299907215,
            "sparkline": "▁▂▁▂▁▂▂▂▁▂▃▄▅▃▃▅▃▄▅▅▅▅▅▆██▆▅▅▅"
        },
        "usd": {
            "current_rate": 104.03218117664431,
            "sparkline": "▄▄▄▄▄▅▄▄▄▄▄▄▄▄▄▄▄▅▅▅▅▅▅▅▅▄▄▅▅▅"
        },
        "eur": {
            "current_rate": 110.48096074640661,
            "sparkline": "▅▅▅▅▅▅▅▅▅▅▅▅▅▅▅▄▄▄▄▄▄▄▄▄▄▄▅▄▄▄"
        },
        "cny": {
            "current_rate": 105.32246178086895,
            "sparkline": "▄▄▄▄▄▄▄▄▄▄▄▄▄▄▄▅▅▅▅▅▅▅▅▅▅▅▄▅▅▅"
        },
        "rsd": {
            "current_rate": 110.54123710719966,
            "sparkline": "▄▄▅▅▅▄▅▄▅▄▅▄▄▄▄▅▅▄▄▄▄▄▅▅▄▄▄▄▄▄"
        }
    },
    "update_time": "2025-10-20 19:50:41",
    "update_time_display": "20.10 19:50"
}