{
    "rub2rsd": {
        "bank": {
            "current": 1.2226195428145668,
            "sparkline_full": "               1.24               \n   ▄▄▅▅▅▅▆▇▇▇▇▆▇██▇▇▇▇▆▅▄▃▃▃▃▁▁▅  \n                            1.19  "
        },
        "korona": {
            "current": 1.1784204052238887,
            "diff_percent": -3.615117871331269
        },
        "crypto": {
            "current": 1.1832093612950434,
            "diff_percent": -3.2234215256201457
        },
        "forex": {
            "current": 1.279951440914349,
            "diff_percent": 4.689267273431585
        }
    },
    "rub2eur": {
        "bank": {
            "current": 0.010555203715431708,
            "sparkline_full": "                93.4              \n   ▅▄▅▅▅▅▆▇▇▇▇▇▇██▇▇▇▇▇▅▄▃▃▃▃▁▁▆  \n                            97.6  "
        },
        "korona": {
            "current": 0.010083460398378968,
            "diff_percent": -4.469296185757661
        },
        "crypto": {
            "current": 0.010228362598763313,
            "diff_percent": -3.0964927393163744
        },
        "forex": {
            "current": 0.010923042736700498,
            "diff_percent": 3.4849068875005216
        }
    },
    "rub2usd": {
        "bank": {
            "current": 0.012099213551119176,
            "sparkline_full": "            80.1                  \n   ▇▇▇▇▇▇█████████▇▇▇██▇▆▅▅▅▅▁▁▃  \n                             84.1 "
        },
        "korona": {
            "current": 0.011563533291918116,
            "diff_percent": -4.427397342296762
        },
        "crypto": {
            "current": 0.011700584125034786,
            "diff_percent": -3.294672206587478
        },
        "forex": {
            "current": 0.012219755189424536,
            "diff_percent": 0.9962766405938007
        }
    },
    "xdr": {
        "rub2xdr": {
            "current_rate": 0.008672462391115984,
            "sparkline": " ▄█████▃▄▄▃▃▃▄▄▄▄▄▄▄▄▃▃▂▂▂▂▁▁▂"
        },
        "usd2xdr": {
            "current_rate": 0.69341,
            "sparkline": " ▃▇▇▇▇▇▂▂▂▂▂▂▂▃▃▃▃▃▃▂▂▂▂▂▂▂▂▂▂"
        },
        "eur2xdr": {
            "current_rate": 0.7939603094270835,
            "sparkline": " ▄█████▂▂▂▂▂▂▂▃▂▃▃▃▃▃▃▃▂▂▃▂▁▁▁"
        },
        "cny2xdr": {
            "current_rate": 0.09640334779223667,
            "sparkline": " ▃▇▇▇▇▇▂▂▂▂▂▂▂▃▃▃▃▃▃▂▂▂▂▂▂▂▂▂▂"
        },
        "rsd2xdr": {
            "current_rate": 0.00677561828823811,
            "sparkline": " ▄█████▂▂▂▂▂▂▂▃▂▃▃▃▃▃▃▃▂▃▃▂▁▁▁"
        }
    },
    "neer": {
        "rub": {
            "current_rate": 95.97849206404045,
            "sparkline": "▅▄▄▄▄▄▅▆▆▇▇▆▇▆▇█▇▆▆▆▆▆▅▅▃▃▅▅▁▃"
        },
        "usd": {
            "current_rate": 104.79982099357957,
            "sparkline": "▃▃▃▃▃▄▄▄▄▄▄▄▄▄▅▅▅▅▅▄▄▄▃▄▄▄▄▅▅▆"
        },
        "eur": {
            "current_rate": 109.27914122057649,
            "sparkline": "▅▅▅▅▅▅▅▅▅▅▅▅▅▅▄▄▅▅▅▅▅▅▅▅▆▆▅▄▄▃"
        },
        "cny": {
            "current_rate": 104.5127326658544,
            "sparkline": "▃▃▃▃▃▄▄▄▄▄▄▄▄▅▅▅▅▅▅▄▄▄▄▄▄▄▅▆▅▆"
        },
        "rsd": {
            "current_rate": 110.02821930047601,
            "sparkline": "▅▅▅▅▅▅▅▅▅▄▄▄▄▅▅▅▄▄▄▄▅▅▅▅▅▅▄▅▄▄"
        }
    },
    "update_time": "2025-07-31 12:05:52",
    "update_time_display": "31.07 12:05"
}