{
    "rub2rsd": {
        "bank": {
            "current": 1.2118627213268214,
            "sparkline_full": "            1.26                  \n  ██▇▄▂▃▃▅▅▆▇██▇▇         ▁▁▂▂▂▁  \n                              1.21"
        },
        "korona": {
            "current": 1.175228443270359,
            "diff_percent": -3.0229726033946243
        },
        "crypto": {
            "current": 1.2144960517459094,
            "diff_percent": 0.21729609903379526
        },
        "forex": {
            "current": 1.2674768026625804,
            "diff_percent": 4.5891403668948065
        }
    },
    "rub2eur": {
        "bank": {
            "current": 0.010431879824744418,
            "sparkline_full": "  92.7                            \n  ▇█▇▃▃▄▄▅▆▇████▇         ▂▂▂▂▂▁  \n                              95.9"
        },
        "korona": {
            "current": 0.01006619651623434,
            "diff_percent": -3.505440195377617
        },
        "crypto": {
            "current": 0.010424704053213323,
            "diff_percent": -0.06878694589708478
        },
        "forex": {
            "current": 0.01082125028360867,
            "diff_percent": 3.7325052186727214
        }
    },
    "rub2usd": {
        "bank": {
            "current": 0.012272950417280314,
            "sparkline_full": "              80.5                \n  ▅▆▄▂▃▃▃▅▆▆▆▇▇▇▆         ▆▅▆▆▆▄  \n    82.2                          "
        },
        "korona": {
            "current": 0.011329843138538099,
            "diff_percent": -7.684438107191571
        },
        "crypto": {
            "current": 0.012240298443342342,
            "diff_percent": -0.2660482836465942
        },
        "forex": {
            "current": 0.012703494096051118,
            "diff_percent": 3.508069894624508
        }
    },
    "xdr": {
        "rub2xdr": {
            "current_rate": 0.009585550611980406,
            "sparkline": "▃▃▃▂▁▁▁▂▂▃▃▃▃▃▃         ▂█████"
        },
        "usd2xdr": {
            "current_rate": 0.754425,
            "sparkline": "▃▃▃▂▂▂▁▂▂▂▂▂▂▂▂         ▂█████"
        },
        "eur2xdr": {
            "current_rate": 0.8858080499718204,
            "sparkline": "▁▁▁▂▁▁▁▁▁▁▁▁▁▁▁         ▃█████"
        },
        "cny2xdr": {
            "current_rate": 0.10519472370567648,
            "sparkline": "▃▃▃▂▁▁▁▂▂▂▂▂▂▂▂         ▂█████"
        },
        "rsd2xdr": {
            "current_rate": 0.007562702995308553,
            "sparkline": "▁▁▁▂▁▁▁▁▁▁▁▁▁▁▁         ▃█████"
        }
    },
    "neer": {
        "rub": {
            "current_rate": 97.17644021342598,
            "sparkline": "▅▅▇▄▅▂▂▄▅▆▆▆▆▆▇▆▆▅▅▅▅▅▄▃▂▂▃▃▃▃"
        },
        "usd": {
            "current_rate": 103.28679883718651,
            "sparkline": "▅▅▆▄▅▄▄▄▄▅▆▅▆▆▇▄▅▄▃▃▃▃▂▃▂▃▂▂▃▃"
        },
        "eur": {
            "current_rate": 110.57062428596934,
            "sparkline": "▂▂▃▄▄▄▄▄▄▄▄▄▄▄▄▅▅▆▆▆▆▆▆▇▇▆▇▇▇▇"
        },
        "cny": {
            "current_rate": 103.11154566386084,
            "sparkline": "▅▅▅▄▅▄▄▄▄▅▅▅▅▅▆▄▅▄▃▃▃▄▃▃▃▃▃▃▃▄"
        },
        "rsd": {
            "current_rate": 110.53726897593391,
            "sparkline": "▄▃▄▃▅▄▄▄▅▄▄▅▄▄▅▅▅▅▅▅▅▆▆▆▆▅▅▅▆▆"
        }
    },
    "update_time": "2025-07-08 09:20:48",
    "update_time_display": "08.07 09:20"
}