{
    "rub2rsd": {
        "bank": {
            "current": 1.15091788094051,
            "sparkline_full": "                          1.18    \n  ▆▆▄▃▁▂▃▃▄▅▃▃▃▃▃▃▃▃▃▄▄▄▄▅▇█▇▆▆▄  \n     1.13                         "
        },
        "korona": {
            "current": 1.1223579732221067,
            "diff_percent": -2.4814896172318286
        },
        "crypto": {
            "current": 1.0921736583256931,
            "diff_percent": -5.104119380508032
        },
        "forex": {
            "current": 1.2040506185188011,
            "diff_percent": 4.6165533143747775
        }
    },
    "rub2eur": {
        "bank": {
            "current": 0.009961151509114453,
            "sparkline_full": "                          98.6    \n  ▇▆▄▃▂▂▃▃▄▄▃▄▄▄▄▃▃▃▃▄▄▄▄▅▆▇▆▆▆▅  \n     103                          "
        },
        "korona": {
            "current": 0.009607584088530274,
            "diff_percent": -3.5494633352445772
        },
        "crypto": {
            "current": 0.009477787701263922,
            "diff_percent": -4.852489267011489
        },
        "forex": {
            "current": 0.010275932852183962,
            "diff_percent": 3.1600899030747973
        }
    },
    "rub2usd": {
        "bank": {
            "current": 0.011668611435239206,
            "sparkline_full": "                          83.7    \n  ▇▇▅▃▁▂▃▃▄▅▅▄▄▄▄▃▄▄▄▃▄▄▄▅▇█▇▆▆▄  \n     87.6                         "
        },
        "korona": {
            "current": 0.011076811973571249,
            "diff_percent": -5.071721386494399
        },
        "crypto": {
            "current": 0.011080521453305809,
            "diff_percent": -5.0399311451692155
        },
        "forex": {
            "current": 0.012048192771084338,
            "diff_percent": 3.253012048192778
        }
    },
    "xdr": {
        "rub2xdr": {
            "current_rate": 0.008375619426115283,
            "sparkline": "█▇▃▁▁▁▂▃▄▄▃▁▂▂▂▂▂▂▂▂▃▃▄▄▆▆▅▆▆▄"
        },
        "usd2xdr": {
            "current_rate": 0.696265,
            "sparkline": "▅▅▅▅▆▅▅▅▅▅▅▃▄▄▅▅▄▄▅▅▆▆▅▅▅▅▅▅▅▅"
        },
        "eur2xdr": {
            "current_rate": 0.8150714437896699,
            "sparkline": "▄▄▄▄▄▄▄▄▄▅▆▃▄▄▄▄▄▄▄▃▄▄▄▄▄▄▄▄▄▄"
        },
        "cny2xdr": {
            "current_rate": 0.09779689584942762,
            "sparkline": "▅▅▄▅▆▅▅▅▅▅▅▃▄▄▄▅▄▄▄▄▅▅▅▅▅▅▅▅▅▅"
        },
        "rsd2xdr": {
            "current_rate": 0.006956202087598943,
            "sparkline": "▄▄▄▄▄▄▄▄▄▅▆▄▄▄▄▄▄▄▄▃▄▄▄▄▄▄▄▄▄▄"
        }
    },
    "neer": {
        "rub": {
            "current_rate": 93.21085202306965,
            "sparkline": "██▆▅▂▁▄▃▁▅▅▅▅▄▄▅▃▅▄▅▅▅▄▆▆▆▇▇▇▇"
        },
        "usd": {
            "current_rate": 103.7495727377406,
            "sparkline": "▅▅▅▅▅▅▅▄▄▄▄▄▅▄▄▄▄▅▅▅▅▅▅▅▅▅▅▅▅▅"
        },
        "eur": {
            "current_rate": 110.82708117279682,
            "sparkline": "▄▄▄▄▄▄▄▄▅▅▅▅▄▅▅▅▅▅▅▄▅▅▅▅▅▅▅▅▅▅"
        },
        "cny": {
            "current_rate": 105.04170391640938,
            "sparkline": "▄▄▄▅▅▅▄▄▄▄▄▄▅▅▅▄▅▅▅▅▅▅▅▅▅▅▅▅▅▅"
        },
        "rsd": {
            "current_rate": 110.70720176855846,
            "sparkline": "▄▄▅▄▄▅▄▄▄▅▄▅▄▄▄▅▅▄▄▅▄▄▄▄▄▄▄▄▄▄"
        }
    },
    "update_time": "2025-10-06 21:05:43",
    "update_time_display": "06.10 21:05"
}