{
    "rub2rsd": {
        "bank": {
            "current": 1.2103601622043818,
            "sparkline_full": "               1.22               \n  ▃▂▁▁▁▁▃▅▅▅▅▅▇██▅▄▄▄▄▄▆▅▄▄▄▆▇▆▇  \n     1.16                         "
        },
        "korona": {
            "current": 1.1695613050176412,
            "diff_percent": -3.370803043652331
        },
        "crypto": {
            "current": 1.2343380944476476,
            "diff_percent": 1.9810576216913616
        },
        "forex": {
            "current": 1.2672838020175055,
            "diff_percent": 4.703033162414306
        }
    },
    "rub2eur": {
        "bank": {
            "current": 0.010404744563520965,
            "sparkline_full": "              95.0                \n  ▃▂▁▁▁▂▃▄▅▅▅▅▇██▄▃▃▄▅▄▅▄▃▃▃▆▇▆▆  \n     100                          "
        },
        "korona": {
            "current": 0.010017655717495856,
            "diff_percent": -3.7203108991473166
        },
        "crypto": {
            "current": 0.010576690252435949,
            "diff_percent": 1.6525700161619097
        },
        "forex": {
            "current": 0.010812449089047679,
            "diff_percent": 3.9184481948372505
        }
    },
    "rub2usd": {
        "bank": {
            "current": 0.012077294685990338,
            "sparkline_full": "               81.4               \n  ▄▃▂▂▁▂▃▄▄▄▄▄▆▇█▅▃▃▄▄▃▅▄▃▃▃▅▆▅▅  \n     85.2                         "
        },
        "korona": {
            "current": 0.011394473396135684,
            "diff_percent": -5.653760279996538
        },
        "crypto": {
            "current": 0.012251911107788971,
            "diff_percent": 1.445823972492683
        },
        "forex": {
            "current": 0.012421789309062814,
            "diff_percent": 2.8524154790401037
        }
    },
    "xdr": {
        "rub2xdr": {
            "current_rate": 0.008760833158363984,
            "sparkline": "▂▁▁▁▁▁▃▄▅▄▅▅▇█▇▅▄▄▄▄▄▄▅▇▇▆▇▇▆▆"
        },
        "usd2xdr": {
            "current_rate": 0.700447,
            "sparkline": "▄▃▃▄▄▄▅▅▆▅▅▅▆▅▅▅▅▅▄▅▅▅▅▅▅▅▅▅▅▅"
        },
        "eur2xdr": {
            "current_rate": 0.810254280617899,
            "sparkline": "▅▄▅▅▄▄▄▄▅▅▅▄▅▅▅▅▅▅▅▄▄▅▅▅▅▅▅▅▄▄"
        },
        "cny2xdr": {
            "current_rate": 0.0984991281358983,
            "sparkline": "▄▃▄▄▄▄▅▅▆▅▅▅▅▅▅▅▄▄▄▅▅▅▅▅▅▅▅▅▅▅"
        },
        "rsd2xdr": {
            "current_rate": 0.006913079094372397,
            "sparkline": "▅▄▅▅▅▄▄▄▅▅▅▅▅▅▅▅▅▅▅▄▄▅▅▅▅▅▅▄▄▄"
        }
    },
    "neer": {
        "rub": {
            "current_rate": 96.70163310928959,
            "sparkline": "▃▄▁▁▄▁▃▄▄▄▄▄▅▆██▄▄█▄▄▄▄▇▇▄▄▇▆▇"
        },
        "usd": {
            "current_rate": 104.42693286748602,
            "sparkline": "▄▄▄▄▄▄▅▄▅▅▅▅▅▅▅▄▄▄▄▅▅▅▅▅▅▅▅▄▄▅"
        },
        "eur": {
            "current_rate": 110.08477983312606,
            "sparkline": "▅▅▅▅▅▅▄▄▄▄▅▄▄▄▄▅▅▅▄▄▄▄▄▄▄▄▄▄▄▄"
        },
        "cny": {
            "current_rate": 106.0261183394152,
            "sparkline": "▄▄▄▄▄▅▅▅▅▅▅▅▅▅▅▄▄▄▅▅▅▅▅▅▅▅▅▅▅▅"
        },
        "rsd": {
            "current_rate": 110.24347601201032,
            "sparkline": "▅▅▅▅▅▅▄▅▄▅▅▅▅▄▅▅▄▄▄▄▄▄▄▄▄▄▄▄▄▄"
        }
    },
    "update_time": "2025-10-31 03:20:44",
    "update_time_display": "31.10 03:20"
}