{
    "rub2rsd": {
        "bank": {
            "current": 1.2205572659334236,
            "sparkline_full": "                       1.22       \n  ▁▁▂▂▂▂▃▄▄▄▃▃▂▃▄▅▆▅▅▆▇██▆▅▅▅▅▅█  \n 1.14                             "
        },
        "korona": {
            "current": 1.1502663302522715,
            "diff_percent": -5.7589215715656685
        },
        "crypto": {
            "current": 1.2854272918368719,
            "diff_percent": 5.314787574005287
        },
        "forex": {
            "current": 1.24364493034477,
            "diff_percent": 1.8915674877155497
        }
    },
    "rub2eur": {
        "bank": {
            "current": 0.010287007509515483,
            "sparkline_full": "                      95.0        \n  ▁▁▁▂▂▂▂▃▄▃▃▃▂▃▄▅▆▆▆▆▇██▅▄▄▅▅▅▆  \n 102                              "
        },
        "korona": {
            "current": 0.009852388267685409,
            "diff_percent": -4.224933649830149
        },
        "crypto": {
            "current": 0.011068108099692362,
            "diff_percent": 7.593078837109444
        },
        "forex": {
            "current": 0.010609313893398286,
            "diff_percent": 3.1331403577247343
        }
    },
    "rub2usd": {
        "bank": {
            "current": 0.012224938875305624,
            "sparkline_full": "                       81.4       \n  ▁▁▁▁▁▂▃▄▅▄▃▃▃▃▄▅▄▅▅▅▆▇█▅▄▄▅▅▄▇  \n   86.2                           "
        },
        "korona": {
            "current": 0.011313565142287341,
            "diff_percent": -7.455037136089556
        },
        "crypto": {
            "current": 0.012827548573950298,
            "diff_percent": 4.929347334913432
        },
        "forex": {
            "current": 0.012304814874060219,
            "diff_percent": 0.653385669812585
        }
    },
    "xdr": {
        "rub2xdr": {
            "current_rate": 0.008651607273258245,
            "sparkline": "▁▁▁▁▁▂▂▃▃▃▃▃▂▃▄▅▆▅▅▆▇█▇▅▅▅▅▅▅▅"
        },
        "usd2xdr": {
            "current_rate": 0.702949,
            "sparkline": "▄▄▄▄▄▄▄▄▄▄▄▄▄▄▅▅▅▅▅▅▅▅▅▅▅▅▅▅▅▅"
        },
        "eur2xdr": {
            "current_rate": 0.8154728345479308,
            "sparkline": "▅▄▄▅▅▅▅▅▅▄▄▅▄▄▄▄▅▅▅▄▅▅▅▅▅▅▄▄▄▅"
        },
        "cny2xdr": {
            "current_rate": 0.09867335766423359,
            "sparkline": "▄▄▄▄▄▄▄▄▄▄▄▄▄▄▅▅▅▅▅▅▅▅▅▅▅▅▅▅▅▅"
        },
        "rsd2xdr": {
            "current_rate": 0.0069566538343543115,
            "sparkline": "▅▄▄▅▅▅▅▅▅▄▅▅▄▄▄▄▅▅▅▄▅▅▅▅▅▅▄▄▄▄"
        }
    },
    "neer": {
        "rub": {
            "current_rate": 94.70230660366022,
            "sparkline": "▁▁▂▁▂▁▂▂▄▅▃▃▅▂▄▅▅▅▅▅▆▇██▅▅█▅▅▅"
        },
        "usd": {
            "current_rate": 104.32194502668926,
            "sparkline": "▄▄▄▄▄▄▄▄▄▄▄▄▄▄▅▄▅▅▅▅▅▅▅▄▄▄▄▅▅▅"
        },
        "eur": {
            "current_rate": 110.21962670419386,
            "sparkline": "▅▅▅▅▅▅▅▅▅▅▅▅▄▅▄▄▄▄▄▄▄▄▄▅▄▄▄▄▄▄"
        },
        "cny": {
            "current_rate": 105.75424462320773,
            "sparkline": "▄▄▄▄▄▄▄▄▄▄▄▄▅▅▅▅▅▅▅▅▅▅▅▅▅▅▅▅▅▅"
        },
        "rsd": {
            "current_rate": 110.35949700351908,
            "sparkline": "▅▅▅▅▅▅▅▅▄▄▄▅▅▅▄▅▄▄▄▅▅▄▅▅▄▄▄▄▄▄"
        }
    },
    "update_time": "2025-10-23 18:05:43",
    "update_time_display": "23.10 18:05"
}