{
    "rub2rsd": {
        "bank": {
            "current": 1.353806117535394,
            "sparkline_full": "                             1.36 \n  ▁▁▁▁▁▁▁▁▂▁▁▁▁▁▁▁▂▂▂▂▂▃▄▅▅▅▆▇██  \n             1.26                 "
        },
        "korona": {
            "current": 1.3244394652979339,
            "diff_percent": -2.16919187002361
        },
        "crypto": {
            "current": 1.420281898959338,
            "diff_percent": 4.910288154478377
        },
        "forex": {
            "current": 1.4304336768351307,
            "diff_percent": 5.660157559284585
        }
    },
    "rub2eur": {
        "bank": {
            "current": 0.011655011655011656,
            "sparkline_full": "                             85.7 \n  ▁▁▁▁▁▁▁▁▂▂▂▂▁▁▁▁▂▂▂▂▃▃▄▅▅▅▆▇██  \n   91.9                           "
        },
        "korona": {
            "current": 0.011339378983715188,
            "diff_percent": -2.708128319723693
        },
        "crypto": {
            "current": 0.012218856594184833,
            "diff_percent": 4.8377895781058635
        },
        "forex": {
            "current": 0.012184178444377249,
            "diff_percent": 4.540251052756788
        }
    },
    "rub2usd": {
        "bank": {
            "current": 0.013550135501355014,
            "sparkline_full": "                             73.8 \n  ▂▂▁▁▁▂▂▂▂▂▂▂▂▁▂▂▃▃▃▃▃▄▄▅▅▅▆▇██  \n   78.6                           "
        },
        "korona": {
            "current": 0.012924963414311359,
            "diff_percent": -4.613770002382178
        },
        "crypto": {
            "current": 0.014177998157809405,
            "diff_percent": 4.633626404633403
        },
        "forex": {
            "current": 0.014094253913621955,
            "diff_percent": 4.015593882530022
        }
    },
    "xdr": {
        "rub2xdr": {
            "current_rate": 0.009930329310884762,
            "sparkline": "▁▁▁▁▁▁▁▁▂▁▁▁▁▁▁▁▂▂▂▂▃▃▃▄▅▅▆▇██"
        },
        "usd2xdr": {
            "current_rate": 0.702153,
            "sparkline": "▄▄▄▄▄▄▄▅▅▄▄▄▄▄▄▄▄▄▄▄▄▄▄▄▅▅▅▅▅▅"
        },
        "eur2xdr": {
            "current_rate": 0.8150183745435382,
            "sparkline": "▄▄▅▅▅▅▅▅▅▅▅▅▅▄▅▅▅▅▅▅▅▄▄▄▄▅▅▅▅▅"
        },
        "cny2xdr": {
            "current_rate": 0.10321984564498346,
            "sparkline": "▄▄▄▄▄▄▄▄▄▄▄▄▄▄▄▄▄▄▄▄▄▄▄▄▅▅▅▅▅▅"
        },
        "rsd2xdr": {
            "current_rate": 0.0069421808726258865,
            "sparkline": "▄▄▄▅▅▅▅▅▅▅▅▅▅▄▅▅▅▅▅▅▄▄▄▄▄▄▅▅▄▅"
        }
    },
    "neer": {
        "rub": {
            "current_rate": 107.43969108253745,
            "sparkline": "▃▂▃▁▁▂▃▃▂▃▂▂▃▂▁▁▂▂▂▂▃▄▅▅▅▅▅▇██"
        },
        "usd": {
            "current_rate": 102.3731834392336,
            "sparkline": "▄▄▅▅▅▄▅▅▅▅▅▅▅▅▄▄▄▄▄▄▄▄▄▅▅▅▅▅▅▅"
        },
        "eur": {
            "current_rate": 109.10411746288429,
            "sparkline": "▅▅▅▅▅▅▅▅▅▅▅▅▅▅▅▅▅▅▅▅▅▅▄▄▄▄▄▄▄▄"
        },
        "cny": {
            "current_rate": 111.24809668929026,
            "sparkline": "▄▄▄▄▄▄▅▅▄▄▃▃▄▅▄▄▄▃▃▅▅▅▅▅▄▄▅▆▅▅"
        },
        "rsd": {
            "current_rate": 109.39864650571491,
            "sparkline": "▆▆▆▃▃▆▇▆▆▆▃▃▇▆▆▆▆▃▃▆▇▇▅▆▂▂▆▆▂▂"
        }
    },
    "specific_rates": {
        "rub_kzt_bank": 6.41,
        "rub_kzt_crypto": 6.720371126801658,
        "kzt_rsd_bank": 0.21133980135339264,
        "rsd_eur_cash": 0.00844880027036161,
        "eur_rsd_cash": 116.8,
        "rsd_usd_cash": 0.009758817788930714,
        "usd_rsd_cash": 99.02857142857144,
        "eur_usd_exch": 1.1607418533333023,
        "usd_kzt_bank": 467.0
    },
    "update_time": "2026-05-21 16:20:46",
    "update_time_display": "21.05 16:20"
}