{
    "rub2rsd": {
        "bank": {
            "current": 1.2005784313195396,
            "sparkline_full": "         1.23                     \n  ▅▄▅▅▄▁▁▆█▆▅▆▅▅▆▆▄▄▄▅▄▄▄▃▃▂▂▃▅▃  \n      1.19                        "
        },
        "korona": {
            "current": 1.1481469724106823,
            "diff_percent": -4.367183146146524
        },
        "crypto": {
            "current": 1.143668912435063,
            "diff_percent": -4.740175018963826
        },
        "forex": {
            "current": 1.2405926698154812,
            "diff_percent": 3.332913323452142
        }
    },
    "rub2eur": {
        "bank": {
            "current": 0.010260619741432383,
            "sparkline_full": "         94.8                     \n  ▅▄▅▅▄▁▁▆█▆▆▆▆▅▆▆▅▅▅▅▄▄▄▄▄▃▂▄▄▁  \n      97.6                        "
        },
        "korona": {
            "current": 0.009834235309727471,
            "diff_percent": -4.155542671396067
        },
        "crypto": {
            "current": 0.009745517099530674,
            "diff_percent": -5.0201903479740535
        },
        "forex": {
            "current": 0.010590842085114332,
            "diff_percent": 3.2183469615242752
        }
    },
    "rub2usd": {
        "bank": {
            "current": 0.01203079884504331,
            "sparkline_full": " 81.3                             \n  █▇▇▇▆▁▁▃▅▅▅▅▅▅▇▇▆▆▅▆▆▆▅▅▅▅▄▄▆▃  \n       84.1                       "
        },
        "korona": {
            "current": 0.011025487079874855,
            "diff_percent": -8.356151392080195
        },
        "crypto": {
            "current": 0.011404328520727385,
            "diff_percent": -5.207221335713971
        },
        "forex": {
            "current": 0.012383931601068982,
            "diff_percent": 2.935239468085383
        }
    },
    "xdr": {
        "rub2xdr": {
            "current_rate": 0.008719721434127478,
            "sparkline": "▇▆▆▆▄▁▁▃▃▅▅██▇█▇▆▇▇███▇▇▇▅▄▄▅▅"
        },
        "usd2xdr": {
            "current_rate": 0.702356,
            "sparkline": "▃▃▃▃▃▃▃▃▃▃▃▆▆▆▆▅▅▅▅▅▅▅▅▆▅▄▄▄▅▅"
        },
        "eur2xdr": {
            "current_rate": 0.8233265460905363,
            "sparkline": "▆▆▆▆▅▃▂▁▁▃▃▆▆▇▇▆▆▆▆▆█▇▇█▇▆▅▅▆█"
        },
        "cny2xdr": {
            "current_rate": 0.09801638360523046,
            "sparkline": "▄▄▄▄▄▃▃▃▃▃▃▆▆▆▆▅▅▅▅▅▆▆▆▆▅▄▄▄▅▆"
        },
        "rsd2xdr": {
            "current_rate": 0.007028673992910502,
            "sparkline": "▆▆▆▆▅▃▂▁▁▃▃▆▆▇▇▆▆▆▆▇█▇▇█▇▆▆▅▆█"
        }
    },
    "neer": {
        "rub": {
            "current_rate": 95.75993295364104,
            "sparkline": "██▆▆██▁▃█▇▆▅█▆▅▇▆▆▇▇▅▆▆▅▅▆▄▄▄▄"
        },
        "usd": {
            "current_rate": 104.4010620931159,
            "sparkline": "▂▃▃▃▄▅▅▆▇▅▅▅▅▄▄▄▄▄▄▄▃▃▄▄▄▄▄▅▄▅"
        },
        "eur": {
            "current_rate": 110.36620586685785,
            "sparkline": "▆▆▆▆▅▄▄▃▃▅▅▄▄▅▅▅▅▅▅▅▅▅▅▆▆▅▅▅▅▅"
        },
        "cny": {
            "current_rate": 104.28160038989508,
            "sparkline": "▃▄▄▄▄▅▅▆▆▄▄▅▅▄▄▄▄▄▄▄▄▄▄▄▄▄▄▄▅▅"
        },
        "rsd": {
            "current_rate": 110.47621259175176,
            "sparkline": "▅▅▅▅▆▅▄▄▄▄▄▅▄▄▅▅▄▄▅▅▄▅▅▄▅▃▃▄▄▄"
        }
    },
    "update_time": "2025-08-22 20:05:44",
    "update_time_display": "22.08 20:05"
}