{
    "rub2rsd": {
        "bank": {
            "current": 1.215872967603496,
            "sparkline_full": "                1.23              \n  ▄▄▅▅▄▄▄▄▄▆▇▇▇████▇▃  ▁▁▂▃▃▄▅▇▇  \n                       1.16       "
        },
        "korona": {
            "current": 1.1622655169940728,
            "diff_percent": -4.408968044999337
        },
        "crypto": {
            "current": 1.2238159604618122,
            "diff_percent": 0.6532748954828629
        },
        "forex": {
            "current": 1.271624959667621,
            "diff_percent": 4.5853467878320355
        }
    },
    "rub2eur": {
        "bank": {
            "current": 0.010450412791305257,
            "sparkline_full": "                94.7              \n  ▅▅▅▅▅▅▄▃▃▅▇▆▇████▇▄  ▁▁▃▃▃▄▆▇▇  \n                      99.8        "
        },
        "korona": {
            "current": 0.009948064339464246,
            "diff_percent": -4.806972335666629
        },
        "crypto": {
            "current": 0.010451134453950033,
            "diff_percent": 0.006905589847864013
        },
        "forex": {
            "current": 0.010842198594754458,
            "diff_percent": 3.7489983532054105
        }
    },
    "rub2usd": {
        "bank": {
            "current": 0.01218769043266301,
            "sparkline_full": "                80.3              \n  ▄▄▅▅▄▄▄▃▃▅▇▇▇████▇▃  ▁▁▂▂▂▃▄▅▅  \n                       85.0       "
        },
        "korona": {
            "current": 0.011369679794512817,
            "diff_percent": -6.711777286022337
        },
        "crypto": {
            "current": 0.012164269005567448,
            "diff_percent": -0.19217280931909392
        },
        "forex": {
            "current": 0.012783359134413187,
            "diff_percent": 4.887461697860193
        }
    },
    "xdr": {
        "rub2xdr": {
            "current_rate": 0.00884241134639779,
            "sparkline": "▄▄▅▅▃▂▂▁▂▅█▇▅▅▅▅█▆▅▆▄▂▂▁▁▂▃▆▇█"
        },
        "usd2xdr": {
            "current_rate": 0.70107,
            "sparkline": "▄▄▄▄▄▄▄▄▅▅▄▃▃▃▃▃▃▃▄▄▄▄▄▅▄▅▅▆▆▆"
        },
        "eur2xdr": {
            "current_rate": 0.8155551910546833,
            "sparkline": "▅▄▅▅▄▄▄▄▄▅▆▄▄▄▄▄▄▄▄▄▄▄▄▄▄▄▄▄▃▄"
        },
        "cny2xdr": {
            "current_rate": 0.10047797516249005,
            "sparkline": "▂▂▂▂▂▃▃▃▃▃▃▂▂▃▃▃▃▃▄▄▄▄▅▅▅▅▆▆▆▇"
        },
        "rsd2xdr": {
            "current_rate": 0.0069536314769325,
            "sparkline": "▅▅▅▅▄▄▄▅▅▅▆▄▄▄▅▄▄▅▄▅▄▄▅▅▄▄▄▄▃▅"
        }
    },
    "neer": {
        "rub": {
            "current_rate": 97.24215976457769,
            "sparkline": "▄▄▄▄▄▂▃▃▃▃▄▅▅▆▆▆▆▇▆▆▆▆▆▆▆▂▂▃▅▅"
        },
        "usd": {
            "current_rate": 103.53032937431503,
            "sparkline": "▅▅▅▅▅▅▅▅▅▅▄▄▄▄▄▄▄▄▄▄▄▄▄▅▄▄▅▅▅▅"
        },
        "eur": {
            "current_rate": 109.97043147600611,
            "sparkline": "▅▅▅▅▅▅▅▅▅▅▅▅▅▅▅▅▅▅▅▅▄▄▄▄▄▄▄▄▄▄"
        },
        "cny": {
            "current_rate": 108.18945637710127,
            "sparkline": "▄▄▄▄▄▄▄▄▄▄▄▄▄▄▄▄▄▄▄▄▅▅▅▅▅▅▅▅▅▅"
        },
        "rsd": {
            "current_rate": 110.07768617254648,
            "sparkline": "▅▄▄▄▅▅▅▅▄▄▅▅▄▅▄▄▄▅▄▄▄▅▅▅▄▄▄▄▄▄"
        }
    },
    "specific_rates": {
        "rub_kzt_bank": 6.27,
        "rub_kzt_crypto": 6.27068067237002,
        "kzt_rsd_bank": 0.1951647714823386,
        "rsd_eur_cash": 0.008451894633046908,
        "eur_rsd_cash": 116.83333333333333,
        "rsd_usd_cash": 0.009782342871117632,
        "usd_rsd_cash": 99.08333333333333,
        "eur_usd_exch": 1.1633006562179002,
        "usd_kzt_bank": 508.5
    },
    "update_time": "2026-01-11 17:35:44",
    "update_time_display": "11.01 17:35"
}