{
    "rub2rsd": {
        "bank": {
            "current": 1.254830719401795,
            "sparkline_full": "                          1.26    \n  ▁▃▄▄▂▂▂▂▃▇▇▆▆▇▇▇▆▆▆▇▆▆▆▆▆█▇▇▇▇  \n 1.20                             "
        },
        "korona": {
            "current": 1.2097920684000996,
            "diff_percent": -3.5892212634996894
        },
        "crypto": {
            "current": 1.2975186804080017,
            "diff_percent": 3.401890019600176
        },
        "forex": {
            "current": 1.3230134079173932,
            "diff_percent": 5.4336164600833525
        }
    },
    "rub2eur": {
        "bank": {
            "current": 0.010806137886319428,
            "sparkline_full": "                          92.1    \n  ▁▃▄▄▂▂▂▂▄▇▆▆▆▆▆▆▇▇▆▆▆▆▅▅▆█▇▇▇▇  \n 96.4                             "
        },
        "korona": {
            "current": 0.010362244697217127,
            "diff_percent": -4.10778757195269
        },
        "crypto": {
            "current": 0.0111237741316554,
            "diff_percent": 2.939405814339082
        },
        "forex": {
            "current": 0.01121706738178892,
            "diff_percent": 3.8027415510746856
        }
    },
    "rub2usd": {
        "bank": {
            "current": 0.012281994595922378,
            "sparkline_full": "                           81.0   \n  ▁▃▄▄▂▂▂▂▃▄▅▅▄▄▄▅▅▅▆▆▇▇▆▆▆▇█▇▇▇  \n 85.1                             "
        },
        "korona": {
            "current": 0.011312509322469539,
            "diff_percent": -7.893549096453017
        },
        "crypto": {
            "current": 0.012617043421702527,
            "diff_percent": 2.727967539501968
        },
        "forex": {
            "current": 0.012719879008510872,
            "diff_percent": 3.5652548872955188
        }
    },
    "xdr": {
        "rub2xdr": {
            "current_rate": 0.009620843320334275,
            "sparkline": "▁▁▂▂▂▁▁▁▂▂▃▃▂▅▅▃▃▃▃▃▃▄▃▂▂▄▅▅█▇"
        },
        "usd2xdr": {
            "current_rate": 0.754425,
            "sparkline": "▃▃▃▃▃▃▃▃▃▃▃▃▃▆▆▄▄▃▃▃▃▃▃▃▃▃▃▃▆▆"
        },
        "eur2xdr": {
            "current_rate": 0.8576968464996351,
            "sparkline": "▃▃▃▃▃▃▃▃▂▂▃▃▃▆▆▄▄▄▃▄▄▄▃▃▃▃▃▃▇▇"
        },
        "cny2xdr": {
            "current_rate": 0.10478416067112975,
            "sparkline": "▂▂▂▃▃▃▃▃▃▃▃▃▃▆▆▄▄▄▃▄▄▄▃▃▃▃▃▃▇▇"
        },
        "rsd2xdr": {
            "current_rate": 0.0072719167188780185,
            "sparkline": "▄▄▄▄▄▄▄▄▃▂▂▂▃▆▆▄▄▄▄▄▄▄▄▃▃▃▄▄▇▇"
        }
    },
    "neer": {
        "rub": {
            "current_rate": 100.34958621437998,
            "sparkline": "▁▂▁▃▃▄▁▁▄▄▄▅▅▄▄▄▄▄▅▅▅▅▄▄▄▅████"
        },
        "usd": {
            "current_rate": 104.94903159142117,
            "sparkline": "▅▄▄▄▅▅▅▅▆▆▅▅▅▅▅▅▅▄▄▄▃▃▃▃▄▄▄▄▄▄"
        },
        "eur": {
            "current_rate": 108.14818788200202,
            "sparkline": "▅▅▅▅▅▅▅▅▄▄▄▄▄▄▄▅▄▅▅▄▅▅▅▅▅▄▅▅▅▅"
        },
        "cny": {
            "current_rate": 103.93103810875444,
            "sparkline": "▄▃▄▄▄▄▄▄▆▆▅▅▅▅▅▅▅▄▄▄▄▄▄▄▄▅▄▄▄▄"
        },
        "rsd": {
            "current_rate": 109.34073758936196,
            "sparkline": "▅▅▅▅▅▄▆▆▆▄▃▄▄▄▄▄▅▅▄▅▄▄▅▅▄▄▄▄▄▄"
        }
    },
    "update_time": "2025-06-02 03:51:26",
    "update_time_display": "02.06 03:51"
}