{
    "rub2rsd": {
        "bank": {
            "current": 1.2165791518658506,
            "sparkline_full": "                     1.22         \n        ▅▄▃▄▄▄▆▅▅ ▆▅▅▅▆▃▄▃▄▄▄▅▅▆  \n         1.19                     "
        },
        "korona": {
            "current": 1.1767869979061452,
            "diff_percent": -3.270823266918293
        },
        "crypto": {
            "current": 1.2494152382285544,
            "diff_percent": 2.6990505560072675
        },
        "forex": {
            "current": 1.2589651710457355,
            "diff_percent": 3.4840330047476136
        }
    },
    "rub2eur": {
        "bank": {
            "current": 0.010467915837956662,
            "sparkline_full": "                              95.5\n        ▄▃▄▃▃▃▅▆▅▅▆▆▆▅▅▄▄▄▅▅▅▆▆▆  \n        98.5                      "
        },
        "korona": {
            "current": 0.010075231146456722,
            "diff_percent": -3.7513168578989244
        },
        "crypto": {
            "current": 0.010713427109245291,
            "diff_percent": 2.3453691746202736
        },
        "forex": {
            "current": 0.010763033577582523,
            "diff_percent": 2.8192597666458554
        }
    },
    "rub2usd": {
        "bank": {
            "current": 0.011907597046915932,
            "sparkline_full": "                     83.5         \n        ▁▁▁▄▄▄▇▇▆▆███▇█▇▅▅▆▆▆▇██  \n        89.1                      "
        },
        "korona": {
            "current": 0.010979539073578515,
            "diff_percent": -7.793830860087629
        },
        "crypto": {
            "current": 0.0121625863317519,
            "diff_percent": 2.1414000140524587
        },
        "forex": {
            "current": 0.012270947427579936,
            "diff_percent": 3.051416496816305
        }
    },
    "xdr": {
        "rub2xdr": {
            "current_rate": 0.008710466982056228,
            "sparkline": "             ▅▃▃▅▅▅█▅▃▁▃▅▅▃▅▅▄"
        },
        "usd2xdr": {
            "current_rate": 0.715661,
            "sparkline": "             ▆▆▆▆▆▆▆▂▅▅▇▇▇▆▅▅▅"
        },
        "eur2xdr": {
            "current_rate": 0.8092947884320062,
            "sparkline": "             ▃▅▅▄▄▄█▄▃▃▄▆▅▅▄▃▁"
        },
        "cny2xdr": {
            "current_rate": 0.0981029472241261,
            "sparkline": "             ▅▅▆▆▆▆▆▂▄▅▇▇▇▆▅▅▅"
        },
        "rsd2xdr": {
            "current_rate": 0.006918751354194368,
            "sparkline": "             ▅▅▅▅▆▆▆▅▅▅▆▅▅▅▅▅▃"
        }
    },
    "neer": {
        "rub": {
            "current_rate": 95.3907215197769,
            "sparkline": "▅▄▄▅▅▅▃▃▂▂▂▂▂▅▆▅▆▆▆▆▇▆▅▅▅▅▅▅▆▆"
        },
        "usd": {
            "current_rate": 105.86957754518157,
            "sparkline": "▆▅▅▆▆▆▆▆▅▄▄▄▄▄▄▃▃▃▃▃▃▃▃▃▃▃▃▃▃▃"
        },
        "eur": {
            "current_rate": 108.6526058469391,
            "sparkline": "▂▄▄▄▄▄▄▅▅▇▇▇▇▆▆▆▆▆▆▆▇▆▆▆▇▆▆▆▆▅"
        },
        "cny": {
            "current_rate": 103.95014282190789,
            "sparkline": "▇▅▅▅▆▆▅▅▅▄▄▃▃▃▃▃▃▃▃▃▂▃▃▃▃▃▃▃▃▃"
        },
        "rsd": {
            "current_rate": 109.65859759162116,
            "sparkline": "▃▂▅▅▅▅▅▅▄▅▅▅▆▄▅▅▅▅▅▇▆▅▅▅▅▅▅▅▅▅"
        }
    },
    "update_time": "2025-05-01 04:35:45",
    "update_time_display": "01.05 04:35"
}