{
    "rub2rsd": {
        "bank": {
            "current": 1.2482069127588011,
            "sparkline_full": "                 1.26             \n  ▁▁▂▂▃▂▁▁▃▅▅▂▃▃▃▄███▇███▇▇▇███▇  \n 1.20                             "
        },
        "korona": {
            "current": 1.1924649114640862,
            "diff_percent": -4.465766110164648
        },
        "crypto": {
            "current": 1.2584761665717472,
            "diff_percent": 0.822720472701826
        },
        "forex": {
            "current": 1.2915297398387136,
            "diff_percent": 3.470804931224088
        }
    },
    "rub2eur": {
        "bank": {
            "current": 0.01071007818357074,
            "sparkline_full": "                 92.5             \n  ▁▁▂▂▃▂▁▁▃▅▅▃▂▂▂▅██▇▇▇▇▇███▇▇▇▇  \n  96.9                            "
        },
        "korona": {
            "current": 0.010235750312996448,
            "diff_percent": -4.42879932755216
        },
        "crypto": {
            "current": 0.01078245298390681,
            "diff_percent": 0.675763510737886
        },
        "forex": {
            "current": 0.0110138434618623,
            "diff_percent": 2.836256403408304
        }
    },
    "rub2usd": {
        "bank": {
            "current": 0.012215978499877841,
            "sparkline_full": "                             81.8 \n  ▁▁▃▃▃▂▁▁▃▅▅▃▂▂▂▃▅▆▆▅▅▅▅▆▆▇▇███  \n 85.1                             "
        },
        "korona": {
            "current": 0.011348316742911568,
            "diff_percent": -7.102679142525911
        },
        "crypto": {
            "current": 0.012273308216345726,
            "diff_percent": 0.4693010590061072
        },
        "forex": {
            "current": 0.01255354085173264,
            "diff_percent": 2.763285412283379
        }
    },
    "xdr": {
        "rub2xdr": {
            "current_rate": 0.008975348092754519,
            "sparkline": "▁▁▁▁▁▁▁▁▂▃▃▂▁▁▁▂▄▄▄▄██▅▅▅▅▅▆▆▄"
        },
        "usd2xdr": {
            "current_rate": 0.715806,
            "sparkline": "▂▂▂▂▂▂▂▂▂▂▂▂▂▂▂▂▂▂▂▂▇▇▄▄▃▂▂▃▃▂"
        },
        "eur2xdr": {
            "current_rate": 0.8149151677916531,
            "sparkline": "▄▄▄▃▃▄▃▃▄▄▄▃▃▃▃▂▂▂▂▂▇▇▄▄▄▃▄▄▄▄"
        },
        "cny2xdr": {
            "current_rate": 0.09959871432745691,
            "sparkline": "▁▁▁▁▁▂▂▂▂▂▂▃▃▃▃▃▃▃▃▃██▄▄▃▃▃▄▄▃"
        },
        "rsd2xdr": {
            "current_rate": 0.006949393278295985,
            "sparkline": "▄▄▄▄▃▄▄▄▄▄▄▄▄▄▃▃▁▁▂▂██▄▄▄▄▄▄▄▃"
        }
    },
    "neer": {
        "rub": {
            "current_rate": 97.08453748013527,
            "sparkline": "▂▂▂▄▄▄▂▂▄▃▅▅▆▂▂▇▇▆▇▇▆▆▇▇▅▇▇▇▇▆"
        },
        "usd": {
            "current_rate": 104.27034267179535,
            "sparkline": "▆▆▅▅▅▅▅▅▅▅▅▅▅▅▅▆▆▅▅▅▅▅▅▅▄▄▄▃▃▃"
        },
        "eur": {
            "current_rate": 108.25803846319107,
            "sparkline": "▆▆▆▆▆▅▅▅▅▄▅▄▄▄▄▃▃▃▃▃▃▃▄▄▄▄▄▄▄▄"
        },
        "cny": {
            "current_rate": 103.72626873119634,
            "sparkline": "▄▄▄▄▄▃▃▃▂▄▄▄▄▄▄▆▇▅▅▅▅▅▅▅▄▄▄▄▄▄"
        },
        "rsd": {
            "current_rate": 109.2516677196098,
            "sparkline": "▅▆▅▅▅▅▅▅▅▅▅▅▄▆▆▆▄▃▃▃▄▄▄▅▄▄▄▄▄▄"
        }
    },
    "update_time": "2025-05-26 19:05:43",
    "update_time_display": "26.05 19:05"
}