{
    "rub2rsd": {
        "bank": {
            "current": 1.3357681613807169,
            "sparkline_full": "   1.36                           \n  ▄▆█▇█▇▇▇▇▆▇▇▇▇▆▅▃▁▂▃▃▄▅▆▆▆▅▅▅▅  \n                  1.30            "
        },
        "korona": {
            "current": 1.2928609128054087,
            "diff_percent": -3.212177817665385
        },
        "crypto": {
            "current": 1.3905014145335857,
            "diff_percent": 4.097511434641007
        },
        "forex": {
            "current": 1.405033253290494,
            "diff_percent": 5.185412702020191
        }
    },
    "rub2eur": {
        "bank": {
            "current": 0.011514104778353483,
            "sparkline_full": "   85.7                           \n  ▄▆█████▇▆▆████▇▅▃▁▂▂▂▃▅▆▆▆▅▅▅▆  \n                  89.4            "
        },
        "korona": {
            "current": 0.011069014664429869,
            "diff_percent": -3.8656076394265875
        },
        "crypto": {
            "current": 0.011972858359900168,
            "diff_percent": 3.9842748557329597
        },
        "forex": {
            "current": 0.011969947359694531,
            "diff_percent": 3.958992818947001
        }
    },
    "rub2usd": {
        "bank": {
            "current": 0.013345789403443213,
            "sparkline_full": "            73.7                  \n  ▄▇█▇▇▇▇▇▇▇████▇▅▃▁▂▂▂▂▅▅▅▅▅▅▅▅  \n                  76.9            "
        },
        "korona": {
            "current": 0.012570354037971887,
            "diff_percent": -5.8103371934766495
        },
        "crypto": {
            "current": 0.01385047565870325,
            "diff_percent": 3.78161411066345
        },
        "forex": {
            "current": 0.013802374836614388,
            "diff_percent": 3.421194650751614
        }
    },
    "xdr": {
        "rub2xdr": {
            "current_rate": 0.009760389394177246,
            "sparkline": "▂▃▄▅█▅▃▄▃▃▄▄▄▄▃▂▁▁▁▁▁▂▃▄▃▃▂▂▂▃"
        },
        "usd2xdr": {
            "current_rate": 0.703697,
            "sparkline": "▂▂▂▃▇▄▂▂▂▂▂▂▂▂▂▂▂▂▂▂▂▃▃▃▃▃▃▃▃▃"
        },
        "eur2xdr": {
            "current_rate": 0.8154078794901507,
            "sparkline": "▃▃▂▃▇▄▃▃▂▃▃▃▃▃▂▃▂▃▂▂▂▃▃▃▃▃▃▃▃▃"
        },
        "cny2xdr": {
            "current_rate": 0.10411105028776022,
            "sparkline": "▂▂▂▃▇▄▂▂▂▂▂▂▂▂▂▃▃▃▃▃▃▃▃▃▃▃▃▃▃▃"
        },
        "rsd2xdr": {
            "current_rate": 0.006946731951944244,
            "sparkline": "▃▃▂▃▇▄▃▃▃▃▃▃▃▃▂▃▂▃▂▂▂▃▃▃▃▃▃▃▃▃"
        }
    },
    "neer": {
        "rub": {
            "current_rate": 105.88183937579775,
            "sparkline": "▃▅▇██▆▆█▆▆█▇▆▆▇▆▄▃▁▂▂▁▃▆▅▅▄▄▄▄"
        },
        "usd": {
            "current_rate": 102.53154363892098,
            "sparkline": "▄▄▄▄▄▅▅▄▄▄▄▄▄▄▄▄▄▄▄▅▅▅▄▅▅▅▅▅▄▅"
        },
        "eur": {
            "current_rate": 108.85040601295752,
            "sparkline": "▅▅▅▄▄▄▄▄▄▅▄▄▄▄▄▅▄▅▅▄▄▄▄▄▄▄▄▄▄▄"
        },
        "cny": {
            "current_rate": 112.22712196653802,
            "sparkline": "▄▄▄▄▅▃▃▄▄▄▅▅▃▃▅▅▅▅▆▅▅▆▆▄▅▄▄▄▄▄"
        },
        "rsd": {
            "current_rate": 109.34287854753151,
            "sparkline": "▇█▇▇▇▂▂▇▇▇▇▇▂▂▇▇▇▇▆▂▂▇▆▂▂▂▂▂▁▂"
        }
    },
    "specific_rates": {
        "rub_kzt_bank": 6.54,
        "rub_kzt_crypto": 6.800583548423296,
        "kzt_rsd_bank": 0.2044679555265476,
        "rsd_eur_cash": 0.00844880027036161,
        "eur_rsd_cash": 116.8,
        "rsd_usd_cash": 0.009722897423432181,
        "usd_rsd_cash": 99.3,
        "eur_usd_exch": 1.1587485515643106,
        "usd_kzt_bank": 484.0
    },
    "update_time": "2026-06-16 09:36:27",
    "update_time_display": "16.06 09:36"
}