{
    "rub2rsd": {
        "bank": {
            "current": 1.2559456228537769,
            "sparkline_full": "                             1.26 \n  ▃▃ ▃▃▃▃▄▁▁▁▁▁▁▃▃▄▃▂▂▃▅▅▃▃▃▃▄██  \n         1.19                     "
        },
        "korona": {
            "current": 1.2159247625732528,
            "diff_percent": -3.186512182716012
        },
        "crypto": {
            "current": 1.3047440526738447,
            "diff_percent": 3.8853935180081614
        },
        "forex": {
            "current": 1.3222986798289296,
            "diff_percent": 5.283115428547326
        }
    },
    "rub2eur": {
        "bank": {
            "current": 0.010803802938634399,
            "sparkline_full": "                             92.5 \n  ▃▂▂▃▃▃▂▃▁▁▁▂▂▂▃▃▄▃▂▂▄▅▆▃▃▃▃▆██  \n          97.7                    "
        },
        "korona": {
            "current": 0.010410314748058671,
            "diff_percent": -3.642126691968938
        },
        "crypto": {
            "current": 0.011174284640154134,
            "diff_percent": 3.42917862926667
        },
        "forex": {
            "current": 0.011191755602483727,
            "diff_percent": 3.590889856589383
        }
    },
    "rub2usd": {
        "bank": {
            "current": 0.012094823415578132,
            "sparkline_full": "                              82.7\n  ▄▃▃▅▄▄▄▆▃▂▂▃▃▃▄▄▅▃▃▃▄▆▆▄▃▃▃▄▆▇  \n           85.5                   "
        },
        "korona": {
            "current": 0.011551631793399705,
            "diff_percent": -4.491108332171235
        },
        "crypto": {
            "current": 0.012483771121422196,
            "diff_percent": 3.2158196319187238
        },
        "forex": {
            "current": 0.012414649286157667,
            "diff_percent": 2.644320297951594
        }
    },
    "xdr": {
        "rub2xdr": {
            "current_rate": 0.0090188501228452,
            "sparkline": "▃▂▂▃▃▃▅▃▂▁▂▃▃▂▃▃▃▃▂▂▄▆▆▅▂▃▃▅▇█"
        },
        "usd2xdr": {
            "current_rate": 0.720178,
            "sparkline": "▅▅▅▅▅▅▅▃▄▅▅▅▅▅▅▅▅▆▆▆▆▆▆▆▆▆▆▆▆▆"
        },
        "eur2xdr": {
            "current_rate": 0.8058476652978103,
            "sparkline": "▄▅▅▅▅▅▇▅▄▅▅▆▆▅▅▅▄▅▅▅▅▅▅▄▄▄▄▂▂▃"
        },
        "cny2xdr": {
            "current_rate": 0.09997889856038206,
            "sparkline": "▄▄▄▄▄▄▄▂▃▄▅▄▄▄▄▄▄▅▅▅▅▅▅▆▆▆▆▆▇▇"
        },
        "rsd2xdr": {
            "current_rate": 0.006820584683644999,
            "sparkline": "▆▆▆▆▆▆▆▆▆▆▆▆▆▆▆▆▆▆▆▆▆▆▆▆▆▆▆▅▃▃"
        }
    },
    "neer": {
        "rub": {
            "current_rate": 98.22263738492832,
            "sparkline": "▃▃▃▄▃▄▄▅▄▃▂▃▂▂▂▄▄▄▂▂▄▃▄▆▃▃▃▁▆█"
        },
        "usd": {
            "current_rate": 105.84898461844914,
            "sparkline": "▅▅▅▅▅▅▅▄▄▅▅▄▄▅▄▄▄▄▄▄▄▄▄▄▅▄▄▄▅▄"
        },
        "eur": {
            "current_rate": 107.53367079676981,
            "sparkline": "▅▆▆▆▆▆▅▆▆▆▅▆▆▅▅▅▅▅▄▅▄▄▄▄▄▄▄▄▃▃"
        },
        "cny": {
            "current_rate": 104.81139880624629,
            "sparkline": "▄▄▄▄▄▄▄▃▄▄▄▄▄▄▄▄▄▃▄▄▃▄▄▄▅▄▄▅▆▅"
        },
        "rsd": {
            "current_rate": 109.14610003056725,
            "sparkline": "▅▅▅▅▄▄▅▆▄▄▄▄▄▅▅▅▅▅▄▄▄▄▄▄▄▅▅▄▃▄"
        }
    },
    "update_time": "2025-05-14 07:20:50",
    "update_time_display": "14.05 07:20"
}