{
    "rub2rsd": {
        "bank": {
            "current": 1.2105610531415338,
            "sparkline_full": "                 1.24             \n     ▃▄▄▄▄▄▅▆▆▆▆▅▆▇▇▆▆▆▆▅▄▃▂▃▃▂▃  \n                          1.20    "
        },
        "korona": {
            "current": 1.1459899632088633,
            "diff_percent": -5.333980451882354
        },
        "crypto": {
            "current": 1.1774844579259085,
            "diff_percent": -2.732335980063796
        },
        "forex": {
            "current": 1.2284759892788382,
            "diff_percent": 1.4798870400475197
        }
    },
    "rub2eur": {
        "bank": {
            "current": 0.01016880211511084,
            "sparkline_full": "                  93.4            \n     ▅▅▆▆▆▆▇▇▇██▇▇███▇▇█▇▆▅▄▄▄▄▁  \n                              98.3"
        },
        "korona": {
            "current": 0.009815759856178701,
            "diff_percent": -3.4718175743386572
        },
        "crypto": {
            "current": 0.010126961382158985,
            "diff_percent": -0.4114617678485425
        },
        "forex": {
            "current": 0.010483237237892067,
            "diff_percent": 3.0921549974305784
        }
    },
    "rub2usd": {
        "bank": {
            "current": 0.012121212121212121,
            "sparkline_full": "              80.1                \n     ▅▅▆▆▆▆▆▇▇▇▇▆▆▆▆▆▆▆▆▆▅▄▄▄▄▃▂  \n                              82.5"
        },
        "korona": {
            "current": 0.01127665400451526,
            "diff_percent": -6.967604462749103
        },
        "crypto": {
            "current": 0.011727614802086311,
            "diff_percent": -3.2471778827879314
        },
        "forex": {
            "current": 0.012566255582559043,
            "diff_percent": 3.6716085561121035
        }
    },
    "xdr": {
        "rub2xdr": {
            "current_rate": 0.008415167451892976,
            "sparkline": "   ▄█████▄▅▄▄▄▄▄▄▄▄▄▄▄▄▃▃▃▃▃▂▁"
        },
        "usd2xdr": {
            "current_rate": 0.69341,
            "sparkline": "   ▃▇▇▇▇▇▂▂▂▂▂▂▂▃▃▃▃▃▃▂▂▂▂▂▂▂▂"
        },
        "eur2xdr": {
            "current_rate": 0.8027260340418537,
            "sparkline": "   ▄███▇▇▂▂▂▂▂▂▂▂▂▂▂▂▃▃▂▂▂▂▂▂▁"
        },
        "cny2xdr": {
            "current_rate": 0.0966303878259173,
            "sparkline": "   ▃▇▇▇▇▇▂▂▂▂▂▂▂▃▃▃▃▃▃▂▂▂▂▂▂▂▂"
        },
        "rsd2xdr": {
            "current_rate": 0.006850087039009202,
            "sparkline": "   ▄███▇▇▂▂▂▂▂▂▂▂▂▂▂▂▃▃▂▂▂▂▂▂▁"
        }
    },
    "neer": {
        "rub": {
            "current_rate": 94.86075534135283,
            "sparkline": "▆▄▅▄▄▅▄▅▅▆▆▇▇▇▇▆██▇▆▆▇▆▅▅▄▄▄▄▁"
        },
        "usd": {
            "current_rate": 104.13140191118262,
            "sparkline": "▄▃▄▄▄▄▄▄▄▄▄▅▄▄▅▅▅▆▅▅▅▅▅▄▄▄▄▄▄▅"
        },
        "eur": {
            "current_rate": 110.14144123998155,
            "sparkline": "▄▅▅▅▅▅▅▄▄▄▄▄▄▄▄▄▄▄▄▄▄▄▅▅▅▅▅▅▅▄"
        },
        "cny": {
            "current_rate": 104.09323530083992,
            "sparkline": "▄▃▄▄▄▄▄▄▄▄▄▅▅▅▅▅▅▅▅▅▅▅▅▄▄▅▅▅▅▆"
        },
        "rsd": {
            "current_rate": 110.42870419570042,
            "sparkline": "▅▅▅▅▅▅▅▅▅▅▅▅▅▄▄▄▄▅▄▄▄▅▅▅▅▅▅▅▅▅"
        }
    },
    "update_time": "2025-07-29 15:20:42",
    "update_time_display": "29.07 15:20"
}