{
    "rub2rsd": {
        "bank": {
            "current": 1.2240712402175449,
            "sparkline_full": " 1.25                             \n  █         ▁▁▁▁▁▂▄▆▆▆▆▅▅█▇▆▅▅▆▃  \n           1.21                   "
        },
        "korona": {
            "current": 1.1793533017264626,
            "diff_percent": -3.653213720071956
        },
        "crypto": {
            "current": 1.1836889115439109,
            "diff_percent": -3.29901784690711
        },
        "forex": {
            "current": 1.2765523349839434,
            "diff_percent": 4.287421601137483
        }
    },
    "rub2eur": {
        "bank": {
            "current": 0.010565240359218171,
            "sparkline_full": " 93.2                             \n  █         ▁▁▂▂▂▂▄▅▆▆▆▅▅▇█▆▆▆▆▃  \n            95.5                  "
        },
        "korona": {
            "current": 0.010104412123888015,
            "diff_percent": -4.36173924739993
        },
        "crypto": {
            "current": 0.0101119720312382,
            "diff_percent": -4.290184724330427
        },
        "forex": {
            "current": 0.01089350658285811,
            "diff_percent": 3.1070398067520215
        }
    },
    "rub2usd": {
        "bank": {
            "current": 0.01235941169200346,
            "sparkline_full": "                     80.1         \n  ▄         ▃▃▄▄▄▄▅▆▆▆▆▅▅▆▆▄▄▄▅▃  \n            81.0                  "
        },
        "korona": {
            "current": 0.011652866274381024,
            "diff_percent": -5.7166589739831295
        },
        "crypto": {
            "current": 0.011805139441119945,
            "diff_percent": -4.48461678189852
        },
        "forex": {
            "current": 0.01280603215338553,
            "diff_percent": 3.613606153042326
        }
    },
    "xdr": {
        "rub2xdr": {
            "current_rate": 0.008897915211190682,
            "sparkline": "▃         ▂▇████▁▂▂▁▁▁▂▂▂▂▂▁▂▁"
        },
        "usd2xdr": {
            "current_rate": 0.697858,
            "sparkline": "▃         ▃█████▁▁▁▁▁▁▁▂▂▂▂▂▂▁"
        },
        "eur2xdr": {
            "current_rate": 0.8168090911325407,
            "sparkline": "▁         ▃█████▁▁▁▁▁▁▁▁▁▁▁▁▁▁"
        },
        "cny2xdr": {
            "current_rate": 0.09726243902439023,
            "sparkline": "▂         ▃█████▁▁▁▁▁▁▁▂▂▂▂▂▂▁"
        },
        "rsd2xdr": {
            "current_rate": 0.006970270601011122,
            "sparkline": "▁         ▃█████▁▁▁▁▁▁▁▁▁▁▁▁▁▁"
        }
    },
    "neer": {
        "rub": {
            "current_rate": 98.12171705674623,
            "sparkline": "█▆▅▅▄▄▄▄▂▃▂▁▂▁▂▃▅▅▆▆▆▇▆█▇█▆▅▅▆"
        },
        "usd": {
            "current_rate": 103.63713128920003,
            "sparkline": "▇▅▅▃▃▃▃▃▂▂▂▂▂▂▃▃▃▃▄▄▃▄▄▅▅▅▅▅▅▄"
        },
        "eur": {
            "current_rate": 110.45519551161223,
            "sparkline": "▃▄▃▅▅▅▅▅▆▆▆▆▆▆▆▆▅▆▅▆▅▆▆▅▅▅▅▅▅▆"
        },
        "cny": {
            "current_rate": 103.60026253907802,
            "sparkline": "▇▄▅▃▃▃▃▃▂▃▃▃▂▃▃▄▄▄▅▄▄▅▅▆▆▅▅▆▆▅"
        },
        "rsd": {
            "current_rate": 110.47947142855159,
            "sparkline": "▃▄▄▄▄▄▄▄▄▆▅▅▄▄▅▅▅▅▄▄▄▄▄▄▄▄▄▄▄▄"
        }
    },
    "update_time": "2025-07-22 18:20:42",
    "update_time_display": "22.07 18:20"
}