{
    "rub2rsd": {
        "bank": {
            "current": 1.2592274678111588,
            "sparkline_full": "      1.34                        \n  ▅▆▆▆▇▇▇▇▇▇▇▇ ▆   ▇▇▆▆▄▂▂▂▂▂ ▂▂  \n                       1.26       "
        },
        "korona": {
            "current": 1.2313038423974938,
            "diff_percent": -2.2175203549365867
        },
        "crypto": {
            "current": 1.338978933529245,
            "diff_percent": 6.333364523624434
        },
        "forex": {
            "current": 1.3295702688023603,
            "diff_percent": 5.586186990780487
        }
    },
    "rub2eur": {
        "bank": {
            "current": 0.010714668381013608,
            "sparkline_full": "       86.5                       \n  ▅▅▅▆▇███▇▇▇▇ ▇▇▇▇▇▆▆▆▃▁▁▂▂▂▃▂▁  \n                        93.7      "
        },
        "korona": {
            "current": 0.010541984952033337,
            "diff_percent": -1.6116544426728723
        },
        "crypto": {
            "current": 0.011275664356344956,
            "diff_percent": 5.235775437767476
        },
        "forex": {
            "current": 0.011329325343278128,
            "diff_percent": 5.7365934288147615
        }
    },
    "rub2usd": {
        "bank": {
            "current": 0.012262415695892091,
            "sparkline_full": "      74.8                        \n  ▆▇▇▇████████ ▇▇▇▇▇▆▅▅▂▁▁▁▁▁▂▂▁  \n                        82.1      "
        },
        "korona": {
            "current": 0.011828898506529139,
            "diff_percent": -3.535332679254873
        },
        "crypto": {
            "current": 0.012879733762686916,
            "diff_percent": 5.0342288347118
        },
        "forex": {
            "current": 0.012948939740814023,
            "diff_percent": 5.598603586338352
        }
    },
    "xdr": {
        "rub2xdr": {
            "current_rate": 0.009241281779070567,
            "sparkline": "▄▄▄▅▆▇▆▆▆▆▆▆ ▅▅██▅▅▅▄▂▁▁▁▁▁▂▂▂"
        },
        "usd2xdr": {
            "current_rate": 0.712927,
            "sparkline": "▃▃▃▃▃▃▃▃▃▃▃▃ ▃▃▆▆▄▄▄▄▄▄▄▄▄▄▄▄▄"
        },
        "eur2xdr": {
            "current_rate": 0.8156956834639381,
            "sparkline": "▃▃▃▄▄▄▄▄▄▄▄▄ ▃▃▆▆▄▃▃▄▄▄▄▄▄▄▄▄▄"
        },
        "cny2xdr": {
            "current_rate": 0.10508482820629983,
            "sparkline": "▃▃▃▃▃▃▃▃▃▃▃▃ ▃▃▆▆▄▄▄▄▄▄▄▄▄▄▄▄▄"
        },
        "rsd2xdr": {
            "current_rate": 0.006950577939287749,
            "sparkline": "▃▃▃▄▄▄▄▄▄▄▄▄ ▃▃▆▆▄▃▃▄▄▄▄▄▄▄▄▄▄"
        }
    },
    "neer": {
        "rub": {
            "current_rate": 99.88156536637524,
            "sparkline": "▅▆▆▅▆███▇▇█▇█▇▇▇▇▇▇▆▆▄▂▁▄▂▁▂▂▂"
        },
        "usd": {
            "current_rate": 103.58184068279814,
            "sparkline": "▄▅▅▄▄▄▄▄▄▄▄▄▄▄▄▅▅▄▅▅▅▅▅▅▅▅▅▅▅▅"
        },
        "eur": {
            "current_rate": 108.6147671797951,
            "sparkline": "▅▅▅▅▅▅▅▅▅▅▅▅▅▄▄▄▄▄▄▄▄▄▄▄▄▄▅▄▄▄"
        },
        "cny": {
            "current_rate": 113.04897444392448,
            "sparkline": "▄▄▄▄▄▄▅▄▄▄▄▄▄▅▅▄▄▅▅▅▅▅▄▄▅▅▄▄▄▄"
        },
        "rsd": {
            "current_rate": 109.42039233259328,
            "sparkline": "▆▃▃▆▆▆▆▆▃▃▆▆▆▆▆▃▃▅▆▆▆▆▃▃▆▆▃▃▃▃"
        }
    },
    "specific_rates": {
        "rub_kzt_bank": 5.85,
        "rub_kzt_crypto": 6.156512738564346,
        "kzt_rsd_bank": 0.217489834,
        "rsd_eur_cash": 0.00844880027036161,
        "eur_rsd_cash": 116.8,
        "rsd_usd_cash": 0.00960680710903726,
        "usd_rsd_cash": 100.39285714285714,
        "eur_usd_exch": 1.1441503596636655,
        "usd_kzt_bank": 471.0
    },
    "conversion_rates": {
        "rub_usd": {
            "rub_to_usd": [
                0.012262415695892091,
                0.012254901960784315
            ],
            "usd_to_rub": [
                76.04,
                76.3
            ]
        },
        "rub_eur": {
            "rub_to_eur": [
                0.010714668381013608,
                0.010810810810810811
            ],
            "eur_to_rub": [
                86.94,
                87.0
            ]
        },
        "rub_kzt": {
            "rub_to_kzt": [
                5.85,
                5.88235294117647
            ],
            "kzt_to_rub": [
                0.16129032258064516,
                0.16
            ]
        },
        "rub_rsd": {
            "rub_to_rsd": [
                1.3354474229
            ],
            "rsd_to_rub": [
                0.748812707151318
            ]
        },
        "usd_eur": {
            "usd_to_eur": [
                0.8664009703690869
            ],
            "eur_to_usd": [
                1.1342
            ]
        },
        "usd_kzt": {
            "usd_to_kzt": [
                471.0
            ],
            "kzt_to_usd": [
                0.0020920502092050207
            ]
        },
        "usd_rsd": {
            "usd_to_rsd": [
                102.69
            ],
            "rsd_to_usd": [
                0.009738046547862499
            ]
        },
        "eur_kzt": {
            "eur_to_kzt": [
                539.0
            ],
            "kzt_to_eur": [
                0.0018315018315018315
            ]
        },
        "eur_rsd": {
            "eur_to_rsd": [
                117.7236983173
            ],
            "rsd_to_eur": [
                0.008494466401358763
            ]
        },
        "kzt_rsd": {
            "kzt_to_rsd": [
                0.217489834
            ],
            "rsd_to_kzt": [
                4.597916057078788
            ]
        },
        "eur_usd_forex": {
            "eur_to_usd": [
                1.1441503596636655
            ],
            "usd_to_eur": [
                0.874011
            ]
        }
    },
    "update_time": "2026-07-04 04:51:30",
    "update_time_display": "04.07 04:51"
}