{
    "rub2rsd": {
        "bank": {
            "current": 1.205909553071062,
            "sparkline_full": "              1.24                \n  ▄▄▄▄▅▅▆▆▆▆▆▆▆▇▆▅▅▅▅▆▇▅▄▄▄▄▅▃▄▂  \n                              1.21"
        },
        "korona": {
            "current": 1.1822507150160135,
            "diff_percent": -1.9619081708737618
        },
        "crypto": {
            "current": 1.243875560971253,
            "diff_percent": 3.148329640768162
        },
        "forex": {
            "current": 1.273021798491164,
            "diff_percent": 5.565280186162293
        }
    },
    "rub2eur": {
        "bank": {
            "current": 0.010432968179447054,
            "sparkline_full": "                      93.5        \n  ▄▄▄▄▅▅▅▅▆▆▆▅▆▆▅▅▄▄▅▆▆▆▄▄▄▄▄▃▄▃  \n                              95.8"
        },
        "korona": {
            "current": 0.010130683076401144,
            "diff_percent": -2.8974027126950443
        },
        "crypto": {
            "current": 0.010668420786405898,
            "diff_percent": 2.256813237700528
        },
        "forex": {
            "current": 0.01084409555298885,
            "diff_percent": 3.9406558753981256
        }
    },
    "rub2usd": {
        "bank": {
            "current": 0.01196315348725924,
            "sparkline_full": "              79.3                \n  ▇▇▇▇█████▇▇▇███▇▇▇▇▆▆▅▄▄▄▄▄▃▃▁  \n                              83.6"
        },
        "korona": {
            "current": 0.011409483835321496,
            "diff_percent": -4.628124620547609
        },
        "crypto": {
            "current": 0.012209414899997861,
            "diff_percent": 2.0584991490821283
        },
        "forex": {
            "current": 0.012647485490172273,
            "diff_percent": 5.720331212350035
        }
    },
    "xdr": {
        "rub2xdr": {
            "current_rate": 0.008791002762068848,
            "sparkline": "▄▅▇▅▅▆▇▆███▇██▆▆▆▅▅▆█▆▄▃▃▆▅▃▄▁"
        },
        "usd2xdr": {
            "current_rate": 0.708301,
            "sparkline": "▁▁▁▁▁▁▁▂▃▃▂▂▃▃▂▂▂▂▂▄▆▆▆▆▆█▇▆▇█"
        },
        "eur2xdr": {
            "current_rate": 0.8106718277344828,
            "sparkline": "▅▅▅▅▅▅▅▄▅▅▅▅▅▅▅▅▅▅▃▃▅▅▄▅▅▆▅▄▄▃"
        },
        "cny2xdr": {
            "current_rate": 0.10267017452310546,
            "sparkline": "▁▁▁▁▁▁▁▁▃▂▂▂▃▄▄▄▄▃▃▅▆▆▆▆▆█▇▇██"
        },
        "rsd2xdr": {
            "current_rate": 0.006905618405347255,
            "sparkline": "▅▅▅▅▅▅▄▄▅▅▅▄▅▅▅▅▅▅▄▃▅▄▄▅▅▆▅▄▄▃"
        }
    },
    "neer": {
        "rub": {
            "current_rate": 97.02447185549528,
            "sparkline": "▃▄▆▅▄▅▅▇▆▆▅▆▆▅▅▄▄▄▅▆▅▅▅▂▃▅▄▂▃▂"
        },
        "usd": {
            "current_rate": 103.15573891483498,
            "sparkline": "▃▃▃▃▃▃▃▄▄▄▄▄▄▃▃▃▃▃▄▅▅▅▆▅▅▆▅▅▆▆"
        },
        "eur": {
            "current_rate": 109.05412458831934,
            "sparkline": "▆▆▅▅▅▅▅▅▅▅▅▅▅▅▅▅▅▅▅▄▄▄▄▄▄▄▄▄▃▄"
        },
        "cny": {
            "current_rate": 110.24410828565465,
            "sparkline": "▃▃▃▃▃▃▃▄▄▃▃▃▄▄▅▄▄▄▅▅▅▅▆▅▅▆▆▆▆▆"
        },
        "rsd": {
            "current_rate": 109.81441597833553,
            "sparkline": "▅▅▄▅▅▅▅▅▄▅▄▅▄▄▄▄▄▄▅▄▄▄▅▅▅▅▄▄▄▄"
        }
    },
    "specific_rates": {
        "rub_kzt_bank": 5.91,
        "rub_kzt_crypto": 6.043660375498941,
        "kzt_rsd_bank": 0.20581493394531844,
        "rsd_eur_cash": 0.00843454790823212,
        "eur_rsd_cash": 116.7,
        "rsd_usd_cash": 0.009650646593321752,
        "usd_rsd_cash": 99.83,
        "eur_usd_exch": 1.1445301188823436,
        "usd_kzt_bank": 488.0
    },
    "update_time": "2026-03-13 11:35:45",
    "update_time_display": "13.03 11:35"
}