{
    "rub2rsd": {
        "bank": {
            "current": 1.23716099225209,
            "sparkline_full": "                              1.24\n  ▇▇▆▅▄▂▂▁▁▁▁▁▄▅▅▅▅▆▆▆▆▇▇▇▇█▇███  \n           1.12                   "
        },
        "korona": {
            "current": 1.210625459939035,
            "diff_percent": -2.144873018082367
        },
        "crypto": {
            "current": 1.2509580492246648,
            "diff_percent": 1.1152192042087405
        },
        "forex": {
            "current": 1.298771922874287,
            "diff_percent": 4.980025316676237
        }
    },
    "rub2eur": {
        "bank": {
            "current": 0.010636034886194428,
            "sparkline_full": "                              94.0\n  ▆▆▆▅▄▂▂▁▁▁▁▂▄▅▅▅▅▅▅▆▆▇▇▇▇▇▇███  \n          104                     "
        },
        "korona": {
            "current": 0.010363676433378065,
            "diff_percent": -2.5607141733794436
        },
        "crypto": {
            "current": 0.010702651204158073,
            "diff_percent": 0.6263266214941925
        },
        "forex": {
            "current": 0.011061380699028294,
            "diff_percent": 3.999101332264015
        }
    },
    "rub2usd": {
        "bank": {
            "current": 0.01246416552411816,
            "sparkline_full": "                              80.2\n  ▆▆▅▄▃▂▁▁▁▁▁▁▃▄▅▅▅▅▅▅▆▆▆▇▇▇████  \n          89.9                    "
        },
        "korona": {
            "current": 0.01182251425721714,
            "diff_percent": -5.147968114346887
        },
        "crypto": {
            "current": 0.012518179471250855,
            "diff_percent": 0.4333538978456161
        },
        "forex": {
            "current": 0.012991669741361839,
            "diff_percent": 4.232166334946041
        }
    },
    "xdr": {
        "rub2xdr": {
            "current_rate": 0.009027332365470743,
            "sparkline": "▇▇▆▄▂▁▁▂▂▃▄▅▄▄▄▄▅▅▆▅▆▆▆▆▇█▇███"
        },
        "usd2xdr": {
            "current_rate": 0.695452,
            "sparkline": "▅▆▆▅▅▅▅▅▄▅▅▄▅▅▅▅▅▆▅▅▅▅▅▅▅▅▄▄▃▃"
        },
        "eur2xdr": {
            "current_rate": 0.8161126184061059,
            "sparkline": "▄▄▄▄▄▄▄▄▄▄▄▄▄▄▄▄▄▄▅▄▄▄▄▄▄▅▄▄▄▄"
        },
        "cny2xdr": {
            "current_rate": 0.10185295840656121,
            "sparkline": "▅▅▅▅▅▅▅▄▄▄▄▄▄▄▄▄▅▅▅▄▅▅▅▅▅▅▄▄▄▄"
        },
        "rsd2xdr": {
            "current_rate": 0.006950667939827747,
            "sparkline": "▄▄▄▅▄▄▄▄▄▄▄▄▄▄▄▄▄▄▅▄▄▄▄▄▄▅▄▄▄▄"
        }
    },
    "neer": {
        "rub": {
            "current_rate": 99.3577822703562,
            "sparkline": "▆▅▇▅▄▃▂▃▂▁▄▅▅▄▄▄▄▅▄▅▆▅▆▆▇▆▆▇██"
        },
        "usd": {
            "current_rate": 102.38040311883552,
            "sparkline": "▅▅▄▄▄▅▄▅▅▄▄▄▅▅▅▅▅▅▄▅▅▅▅▅▄▄▄▄▄▄"
        },
        "eur": {
            "current_rate": 111.07124855553775,
            "sparkline": "▄▄▄▄▄▄▄▄▄▄▄▄▄▄▄▄▄▄▄▄▄▄▄▄▄▄▅▅▅▅"
        },
        "cny": {
            "current_rate": 110.63980791048844,
            "sparkline": "▄▄▅▄▅▅▅▄▄▄▅▄▄▅▄▄▅▅▅▅▅▄▄▅▅▄▄▄▄▄"
        },
        "rsd": {
            "current_rate": 111.58017224796357,
            "sparkline": "▃▃▅▅▆▅▆▃▃▅▆▆▆▆▃▃▆▅▆▆▆▃▃▆▆▃▄▄▄▄"
        }
    },
    "specific_rates": {
        "rub_kzt_bank": 5.94,
        "rub_kzt_crypto": 5.9774306975222835,
        "kzt_rsd_bank": 0.2092802263258697,
        "rsd_eur_cash": 0.0084530853761623,
        "eur_rsd_cash": 116.81428571428572,
        "rsd_usd_cash": 0.009765625,
        "usd_rsd_cash": 98.2,
        "eur_usd_exch": 1.1734995634581624,
        "usd_kzt_bank": 470.5
    },
    "update_time": "2026-04-12 21:50:47",
    "update_time_display": "12.04 21:50"
}