{
    "rub2rsd": {
        "bank": {
            "current": 1.170242824028446,
            "sparkline_full": "       1.24                       \n  █▇▇▇▇██▇▇▇▇▇▇▆▇▆▇▇▆▅▄▂▂▁▁▁▁▁▄▄  \n                           1.12   "
        },
        "korona": {
            "current": 1.1455845191097096,
            "diff_percent": -2.1071101153051752
        },
        "crypto": {
            "current": 1.2048381478897465,
            "diff_percent": 2.9562517411736473
        },
        "forex": {
            "current": 1.251328839483564,
            "diff_percent": 6.928990615467943
        }
    },
    "rub2eur": {
        "bank": {
            "current": 0.010097950116126426,
            "sparkline_full": "        93.5                      \n  ▇▇▇▇▇███▇▇▇▇▇▆▇▆▆▆▆▅▄▂▂▁▁▁▁▂▄▄  \n                          104     "
        },
        "korona": {
            "current": 0.00980329050582881,
            "diff_percent": -2.9180141207772863
        },
        "crypto": {
            "current": 0.010352196035378198,
            "diff_percent": 2.517797338350299
        },
        "forex": {
            "current": 0.010655957750938446,
            "diff_percent": 5.525949607543434
        }
    },
    "rub2usd": {
        "bank": {
            "current": 0.011648223645894002,
            "sparkline_full": " 79.8                             \n  ███████▇▇▇▇▇▇▆▆▆▅▅▅▄▃▂▁▁▁▁▁▁▃▃  \n                          89.9    "
        },
        "korona": {
            "current": 0.011038586616975425,
            "diff_percent": -5.233733893265986
        },
        "crypto": {
            "current": 0.011917805929617494,
            "diff_percent": 2.314363905766176
        },
        "forex": {
            "current": 0.01217561127656414,
            "diff_percent": 4.5276228093031365
        }
    },
    "xdr": {
        "rub2xdr": {
            "current_rate": 0.008669259387316594,
            "sparkline": "███▇▇███▇▆▆█▇▆▇▆▇▇▆▄▂▁▁▂▂▃▄▅▄▄"
        },
        "usd2xdr": {
            "current_rate": 0.705441,
            "sparkline": "▃▃▃▃▃▄▅▅▅▅▅▅▅▅▅▆▆▆▆▆▅▆▅▅▅▅▅▅▅▅"
        },
        "eur2xdr": {
            "current_rate": 0.8135598497988707,
            "sparkline": "▅▅▅▅▄▄▅▅▄▅▅▅▅▄▄▄▄▅▅▅▄▅▅▅▅▅▅▅▄▄"
        },
        "cny2xdr": {
            "current_rate": 0.10206845162737196,
            "sparkline": "▃▃▃▃▃▄▄▄▄▄▄▅▅▅▅▅▆▆▆▆▅▆▅▅▅▅▅▄▅▅"
        },
        "rsd2xdr": {
            "current_rate": 0.006928042504714017,
            "sparkline": "▅▅▅▅▄▄▅▄▄▅▅▅▅▄▄▄▄▅▅▅▄▅▅▄▄▅▅▄▄▄"
        }
    },
    "neer": {
        "rub": {
            "current_rate": 95.28429886700982,
            "sparkline": "▇▇▆▆▇█▇▇▇▅▆▇▆▆▆▆▅▅▆▄▄▃▂▃▂▁▄▄▄▄"
        },
        "usd": {
            "current_rate": 103.5137558145977,
            "sparkline": "▄▄▄▄▄▅▄▅▅▅▅▅▄▄▅▅▅▅▅▅▅▅▅▅▅▅▅▅▅▅"
        },
        "eur": {
            "current_rate": 109.71356307727241,
            "sparkline": "▅▅▅▅▅▅▅▅▄▅▅▄▄▄▄▄▄▄▄▄▄▄▅▅▅▅▅▅▅▅"
        },
        "cny": {
            "current_rate": 110.21985247973728,
            "sparkline": "▄▄▄▄▄▅▄▅▅▄▄▅▅▅▅▅▅▅▅▅▅▅▅▅▅▅▅▅▅▅"
        },
        "rsd": {
            "current_rate": 110.08161697874233,
            "sparkline": "▆▆▃▃▆▆▅▅▆▃▃▆▅▆▅▅▃▃▅▅▅▆▅▃▃▆▆▃▃▃"
        }
    },
    "specific_rates": {
        "rub_kzt_bank": 5.65,
        "rub_kzt_crypto": 5.792053681794102,
        "kzt_rsd_bank": 0.20801570808586586,
        "rsd_eur_cash": 0.0084530853761623,
        "eur_rsd_cash": 116.85714285714286,
        "rsd_usd_cash": 0.009635767970707265,
        "usd_rsd_cash": 99.31,
        "eur_usd_exch": 1.153264198988818,
        "usd_kzt_bank": 479.0
    },
    "update_time": "2026-03-27 00:36:25",
    "update_time_display": "27.03 00:36"
}