{
    "rub2rsd": {
        "bank": {
            "current": 1.171458999052183,
            "sparkline_full": "                         1.18     \n  ▆▄▃▁▂▃▃▄▅▃▃▃▃▃▃▃▃▃▄▄▄▄▅▇█▇▆▆▅▇  \n    1.13                          "
        },
        "korona": {
            "current": 1.137474050460382,
            "diff_percent": -2.901078793137279
        },
        "crypto": {
            "current": 1.112167413467636,
            "diff_percent": -5.061345350756564
        },
        "forex": {
            "current": 1.224372874059723,
            "diff_percent": 4.516920784282856
        }
    },
    "rub2eur": {
        "bank": {
            "current": 0.010133765707336847,
            "sparkline_full": "                         98.6     \n  ▇▄▃▂▂▃▃▄▄▃▄▄▄▄▃▃▃▃▄▄▄▄▅▆▇▆▆▆▅▇  \n    103                           "
        },
        "korona": {
            "current": 0.009736980401133213,
            "diff_percent": -3.9154774016174585
        },
        "crypto": {
            "current": 0.009633809060012672,
            "diff_percent": -4.933572195794953
        },
        "forex": {
            "current": 0.010450341319660439,
            "diff_percent": 3.1239681424092094
        }
    },
    "rub2usd": {
        "bank": {
            "current": 0.011832919181161992,
            "sparkline_full": "                         83.7     \n  ▇▅▃▁▂▃▃▄▅▅▄▄▄▄▃▄▄▄▃▄▄▄▅▇█▇▆▆▅▆  \n    87.6                          "
        },
        "korona": {
            "current": 0.011233519121363817,
            "diff_percent": -5.065529905354378
        },
        "crypto": {
            "current": 0.011226174193899064,
            "diff_percent": -5.127601887359011
        },
        "forex": {
            "current": 0.012048192771084338,
            "diff_percent": 1.8192771084337422
        }
    },
    "xdr": {
        "rub2xdr": {
            "current_rate": 0.008494799963219071,
            "sparkline": "█▄▁▁▁▂▃▅▅▃▁▃▂▂▂▂▂▂▂▃▄▄▅▇█▆▇▇▆█"
        },
        "usd2xdr": {
            "current_rate": 0.69675,
            "sparkline": "▅▅▆▆▅▅▅▅▅▅▃▄▄▅▅▄▄▅▅▆▆▅▅▅▅▅▅▅▅▆"
        },
        "eur2xdr": {
            "current_rate": 0.8128729678175804,
            "sparkline": "▄▄▄▄▄▄▄▄▆▆▃▃▃▄▄▄▄▃▃▄▄▄▄▄▄▃▄▄▃▃"
        },
        "cny2xdr": {
            "current_rate": 0.0978650186108575,
            "sparkline": "▅▄▅▆▅▅▅▅▅▅▃▄▄▄▅▄▄▄▄▅▅▅▅▅▅▅▅▅▅▅"
        },
        "rsd2xdr": {
            "current_rate": 0.006938082460984599,
            "sparkline": "▄▄▄▄▄▄▄▄▆▆▃▃▄▄▄▄▄▃▃▄▄▄▄▄▄▃▄▄▄▃"
        }
    },
    "neer": {
        "rub": {
            "current_rate": 92.43158499915629,
            "sparkline": "█▆▅▂▁▄▄▁▅▅▅▅▄▄▅▃▅▄▅▅▅▅▆▆▇▇▇▇▇▆"
        },
        "usd": {
            "current_rate": 103.76017054441803,
            "sparkline": "▅▅▅▅▅▅▄▄▄▄▄▅▄▄▄▄▅▅▅▅▅▅▅▅▅▅▅▅▅▅"
        },
        "eur": {
            "current_rate": 110.67223350023896,
            "sparkline": "▄▄▄▄▄▄▄▅▅▅▅▄▅▅▅▅▅▅▄▅▅▅▅▅▅▅▅▅▅▄"
        },
        "cny": {
            "current_rate": 105.14744538503852,
            "sparkline": "▄▄▄▅▅▄▄▄▄▄▄▅▅▄▄▄▄▅▅▅▅▅▅▅▄▅▅▅▅▅"
        },
        "rsd": {
            "current_rate": 110.68387790247428,
            "sparkline": "▄▅▄▄▅▄▄▄▅▄▅▄▄▄▅▅▄▄▅▄▄▄▄▄▄▄▄▄▄▄"
        }
    },
    "update_time": "2025-10-07 12:50:55",
    "update_time_display": "07.10 12:50"
}