{
    "rub2rsd": {
        "bank": {
            "current": 1.2249557722075028,
            "sparkline_full": "              1.26                \n  ▆▆▆▇▅▅▅▆▆▆▅▅▅█▇▆▇▇▅▇▆▅▆▆▆▆▅▂▁▂  \n                             1.22 "
        },
        "korona": {
            "current": 1.180607016454183,
            "diff_percent": -3.6204373055362233
        },
        "crypto": {
            "current": 1.2686381555033897,
            "diff_percent": 3.566037589844279
        },
        "forex": {
            "current": 1.2722384295500258,
            "diff_percent": 3.8599481234587305
        }
    },
    "rub2eur": {
        "bank": {
            "current": 0.010588733587462939,
            "sparkline_full": "              92.1                \n  ▅▅▅▅▇▆▆▅▅▅▄▄▅▇▇▇▇▆▅▇▆▅▅▅▆▆▅▂▂▃  \n                            95.0  "
        },
        "korona": {
            "current": 0.010112265665560454,
            "diff_percent": -4.4997630544470635
        },
        "crypto": {
            "current": 0.01092973668147049,
            "diff_percent": 3.2204332198073136
        },
        "forex": {
            "current": 0.010852946633083756,
            "diff_percent": 2.495228002842997
        }
    },
    "rub2usd": {
        "bank": {
            "current": 0.012214486380847685,
            "sparkline_full": "                    80.8          \n  ▂▂▂▂▂▃▄▄▅▅▄▄▄▆▇▆▆▆▆▇▇▆▆▆▆▇▆▄▄▅  \n   83.1                           "
        },
        "korona": {
            "current": 0.011287773243128196,
            "diff_percent": -7.58700045850946
        },
        "crypto": {
            "current": 0.012581906179832309,
            "diff_percent": 3.008065894287117
        },
        "forex": {
            "current": 0.01265777921795177,
            "diff_percent": 3.629238457371147
        }
    },
    "xdr": {
        "rub2xdr": {
            "current_rate": 0.008849238166736736,
            "sparkline": "▁▅▄▂▂▂▂▂▃▃▂▁▁▃▄▅█▄▂▂▂▃▃▃▃▃▃▁▁▁"
        },
        "usd2xdr": {
            "current_rate": 0.705984,
            "sparkline": "▃▇▇▄▄▄▃▄▄▄▃▃▃▃▃▃▇▄▃▃▃▃▃▃▃▃▃▃▂▂"
        },
        "eur2xdr": {
            "current_rate": 0.8153765484998348,
            "sparkline": "▂▆▆▃▃▃▃▃▄▄▃▃▂▃▃▃▇▄▃▃▃▃▃▃▃▃▃▄▃▃"
        },
        "cny2xdr": {
            "current_rate": 0.09830455608777987,
            "sparkline": "▃▇▇▄▄▄▃▄▄▄▃▃▃▃▃▃▇▄▃▃▃▃▃▃▃▃▃▃▂▂"
        },
        "rsd2xdr": {
            "current_rate": 0.0069556444461959825,
            "sparkline": "▂▆▆▃▄▃▃▃▃▃▃▃▃▃▃▃▇▄▃▃▃▃▃▃▃▃▄▄▃▃"
        }
    },
    "neer": {
        "rub": {
            "current_rate": 96.56406487990097,
            "sparkline": "▃▂▂▃▂▂▃▃▃▃▂▃▃▄▆██▅▄▅▅▄▅▅▄▃▆▂▁▁"
        },
        "usd": {
            "current_rate": 103.88941459467134,
            "sparkline": "▆▆▆▆▆▅▅▅▄▄▄▄▅▅▅▅▅▄▄▄▄▄▄▄▄▄▄▃▃▃"
        },
        "eur": {
            "current_rate": 109.35139356652805,
            "sparkline": "▃▃▃▄▃▄▄▃▄▄▄▄▄▃▄▄▄▅▅▄▅▅▅▅▅▅▅▆▆▆"
        },
        "cny": {
            "current_rate": 103.42515150545978,
            "sparkline": "▆▆▆▅▅▄▄▅▄▄▄▄▄▅▄▄▄▄▄▄▄▄▄▄▄▄▄▃▃▃"
        },
        "rsd": {
            "current_rate": 109.97158097664476,
            "sparkline": "▄▄▄▃▄▄▅▄▃▃▅▅▄▃▄▄▄▄▄▆▆▄▄▄▄▄▄▅▅▅"
        }
    },
    "update_time": "2025-06-14 23:50:42",
    "update_time_display": "14.06 23:50"
}