{
    "rub2rsd": {
        "bank": {
            "current": 1.3371958361022998,
            "sparkline_full": "   1.36                           \n  ▄▆█▇█▇▇▇▇▆▇▇▇▇▆▅▃▁▂▃▃▄▅▆▆▆▅▅▅▅  \n                  1.30            "
        },
        "korona": {
            "current": 1.2967447188933339,
            "diff_percent": -3.025070533189369
        },
        "crypto": {
            "current": 1.422020918737213,
            "diff_percent": 6.343504843850253
        },
        "forex": {
            "current": 1.4028798126194464,
            "diff_percent": 4.912068579917534
        }
    },
    "rub2eur": {
        "bank": {
            "current": 0.011508804235239959,
            "sparkline_full": "   85.7                           \n  ▄▆█████▇▆▆████▇▅▃▁▂▂▂▃▅▆▆▆▅▅▅▆  \n                  89.4            "
        },
        "korona": {
            "current": 0.011102266428881284,
            "diff_percent": -3.5324069994505227
        },
        "crypto": {
            "current": 0.01220129352406186,
            "diff_percent": 6.017039430573502
        },
        "forex": {
            "current": 0.011955266216050774,
            "diff_percent": 3.8793081512651715
        }
    },
    "rub2usd": {
        "bank": {
            "current": 0.013360053440213761,
            "sparkline_full": "            73.7                  \n  ▄▇█▇▇▇▇▇▇▇████▇▅▃▁▂▂▂▂▅▅▅▅▅▅▅▅  \n                  76.9            "
        },
        "korona": {
            "current": 0.012608115886177286,
            "diff_percent": -5.6282525919630215
        },
        "crypto": {
            "current": 0.01413564493641313,
            "diff_percent": 5.805302349052275
        },
        "forex": {
            "current": 0.013802374836614388,
            "diff_percent": 3.31077565205869
        }
    },
    "xdr": {
        "rub2xdr": {
            "current_rate": 0.009760055698435657,
            "sparkline": "▂▃▄▅█▅▃▄▃▃▄▄▄▄▃▂▁▁▁▁▁▂▃▄▃▃▂▂▂▃"
        },
        "usd2xdr": {
            "current_rate": 0.703697,
            "sparkline": "▂▂▂▃▇▄▂▂▂▂▂▂▂▂▂▂▂▂▂▂▂▃▃▃▃▃▃▃▃▃"
        },
        "eur2xdr": {
            "current_rate": 0.8163812935702013,
            "sparkline": "▃▃▂▃▇▄▃▃▂▃▃▃▃▃▂▃▂▃▂▂▂▃▃▃▃▃▃▃▃▃"
        },
        "cny2xdr": {
            "current_rate": 0.10413107816153186,
            "sparkline": "▂▂▂▃▇▄▂▂▂▂▂▂▂▂▂▃▃▃▃▃▃▃▃▃▃▃▃▃▃▃"
        },
        "rsd2xdr": {
            "current_rate": 0.006957157420500445,
            "sparkline": "▃▃▂▃▇▄▃▃▃▃▃▃▃▃▂▃▂▃▂▂▂▃▃▃▃▃▃▃▃▃"
        }
    },
    "neer": {
        "rub": {
            "current_rate": 105.88183937579775,
            "sparkline": "▃▅▇██▆▆█▆▆█▇▆▆▇▆▄▃▁▂▂▁▃▆▅▅▄▄▄▄"
        },
        "usd": {
            "current_rate": 102.53154363892098,
            "sparkline": "▄▄▄▄▄▅▅▄▄▄▄▄▄▄▄▄▄▄▄▅▅▅▄▅▅▅▅▅▄▅"
        },
        "eur": {
            "current_rate": 108.85040601295752,
            "sparkline": "▅▅▅▄▄▄▄▄▄▅▄▄▄▄▄▅▄▅▅▄▄▄▄▄▄▄▄▄▄▄"
        },
        "cny": {
            "current_rate": 112.22712196653802,
            "sparkline": "▄▄▄▄▅▃▃▄▄▄▅▅▃▃▅▅▅▅▆▅▅▆▆▄▅▄▄▄▄▄"
        },
        "rsd": {
            "current_rate": 109.34287854753151,
            "sparkline": "▇█▇▇▇▂▂▇▇▇▇▇▂▂▇▇▇▇▆▂▂▇▆▂▂▂▂▂▁▂"
        }
    },
    "specific_rates": {
        "rub_kzt_bank": 6.56,
        "rub_kzt_crypto": 6.95473730871526,
        "kzt_rsd_bank": 0.2044679555265476,
        "rsd_eur_cash": 0.00844880027036161,
        "eur_rsd_cash": 116.8,
        "rsd_usd_cash": 0.009722897423432181,
        "usd_rsd_cash": 99.3,
        "eur_usd_exch": 1.160131837382,
        "usd_kzt_bank": 485.0
    },
    "update_time": "2026-06-16 13:36:02",
    "update_time_display": "16.06 13:36"
}