{
    "rub2rsd": {
        "bank": {
            "current": 1.2431910375962183,
            "sparkline_full": "                            1.26  \n  ▃▂▂▁▁▁▁▁▃▄▅▅▅▅▅▅▅▆▆▆▆▇▆▇▇▇▇██▇  \n       1.12                       "
        },
        "korona": {
            "current": 1.2080384607162553,
            "diff_percent": -2.827608614998747
        },
        "crypto": {
            "current": 1.2189474453699547,
            "diff_percent": -1.9501099584131483
        },
        "forex": {
            "current": 1.304384149727437,
            "diff_percent": 4.922261364555783
        }
    },
    "rub2eur": {
        "bank": {
            "current": 0.010715816545220747,
            "sparkline_full": "                             92.5 \n  ▃▂▂▁▁▁▁▂▃▄▅▅▅▅▅▅▅▆▆▆▆▆▆▇▇▇▇██▇  \n      104                         "
        },
        "korona": {
            "current": 0.010347224502922957,
            "diff_percent": -3.439700938722971
        },
        "crypto": {
            "current": 0.010503304742973313,
            "diff_percent": -1.9831601385730515
        },
        "forex": {
            "current": 0.01111319531984448,
            "diff_percent": 3.708338724788681
        }
    },
    "rub2usd": {
        "bank": {
            "current": 0.012635835228708618,
            "sparkline_full": "                             78.5 \n  ▃▁▁▁▁▁▁▁▃▄▄▄▄▄▄▅▅▅▅▆▆▆▆▇▇▇████  \n      89.9                        "
        },
        "korona": {
            "current": 0.011904369993684504,
            "diff_percent": -5.788815869980835
        },
        "crypto": {
            "current": 0.012360731265941225,
            "diff_percent": -2.177172761341143
        },
        "forex": {
            "current": 0.013143005095543074,
            "diff_percent": 4.01374232612789
        }
    },
    "xdr": {
        "rub2xdr": {
            "current_rate": 0.009046607875221758,
            "sparkline": "▂▁▁▂▂▂▄▄▃▄▄▄▄▄▅▅▅▅▅▅▆▇▆▇▇▇███▇"
        },
        "usd2xdr": {
            "current_rate": 0.690967,
            "sparkline": "▅▆▅▅▅▅▅▅▅▅▅▅▆▆▆▅▅▅▅▅▅▅▄▄▄▄▄▄▃▃"
        },
        "eur2xdr": {
            "current_rate": 0.8140420117576372,
            "sparkline": "▄▄▄▄▄▄▄▄▄▄▄▄▄▄▅▄▄▄▄▄▄▅▄▄▄▄▄▄▄▄"
        },
        "cny2xdr": {
            "current_rate": 0.10129401589116603,
            "sparkline": "▅▅▅▄▄▅▄▄▄▄▄▄▅▅▅▄▅▅▅▅▅▅▄▄▄▄▄▄▄▄"
        },
        "rsd2xdr": {
            "current_rate": 0.006935539562568381,
            "sparkline": "▄▄▄▄▄▄▄▄▄▄▄▄▄▄▅▄▄▄▄▄▄▅▄▄▄▄▄▄▄▄"
        }
    },
    "neer": {
        "rub": {
            "current_rate": 100.49775373681884,
            "sparkline": "▄▃▂▃▂▂▄▄▅▄▄▄▄▄▄▅▅▅▅▅▆▅▆▆▇▇▆▇▇▇"
        },
        "usd": {
            "current_rate": 101.66783590542529,
            "sparkline": "▅▅▅▅▅▅▅▅▅▅▅▅▅▅▅▅▅▅▅▅▅▄▄▄▄▄▄▄▄▄"
        },
        "eur": {
            "current_rate": 110.18364300919093,
            "sparkline": "▄▄▄▄▄▄▄▄▄▄▄▄▄▄▄▄▄▄▄▄▄▄▄▄▅▅▄▄▄▅"
        },
        "cny": {
            "current_rate": 109.98656406619402,
            "sparkline": "▅▅▅▄▄▄▅▅▅▅▄▄▅▅▅▅▅▄▄▅▅▅▅▅▄▄▅▄▄▄"
        },
        "rsd": {
            "current_rate": 109.9953545790257,
            "sparkline": "▆▅▆▄▄▅▆▅▆▆▄▃▆▅▅▅▅▄▃▅▅▅▅▅▄▄▅▅▃▃"
        }
    },
    "specific_rates": {
        "rub_kzt_bank": 5.99,
        "rub_kzt_crypto": 5.871347351322082,
        "kzt_rsd_bank": 0.20760949275049753,
        "rsd_eur_cash": 0.008447135013374631,
        "eur_rsd_cash": 116.75,
        "rsd_usd_cash": 0.009854297177447737,
        "usd_rsd_cash": 97.39285714285714,
        "eur_usd_exch": 1.1781199561739377,
        "usd_kzt_bank": 468.0
    },
    "update_time": "2026-04-16 23:50:42",
    "update_time_display": "16.04 23:50"
}