{
    "rub2rsd": {
        "bank": {
            "current": 1.195767746716084,
            "sparkline_full": "  1.22                            \n  ██▃▁▁▁▂▂▄▄▁▁▁▅▆▄▃▄▄▄▃▄▄▃▃▃▃▂▂▃  \n     1.18                         "
        },
        "korona": {
            "current": 1.156245638531838,
            "diff_percent": -3.30516593149338
        },
        "crypto": {
            "current": 1.2248045135589676,
            "diff_percent": 2.4282948693529023
        },
        "forex": {
            "current": 1.2475486786588321,
            "diff_percent": 4.330350277882396
        }
    },
    "rub2eur": {
        "bank": {
            "current": 0.010285949393128987,
            "sparkline_full": " 95.0                             \n  ██▂▁▁▂▃▂▃▂▁▁▁▄▆▅▄▃▃▃▄▄▄▃▃▃▃▂▃▃  \n     98.2                         "
        },
        "korona": {
            "current": 0.009900574274890356,
            "diff_percent": -3.7466168995159697
        },
        "crypto": {
            "current": 0.010518536943363818,
            "diff_percent": 2.2612161633830272
        },
        "forex": {
            "current": 0.01064727671454824,
            "diff_percent": 3.5128242188379857
        }
    },
    "rub2usd": {
        "bank": {
            "current": 0.01195886151638364,
            "sparkline_full": "  81.4                            \n  ██▃▂▂▂▃▁▄▃▁▁▁▅▆▅▂▁▁▁▁▁▁▁▂▂▁▁▁▂  \n             84.3                 "
        },
        "korona": {
            "current": 0.011269450667951637,
            "diff_percent": -5.7648535145884106
        },
        "crypto": {
            "current": 0.012205095523466745,
            "diff_percent": 2.0590087672289212
        },
        "forex": {
            "current": 0.0124067939603727,
            "diff_percent": 3.7456110966365253
        }
    },
    "xdr": {
        "rub2xdr": {
            "current_rate": 0.008733208283076428,
            "sparkline": "█▆▂▂▁▁▂▁▁▃▇▆▅▆▆▅▅▅▄▄▅▄▄▅▄▄▃▃▃▄"
        },
        "usd2xdr": {
            "current_rate": 0.704773,
            "sparkline": "▄▃▃▃▃▃▃▃▄▄▄▄▃▃▃▃▄▄▄▅▆▆▆▆▅▅▅▅▄▄"
        },
        "eur2xdr": {
            "current_rate": 0.8202292959234857,
            "sparkline": "▅▅▅▄▄▄▄▃▄▄▄▄▄▅▄▃▄▄▄▄▄▄▅▆▅▅▄▅▅▆"
        },
        "cny2xdr": {
            "current_rate": 0.09932115728801139,
            "sparkline": "▄▃▃▃▃▃▃▃▄▄▄▄▄▄▄▄▄▄▄▅▆▆▆▆▅▅▅▅▅▅"
        },
        "rsd2xdr": {
            "current_rate": 0.007000294603706364,
            "sparkline": "▅▅▅▅▄▄▄▃▄▄▄▄▄▅▄▃▄▃▄▄▄▄▅▆▅▅▄▅▅▆"
        }
    },
    "neer": {
        "rub": {
            "current_rate": 95.12799242706281,
            "sparkline": "▅█▇▂▁▇▁▂▁▂▆▅▁█▅█▅▅▃▅▅▅▃▂▄▃▂▃▃▂"
        },
        "usd": {
            "current_rate": 104.36737330638216,
            "sparkline": "▄▄▃▃▃▄▄▄▄▄▄▄▄▄▃▅▅▅▅▅▅▆▅▅▅▅▄▄▄▄"
        },
        "eur": {
            "current_rate": 110.3015364705676,
            "sparkline": "▅▅▅▅▅▅▄▄▄▅▅▅▅▅▅▄▄▄▅▄▄▄▄▅▅▅▅▅▅▅"
        },
        "cny": {
            "current_rate": 106.32748371728415,
            "sparkline": "▄▄▃▃▃▄▄▄▅▅▄▄▅▅▅▅▅▅▅▅▆▆▆▆▅▅▅▅▅▆"
        },
        "rsd": {
            "current_rate": 110.38152610067338,
            "sparkline": "▅▅▅▅▅▅▅▅▅▄▄▄▄▅▄▆▄▄▃▄▄▄▄▄▄▄▄▄▄▄"
        }
    },
    "update_time": "2025-11-13 22:35:50",
    "update_time_display": "13.11 22:35"
}