{
    "rub2rsd": {
        "bank": {
            "current": 1.2249557722075028,
            "sparkline_full": "             1.26                 \n  ▆▆▇▅▅▅▆▆▆▅▅▅█▇▆▇▇▅▇▆▅▆▆▆▆▅▂▁▂▂  \n                            1.22  "
        },
        "korona": {
            "current": 1.1827136837177241,
            "diff_percent": -3.4484582585095227
        },
        "crypto": {
            "current": 1.2635970725665857,
            "diff_percent": 3.1545057573341655
        },
        "forex": {
            "current": 1.2717982368494347,
            "diff_percent": 3.8240127280282685
        }
    },
    "rub2eur": {
        "bank": {
            "current": 0.010588733587462939,
            "sparkline_full": "             92.1                 \n  ▅▅▅▇▆▆▅▅▅▄▄▅▇▇▇▇▆▅▇▆▅▅▅▆▆▅▂▂▃▃  \n                           95.0   "
        },
        "korona": {
            "current": 0.01013030992477708,
            "diff_percent": -4.329353070405251
        },
        "crypto": {
            "current": 0.01088630608713616,
            "diff_percent": 2.8102746869138957
        },
        "forex": {
            "current": 0.010849191528869937,
            "diff_percent": 2.4597647986476883
        }
    },
    "rub2usd": {
        "bank": {
            "current": 0.012214486380847685,
            "sparkline_full": "                   80.8           \n  ▂▂▂▂▃▄▄▅▅▄▄▄▆▇▆▆▆▆▇▇▆▆▆▆▇▆▄▄▅▅  \n  83.1                            "
        },
        "korona": {
            "current": 0.011284666783921583,
            "diff_percent": -7.612433040034
        },
        "crypto": {
            "current": 0.012531910495656742,
            "diff_percent": 2.598751227941746
        },
        "forex": {
            "current": 0.01265777921795177,
            "diff_percent": 3.629238457371147
        }
    },
    "xdr": {
        "rub2xdr": {
            "current_rate": 0.008843081363961945,
            "sparkline": "▅▅▂▂▂▂▂▃▃▂▁▁▃▄▅█▄▃▂▂▃▃▃▃▃▃▁▁▁▁"
        },
        "usd2xdr": {
            "current_rate": 0.705737,
            "sparkline": "▇▇▄▄▄▃▄▄▄▃▃▃▃▃▃▇▄▃▃▃▃▃▃▃▃▃▃▂▂▂"
        },
        "eur2xdr": {
            "current_rate": 0.8150912757351837,
            "sparkline": "▅▅▃▃▃▃▃▃▃▃▃▂▃▃▃▇▄▃▃▃▃▃▃▃▃▃▄▃▃▃"
        },
        "cny2xdr": {
            "current_rate": 0.09827016263785228,
            "sparkline": "▇▇▄▄▄▃▄▄▄▃▃▃▃▃▃▇▄▃▃▃▃▃▃▃▃▃▃▂▂▂"
        },
        "rsd2xdr": {
            "current_rate": 0.0069532109007074015,
            "sparkline": "▆▆▃▃▃▃▃▃▃▃▃▂▃▃▃▇▄▃▃▃▃▃▃▃▃▃▄▃▃▃"
        }
    },
    "neer": {
        "rub": {
            "current_rate": 96.49946454006127,
            "sparkline": "▂▂▃▂▂▃▃▃▃▂▃▃▄▆██▅▄▅▅▄▅▅▄▃▆▂▁▁▁"
        },
        "usd": {
            "current_rate": 103.88909579935047,
            "sparkline": "▆▆▆▆▅▅▅▄▄▄▄▅▅▅▅▅▄▄▄▄▄▄▄▄▄▄▃▃▃▃"
        },
        "eur": {
            "current_rate": 109.3574496184513,
            "sparkline": "▃▃▄▃▄▄▃▄▄▄▄▄▃▄▄▄▅▄▄▅▅▅▅▄▅▅▆▆▆▆"
        },
        "cny": {
            "current_rate": 103.43761261953019,
            "sparkline": "▆▆▅▅▄▄▅▄▄▄▄▄▅▄▄▄▄▄▄▄▄▄▄▄▄▄▃▃▃▃"
        },
        "rsd": {
            "current_rate": 110.00838945439749,
            "sparkline": "▄▄▃▄▄▅▄▃▃▅▅▄▃▄▄▄▄▄▆▆▄▄▄▄▄▄▅▅▅▅"
        }
    },
    "update_time": "2025-06-15 22:05:41",
    "update_time_display": "15.06 22:05"
}