{
    "rub2rsd": {
        "bank": {
            "current": 1.2159888067298015,
            "sparkline_full": "                  1.26            \n  ▁▁▁▃▄▄▄▄▅▅▆▆▆▇▆▅█████▆▅ ▆▇▇  ▄  \n 1.18                             "
        },
        "korona": {
            "current": 1.1898513577554357,
            "diff_percent": -2.149481050295032
        },
        "crypto": {
            "current": 1.2356175975556682,
            "diff_percent": 1.6142246307887587
        },
        "forex": {
            "current": 1.2888130370177047,
            "diff_percent": 5.9888898553064625
        }
    },
    "rub2eur": {
        "bank": {
            "current": 0.01050309841403214,
            "sparkline_full": "                  92.2            \n  ▁▁▁▃▄▄▄▄▅▅▆▆▆▆▆▅████▇▆▅▆▆▆▆▆▆▄  \n  98.4                            "
        },
        "korona": {
            "current": 0.010191446319104375,
            "diff_percent": -2.9672395958072606
        },
        "crypto": {
            "current": 0.01067477305145258,
            "diff_percent": 1.634514222880004
        },
        "forex": {
            "current": 0.010971947135163803,
            "diff_percent": 4.463908673894555
        }
    },
    "rub2usd": {
        "bank": {
            "current": 0.012433171702101205,
            "sparkline_full": "                  78.6            \n  ▁▁▁▂▃▃▄▄▄▄▅▅▅▅▅▅█████▇▇████▇▇▆  \n 83.9                             "
        },
        "korona": {
            "current": 0.011752585639200945,
            "diff_percent": -5.473953703906792
        },
        "crypto": {
            "current": 0.012610831989426636,
            "diff_percent": 1.428921690958437
        },
        "forex": {
            "current": 0.012990100244603587,
            "diff_percent": 4.479376267346654
        }
    },
    "xdr": {
        "rub2xdr": {
            "current_rate": 0.008958943847166657,
            "sparkline": "▁▁▂▃▃▄▄▅▅▅▆▆▆▆▆▆████▇▅▆▆▆▆▆▆▆▅"
        },
        "usd2xdr": {
            "current_rate": 0.689842,
            "sparkline": "▅▅▆▆▆▆▆▆▆▆▆▆▆▆▆▆▅▅▅▄▄▄▃▃▃▄▄▄▄▄"
        },
        "eur2xdr": {
            "current_rate": 0.8165318094228046,
            "sparkline": "▄▄▄▄▄▄▄▄▄▄▄▄▄▄▅▅▄▄▅▅▄▅▅▄▄▄▄▄▄▄"
        },
        "cny2xdr": {
            "current_rate": 0.09943525138376383,
            "sparkline": "▅▅▅▅▅▆▆▅▆▆▆▆▆▆▆▆▅▅▅▄▄▄▄▃▃▄▄▄▄▄"
        },
        "rsd2xdr": {
            "current_rate": 0.006951313797924894,
            "sparkline": "▄▄▄▄▄▄▅▄▄▄▄▄▄▄▅▅▄▄▅▅▄▅▅▄▄▄▄▄▄▄"
        }
    },
    "neer": {
        "rub": {
            "current_rate": 98.66081369702927,
            "sparkline": "▃▄▄▄▂▃▄▃▃▃▃▅▅▃▄▄▅▇▇▇▆▅▄▄▆▅▆▆▅▄"
        },
        "usd": {
            "current_rate": 101.75933979638828,
            "sparkline": "▅▆▆▆▆▆▆▆▆▆▆▆▆▆▅▅▅▅▄▄▄▄▃▃▃▄▄▄▄▄"
        },
        "eur": {
            "current_rate": 110.3164323244308,
            "sparkline": "▄▄▄▄▄▄▄▄▄▄▄▄▄▄▅▅▄▄▅▅▅▅▅▅▅▅▅▅▄▄"
        },
        "cny": {
            "current_rate": 107.68464188004651,
            "sparkline": "▅▅▅▅▅▅▅▅▆▆▆▆▆▆▅▅▅▅▄▄▄▄▃▃▄▄▄▄▅▅"
        },
        "rsd": {
            "current_rate": 110.18215098401646,
            "sparkline": "▄▄▄▄▄▄▄▄▄▄▄▄▄▄▅▄▅▄▄▄▅▅▅▅▅▅▅▅▄▄"
        }
    },
    "specific_rates": {
        "rub_kzt_bank": 6.26,
        "rub_kzt_crypto": 6.362164738665737,
        "kzt_rsd_bank": 0.19421339250243935,
        "rsd_eur_cash": 0.008438818565400843,
        "eur_rsd_cash": 116.75,
        "rsd_usd_cash": 0.009877356161000904,
        "usd_rsd_cash": 97.18333333333334,
        "eur_usd_exch": 1.1836504727499988,
        "usd_kzt_bank": 497.5
    },
    "update_time": "2026-02-04 09:22:03",
    "update_time_display": "04.02 09:22"
}