{
    "rub2rsd": {
        "bank": {
            "current": 1.290551754277887,
            "sparkline_full": "                              1.29\n  ▃▂▁▁▁▁▂▄▅▄▄▄▄▅▅▅▆▅▅▄▃▄▅▅▅▆▆▆▇█  \n   1.25                           "
        },
        "korona": {
            "current": 1.2562734753564473,
            "diff_percent": -2.656094868556415
        },
        "crypto": {
            "current": 1.3105574792420116,
            "diff_percent": 1.5501683599909968
        },
        "forex": {
            "current": 1.3549242942196789,
            "diff_percent": 4.987985931475542
        }
    },
    "rub2eur": {
        "bank": {
            "current": 0.011101243339253997,
            "sparkline_full": "                              90.1\n  ▂▃▁▁▁▁▃▄▅▅▄▄▄▄▅▅▆▆▆▆▅▄▄▅▆▆▆▆▇█  \n    93.3                          "
        },
        "korona": {
            "current": 0.010749630422331265,
            "diff_percent": -3.1673291556399663
        },
        "crypto": {
            "current": 0.011226914070203821,
            "diff_percent": 1.1320419443960197
        },
        "forex": {
            "current": 0.011542789006053603,
            "diff_percent": 3.9774433665308564
        }
    },
    "rub2usd": {
        "bank": {
            "current": 0.01304631441617743,
            "sparkline_full": "                              76.7\n  ▂▃▂▁▂▂▃▄▄▄▃▃▃▄▄▄▄▅▅▅▄▃▄▅▅▆▆▆▇█  \n    79.0                          "
        },
        "korona": {
            "current": 0.012375336796362412,
            "diff_percent": -5.143043455882103
        },
        "crypto": {
            "current": 0.013167960046055497,
            "diff_percent": 0.9324137530153928
        },
        "forex": {
            "current": 0.013552375867013246,
            "diff_percent": 3.8789610206565373
        }
    },
    "xdr": {
        "rub2xdr": {
            "current_rate": 0.00941297788801858,
            "sparkline": "▂▃▁▁▁▁▃▄▄▄▄▅▄▅▅▅▆▆▅▅▅▅▅▆▇▇▇▇██"
        },
        "usd2xdr": {
            "current_rate": 0.694925,
            "sparkline": "▅▄▃▄▄▄▄▄▄▄▅▅▅▅▅▆▆▅▅▅▅▅▅▅▅▅▄▄▄▅"
        },
        "eur2xdr": {
            "current_rate": 0.8154855713885053,
            "sparkline": "▅▄▄▅▄▄▅▄▄▃▄▄▄▅▄▅▅▅▄▅▄▄▅▅▅▆▅▄▄▄"
        },
        "cny2xdr": {
            "current_rate": 0.10231371740698754,
            "sparkline": "▅▄▃▄▄▄▄▄▄▄▅▄▄▅▅▅▅▅▅▅▅▅▅▅▅▅▅▅▅▆"
        },
        "rsd2xdr": {
            "current_rate": 0.0069472353017624895,
            "sparkline": "▅▄▄▅▄▄▅▄▄▃▄▄▄▄▄▅▅▅▄▄▄▄▅▅▅▆▅▄▄▄"
        }
    },
    "neer": {
        "rub": {
            "current_rate": 103.24691316274622,
            "sparkline": "▂▃▅▂▁▁▂▅▇▆▇▅▄▆▇▇▆▇▅▅▇▅▄▅▅▆▆▆██"
        },
        "usd": {
            "current_rate": 101.68564916870571,
            "sparkline": "▄▄▄▄▅▅▄▄▄▅▅▅▅▄▅▅▅▅▅▅▅▅▅▄▄▄▄▄▄▄"
        },
        "eur": {
            "current_rate": 109.71429333208562,
            "sparkline": "▅▅▅▅▅▅▄▄▄▄▄▅▅▅▄▄▄▄▄▄▄▄▄▄▄▄▄▄▄▄"
        },
        "cny": {
            "current_rate": 110.61315982321503,
            "sparkline": "▅▅▅▅▄▄▅▅▅▆▅▄▄▅▆▆▅▅▄▄▅▆▃▃▄▄▃▄▅▅"
        },
        "rsd": {
            "current_rate": 109.74407172253575,
            "sparkline": "████▁▁████▇▁▁▇██▇█▁▁██▁▁▁▁▁▁▁▁"
        }
    },
    "specific_rates": {
        "rub_kzt_bank": 6.1,
        "rub_kzt_crypto": 6.169189281577,
        "kzt_rsd_bank": 0.21243593273361197,
        "rsd_eur_cash": 0.00845725562055113,
        "eur_rsd_cash": 116.86666666666667,
        "rsd_usd_cash": 0.009850830284266816,
        "usd_rsd_cash": 97.88571428571429,
        "eur_usd_exch": 1.1734871696780305,
        "usd_kzt_bank": 461.5
    },
    "update_time": "2026-05-13 03:36:25",
    "update_time_display": "13.05 03:36"
}