{
    "rub2rsd": {
        "bank": {
            "current": 1.1943730711085472,
            "sparkline_full": "                         1.22     \n  ▁▁▁▁▂▂▂▂▃▄▄▄▃▃▂▃▄▅▆▅▅▆▇██▆▅▅▅▆  \n   1.14                           "
        },
        "korona": {
            "current": 1.1527966159159675,
            "diff_percent": -3.481027511277599
        },
        "crypto": {
            "current": 1.2885319664230037,
            "diff_percent": 7.883541381845101
        },
        "forex": {
            "current": 1.2474773567767048,
            "diff_percent": 4.446205875930318
        }
    },
    "rub2eur": {
        "bank": {
            "current": 0.010309278350515464,
            "sparkline_full": "                        95.0      \n  ▁▁▁▁▁▂▂▂▃▃▄▃▃▃▃▃▄▅▆▆▆▆▇██▅▅▅▅▆  \n  102                             "
        },
        "korona": {
            "current": 0.009871041359525103,
            "diff_percent": -4.2508988126065
        },
        "crypto": {
            "current": 0.011088332480929901,
            "diff_percent": 7.5568250650200435
        },
        "forex": {
            "current": 0.010645890104988617,
            "diff_percent": 3.265134018389583
        }
    },
    "rub2usd": {
        "bank": {
            "current": 0.01200912693647172,
            "sparkline_full": "                         81.4     \n  ▁▂▁▁▁▁▁▂▃▄▅▄▃▃▃▃▄▅▄▅▅▅▆▇█▅▄▄▅▅  \n     86.2                         "
        },
        "korona": {
            "current": 0.011336859105664194,
            "diff_percent": -5.597974227134268
        },
        "crypto": {
            "current": 0.012890314490757846,
            "diff_percent": 7.33764876454057
        },
        "forex": {
            "current": 0.012291324046008885,
            "diff_percent": 2.349855331115976
        }
    },
    "xdr": {
        "rub2xdr": {
            "current_rate": 0.008664619282526945,
            "sparkline": "▁▁▁▁▁▁▁▂▂▃▃▃▃▃▂▃▄▅▆▅▅▆▇█▇▅▅▅▅▆"
        },
        "usd2xdr": {
            "current_rate": 0.700107,
            "sparkline": "▄▄▄▄▄▄▄▄▄▄▄▄▄▄▄▄▅▅▅▅▅▅▅▅▅▅▅▅▅▅"
        },
        "eur2xdr": {
            "current_rate": 0.8138933613889874,
            "sparkline": "▅▅▅▄▄▅▅▅▅▅▅▄▄▅▄▄▄▄▅▅▅▄▅▅▅▅▅▅▄▄"
        },
        "cny2xdr": {
            "current_rate": 0.0983614088820827,
            "sparkline": "▄▄▄▄▄▄▄▄▄▄▄▄▄▄▄▄▅▅▅▅▅▅▅▅▅▅▅▅▅▅"
        },
        "rsd2xdr": {
            "current_rate": 0.006945712670019941,
            "sparkline": "▅▅▅▄▄▅▅▅▅▅▅▄▅▅▄▄▄▄▅▅▅▄▅▅▅▅▅▅▄▄"
        }
    },
    "neer": {
        "rub": {
            "current_rate": 95.15134864123986,
            "sparkline": "▂▁▂▁▂▂▂▁▂▃▄▅▃▃▅▃▄▅▅▅▅▅▆██▆▅▅▅▆"
        },
        "usd": {
            "current_rate": 104.03381546434481,
            "sparkline": "▄▄▄▄▅▄▄▄▄▄▄▄▄▄▄▄▅▅▅▅▅▅▅▅▄▄▅▅▅▅"
        },
        "eur": {
            "current_rate": 110.30331746951998,
            "sparkline": "▅▅▅▅▅▅▅▅▅▅▅▅▅▅▄▄▄▄▄▄▄▄▄▄▄▅▄▄▄▄"
        },
        "cny": {
            "current_rate": 105.40342972707764,
            "sparkline": "▄▄▄▄▄▄▄▄▄▄▄▄▄▄▅▅▅▅▅▅▅▅▅▅▅▄▅▅▅▅"
        },
        "rsd": {
            "current_rate": 110.449797974253,
            "sparkline": "▄▅▅▅▄▅▄▅▄▅▄▄▄▄▅▅▄▄▄▄▄▅▅▄▄▄▄▄▄▄"
        }
    },
    "update_time": "2025-10-21 11:20:46",
    "update_time_display": "21.10 11:20"
}