{
    "rub2rsd": {
        "bank": {
            "current": 1.2533736746043913,
            "sparkline_full": "        1.26                      \n  ▆▆▆▆▅▅▅█▇▇▇▇▅█▆▅▆▆▆▆▅▂▁▂▂▃▄▅▅▆  \n                       1.22       "
        },
        "korona": {
            "current": 1.2029657273055052,
            "diff_percent": -4.0217812389267396
        },
        "crypto": {
            "current": 1.2487190445225596,
            "diff_percent": -0.3713681064269138
        },
        "forex": {
            "current": 1.2983625973307988,
            "diff_percent": 3.5894261733722477
        }
    },
    "rub2eur": {
        "bank": {
            "current": 0.010719262514738986,
            "sparkline_full": "        92.1                      \n  ▆▅▆▆▄▄▅█▇▇▇▆▅▇▆▅▅▅▆▆▅▁▁▃▃▃▄▅▆▅  \n                      95.0        "
        },
        "korona": {
            "current": 0.010303774966214178,
            "diff_percent": -3.8760833401879338
        },
        "crypto": {
            "current": 0.010609723415555251,
            "diff_percent": -1.0218902562850607
        },
        "forex": {
            "current": 0.011075590473225382,
            "diff_percent": 3.32418352471959
        }
    },
    "rub2usd": {
        "bank": {
            "current": 0.012379301807378064,
            "sparkline_full": "                             80.7 \n  ▃▃▄▄▃▃▂▅▆▅▅▅▅▆▅▅▅▅▅▆▅▃▃▄▄▅▆▆▇▆  \n       82.3                       "
        },
        "korona": {
            "current": 0.011454998196846582,
            "diff_percent": -7.466524565873316
        },
        "crypto": {
            "current": 0.012227984375029838,
            "diff_percent": -1.2223422185089732
        },
        "forex": {
            "current": 0.012741466721200143,
            "diff_percent": 2.925568173854751
        }
    },
    "xdr": {
        "rub2xdr": {
            "current_rate": 0.009047416286747259,
            "sparkline": "▂▂▃▃▂▁▁▃▄▅█▄▃▂▂▃▃▃▃▃▃▁▁▁▁▁▂▂▂▂"
        },
        "usd2xdr": {
            "current_rate": 0.709327,
            "sparkline": "▃▄▄▄▃▃▃▃▃▃▇▄▃▃▃▃▃▃▃▃▃▃▂▂▂▂▂▂▂▂"
        },
        "eur2xdr": {
            "current_rate": 0.816878911207387,
            "sparkline": "▃▃▃▃▃▃▂▃▃▃▇▄▃▃▃▃▃▃▃▃▃▄▃▃▃▃▃▃▃▃"
        },
        "cny2xdr": {
            "current_rate": 0.0987219384559714,
            "sparkline": "▃▄▄▄▃▃▃▃▃▃▇▄▃▃▃▃▃▃▃▃▃▃▂▂▂▂▂▂▂▂"
        },
        "rsd2xdr": {
            "current_rate": 0.00696832788109202,
            "sparkline": "▃▃▃▃▃▃▂▃▃▃▇▄▃▃▃▃▃▃▃▃▃▄▃▃▃▃▃▃▃▃"
        }
    },
    "neer": {
        "rub": {
            "current_rate": 98.82424532488412,
            "sparkline": "▃▃▃▃▂▃▃▃▆██▅▄▄▅▃▅▄▃▃▅▂▃▁▁▂▄▄▅▅"
        },
        "usd": {
            "current_rate": 104.23587558935944,
            "sparkline": "▆▅▅▅▅▅▅▆▅▆▅▅▅▅▄▄▅▅▄▄▄▃▄▃▃▃▃▄▅▄"
        },
        "eur": {
            "current_rate": 109.30487874999424,
            "sparkline": "▃▃▃▄▄▄▃▃▃▄▄▄▄▄▄▄▄▄▄▄▅▆▆▆▆▆▆▆▅▆"
        },
        "cny": {
            "current_rate": 103.77188125373051,
            "sparkline": "▅▅▅▅▅▅▅▅▅▅▅▄▅▅▄▅▄▅▅▅▅▄▄▄▄▄▄▄▅▅"
        },
        "rsd": {
            "current_rate": 109.89879655536572,
            "sparkline": "▄▄▃▃▄▄▃▃▄▃▃▃▅▄▄▃▄▄▄▄▄▃▆▅▅▅▃▄▄▄"
        }
    },
    "update_time": "2025-06-20 09:50:50",
    "update_time_display": "20.06 09:50"
}