{
    "rub2rsd": {
        "bank": {
            "current": 1.1938769759042858,
            "sparkline_full": "     1.22                         \n  ▂▃▆██▃▁▁▁▂▂▄▄▁▁▁▅▆▄▃▄▄▄▃▄▄▃▃▃▃  \n        1.18                      "
        },
        "korona": {
            "current": 1.1637972014061215,
            "diff_percent": -2.5195036930317483
        },
        "crypto": {
            "current": 1.2017936333544263,
            "diff_percent": 0.6631049605546016
        },
        "forex": {
            "current": 1.2493999776549873,
            "diff_percent": 4.650646831399562
        }
    },
    "rub2eur": {
        "bank": {
            "current": 0.010287007509515483,
            "sparkline_full": "    95.0                          \n  ▄▃▆██▂▁▁▂▃▂▃▂▁▁▁▄▆▅▄▃▃▃▄▄▄▃▃▃▃  \n        98.2                      "
        },
        "korona": {
            "current": 0.009965235975342936,
            "diff_percent": -3.127941083691326
        },
        "crypto": {
            "current": 0.010323523070702546,
            "diff_percent": 0.3549677702994389
        },
        "forex": {
            "current": 0.010675124989638402,
            "diff_percent": 3.772890024274897
        }
    },
    "rub2usd": {
        "bank": {
            "current": 0.011917530687641521,
            "sparkline_full": "     81.4                         \n  ▂▂▅██▃▂▂▂▃▁▄▃▁▁▁▅▆▅▂▁▁▁▁▁▁▁▂▂▂  \n                84.3              "
        },
        "korona": {
            "current": 0.01136758586456827,
            "diff_percent": -4.614587010407643
        },
        "crypto": {
            "current": 0.011936573550499818,
            "diff_percent": 0.1597886622439729
        },
        "forex": {
            "current": 0.012311374355653444,
            "diff_percent": 3.3047422182880473
        }
    },
    "xdr": {
        "rub2xdr": {
            "current_rate": 0.008698991003688508,
            "sparkline": "▂▃▆█▆▂▂▁▁▂▁▁▃▇▆▅▆▆▅▅▅▄▄▅▄▄▅▄▄▃"
        },
        "usd2xdr": {
            "current_rate": 0.704795,
            "sparkline": "▄▄▄▄▃▃▃▃▃▃▃▄▄▄▄▃▃▃▃▄▄▄▅▆▆▆▆▅▅▄"
        },
        "eur2xdr": {
            "current_rate": 0.8148842296583891,
            "sparkline": "▄▄▄▅▅▅▄▄▄▄▃▄▄▄▄▄▅▄▃▄▄▄▄▄▄▅▆▅▅▄"
        },
        "cny2xdr": {
            "current_rate": 0.09895192766686321,
            "sparkline": "▄▄▄▄▃▃▃▃▃▃▃▄▄▄▄▄▄▄▄▄▄▄▅▆▆▆▆▅▅▄"
        },
        "rsd2xdr": {
            "current_rate": 0.00696253494418636,
            "sparkline": "▄▄▄▅▅▅▅▄▄▄▃▄▄▄▄▄▅▄▃▄▃▄▄▄▄▅▆▅▅▄"
        }
    },
    "neer": {
        "rub": {
            "current_rate": 95.5658755161991,
            "sparkline": "▁▂▄▅█▇▂▁▇▁▂▁▂▆▅▁█▅█▅▅▃▅▅▄▃▃▄▃▃"
        },
        "usd": {
            "current_rate": 104.55311340632139,
            "sparkline": "▄▄▅▄▄▃▃▃▃▄▄▄▄▄▄▄▄▃▅▅▅▄▅▅▆▅▅▄▅▅"
        },
        "eur": {
            "current_rate": 110.24352060712673,
            "sparkline": "▅▄▄▅▅▅▅▅▅▄▄▄▅▅▅▅▅▅▄▄▄▅▄▄▄▄▄▅▅▅"
        },
        "cny": {
            "current_rate": 106.10787537526356,
            "sparkline": "▄▄▄▄▄▃▃▃▄▄▄▅▅▄▄▅▅▅▆▅▅▅▅▆▆▆▆▅▅▅"
        },
        "rsd": {
            "current_rate": 110.29426816974308,
            "sparkline": "▅▆▅▅▅▅▄▅▅▅▅▅▄▄▄▄▅▄▆▄▄▃▃▄▄▄▄▄▄▄"
        }
    },
    "update_time": "2025-11-10 01:06:25",
    "update_time_display": "10.11 01:06"
}