{
    "rub2rsd": {
        "bank": {
            "current": 1.2144249117701589,
            "sparkline_full": "                  1.22            \n  ▁▂▃▄▃▂▂▁▂▃▅▅▅▅▅▇██▅▄▄▄▅▄▆▆▄▄▄▇  \n 1.15                             "
        },
        "korona": {
            "current": 1.1640188851221538,
            "diff_percent": -4.15060874982651
        },
        "crypto": {
            "current": 1.3563351449365548,
            "diff_percent": 11.685385550889766
        },
        "forex": {
            "current": 1.2683212108071618,
            "diff_percent": 4.4380100008359555
        }
    },
    "rub2eur": {
        "bank": {
            "current": 0.010429703796412183,
            "sparkline_full": "                 95.0             \n  ▁▂▃▃▃▂▂▂▂▄▄▅▆▆▅▇██▅▄▄▄▅▅▅▅▄▄▄▇  \n 101                              "
        },
        "korona": {
            "current": 0.009970183170211167,
            "diff_percent": -4.405883764015342
        },
        "crypto": {
            "current": 0.01166632543270016,
            "diff_percent": 11.856728248729127
        },
        "forex": {
            "current": 0.010818810606663508,
            "diff_percent": 3.7307560966896998
        }
    },
    "rub2usd": {
        "bank": {
            "current": 0.01218769043266301,
            "sparkline_full": "                  81.4            \n  ▁▂▃▄▃▃▃▂▂▃▄▄▄▄▅▆▇█▅▄▄▄▅▄▅▅▃▃▃▇  \n 85.9                             "
        },
        "korona": {
            "current": 0.011381662516908893,
            "diff_percent": -6.613459048762533
        },
        "crypto": {
            "current": 0.013605296883446055,
            "diff_percent": 11.63146092867488
        },
        "forex": {
            "current": 0.012660663823925614,
            "diff_percent": 3.880746675309663
        }
    },
    "xdr": {
        "rub2xdr": {
            "current_rate": 0.008845060756646464,
            "sparkline": "▁▁▂▂▂▂▂▁▂▄▄▅▅▅▆▇█▇▅▅▄▄▅▄▄▅▇▇▇█"
        },
        "usd2xdr": {
            "current_rate": 0.700977,
            "sparkline": "▄▄▄▄▃▄▄▄▄▅▅▆▅▅▅▅▅▅▅▅▅▄▅▅▅▅▅▅▅▅"
        },
        "eur2xdr": {
            "current_rate": 0.817563138705712,
            "sparkline": "▅▅▅▅▄▄▄▄▄▄▄▅▄▄▄▄▅▅▅▅▅▄▄▄▄▅▅▄▅▅"
        },
        "cny2xdr": {
            "current_rate": 0.09873332676028562,
            "sparkline": "▄▄▄▄▄▄▄▄▄▅▅▅▅▅▅▅▅▅▅▄▄▄▅▅▅▅▅▅▅▅"
        },
        "rsd2xdr": {
            "current_rate": 0.006973833348586399,
            "sparkline": "▅▅▅▅▄▄▅▄▄▄▄▅▄▄▄▅▅▅▅▅▅▄▄▄▄▄▄▄▄▅"
        }
    },
    "neer": {
        "rub": {
            "current_rate": 97.0895849938796,
            "sparkline": "▁▁▂▃▄▂▂▅▂▄▄▅▅▄▅▆▇██▅▅█▅▅▅▅▇▇▇█"
        },
        "usd": {
            "current_rate": 104.02879341496275,
            "sparkline": "▄▄▄▄▄▄▄▄▄▅▄▅▅▅▅▅▅▅▄▄▄▄▅▅▅▅▅▅▅▄"
        },
        "eur": {
            "current_rate": 110.40825410331941,
            "sparkline": "▅▅▅▅▅▅▅▄▅▄▄▄▄▄▄▄▄▄▅▄▄▄▄▄▄▄▄▄▄▄"
        },
        "cny": {
            "current_rate": 105.74876674212837,
            "sparkline": "▄▄▄▄▄▄▄▄▅▅▅▅▅▅▅▅▅▅▅▅▅▅▅▅▅▅▅▅▅▅"
        },
        "rsd": {
            "current_rate": 110.33977868752278,
            "sparkline": "▅▅▅▅▅▅▅▅▅▄▅▄▅▅▅▅▄▅▅▄▄▄▄▄▄▄▄▄▄▄"
        }
    },
    "update_time": "2025-10-28 09:20:50",
    "update_time_display": "28.10 09:20"
}