{
    "rub2rsd": {
        "bank": {
            "current": 1.2392800617124788,
            "sparkline_full": "                              1.24\n  ▄▄▃▃▅▆▆▆▇▇▇▇▆▃  ▁▁▂▂▃▃▅▆▆▆▆▇▇█  \n                  1.16            "
        },
        "korona": {
            "current": 1.2013820699332514,
            "diff_percent": -3.0580651581579357
        },
        "crypto": {
            "current": 1.2159081862435823,
            "diff_percent": -1.8859236254152656
        },
        "forex": {
            "current": 1.295284586102055,
            "diff_percent": 4.51911768129209
        }
    },
    "rub2eur": {
        "bank": {
            "current": 0.01065757220505169,
            "sparkline_full": "                              93.8\n  ▄▃▃▃▄▆▆▆▇▇▇▇▆▃  ▁▁▂▂▂▃▅▆▆▆▆▇▇█  \n                 99.8             "
        },
        "korona": {
            "current": 0.010287063595758726,
            "diff_percent": -3.4764822809958775
        },
        "crypto": {
            "current": 0.010355758660416228,
            "diff_percent": -2.8319164893145348
        },
        "forex": {
            "current": 0.011035626667160008,
            "diff_percent": 3.5472850179623463
        }
    },
    "rub2usd": {
        "bank": {
            "current": 0.012391573729863692,
            "sparkline_full": "           80.3                   \n  ▄▄▃▃▅▇▇▇████▇▄  ▁▁▂▃▃▃▄▅▅▆▆▆▇▇  \n                  85.0            "
        },
        "korona": {
            "current": 0.011697975364491249,
            "diff_percent": -5.5973388085556115
        },
        "crypto": {
            "current": 0.012016682271652066,
            "diff_percent": -3.025374067767817
        },
        "forex": {
            "current": 0.012734311328443357,
            "diff_percent": 2.7658924205379045
        }
    },
    "xdr": {
        "rub2xdr": {
            "current_rate": 0.008980741437285304,
            "sparkline": "▂▂▁▁▄▆▅▄▄▄▄▅▅▃▄▃▁▁▁▁▂▂▄▅▆▇▇▇██"
        },
        "usd2xdr": {
            "current_rate": 0.700974,
            "sparkline": "▄▄▄▅▅▄▃▃▄▄▄▄▄▄▄▄▄▄▅▄▅▅▅▅▆▆▆▆▆▆"
        },
        "eur2xdr": {
            "current_rate": 0.8137953292684625,
            "sparkline": "▄▄▄▄▅▅▄▄▄▄▄▄▄▄▄▄▄▄▄▄▄▄▄▄▄▅▄▅▄▄"
        },
        "cny2xdr": {
            "current_rate": 0.10058603222890271,
            "sparkline": "▃▃▃▃▃▄▃▂▃▃▃▃▄▄▄▄▄▄▅▅▅▅▆▆▆▆▆▆▇▇"
        },
        "rsd2xdr": {
            "current_rate": 0.006933411802815752,
            "sparkline": "▄▄▅▅▅▅▄▄▄▅▄▄▅▄▅▄▄▅▅▄▄▄▄▄▄▅▅▅▄▄"
        }
    },
    "neer": {
        "rub": {
            "current_rate": 98.20767842210857,
            "sparkline": "▂▃▃▃▃▄▅▅▆▆▆▆▇▅▅▅▆▆▆▅▆▆▆▄▅▆▅▅▆▆"
        },
        "usd": {
            "current_rate": 103.31459140779955,
            "sparkline": "▅▅▅▅▅▄▄▄▄▄▄▄▄▄▄▄▄▄▅▄▄▅▅▅▅▅▅▅▅▅"
        },
        "eur": {
            "current_rate": 109.75479249873074,
            "sparkline": "▅▅▅▅▅▅▅▅▅▅▅▅▅▅▅▅▄▄▄▄▄▄▄▄▄▄▄▄▄▄"
        },
        "cny": {
            "current_rate": 108.53820273286196,
            "sparkline": "▄▄▄▄▄▄▄▄▄▄▄▄▄▄▄▄▄▅▅▄▄▅▅▅▅▅▅▅▅▅"
        },
        "rsd": {
            "current_rate": 109.96358385566916,
            "sparkline": "▅▅▅▅▄▅▅▅▅▅▅▅▅▅▅▅▅▅▅▄▄▄▄▄▄▄▄▄▄▄"
        }
    },
    "specific_rates": {
        "rub_kzt_bank": 6.4,
        "rub_kzt_crypto": 6.218633075579945,
        "kzt_rsd_bank": 0.19552660069595562,
        "rsd_eur_cash": 0.008443908323281062,
        "eur_rsd_cash": 116.78571428571429,
        "rsd_usd_cash": 0.00973709834469328,
        "usd_rsd_cash": 98.875,
        "eur_usd_exch": 1.1609493779633233,
        "usd_kzt_bank": 510.5
    },
    "update_time": "2026-01-16 11:50:43",
    "update_time_display": "16.01 11:50"
}