{
    "rub2rsd": {
        "bank": {
            "current": 1.2608489346769078,
            "sparkline_full": "                              1.26\n  ▅▆▆▆▆▅▂  ▁▁▁▂▂▃▄▅▅▅▅▅▆▇▇▇▇▇▆██  \n           1.16                   "
        },
        "korona": {
            "current": 1.2172048422686141,
            "diff_percent": -3.4614846559296564
        },
        "crypto": {
            "current": 1.2265914467861967,
            "diff_percent": -2.717017633796837
        },
        "forex": {
            "current": 1.3158024940635689,
            "diff_percent": 4.358457058199669
        }
    },
    "rub2eur": {
        "bank": {
            "current": 0.010847163466753445,
            "sparkline_full": "                              92.2\n  ▅▅▆▆▆▅▃  ▁▁▂▂▂▃▄▅▅▅▅▅▆▆▇▇▇▆▆██  \n          99.8                    "
        },
        "korona": {
            "current": 0.010419999872667602,
            "diff_percent": -3.938021173877382
        },
        "crypto": {
            "current": 0.010548433010884083,
            "diff_percent": -2.753996072659647
        },
        "forex": {
            "current": 0.011205080034866834,
            "diff_percent": 3.2996328414373375
        }
    },
    "rub2usd": {
        "bank": {
            "current": 0.012748597654258032,
            "sparkline_full": "                              78.4\n  ▅▆▆▆▆▅▃  ▁▁▁▂▂▂▃▄▄▄▅▅▅▅▆▆▆▆▆██  \n           85.0                   "
        },
        "korona": {
            "current": 0.011917801980436824,
            "diff_percent": -6.516761265453552
        },
        "crypto": {
            "current": 0.012373923876091162,
            "diff_percent": -2.93894111594093
        },
        "forex": {
            "current": 0.013151284485955742,
            "diff_percent": 3.1586755078368376
        }
    },
    "xdr": {
        "rub2xdr": {
            "current_rate": 0.009136037741377686,
            "sparkline": "▃▃▃▃▄▃▃▃▂▁▁▁▁▁▂▃▄▄▅▅▅▆▆▇▇▇▇▇██"
        },
        "usd2xdr": {
            "current_rate": 0.69436,
            "sparkline": "▃▄▄▄▄▄▄▄▄▄▄▅▄▅▅▅▅▅▅▅▅▅▅▆▆▅▅▅▅▄"
        },
        "eur2xdr": {
            "current_rate": 0.8153478344598243,
            "sparkline": "▄▄▄▄▄▄▄▄▄▄▄▄▄▄▄▄▄▄▅▄▄▄▄▄▄▄▅▅▅▄"
        },
        "cny2xdr": {
            "current_rate": 0.09970849667571333,
            "sparkline": "▃▃▄▄▄▄▄▄▄▄▄▅▅▅▅▅▅▆▅▅▆▆▆▆▆▆▆▆▅▅"
        },
        "rsd2xdr": {
            "current_rate": 0.006943319975905371,
            "sparkline": "▄▄▄▄▄▄▄▄▄▄▅▄▄▄▄▄▄▄▅▄▄▄▄▄▄▅▅▅▅▄"
        }
    },
    "neer": {
        "rub": {
            "current_rate": 100.62130507106833,
            "sparkline": "▃▄▄▄▄▄▄▄▄▄▄▄▄▄▄▄▃▃▄▃▃▄▄▅▅▄▄▄▅▆"
        },
        "usd": {
            "current_rate": 102.65819664701783,
            "sparkline": "▄▄▄▄▄▄▅▅▅▅▅▅▅▅▅▅▅▅▅▅▅▅▅▅▅▅▄▄▄▄"
        },
        "eur": {
            "current_rate": 110.31653460085579,
            "sparkline": "▅▅▅▅▅▅▅▅▅▅▄▄▅▄▄▄▄▄▅▄▄▄▄▄▄▄▅▅▄▄"
        },
        "cny": {
            "current_rate": 107.96869603790269,
            "sparkline": "▄▄▄▄▄▄▄▄▄▄▅▅▄▄▅▅▅▅▅▅▅▅▅▅▅▅▅▅▅▅"
        },
        "rsd": {
            "current_rate": 110.06001003464934,
            "sparkline": "▅▅▅▅▅▅▅▅▅▅▅▅▅▅▅▅▅▅▅▄▄▅▅▅▄▅▄▅▅▅"
        }
    },
    "specific_rates": {
        "rub_kzt_bank": 6.47,
        "rub_kzt_crypto": 6.292140290992355,
        "kzt_rsd_bank": 0.1949402572193359,
        "rsd_eur_cash": 0.008443908323281062,
        "eur_rsd_cash": 116.81428571428572,
        "rsd_usd_cash": 0.0097911227154047,
        "usd_rsd_cash": 97.75,
        "eur_usd_exch": 1.1742436696523768,
        "usd_kzt_bank": 501.5
    },
    "update_time": "2026-01-23 10:35:44",
    "update_time_display": "23.01 10:35"
}