{
    "rub2rsd": {
        "bank": {
            "current": 1.2212815503044332,
            "sparkline_full": "              1.26                \n  ▅▅▆▆▆▆▇▇▇█████▇▄▂▁▁▂▂▁▁▁▁▁▂▄▃▄  \n                         1.19     "
        },
        "korona": {
            "current": 1.183001904123639,
            "diff_percent": -3.134383400064633
        },
        "crypto": {
            "current": 1.217076313849062,
            "diff_percent": -0.34432981111710426
        },
        "forex": {
            "current": 1.2603682040632325,
            "diff_percent": 3.200462149702991
        }
    },
    "rub2eur": {
        "bank": {
            "current": 0.010486577181208054,
            "sparkline_full": "              92.8                \n  ▅▆▆▇▇▇▇▇▇█████▇▄▂▂▂▃▂▂▂▁▁▁▂▄▄▄  \n                          97.9    "
        },
        "korona": {
            "current": 0.01010767177139131,
            "diff_percent": -3.613241988012467
        },
        "crypto": {
            "current": 0.010471400097497125,
            "diff_percent": -0.1447286702674162
        },
        "forex": {
            "current": 0.010750889967439878,
            "diff_percent": 2.5204867295066697
        }
    },
    "rub2usd": {
        "bank": {
            "current": 0.01238696890870804,
            "sparkline_full": "              79.4                \n  ▃▅▅▅▅▆▆▆▇▇▇▇▇█▆▄▂▂▂▃▃▂▂▂▁▁▃▅▅▆  \n                          83.4    "
        },
        "korona": {
            "current": 0.01163717443629212,
            "diff_percent": -6.053090775813712
        },
        "crypto": {
            "current": 0.012343837043988351,
            "diff_percent": -0.34820354388204355
        },
        "forex": {
            "current": 0.012749117761050935,
            "diff_percent": 2.923627684964196
        }
    },
    "xdr": {
        "rub2xdr": {
            "current_rate": 0.008747422847388704,
            "sparkline": "▅▆▇▇▇▇▇▇██████▆▃▂▂▂▂▂▁▁▁▁▁▂▄▃▂"
        },
        "usd2xdr": {
            "current_rate": 0.691025,
            "sparkline": "▆▆▆▆▆▅▅▅▅▅▅▅▅▅▅▅▄▄▄▄▄▄▄▄▄▄▄▄▃▃"
        },
        "eur2xdr": {
            "current_rate": 0.8136463933573062,
            "sparkline": "▄▅▄▄▄▄▄▅▅▄▄▄▄▄▅▅▅▅▄▄▄▄▄▄▄▄▅▅▄▄"
        },
        "cny2xdr": {
            "current_rate": 0.09838101460328615,
            "sparkline": "▅▅▅▅▅▅▅▅▅▅▅▅▅▅▅▄▄▄▄▄▄▄▄▄▄▄▄▅▄▄"
        },
        "rsd2xdr": {
            "current_rate": 0.0069403709322310445,
            "sparkline": "▄▅▄▄▄▄▄▅▅▄▄▄▄▄▄▅▅▅▄▄▄▄▄▄▄▄▄▅▄▄"
        }
    },
    "neer": {
        "rub": {
            "current_rate": 97.05730736988795,
            "sparkline": "▅▅▆▇▇▅▆▆▆▇██▇▇█▅▃▂▂▃▂▃▁▂▁▁▁▄▅▃"
        },
        "usd": {
            "current_rate": 102.93747321063368,
            "sparkline": "▆▅▅▅▅▅▅▅▅▅▅▅▅▅▅▄▄▄▄▄▄▄▄▄▄▄▄▄▃▃"
        },
        "eur": {
            "current_rate": 110.81162452763837,
            "sparkline": "▄▄▄▄▄▄▄▄▄▄▄▄▄▄▄▅▅▅▅▅▅▅▅▅▅▅▅▅▅▅"
        },
        "cny": {
            "current_rate": 107.04607143999581,
            "sparkline": "▅▄▅▄▄▄▅▄▄▄▄▄▄▄▅▄▄▄▄▄▄▅▅▅▅▅▅▅▄▅"
        },
        "rsd": {
            "current_rate": 110.42643098341897,
            "sparkline": "▅▅▅▅▅▄▅▃▅▅▅▅▅▅▅▅▅▅▅▅▅▆▆▆▅▅▅▅▅▅"
        }
    },
    "specific_rates": {
        "rub_kzt_bank": 6.36,
        "rub_kzt_crypto": 6.350904159132007,
        "kzt_rsd_bank": 0.19163827438633596,
        "rsd_eur_cash": 0.008433125316242199,
        "eur_rsd_cash": 117.04,
        "rsd_usd_cash": 0.00983698707138842,
        "usd_rsd_cash": 97.7,
        "eur_usd_exch": 1.1774485631595184,
        "usd_kzt_bank": 507.5
    },
    "update_time": "2025-12-25 11:20:45",
    "update_time_display": "25.12 11:20"
}