{
    "rub2rsd": {
        "bank": {
            "current": 1.2481453600964603,
            "sparkline_full": "                          1.26    \n  ▂▁▁▁▁▁▃▄▅▅▅▅▅▅▅▆▆▆▆▇▆▇▇▇▇██▇▇▇  \n     1.12                         "
        },
        "korona": {
            "current": 1.2137847186094584,
            "diff_percent": -2.7529358827521837
        },
        "crypto": {
            "current": 1.245278235341033,
            "diff_percent": -0.22971080509450398
        },
        "forex": {
            "current": 1.30780558811937,
            "diff_percent": 4.779910251663236
        }
    },
    "rub2eur": {
        "bank": {
            "current": 0.010734220695577501,
            "sparkline_full": "                           92.5   \n  ▂▁▁▁▁▂▃▄▅▅▅▅▅▅▅▆▆▆▆▆▆▇▇▇▇██▇▇▇  \n    104                           "
        },
        "korona": {
            "current": 0.010396442985948252,
            "diff_percent": -3.14673714290608
        },
        "crypto": {
            "current": 0.010674445613826947,
            "diff_percent": -0.5568646615881611
        },
        "forex": {
            "current": 0.011144275581356024,
            "diff_percent": 3.8200713159127244
        }
    },
    "rub2usd": {
        "bank": {
            "current": 0.01268874508311128,
            "sparkline_full": "                           78.5   \n  ▁▁▁▁▁▁▃▄▄▄▄▄▄▅▅▅▅▆▆▆▆▇▇▇██████  \n    89.9                          "
        },
        "korona": {
            "current": 0.011962005702271197,
            "diff_percent": -5.7274330604006884
        },
        "crypto": {
            "current": 0.012592686368954411,
            "diff_percent": -0.7570387262702817
        },
        "forex": {
            "current": 0.013148638787169558,
            "diff_percent": 3.62442228168329
        }
    },
    "xdr": {
        "rub2xdr": {
            "current_rate": 0.009088800204073082,
            "sparkline": "▁▂▂▂▄▄▃▄▄▄▄▄▅▅▅▅▅▅▆▇▆▇▇▇██████"
        },
        "usd2xdr": {
            "current_rate": 0.692853,
            "sparkline": "▅▅▅▅▅▅▅▅▅▅▆▆▆▅▅▅▅▅▅▅▄▄▄▄▄▄▃▃▃▃"
        },
        "eur2xdr": {
            "current_rate": 0.815557739731268,
            "sparkline": "▄▄▄▄▄▄▄▄▄▄▄▄▅▄▄▄▄▄▄▅▄▄▄▄▄▄▄▄▄▄"
        },
        "cny2xdr": {
            "current_rate": 0.10162562154392243,
            "sparkline": "▅▄▄▅▄▄▄▄▄▄▅▅▅▄▅▅▅▅▅▅▄▄▄▄▄▄▄▄▄▄"
        },
        "rsd2xdr": {
            "current_rate": 0.0069496569571497364,
            "sparkline": "▄▄▄▄▄▄▄▄▄▄▄▄▅▄▄▄▄▄▄▅▄▄▄▄▄▄▄▄▄▄"
        }
    },
    "neer": {
        "rub": {
            "current_rate": 99.66079507911873,
            "sparkline": "▂▃▂▂▄▄▅▄▄▄▄▄▄▅▅▅▅▅▆▅▆▆▇▇▆▇▇▇▇▇"
        },
        "usd": {
            "current_rate": 101.83663855856912,
            "sparkline": "▅▅▅▅▅▅▅▅▅▅▅▅▅▅▅▅▅▅▅▄▄▄▄▄▄▄▄▄▄▄"
        },
        "eur": {
            "current_rate": 109.90770219600341,
            "sparkline": "▄▄▄▄▄▄▄▄▄▄▄▄▄▄▄▄▄▄▄▄▄▄▅▅▄▄▄▄▄▄"
        },
        "cny": {
            "current_rate": 110.08723037536151,
            "sparkline": "▅▄▄▄▅▅▅▅▄▄▅▅▅▅▅▄▄▅▅▅▅▅▄▄▅▄▄▄▄▄"
        },
        "rsd": {
            "current_rate": 110.24205568271506,
            "sparkline": "▆▄▄▅▆▅▆▆▄▃▆▅▅▅▅▄▃▅▅▅▅▅▄▄▅▅▃▃▃▄"
        }
    },
    "specific_rates": {
        "rub_kzt_bank": 5.99,
        "rub_kzt_crypto": 5.956340652515436,
        "kzt_rsd_bank": 0.20906766553305453,
        "rsd_eur_cash": 0.008447135013374631,
        "eur_rsd_cash": 116.75,
        "rsd_usd_cash": 0.009855129594954173,
        "usd_rsd_cash": 97.41428571428571,
        "eur_usd_exch": 1.1771006833069466,
        "usd_kzt_bank": 466.0
    },
    "update_time": "2026-04-18 20:20:59",
    "update_time_display": "18.04 20:20"
}