{
    "rub2rsd": {
        "bank": {
            "current": 1.2442232114689515,
            "sparkline_full": "                      1.26        \n  ▂▂▂▂▃▇▇▆▆▆▆▇▆▆▆▆▆▆▆▅▅▇▇▇▇▇▅▇▆▅  \n 1.21                             "
        },
        "korona": {
            "current": 1.1953105372239512,
            "diff_percent": -3.931181623533063
        },
        "crypto": {
            "current": 1.2419474261462708,
            "diff_percent": -0.18290812305244317
        },
        "forex": {
            "current": 1.2893887347810933,
            "diff_percent": 3.630017740853632
        }
    },
    "rub2eur": {
        "bank": {
            "current": 0.010725010725010725,
            "sparkline_full": "                      92.1        \n  ▂▂▂▂▄▇▆▆▆▆▆▅▇▆▆▆▆▆▅▅▅▇▇▇▇▇▆▇▆▆  \n    96.1                          "
        },
        "korona": {
            "current": 0.01023820588628652,
            "diff_percent": -4.538968316264488
        },
        "crypto": {
            "current": 0.010666481225354976,
            "diff_percent": -0.5457290547902031
        },
        "forex": {
            "current": 0.011008757994715795,
            "diff_percent": 2.6456595427300718
        }
    },
    "rub2usd": {
        "bank": {
            "current": 0.012286521685710775,
            "sparkline_full": "                            80.8  \n  ▂▁▁▁▂▄▄▄▄▄▄▄▄▅▆▆▆▆▆▅▅▇█▇▇▇▇█▇▇  \n    84.8                          "
        },
        "korona": {
            "current": 0.011248469127603224,
            "diff_percent": -8.448709770437357
        },
        "crypto": {
            "current": 0.012194719763490632,
            "diff_percent": -0.7471758449497439
        },
        "forex": {
            "current": 0.012637879262756675,
            "diff_percent": 2.859699319576586
        }
    },
    "xdr": {
        "rub2xdr": {
            "current_rate": 0.009017180455671752,
            "sparkline": "▂▁▁▁▂▂▃▃▂▅▅▃▃▃▃▃▃▄▃▂▂▄▅▅█▅▃▃▃▃"
        },
        "usd2xdr": {
            "current_rate": 0.716787,
            "sparkline": "▃▃▃▃▃▃▃▃▃▆▆▄▄▃▃▃▃▃▃▃▃▃▃▃▆▄▃▃▃▃"
        },
        "eur2xdr": {
            "current_rate": 0.8190915323962976,
            "sparkline": "▃▃▃▃▂▂▃▃▃▆▆▄▄▄▃▄▄▄▃▃▃▃▄▄▇▄▄▄▄▄"
        },
        "cny2xdr": {
            "current_rate": 0.09976297512839426,
            "sparkline": "▃▃▃▃▃▃▃▃▃▆▆▄▄▃▃▃▃▃▃▃▃▃▃▃▆▄▃▃▃▃"
        },
        "rsd2xdr": {
            "current_rate": 0.006993376173092321,
            "sparkline": "▄▄▄▄▃▂▂▂▃▆▆▄▄▄▄▄▄▄▄▃▃▃▄▄▇▅▄▄▄▄"
        }
    },
    "neer": {
        "rub": {
            "current_rate": 99.31260506919666,
            "sparkline": "▃▃▁▁▄▄▄▅▅▄▄▄▄▃▅▄▄▄▄▄▅▅▇██▆▅▅▅▇"
        },
        "usd": {
            "current_rate": 104.25935494783917,
            "sparkline": "▅▅▅▅▆▆▅▅▅▅▅▅▅▄▄▄▃▃▃▄▄▄▄▄▄▃▄▄▃▃"
        },
        "eur": {
            "current_rate": 108.58821252644098,
            "sparkline": "▅▅▅▅▄▄▄▄▄▄▄▄▄▅▅▄▅▅▅▅▅▄▅▅▅▅▅▅▅▅"
        },
        "cny": {
            "current_rate": 103.63803663339789,
            "sparkline": "▄▄▄▄▆▆▅▅▅▅▅▄▄▄▄▄▃▄▃▄▄▄▄▄▄▃▄▄▃▃"
        },
        "rsd": {
            "current_rate": 109.65590385593867,
            "sparkline": "▅▄▆▆▆▄▄▄▅▄▄▃▄▅▅▅▄▄▅▅▄▄▅▄▄▄▅▅▅▅"
        }
    },
    "update_time": "2025-06-06 11:35:43",
    "update_time_display": "06.06 11:35"
}