{
    "rub2rsd": {
        "bank": {
            "current": 1.2549013082781524,
            "sparkline_full": "                            1.26  \n  ▃ ▃▃▃▃▄▁▁▁▁▁▁▃▃▄▃▂▂▃▅▅▃▃▃▃▄███  \n        1.19                      "
        },
        "korona": {
            "current": 1.2062677714716203,
            "diff_percent": -3.8754869793913933
        },
        "crypto": {
            "current": 1.2896036267793114,
            "diff_percent": 2.7653424434447356
        },
        "forex": {
            "current": 1.30943942591412,
            "diff_percent": 4.346008508892166
        }
    },
    "rub2eur": {
        "bank": {
            "current": 0.010790978741771878,
            "sparkline_full": "                            92.5  \n  ▂▂▃▃▃▂▃▁▁▁▂▂▂▃▃▄▃▂▂▄▅▆▃▃▃▃▆███  \n         97.7                     "
        },
        "korona": {
            "current": 0.010327635029722778,
            "diff_percent": -4.29380617955901
        },
        "crypto": {
            "current": 0.011001176389509332,
            "diff_percent": 1.9479016015829904
        },
        "forex": {
            "current": 0.01117683660413988,
            "diff_percent": 3.5757448105642706
        }
    },
    "rub2usd": {
        "bank": {
            "current": 0.012118274357731459,
            "sparkline_full": "                              82.5\n  ▃▃▄▄▄▄▅▃▂▂▃▃▃▄▄▅▃▃▃▄▆▆▄▃▃▃▄▆▇▇  \n          85.5                    "
        },
        "korona": {
            "current": 0.011459887625609162,
            "diff_percent": -5.433007313473197
        },
        "crypto": {
            "current": 0.012329458641017761,
            "diff_percent": 1.7426927056785648
        },
        "forex": {
            "current": 0.012451222336496775,
            "diff_percent": 2.747486720771383
        }
    },
    "xdr": {
        "rub2xdr": {
            "current_rate": 0.00900225448238343,
            "sparkline": "▂▂▃▃▃▅▃▂▁▂▃▃▂▃▃▃▃▂▂▄▇▆▅▂▃▃▅▇██"
        },
        "usd2xdr": {
            "current_rate": 0.720178,
            "sparkline": "▅▅▅▅▅▅▃▄▅▅▅▅▅▅▅▅▆▆▆▆▆▆▆▆▆▆▆▆▆▆"
        },
        "eur2xdr": {
            "current_rate": 0.8054384976021759,
            "sparkline": "▅▅▅▅▅▇▅▄▅▅▆▆▅▅▅▄▅▅▅▅▅▅▄▄▄▄▂▂▃▃"
        },
        "cny2xdr": {
            "current_rate": 0.0999275704176495,
            "sparkline": "▄▄▄▄▄▄▂▃▄▅▄▄▄▃▃▄▅▅▅▅▅▅▆▆▆▆▆▇▇▇"
        },
        "rsd2xdr": {
            "current_rate": 0.006874891884440515,
            "sparkline": "▆▆▆▇▆▆▆▆▆▆▆▆▆▆▆▆▆▆▆▆▆▆▆▆▆▆▅▂▂▄"
        }
    },
    "neer": {
        "rub": {
            "current_rate": 97.59113722838448,
            "sparkline": "▃▂▃▃▃▃▅▄▂▂▂▂▂▂▃▄▄▂▂▃▃▄▅▅▂▂▆▆▇▆"
        },
        "usd": {
            "current_rate": 105.77131896671857,
            "sparkline": "▅▅▅▅▅▅▄▄▅▅▅▅▅▄▄▄▄▄▄▄▄▄▄▄▄▄▅▅▄▄"
        },
        "eur": {
            "current_rate": 107.57017092462269,
            "sparkline": "▆▆▆▆▆▅▆▆▆▅▆▆▅▅▅▅▅▄▅▄▄▅▄▄▄▄▃▃▃▃"
        },
        "cny": {
            "current_rate": 104.6266044122706,
            "sparkline": "▄▄▄▄▄▄▃▄▄▄▄▄▄▄▄▄▃▄▄▃▄▄▄▄▄▄▆▆▅▅"
        },
        "rsd": {
            "current_rate": 109.19744137712333,
            "sparkline": "▄▅▅▄▄▄▆▄▄▄▄▄▅▅▄▄▅▄▄▄▄▄▄▄▅▅▅▄▃▃"
        }
    },
    "update_time": "2025-05-15 23:35:41",
    "update_time_display": "15.05 23:35"
}