{
    "rub2rsd": {
        "bank": {
            "current": 1.196557999988153,
            "sparkline_full": "                           1.22   \n              ▅▄▃▄▄▄▆▅▅ ▆▅▅▅▆▃▄▄  \n               1.19               "
        },
        "korona": {
            "current": 1.1492872643386054,
            "diff_percent": -3.9505594923117533
        },
        "crypto": {
            "current": 1.2627678220925143,
            "diff_percent": 5.533356686848172
        },
        "forex": {
            "current": 1.2369920949900006,
            "diff_percent": 3.379200590547881
        }
    },
    "rub2eur": {
        "bank": {
            "current": 0.010271158586688579,
            "sparkline_full": "                         95.8     \n              ▅▃▄▃▃▃▅▆▅▅▆▆▆▅▆▅▄▄  \n              98.5                "
        },
        "korona": {
            "current": 0.00983698086452444,
            "diff_percent": -4.227154302990051
        },
        "crypto": {
            "current": 0.010846597194114266,
            "diff_percent": 5.60247028189649
        },
        "forex": {
            "current": 0.010552927698385272,
            "diff_percent": 2.743304071479003
        }
    },
    "rub2usd": {
        "bank": {
            "current": 0.011708230886313079,
            "sparkline_full": "                           83.5   \n              ▁▁▁▄▄▄▇▇▆▆███▇█▇▅▆  \n              89.1                "
        },
        "korona": {
            "current": 0.010615011215836384,
            "diff_percent": -9.337189205541446
        },
        "crypto": {
            "current": 0.01233943973382393,
            "diff_percent": 5.3911547665901765
        },
        "forex": {
            "current": 0.012069146554439695,
            "diff_percent": 3.0825807214694305
        }
    },
    "xdr": {
        "rub2xdr": {
            "current_rate": 0.008642510825775725,
            "sparkline": "                   ▅▃▃▅▅▅█▅▃▁▂"
        },
        "usd2xdr": {
            "current_rate": 0.719185,
            "sparkline": "                   ▆▆▆▆▆▆▆▂▅▅▇"
        },
        "eur2xdr": {
            "current_rate": 0.8189680696000728,
            "sparkline": "                   ▂▄▄▄▄▄▇▃▂▂▅"
        },
        "cny2xdr": {
            "current_rate": 0.09869425003430767,
            "sparkline": "                   ▅▅▆▆▆▆▆▂▄▅▇"
        },
        "rsd2xdr": {
            "current_rate": 0.006986714677304051,
            "sparkline": "                   ▄▄▄▄▅▅▅▄▄▄▅"
        }
    },
    "neer": {
        "rub": {
            "current_rate": 93.89010821195322,
            "sparkline": "▆▇▆▆▆▄▅▄▄▅▅▅▃▃▂▂▂▂▂▅▆▅▆▆▆▆▇▆▄▄"
        },
        "usd": {
            "current_rate": 105.8838596744118,
            "sparkline": "▆▆▆▆▆▆▆▅▅▅▆▆▆▆▅▄▄▄▄▄▃▃▃▃▃▃▃▃▃▃"
        },
        "eur": {
            "current_rate": 109.36238432754958,
            "sparkline": "▂▂▂▂▂▂▂▄▄▄▄▄▄▅▅▇▇▇▇▆▆▆▆▆▆▆▇▇▆▆"
        },
        "cny": {
            "current_rate": 103.74460969259253,
            "sparkline": "▇▇▇▇▇▇▆▅▅▅▅▆▅▅▅▄▃▃▃▃▃▃▃▃▃▃▂▃▃▃"
        },
        "rsd": {
            "current_rate": 109.98402626931572,
            "sparkline": "▃▃▄▄▄▄▃▂▅▅▅▅▅▅▄▅▅▅▆▄▅▅▅▅▅▇▆▅▅▅"
        }
    },
    "update_time": "2025-04-25 01:51:48",
    "update_time_display": "25.04 01:51"
}