{
    "rub2rsd": {
        "bank": {
            "current": 1.235570905912833,
            "sparkline_full": "  1.26                            \n  ▇██▇▇▃▂ ▄▅▅  ▄▄▃▃▃▂▁▁▁▁▁▁▂▃▃▄▄  \n                    1.22          "
        },
        "korona": {
            "current": 1.2023696634739458,
            "diff_percent": -2.687117532470411
        },
        "crypto": {
            "current": 1.2444540342044184,
            "diff_percent": 0.718949292919982
        },
        "forex": {
            "current": 1.3013924888714963,
            "diff_percent": 5.327220205952861
        }
    },
    "rub2eur": {
        "bank": {
            "current": 0.010650761529449356,
            "sparkline_full": "  92.2                            \n  ▇███▆▃▂▃▄▄▄▄▄▄▅▄▃▃▁▁▁▁▁▁▁▂▃▄▄▄  \n                     95.4         "
        },
        "korona": {
            "current": 0.01029048495453921,
            "diff_percent": -3.382636761831353
        },
        "crypto": {
            "current": 0.010592511553693524,
            "diff_percent": -0.5469090223715051
        },
        "forex": {
            "current": 0.011084380016491209,
            "diff_percent": 4.07124397483596
        }
    },
    "rub2usd": {
        "bank": {
            "current": 0.012565971349585323,
            "sparkline_full": "  78.6                            \n  ▅▇▇▇▆▅▅▆▇▆▆▅▄▄▅▄▃▃▂▃▃▃▃▃▃▄▄▅▄▄  \n                   80.4           "
        },
        "korona": {
            "current": 0.011878607923671755,
            "diff_percent": -5.470038143420176
        },
        "crypto": {
            "current": 0.012471828119671407,
            "diff_percent": -0.7491918236549411
        },
        "forex": {
            "current": 0.013047931576646812,
            "diff_percent": 3.835439486955333
        }
    },
    "xdr": {
        "rub2xdr": {
            "current_rate": 0.009012092966532829,
            "sparkline": "▇███▅▃▃▃▅▅▄▃▄▄▄▄▃▃▃▂▁▁▂▄▂▂▃▄▃▄"
        },
        "usd2xdr": {
            "current_rate": 0.691678,
            "sparkline": "▇▆▆▅▄▄▃▂▃▄▄▄▅▅▅▅▅▅▅▄▃▃▄▄▄▄▄▄▄▅"
        },
        "eur2xdr": {
            "current_rate": 0.8130443879698047,
            "sparkline": "▅▅▆▅▅▅▆▄▄▄▄▄▄▄▄▅▄▄▅▅▄▄▄▄▄▄▄▄▃▄"
        },
        "cny2xdr": {
            "current_rate": 0.10011550486336267,
            "sparkline": "▇▆▆▅▄▄▄▂▃▄▄▄▅▅▅▆▅▅▅▆▅▅▅▅▅▅▆▆▆▇"
        },
        "rsd2xdr": {
            "current_rate": 0.0069249615650906916,
            "sparkline": "▅▅▅▅▄▅▆▄▄▅▄▄▄▄▄▅▄▄▅▅▄▄▄▄▄▄▄▄▃▄"
        }
    },
    "neer": {
        "rub": {
            "current_rate": 99.15571070765728,
            "sparkline": "▄███▇▆▃▄▆▆▇▇▄▄▄▆▅▄▄▁▂▁▂▅▃▂▄▅▄▅"
        },
        "usd": {
            "current_rate": 101.90228572290776,
            "sparkline": "▆▆▅▅▄▄▃▃▃▄▄▄▄▄▅▅▄▄▄▃▃▃▃▃▃▃▃▃▄▄"
        },
        "eur": {
            "current_rate": 109.95806846516727,
            "sparkline": "▄▄▄▄▅▆▆▆▅▅▄▅▄▄▄▄▄▄▅▅▅▄▄▄▄▄▄▄▃▃"
        },
        "cny": {
            "current_rate": 108.21860648079573,
            "sparkline": "▆▆▄▄▄▃▃▃▄▄▄▅▅▅▆▆▅▅▅▅▅▅▅▅▅▅▅▅▆▆"
        },
        "rsd": {
            "current_rate": 110.01718451779237,
            "sparkline": "▄▄▄▄▅▄▅▅▅▅▅▅▄▅▄▄▄▄▄▅▅▄▄▄▄▄▅▄▄▄"
        }
    },
    "specific_rates": {
        "rub_kzt_bank": 6.22,
        "rub_kzt_crypto": 6.186026747357018,
        "kzt_rsd_bank": 0.20117178360667642,
        "rsd_eur_cash": 0.008447984552256819,
        "eur_rsd_cash": 116.84285714285714,
        "rsd_usd_cash": 0.009879331028156094,
        "usd_rsd_cash": 97.41428571428571,
        "eur_usd_exch": 1.1754666014674526,
        "usd_kzt_bank": 489.0
    },
    "update_time": "2026-02-20 06:22:02",
    "update_time_display": "20.02 06:22"
}