{
    "rub2rsd": {
        "bank": {
            "current": 1.226694090616204,
            "sparkline_full": "     1.26                         \n  ▄▅▆▇█▇▇▇         ▁▁▁▁▁▂▄▅▅▅▅▄▃  \n                  1.21            "
        },
        "korona": {
            "current": 1.1934298045084293,
            "diff_percent": -2.7117018303287943
        },
        "crypto": {
            "current": 1.1757922680622348,
            "diff_percent": -4.14951233101643
        },
        "forex": {
            "current": 1.2863821756266867,
            "diff_percent": 4.865767713978272
        }
    },
    "rub2eur": {
        "bank": {
            "current": 0.010566356720202874,
            "sparkline_full": "       92.8                       \n  ▅▆▇████▇         ▂▁▂▂▂▂▄▄▅▅▅▄▃  \n                   95.5           "
        },
        "korona": {
            "current": 0.010222096826624661,
            "diff_percent": -3.2580756328242053
        },
        "crypto": {
            "current": 0.010064192758668074,
            "diff_percent": -4.752479731965344
        },
        "forex": {
            "current": 0.010982121811539807,
            "diff_percent": 3.9348008244127346
        }
    },
    "rub2usd": {
        "bank": {
            "current": 0.012368583797155226,
            "sparkline_full": "                            80.1  \n  ▃▄▄▅▅▅▅▄         ▄▄▄▄▄▄▅▆▆▆▆▅▄  \n 81.2                             "
        },
        "korona": {
            "current": 0.011700292201063032,
            "diff_percent": -5.403137554405391
        },
        "crypto": {
            "current": 0.011757412334323005,
            "diff_percent": -4.941321276998507
        },
        "forex": {
            "current": 0.012759626500213084,
            "diff_percent": 3.161580254222781
        }
    },
    "xdr": {
        "rub2xdr": {
            "current_rate": 0.008969482027670964,
            "sparkline": "▂▂▂▂▃▃▃▃         ▂▇████▁▂▂▁▁▁▂"
        },
        "usd2xdr": {
            "current_rate": 0.698956,
            "sparkline": "▂▂▂▃▃▃▃▃         ▃█████▁▁▁▁▁▁▁"
        },
        "eur2xdr": {
            "current_rate": 0.8167348879927738,
            "sparkline": "▁▁▁▁▁▁▁▁         ▃█████▁▁▁▁▁▁▁"
        },
        "cny2xdr": {
            "current_rate": 0.09744263209256936,
            "sparkline": "▂▂▂▂▂▂▂▂         ▃█████▁▁▁▁▁▁▁"
        },
        "rsd2xdr": {
            "current_rate": 0.006972641721579595,
            "sparkline": "▁▁▁▁▁▁▁▁         ▃█████▁▁▁▁▁▁▁"
        }
    },
    "neer": {
        "rub": {
            "current_rate": 98.42698616179244,
            "sparkline": "▃▅▅▅▆▆▆▇▅▅▄▄▄▄▄▂▃▂▂▂▂▂▃▄▄▇▆▅▅▆"
        },
        "usd": {
            "current_rate": 103.74546872526308,
            "sparkline": "▄▄▅▆▅▆▆▇▅▅▄▃▃▃▃▂▃▃▂▂▂▃▃▃▃▄▄▄▄▄"
        },
        "eur": {
            "current_rate": 110.36806652538665,
            "sparkline": "▃▃▃▃▃▄▄▃▄▄▅▅▅▅▅▆▆▆▆▆▆▆▆▆▆▅▆▆▆▆"
        },
        "cny": {
            "current_rate": 103.68193483274722,
            "sparkline": "▄▄▅▅▅▅▅▆▄▅▄▃▃▃▃▃▃▃▃▃▃▄▄▄▄▄▄▄▅▅"
        },
        "rsd": {
            "current_rate": 110.42443353736806,
            "sparkline": "▃▃▃▃▄▃▃▄▄▄▄▄▄▄▅▃▆▃▄▄▄▄▅▄▅▄▄▄▅▄"
        }
    },
    "update_time": "2025-07-15 14:05:47",
    "update_time_display": "15.07 14:05"
}