{
    "rub2rsd": {
        "bank": {
            "current": 1.2396186523832111,
            "sparkline_full": "                       1.26       \n    ▁▁▂▂▂▃▄▅▅▅▅▆▆▇▇▇▇▇▆█████▆▅ ▇  \n    1.16                          "
        },
        "korona": {
            "current": 1.203700767632085,
            "diff_percent": -2.8974946998476265
        },
        "crypto": {
            "current": 1.210664066350514,
            "diff_percent": -2.3357655983177534
        },
        "forex": {
            "current": 1.3031866771468392,
            "diff_percent": 5.128030676322618
        }
    },
    "rub2eur": {
        "bank": {
            "current": 0.010721561059290233,
            "sparkline_full": "                       92.2       \n    ▁▁▂▂▂▃▄▅▅▅▅▅▆▆▇▇▇▆▆████▇▆▆▆▇  \n   99.8                           "
        },
        "korona": {
            "current": 0.01030439693460266,
            "diff_percent": -3.890889790961001
        },
        "crypto": {
            "current": 0.010450851789109854,
            "diff_percent": -2.5249053629723948
        },
        "forex": {
            "current": 0.011100638003023779,
            "diff_percent": 3.535650654202776
        }
    },
    "rub2usd": {
        "bank": {
            "current": 0.01279263144428809,
            "sparkline_full": "                              78.2\n    ▁▁▁▂▂▂▃▄▄▄▄▅▅▅▅▅▅▆▆▇████▇▇██  \n    85.0                          "
        },
        "korona": {
            "current": 0.011997587033211727,
            "diff_percent": -6.214862161383923
        },
        "crypto": {
            "current": 0.012443949017665391,
            "diff_percent": -2.7256505289096338
        },
        "forex": {
            "current": 0.013153550603682207,
            "diff_percent": 2.821305068983814
        }
    },
    "xdr": {
        "rub2xdr": {
            "current_rate": 0.0090674288899362,
            "sparkline": "▃▂▁▁▁▁▁▂▃▃▄▄▅▅▅▆▆▆▆▆▆████▇▅▆▆▇"
        },
        "usd2xdr": {
            "current_rate": 0.684545,
            "sparkline": "▅▅▅▅▅▅▅▆▆▆▆▆▆▆▆▆▆▆▆▆▆▅▅▅▄▄▄▃▃▃"
        },
        "eur2xdr": {
            "current_rate": 0.8168385355387916,
            "sparkline": "▄▄▄▄▄▄▄▄▄▄▄▄▄▄▄▄▄▄▄▅▅▄▄▅▅▄▅▅▄▄"
        },
        "cny2xdr": {
            "current_rate": 0.09851836393989984,
            "sparkline": "▄▄▄▄▅▅▅▅▅▅▆▆▅▆▆▆▆▆▆▆▆▅▅▅▄▄▄▄▃▃"
        },
        "rsd2xdr": {
            "current_rate": 0.006957889494226703,
            "sparkline": "▄▄▄▄▄▄▄▄▄▄▄▅▄▄▄▄▄▄▄▅▅▄▄▅▅▄▅▅▄▄"
        }
    },
    "neer": {
        "rub": {
            "current_rate": 99.65660228833875,
            "sparkline": "▄▄▄▄▄▄▄▄▄▃▃▄▃▃▄▄▅▅▄▄▄▅▆▆▆▆▅▄▄▅"
        },
        "usd": {
            "current_rate": 101.48569067409527,
            "sparkline": "▅▅▅▅▅▅▅▅▆▆▆▅▆▅▅▅▅▅▅▅▅▅▅▄▄▄▄▃▃▄"
        },
        "eur": {
            "current_rate": 110.74142364420189,
            "sparkline": "▅▅▅▄▄▄▄▄▄▄▄▄▄▄▄▄▄▄▄▅▅▄▄▅▅▅▅▅▅▅"
        },
        "cny": {
            "current_rate": 106.95552951851079,
            "sparkline": "▄▅▅▅▅▅▅▅▅▅▅▅▅▅▅▅▅▅▅▅▅▅▅▄▄▄▄▄▄▄"
        },
        "rsd": {
            "current_rate": 110.32826950609993,
            "sparkline": "▄▅▅▅▅▄▄▄▄▄▄▄▄▄▄▄▄▄▄▅▄▅▄▄▄▅▅▅▅▅"
        }
    },
    "specific_rates": {
        "rub_kzt_bank": 6.46,
        "rub_kzt_crypto": 6.296638202938688,
        "kzt_rsd_bank": 0.19227149906524532,
        "rsd_eur_cash": 0.008443908323281062,
        "eur_rsd_cash": 116.81428571428572,
        "rsd_usd_cash": 0.0099672504627652,
        "usd_rsd_cash": 96.39999999999999,
        "eur_usd_exch": 1.1932576171599991,
        "usd_kzt_bank": 499.0
    },
    "update_time": "2026-01-30 13:07:05",
    "update_time_display": "30.01 13:07"
}