{
    "rub2rsd": {
        "bank": {
            "current": 1.157935977382578,
            "sparkline_full": "     1.21                         \n  ▇▇▇▇██▆▆▆▇▇▇▆▆▆▆▆▆▆▆▄▄▄▃▂▁▁▂▂▃  \n                          1.13    "
        },
        "korona": {
            "current": 1.117208106224702,
            "diff_percent": -3.517281780115178
        },
        "crypto": {
            "current": 1.1189885475091126,
            "diff_percent": -3.3635218729020666
        },
        "forex": {
            "current": 1.2064040140858814,
            "diff_percent": 4.185726814781384
        }
    },
    "rub2eur": {
        "bank": {
            "current": 0.009932459276916964,
            "sparkline_full": " 96.5                             \n  ██▇███▇▇▇▇█▇▇▇▇▇▇▇▆▆▅▅▅▃▂▁▁▂▂▃  \n                          103     "
        },
        "korona": {
            "current": 0.009569234314558474,
            "diff_percent": -3.6569489210252804
        },
        "crypto": {
            "current": 0.00957888258623176,
            "diff_percent": -3.5598101218186415
        },
        "forex": {
            "current": 0.01029539402100156,
            "diff_percent": 3.654027003443701
        }
    },
    "rub2usd": {
        "bank": {
            "current": 0.011706860220088973,
            "sparkline_full": "     82.0                         \n  █▇▇▇██▇▇▇▇▇▆▆▇▇▇▆▆▆▅▅▅▅▃▂▁▁▂▂▄  \n                          87.6    "
        },
        "korona": {
            "current": 0.010875717753465094,
            "diff_percent": -7.09961894990117
        },
        "crypto": {
            "current": 0.011267303840621828,
            "diff_percent": -3.7546905934083448
        },
        "forex": {
            "current": 0.012037779366764655,
            "diff_percent": 2.8267113509036816
        }
    },
    "xdr": {
        "rub2xdr": {
            "current_rate": 0.008417541231236666,
            "sparkline": "█▇▇▇▇█▇▇▇▇██▇███▇▆▆▆▆▆▅▂▁▁▁▁▂▃"
        },
        "usd2xdr": {
            "current_rate": 0.695295,
            "sparkline": "▅▄▄▄▅▅▅▄▄▅▅▅▅▅▅▄▄▄▄▅▄▄▄▄▄▅▄▄▄▄"
        },
        "eur2xdr": {
            "current_rate": 0.8176026302699766,
            "sparkline": "▅▄▄▄▄▄▅▄▄▄▄▅▄▄▄▅▄▄▄▅▅▄▄▄▄▅▄▄▄▅"
        },
        "cny2xdr": {
            "current_rate": 0.09764282103134479,
            "sparkline": "▄▄▄▄▄▅▅▄▄▅▅▅▅▅▅▅▅▅▅▅▅▄▄▄▅▅▅▄▄▅"
        },
        "rsd2xdr": {
            "current_rate": 0.006977381650719075,
            "sparkline": "▅▄▄▄▄▄▅▄▄▄▄▅▅▄▄▄▄▄▄▅▄▄▅▄▄▅▄▄▄▅"
        }
    },
    "neer": {
        "rub": {
            "current_rate": 91.681716212823,
            "sparkline": "▇█▇▇██▇▇▇▇▇▇▇▇▇▇▇▇▇▆▆▆▅▄▂▁▁▂▂▂"
        },
        "usd": {
            "current_rate": 103.42496543994292,
            "sparkline": "▄▅▅▅▅▅▄▄▄▅▅▄▄▄▄▄▅▅▅▄▄▄▄▄▄▄▄▄▄▄"
        },
        "eur": {
            "current_rate": 110.60913749726558,
            "sparkline": "▅▄▅▄▄▄▅▅▅▄▄▄▄▄▄▅▄▄▄▅▅▅▅▅▅▅▅▅▅▅"
        },
        "cny": {
            "current_rate": 104.47600802630612,
            "sparkline": "▄▄▄▄▅▅▄▄▄▅▅▅▅▅▅▅▅▅▅▅▅▅▅▅▅▅▅▅▅▅"
        },
        "rsd": {
            "current_rate": 110.70124164523861,
            "sparkline": "▄▅▄▄▅▄▅▅▅▄▅▄▅▄▄▅▄▅▄▅▄▅▄▄▅▅▅▅▅▅"
        }
    },
    "update_time": "2025-09-15 17:35:45",
    "update_time_display": "15.09 17:35"
}