{
    "rub2rsd": {
        "bank": {
            "current": 1.2293322928936183,
            "sparkline_full": "  1.26                            \n  ▇█▇▇▇         ▁▁▁▁▁▂▄▅▅▅▅▄▄▆▅▃  \n               1.21               "
        },
        "korona": {
            "current": 1.1938121348093085,
            "diff_percent": -2.8893862375242785
        },
        "crypto": {
            "current": 1.1873831316409413,
            "diff_percent": -3.4123533153055408
        },
        "forex": {
            "current": 1.2872798118026996,
            "diff_percent": 4.713739258624989
        }
    },
    "rub2eur": {
        "bank": {
            "current": 0.010576414595452142,
            "sparkline_full": "    92.8                          \n  ████▇         ▂▁▂▂▂▂▄▄▅▅▅▄▅▆▆▃  \n                95.5              "
        },
        "korona": {
            "current": 0.010222244579406922,
            "diff_percent": -3.348677501707554
        },
        "crypto": {
            "current": 0.010175207237828283,
            "diff_percent": -3.79341556633358
        },
        "forex": {
            "current": 0.010989328233432783,
            "diff_percent": 3.904098447106964
        }
    },
    "rub2usd": {
        "bank": {
            "current": 0.01231527093596059,
            "sparkline_full": "                         80.1     \n  ▄▅▅▅▄         ▄▃▄▄▄▄▅▆▆▆▆▅▅▆▆▃  \n                              81.2"
        },
        "korona": {
            "current": 0.011671347686683183,
            "diff_percent": -5.228656784132546
        },
        "crypto": {
            "current": 0.01182370449982281,
            "diff_percent": -3.991519461438768
        },
        "forex": {
            "current": 0.012790078991527853,
            "diff_percent": 3.8554414112061743
        }
    },
    "xdr": {
        "rub2xdr": {
            "current_rate": 0.0089684940462587,
            "sparkline": "▂▃▃▃▃         ▂▇████▁▂▂▁▁▁▂▂▂▂"
        },
        "usd2xdr": {
            "current_rate": 0.701779,
            "sparkline": "▃▃▃▃▃         ▃█████▁▁▁▁▁▁▁▂▂▂"
        },
        "eur2xdr": {
            "current_rate": 0.8161093977495267,
            "sparkline": "▁▁▁▁▁         ▃█████▁▁▁▁▁▁▁▁▁▁"
        },
        "cny2xdr": {
            "current_rate": 0.09775169935368845,
            "sparkline": "▂▂▂▂▂         ▃█████▁▁▁▁▁▁▁▂▂▂"
        },
        "rsd2xdr": {
            "current_rate": 0.006967012116580364,
            "sparkline": "▁▁▁▁▁         ▃█████▁▁▁▁▁▁▁▁▁▁"
        }
    },
    "neer": {
        "rub": {
            "current_rate": 98.76591915987257,
            "sparkline": "▆▆▆▆▇▅▅▅▄▄▄▄▂▃▂▂▃▂▃▃▅▅▆▆▆▆▆▇▆▇"
        },
        "usd": {
            "current_rate": 104.01384162403414,
            "sparkline": "▆▅▆▆▇▅▅▄▃▃▃▃▂▃▃▃▂▂▃▃▄▄▄▄▄▄▄▅▅▅"
        },
        "eur": {
            "current_rate": 110.22159291136002,
            "sparkline": "▃▃▄▄▃▄▄▅▅▅▅▅▆▆▆▆▆▆▆▆▅▆▅▆▆▆▆▅▅▅"
        },
        "cny": {
            "current_rate": 103.78383543876288,
            "sparkline": "▅▅▅▅▆▄▅▄▃▃▃▃▃▃▃▃▃▃▄▄▄▄▅▄▄▅▅▅▅▅"
        },
        "rsd": {
            "current_rate": 110.36977588894588,
            "sparkline": "▃▄▄▄▄▄▄▄▄▄▅▅▅▆▅▅▅▅▆▅▅▅▅▅▄▄▅▄▄▄"
        }
    },
    "update_time": "2025-07-18 11:20:54",
    "update_time_display": "18.07 11:20"
}