{
    "rub2rsd": {
        "bank": {
            "current": 1.1796069149577715,
            "sparkline_full": " 1.19                             \n  █▇▇▆▅▆▄▂▁▂▃▃▃▄▃▃▃▃▃▃▃▂▃▄▄▄▄▅▆▆  \n         1.13                     "
        },
        "korona": {
            "current": 1.1268212785783833,
            "diff_percent": -4.474849690184956
        },
        "crypto": {
            "current": 1.1122903129721373,
            "diff_percent": -5.706697810265381
        },
        "forex": {
            "current": 1.2107621879585206,
            "diff_percent": 2.641157202936919
        }
    },
    "rub2eur": {
        "bank": {
            "current": 0.010131712259371834,
            "sparkline_full": " 97.5                             \n  █▇▆▆▆▅▄▃▁▂▃▃▃▄▃▃▃▃▃▃▂▃▃▃▄▄▄▅▅▆  \n         103                      "
        },
        "korona": {
            "current": 0.009651574120585725,
            "diff_percent": -4.738963429818897
        },
        "crypto": {
            "current": 0.009523900638944885,
            "diff_percent": -5.999100693613988
        },
        "forex": {
            "current": 0.010333753508286308,
            "diff_percent": 1.9941471267858595
        }
    },
    "rub2usd": {
        "bank": {
            "current": 0.011940298507462687,
            "sparkline_full": " 83.6                             \n  ▇▇▇▆▆▆▅▃▂▂▃▃▄▅▅▄▄▄▄▄▄▄▄▄▄▄▄▅▆▇  \n         87.6                     "
        },
        "korona": {
            "current": 0.011068971302341683,
            "diff_percent": -7.297365342888404
        },
        "crypto": {
            "current": 0.011202044802392033,
            "diff_percent": -6.182874779966728
        },
        "forex": {
            "current": 0.012270435490025976,
            "diff_percent": 2.7648972289675484
        }
    },
    "xdr": {
        "rub2xdr": {
            "current_rate": 0.00843554794527854,
            "sparkline": "████▇▆▃▁▁▁▂▂▃▃▃▁▂▂▂▂▁▁▁▂▂▃▃▄▅▅"
        },
        "usd2xdr": {
            "current_rate": 0.695924,
            "sparkline": "▅▅▆▅▅▅▄▅▅▅▅▅▅▅▅▃▄▄▄▄▄▄▄▅▅▅▅▅▅▅"
        },
        "eur2xdr": {
            "current_rate": 0.8163101566642113,
            "sparkline": "▃▃▅▄▄▄▄▄▄▄▄▄▄▅▆▄▄▄▄▄▄▄▄▃▄▄▄▄▄▄"
        },
        "cny2xdr": {
            "current_rate": 0.09774762627113882,
            "sparkline": "▅▅▆▅▄▅▄▅▅▅▄▄▅▅▅▃▄▄▄▄▄▄▄▄▅▅▅▅▅▅"
        },
        "rsd2xdr": {
            "current_rate": 0.006967138575331468,
            "sparkline": "▃▃▅▄▄▄▄▄▄▄▄▄▄▅▆▄▄▄▄▄▄▄▄▃▄▄▄▄▄▄"
        }
    },
    "neer": {
        "rub": {
            "current_rate": 92.90174792946537,
            "sparkline": "██▇▇▇▇▅▄▂▁▃▃▁▄▄▄▄▄▄▄▃▃▃▄▄▄▄▅▅▅"
        },
        "usd": {
            "current_rate": 103.50882615399206,
            "sparkline": "▅▅▅▅▅▅▅▅▅▅▄▄▄▄▄▄▅▄▄▄▄▄▅▅▅▅▅▅▅▅"
        },
        "eur": {
            "current_rate": 110.80274720337586,
            "sparkline": "▄▄▄▄▄▄▄▄▄▄▄▄▅▅▅▅▅▅▅▅▅▅▅▄▅▅▅▅▅▅"
        },
        "cny": {
            "current_rate": 104.66616081661637,
            "sparkline": "▅▅▄▄▄▄▄▄▅▅▄▄▄▄▄▄▅▅▅▄▅▄▅▅▅▅▅▅▅▅"
        },
        "rsd": {
            "current_rate": 110.72779092533636,
            "sparkline": "▄▄▄▄▄▄▅▄▅▅▄▄▄▅▅▅▄▄▄▅▅▅▄▄▅▄▄▄▄▄"
        }
    },
    "update_time": "2025-10-02 06:20:43",
    "update_time_display": "02.10 06:20"
}