{
    "rub2rsd": {
        "bank": {
            "current": 1.1805519131360211,
            "sparkline_full": "                1.24              \n    ▅▅▅▅▅▆▇▇▇▇▇▇▇██▇▇▇▇▆▅▅▄▄▄▄▂▁  \n                              1.18"
        },
        "korona": {
            "current": 1.1470828236037203,
            "diff_percent": -2.8350375074479786
        },
        "crypto": {
            "current": 1.186944516779694,
            "diff_percent": 0.5414928028612862
        },
        "forex": {
            "current": 1.2485353434829682,
            "diff_percent": 5.758614220221433
        }
    },
    "rub2eur": {
        "bank": {
            "current": 0.010165700925078784,
            "sparkline_full": "                 93.4             \n    ▅▅▅▅▅▆▆▇▇▇▇▇▇██▇▇▇▇▇▆▅▄▄▄▄▂▁  \n                              98.4"
        },
        "korona": {
            "current": 0.009815312238480207,
            "diff_percent": -3.446773510070199
        },
        "crypto": {
            "current": 0.010122924823735571,
            "diff_percent": -0.4207885089131854
        },
        "forex": {
            "current": 0.010654743862522431,
            "diff_percent": 4.810715375633158
        }
    },
    "rub2usd": {
        "bank": {
            "current": 0.011757789535567314,
            "sparkline_full": "             80.1                 \n    ▇▇▇▇▇▇██████████████▇▆▆▆▆▅▂▁  \n                              85.0"
        },
        "korona": {
            "current": 0.011258051070799099,
            "diff_percent": -4.2502756428536665
        },
        "crypto": {
            "current": 0.011685955904603007,
            "diff_percent": -0.6109450313514324
        },
        "forex": {
            "current": 0.012162535256149073,
            "diff_percent": 3.44236235354786
        }
    },
    "xdr": {
        "rub2xdr": {
            "current_rate": 0.008534158022561458,
            "sparkline": "  ▄█████▃▄▄▃▃▃▄▄▄▄▄▄▄▄▃▃▂▂▂▂▁▁"
        },
        "usd2xdr": {
            "current_rate": 0.69341,
            "sparkline": "  ▃▇▇▇▇▇▂▂▂▂▂▂▂▃▃▃▃▃▃▂▂▂▂▂▂▂▂▂"
        },
        "eur2xdr": {
            "current_rate": 0.8009726120756373,
            "sparkline": "  ▄█████▂▂▂▂▂▂▂▂▂▂▂▂▂▂▂▂▂▂▂▂▁▁"
        },
        "cny2xdr": {
            "current_rate": 0.09664250871080138,
            "sparkline": "  ▃▇▇▇▇▇▂▂▂▂▂▂▂▂▂▂▂▂▂▂▂▂▂▂▂▂▂▂"
        },
        "rsd2xdr": {
            "current_rate": 0.006835335553060277,
            "sparkline": "  ▄█████▂▂▂▂▂▂▂▂▂▂▂▂▂▂▂▂▂▂▂▂▁▁"
        }
    },
    "neer": {
        "rub": {
            "current_rate": 95.25449767407237,
            "sparkline": "▄▅▄▄▅▄▅▅▆▆▇▆▆▇▆▇▇▆▆▆▆▆▅▅▄▄▄▄▂▂"
        },
        "usd": {
            "current_rate": 104.14153014513732,
            "sparkline": "▄▄▄▄▄▄▄▄▄▄▅▄▄▅▅▅▅▅▅▅▅▅▄▄▄▄▄▄▅▅"
        },
        "eur": {
            "current_rate": 109.93791738848964,
            "sparkline": "▅▅▅▅▅▅▄▄▄▄▄▄▄▄▄▄▄▄▄▄▄▅▅▅▅▅▅▅▄▄"
        },
        "cny": {
            "current_rate": 104.09977597492303,
            "sparkline": "▄▄▄▄▄▄▄▄▄▄▅▅▅▅▅▅▅▅▅▅▅▅▄▄▅▅▅▅▅▅"
        },
        "rsd": {
            "current_rate": 110.34786896044157,
            "sparkline": "▅▅▅▅▅▅▅▅▅▅▅▅▄▄▄▄▅▄▄▄▅▅▅▅▅▅▅▅▅▄"
        }
    },
    "update_time": "2025-07-30 08:50:42",
    "update_time_display": "30.07 08:50"
}