{
    "rub2rsd": {
        "bank": {
            "current": 1.1966715583654168,
            "sparkline_full": "   1.23                           \n  ▁▆█▆▆▆▆▅▆▆▄▄▄▆▄▄▅▃▃▂▂▃▅▅▁▁▁▂▂▂  \n                           1.19   "
        },
        "korona": {
            "current": 1.1558122988942285,
            "diff_percent": -3.414408839715356
        },
        "crypto": {
            "current": 1.1745943586577414,
            "diff_percent": -1.8448837990126188
        },
        "forex": {
            "current": 1.2509889913934331,
            "diff_percent": 4.5390427012580385
        }
    },
    "rub2eur": {
        "bank": {
            "current": 0.010317787866281469,
            "sparkline_full": "   94.8                           \n  ▁▆█▇▇▆▆▅▆▆▅▅▅▅▄▄▄▄▄▃▂▃▃▃▁▁▁▂▃▃  \n                           97.5   "
        },
        "korona": {
            "current": 0.00989989121108547,
            "diff_percent": -4.050254382159623
        },
        "crypto": {
            "current": 0.010092010324208466,
            "diff_percent": -2.1882359377715423
        },
        "forex": {
            "current": 0.010680293110487732,
            "diff_percent": 3.513400826847108
        }
    },
    "rub2usd": {
        "bank": {
            "current": 0.01199760047990402,
            "sparkline_full": "          81.9                    \n  ▁▄▅▅▅▆▆▅██▆▆▆▇▇▇▆▆▆▆▅▅▇▇▄▄▄▄▄▃  \n 84.1                             "
        },
        "korona": {
            "current": 0.011303787764246735,
            "diff_percent": -5.7829289850034735
        },
        "crypto": {
            "current": 0.011711945560751153,
            "diff_percent": -2.3809337511391417
        },
        "forex": {
            "current": 0.012431301519975237,
            "diff_percent": 3.614898168993594
        }
    },
    "xdr": {
        "rub2xdr": {
            "current_rate": 0.008724973659627955,
            "sparkline": "▁▂▃▄▅█▇▇█▇▆▆▇▇██▇▇▆▅▃▄▄▅▅▄▄▄▅▅"
        },
        "usd2xdr": {
            "current_rate": 0.701052,
            "sparkline": "▃▃▃▃▃▆▆▆▆▅▅▅▅▅▅▅▆▆▅▄▄▄▅▅▅▄▄▅▅▅"
        },
        "eur2xdr": {
            "current_rate": 0.8169226789347466,
            "sparkline": "▂▁▁▃▃▆▆▇▇▆▆▆▆▆█▇▇█▇▆▆▅▆▆█▆▆▆▆▆"
        },
        "cny2xdr": {
            "current_rate": 0.09806294586655477,
            "sparkline": "▃▃▃▃▃▆▆▆▆▅▅▅▅▆▆▆▆▆▅▄▄▄▅▆▆▄▅▆▆▆"
        },
        "rsd2xdr": {
            "current_rate": 0.006974460782352298,
            "sparkline": "▂▁▁▃▃▆▆▇█▆▆▆▆▇█▇██▇▆▆▅▆▆█▆▆▆▆▇"
        }
    },
    "neer": {
        "rub": {
            "current_rate": 95.6041397368026,
            "sparkline": "▁▃█▇▇▆█▇▅█▆▆██▆▇▆▅▅▆▄▄▄▅▄▄▅▄▄▅"
        },
        "usd": {
            "current_rate": 103.86354725535577,
            "sparkline": "▄▆▆▄▄▄▅▄▃▃▃▃▄▄▃▃▃▃▃▃▄▄▄▄▃▃▃▃▃▃"
        },
        "eur": {
            "current_rate": 110.27978212898255,
            "sparkline": "▄▃▃▅▅▄▄▅▅▅▅▅▅▅▆▅▆▆▆▅▆▅▅▅▆▆▆▅▅▅"
        },
        "cny": {
            "current_rate": 104.34875064333528,
            "sparkline": "▅▆▆▃▃▅▅▄▄▄▄▄▄▄▃▄▄▃▃▄▄▄▅▅▄▄▄▅▅▅"
        },
        "rsd": {
            "current_rate": 110.47126589231729,
            "sparkline": "▅▄▄▅▅▅▅▄▅▅▅▅▆▅▅▅▆▅▅▃▃▅▅▅▅▅▅▅▅▅"
        }
    },
    "update_time": "2025-08-28 07:05:43",
    "update_time_display": "28.08 07:05"
}