{
    "rub2rsd": {
        "bank": {
            "current": 1.1882373192784592,
            "sparkline_full": " 1.24                             \n  █▆▄▄▄▄▄▄▄▃▃▃▅▆▆▆▇▇▇▇▆▃  ▁▁▂▂▃▃  \n                          1.16    "
        },
        "korona": {
            "current": 1.1523888361275438,
            "diff_percent": -3.0169464103924857
        },
        "crypto": {
            "current": 1.204928095320893,
            "diff_percent": 1.404666876863368
        },
        "forex": {
            "current": 1.248612771521726,
            "diff_percent": 5.081093756584656
        }
    },
    "rub2eur": {
        "bank": {
            "current": 0.01025010250102501,
            "sparkline_full": " 93.7                             \n  █▆▄▄▄▅▄▄▄▃▃▃▄▆▅▆▇▇▇▇▆▃  ▁▁▂▂▂▃  \n                         99.8     "
        },
        "korona": {
            "current": 0.009869722817125249,
            "diff_percent": -3.7109841961260743
        },
        "crypto": {
            "current": 0.010355964388967357,
            "diff_percent": 1.0327885787655362
        },
        "forex": {
            "current": 0.010643189425706322,
            "diff_percent": 3.8349560371908753
        }
    },
    "rub2usd": {
        "bank": {
            "current": 0.01196888090963495,
            "sparkline_full": "                   80.3           \n  █▆▄▄▄▅▅▄▄▄▃▃▅▇▇▇████▇▄  ▁▁▂▃▃▃  \n                          85.0    "
        },
        "korona": {
            "current": 0.011275032291414923,
            "diff_percent": -5.7971052052283305
        },
        "crypto": {
            "current": 0.012068526593368574,
            "diff_percent": 0.8325396875944299
        },
        "forex": {
            "current": 0.012783359134413187,
            "diff_percent": 6.804965568022165
        }
    },
    "xdr": {
        "rub2xdr": {
            "current_rate": 0.008680228287879782,
            "sparkline": "█▅▃▃▃▃▃▂▂▂▁▁▃▆▅▃▄▄▄▅▄▃▄▃▁▁▁▁▂▂"
        },
        "usd2xdr": {
            "current_rate": 0.69877,
            "sparkline": "▆▅▅▄▄▄▄▄▄▄▄▅▄▄▃▃▄▄▄▄▄▄▄▄▄▄▅▄▅▅"
        },
        "eur2xdr": {
            "current_rate": 0.8155664566971409,
            "sparkline": "▅▅▅▅▄▄▄▄▄▄▄▄▅▅▄▄▄▄▄▄▄▄▄▄▄▄▄▄▄▄"
        },
        "cny2xdr": {
            "current_rate": 0.10007160553940453,
            "sparkline": "▅▄▄▃▃▃▃▃▄▄▄▄▄▄▃▃▄▄▄▄▄▅▅▄▅▅▅▅▅▆"
        },
        "rsd2xdr": {
            "current_rate": 0.006951897726707457,
            "sparkline": "▄▅▅▅▄▄▄▄▄▄▄▄▄▅▄▄▄▄▄▄▄▄▄▄▄▄▄▄▄▄"
        }
    },
    "neer": {
        "rub": {
            "current_rate": 95.35551872397971,
            "sparkline": "█▆▃▃▂▃▃▃▂▂▁▂▂▃▄▄▅▄▅▅▆▅▅▅▁▁▅▅▁▁"
        },
        "usd": {
            "current_rate": 103.37087058702008,
            "sparkline": "▅▅▅▄▅▄▄▅▅▅▅▅▅▄▄▄▄▄▄▄▄▄▄▄▄▄▄▄▄▄"
        },
        "eur": {
            "current_rate": 110.20136495657438,
            "sparkline": "▄▅▅▅▅▅▅▅▅▅▅▅▅▅▅▅▅▅▅▅▅▅▅▄▄▄▄▄▄▄"
        },
        "cny": {
            "current_rate": 107.72669565118625,
            "sparkline": "▄▄▄▄▄▄▄▄▄▄▄▄▄▄▄▄▄▄▄▄▅▅▅▅▅▅▅▅▅▅"
        },
        "rsd": {
            "current_rate": 110.24822278540981,
            "sparkline": "▄▄▅▅▅▄▄▅▅▅▅▅▄▅▅▅▅▅▅▄▅▄▄▄▅▄▅▅▄▄"
        }
    },
    "specific_rates": {
        "rub_kzt_bank": 6.14,
        "rub_kzt_crypto": 6.203222668991447,
        "kzt_rsd_bank": 0.1942422768965017,
        "rsd_eur_cash": 0.00844737286703835,
        "eur_rsd_cash": 116.75999999999999,
        "rsd_usd_cash": 0.009784051995247746,
        "usd_rsd_cash": 98.37142857142858,
        "eur_usd_exch": 1.1671457800093605,
        "usd_kzt_bank": 507.0
    },
    "update_time": "2026-01-08 12:20:46",
    "update_time_display": "08.01 12:20"
}