{
    "rub2rsd": {
        "bank": {
            "current": 1.1915214582159852,
            "sparkline_full": "  1.23                            \n  ▆█▆▆▆▆▅▆▆▄▄▄▆▄▄▅▃▃▂▂▃▅▅▁▁▁▂▂▂▁  \n                          1.19    "
        },
        "korona": {
            "current": 1.1504613617446109,
            "diff_percent": -3.4460224101084904
        },
        "crypto": {
            "current": 1.151493272906033,
            "diff_percent": -3.3594179134536724
        },
        "forex": {
            "current": 1.2458743720454968,
            "diff_percent": 4.561639528581541
        }
    },
    "rub2eur": {
        "bank": {
            "current": 0.010300782859497322,
            "sparkline_full": "  94.8                            \n  ▆█▇▇▆▆▅▆▆▅▅▅▅▄▄▄▄▄▃▂▃▃▃▁▁▁▂▃▂▂  \n                          97.5    "
        },
        "korona": {
            "current": 0.009851045299342234,
            "diff_percent": -4.366052233985591
        },
        "crypto": {
            "current": 0.009905362344951141,
            "diff_percent": -3.8387423552143196
        },
        "forex": {
            "current": 0.010632471301722167,
            "diff_percent": 3.2200313971187993
        }
    },
    "rub2usd": {
        "bank": {
            "current": 0.01201634222542658,
            "sparkline_full": "         81.9                     \n  ▃▄▄▄▅▅▄▆▇▅▅▅▆▆▆▅▅▅▄▃▄▆▅▃▃▃▃▃▂▃  \n                             83.3 "
        },
        "korona": {
            "current": 0.01125145586058299,
            "diff_percent": -6.365384328228346
        },
        "crypto": {
            "current": 0.011531888634066734,
            "diff_percent": -4.031622787296637
        },
        "forex": {
            "current": 0.012448401376295257,
            "diff_percent": 3.595596253529132
        }
    },
    "xdr": {
        "rub2xdr": {
            "current_rate": 0.008697686762649478,
            "sparkline": "▁▂▄▄▇▇▆█▆▅▆▆▇▇▇▆▆▆▄▃▃▄▄▄▄▃▄▄▄▄"
        },
        "usd2xdr": {
            "current_rate": 0.699264,
            "sparkline": "▃▃▃▃▆▆▆▆▅▅▅▅▅▅▅▅▆▅▄▄▄▅▅▅▄▄▅▅▅▅"
        },
        "eur2xdr": {
            "current_rate": 0.8180305891106135,
            "sparkline": "▁▁▃▃▆▆▇▇▆▆▆▆▆█▇▇█▇▆▆▅▆▆█▆▆▆▆▇▇"
        },
        "cny2xdr": {
            "current_rate": 0.09806248948224602,
            "sparkline": "▃▃▂▂▆▆▆▆▅▅▅▅▅▆▆▆▆▅▄▄▄▅▆▆▄▅▆▆▇▆"
        },
        "rsd2xdr": {
            "current_rate": 0.0069811908470109015,
            "sparkline": "▁▁▃▃▆▆▇█▆▆▆▆▇█▇██▇▆▆▅▆▆█▆▆▆▆▇▇"
        }
    },
    "neer": {
        "rub": {
            "current_rate": 95.44843148577161,
            "sparkline": "▂▇▆▆▅▇▅▄▇▅▅▇▆▄▅▅▄▄▅▃▄▅▅▃▂▃▃▃▃▃"
        },
        "usd": {
            "current_rate": 103.70234926566773,
            "sparkline": "▆▆▄▄▄▅▄▃▃▃▃▄▄▃▃▃▃▃▃▃▄▄▄▃▃▃▃▃▃▃"
        },
        "eur": {
            "current_rate": 110.28783501279796,
            "sparkline": "▃▃▅▅▄▄▅▅▅▅▅▅▅▆▅▅▆▆▅▆▅▅▅▆▆▆▅▅▅▅"
        },
        "cny": {
            "current_rate": 104.61078513517566,
            "sparkline": "▆▆▃▃▅▅▄▄▄▄▄▄▄▃▄▄▃▃▄▄▄▅▅▄▄▅▅▆▅▆"
        },
        "rsd": {
            "current_rate": 110.48225330204255,
            "sparkline": "▃▄▄▄▄▄▄▅▄▄▄▅▄▄▅▅▄▄▃▃▆▃▆▅▅▃▃▄▄▄"
        }
    },
    "update_time": "2025-08-29 23:35:42",
    "update_time_display": "29.08 23:35"
}