{
    "rub2rsd": {
        "bank": {
            "current": 1.2742964595209971,
            "sparkline_full": "                              1.27\n  ▁▂▂▂▃▃▃▄▄▄▄▄▅▅▆▆▆▅▅▆▆▆▇▇▇▇▇▇▇█  \n 1.19                             "
        },
        "korona": {
            "current": 1.244283287978959,
            "diff_percent": -2.355273870361378
        },
        "crypto": {
            "current": 1.3099147159707838,
            "diff_percent": 2.7951310845810107
        },
        "forex": {
            "current": 1.3370731624456018,
            "diff_percent": 4.92638133423067
        }
    },
    "rub2eur": {
        "bank": {
            "current": 0.01099989000109999,
            "sparkline_full": "                              90.9\n  ▁▁▁▂▃▃▃▃▄▃▄▄▅▅▆▆▆▅▅▅▅▆▇▇▇▇▇▇▇█  \n   97.4                           "
        },
        "korona": {
            "current": 0.010653110342285608,
            "diff_percent": -3.1525738782815433
        },
        "crypto": {
            "current": 0.011276004040831188,
            "diff_percent": 2.5101527351963244
        },
        "forex": {
            "current": 0.011393445796693213,
            "diff_percent": 3.5778157377379953
        }
    },
    "rub2usd": {
        "bank": {
            "current": 0.012883277505797474,
            "sparkline_full": "                              77.6\n  ▁▁▁▂▂▂▂▃▃▄▄▅▅▅▆▇▇▇▇▇▇████▇▇▇██  \n  84.7                            "
        },
        "korona": {
            "current": 0.012215108359656002,
            "diff_percent": -5.186328912350105
        },
        "crypto": {
            "current": 0.0131797449827897,
            "diff_percent": 2.3011805564136654
        },
        "forex": {
            "current": 0.013367536403143511,
            "diff_percent": 3.7588175611999417
        }
    },
    "xdr": {
        "rub2xdr": {
            "current_rate": 0.009282584484852028,
            "sparkline": "▁▁▂▁▂▂▂▂▃▄▄▅▅▅▆▇▇▆▆▆▆▇████████"
        },
        "usd2xdr": {
            "current_rate": 0.6962,
            "sparkline": "▆▆▆▅▅▆▆▆▅▅▄▄▄▃▄▃▃▃▃▃▃▃▃▃▃▄▄▄▄▄"
        },
        "eur2xdr": {
            "current_rate": 0.8147302098497863,
            "sparkline": "▄▄▅▄▄▄▄▄▄▅▄▄▄▄▄▅▄▄▄▄▄▄▄▄▄▄▄▄▄▄"
        },
        "cny2xdr": {
            "current_rate": 0.1018476527641646,
            "sparkline": "▅▅▆▄▅▅▅▅▅▆▄▄▄▄▄▄▃▃▃▄▄▄▄▄▄▄▄▄▄▄"
        },
        "rsd2xdr": {
            "current_rate": 0.0069424656373130115,
            "sparkline": "▄▄▅▄▄▄▄▄▄▅▄▄▄▄▄▅▄▄▄▄▄▄▄▄▄▄▄▄▄▄"
        }
    },
    "neer": {
        "rub": {
            "current_rate": 101.85974195762144,
            "sparkline": "▁▂▁▃▃▃▃▃▄▄▄▅▅▅▅▆▇▇▆▆▆▆▇▇█▇▇▇▇█"
        },
        "usd": {
            "current_rate": 102.05359336986426,
            "sparkline": "▆▅▅▅▅▆▆▅▅▄▄▄▄▄▄▃▄▃▃▄▄▄▃▄▄▄▄▄▄▄"
        },
        "eur": {
            "current_rate": 109.68492973648118,
            "sparkline": "▄▄▄▄▄▄▄▄▄▄▄▄▅▅▄▄▄▄▄▄▄▄▄▄▄▄▄▄▄▄"
        },
        "cny": {
            "current_rate": 110.36585578805996,
            "sparkline": "▅▅▅▅▅▄▄▅▅▅▅▅▄▄▅▄▄▄▄▄▄▄▄▄▄▄▄▄▄▄"
        },
        "rsd": {
            "current_rate": 109.76159682178947,
            "sparkline": "▆▆▆▆▆▃▃▆▆▆▆▆▄▄▆▆▆▆▆▃▃▆▆▃▃▃▃▃▃▃"
        }
    },
    "specific_rates": {
        "rub_kzt_bank": 5.94,
        "rub_kzt_crypto": 6.089042182048842,
        "kzt_rsd_bank": 0.21512656289893256,
        "rsd_eur_cash": 0.00844880027036161,
        "eur_rsd_cash": 116.8,
        "rsd_usd_cash": 0.009816983381249561,
        "usd_rsd_cash": 98.30714285714285,
        "eur_usd_exch": 1.1702531023409741,
        "usd_kzt_bank": 455.0
    },
    "update_time": "2026-04-28 12:05:47",
    "update_time_display": "28.04 12:05"
}