{
    "rub2rsd": {
        "bank": {
            "current": 1.23224214481933,
            "sparkline_full": "                              1.23\n   ▄▃▂▃▃▃▅▄▅ ▅▄▄▄▅▃▃▃▃▃▃▄▄▅▄▄▄▅▇  \n    1.19                          "
        },
        "korona": {
            "current": 1.1859868786189036,
            "diff_percent": -3.753748108267162
        },
        "crypto": {
            "current": 1.2496800769195153,
            "diff_percent": 1.4151384266070641
        },
        "forex": {
            "current": 1.2752197628579236,
            "diff_percent": 3.4877575174070206
        }
    },
    "rub2eur": {
        "bank": {
            "current": 0.0105977108944468,
            "sparkline_full": "                              94.4\n   ▄▂▃▃▃▃▄▅▄▄▅▅▅▄▅▄▃▃▄▄▄▅▅▆▅▄▄▅▇  \n   98.5                           "
        },
        "korona": {
            "current": 0.010153997248449518,
            "diff_percent": -4.186881963630351
        },
        "crypto": {
            "current": 0.010745312747553207,
            "diff_percent": 1.3927710859120601
        },
        "forex": {
            "current": 0.010869341584014454,
            "diff_percent": 2.563107186760391
        }
    },
    "rub2usd": {
        "bank": {
            "current": 0.012012012012012012,
            "sparkline_full": "                              83.2\n   ▁▁▁▄▄▄▆▇▆▆▇▇▇▇█▆▅▅▆▆▆▇▇▇▆▆▆▇█  \n   89.1                           "
        },
        "korona": {
            "current": 0.011230936350557798,
            "diff_percent": -6.502454881606328
        },
        "crypto": {
            "current": 0.012155894343757103,
            "diff_percent": 1.197820411777884
        },
        "forex": {
            "current": 0.01235110740028951,
            "diff_percent": 2.822969107410171
        }
    },
    "xdr": {
        "rub2xdr": {
            "current_rate": 0.008877853267038242,
            "sparkline": "        ▄▃▃▄▄▄▇▄▂▁▂▄▄▃▄▄▄▄▃▃▆█"
        },
        "usd2xdr": {
            "current_rate": 0.720178,
            "sparkline": "        ▆▆▆▆▆▆▅▃▄▅▆▆▆▆▅▅▆▆▆▆▆▆"
        },
        "eur2xdr": {
            "current_rate": 0.8167793052060214,
            "sparkline": "        ▃▄▄▄▄▄▇▄▃▃▄▅▅▄▄▃▂▄▃▃▄▄"
        },
        "cny2xdr": {
            "current_rate": 0.09872213845099383,
            "sparkline": "        ▅▅▅▆▆▆▅▃▄▅▆▆▆▆▅▅▆▆▆▆▆▆"
        },
        "rsd2xdr": {
            "current_rate": 0.0069618222094848066,
            "sparkline": "        ▄▄▄▄▅▅▅▄▅▄▅▅▅▄▅▅▄▅▅▅▅▅"
        }
    },
    "neer": {
        "rub": {
            "current_rate": 96.8047463429554,
            "sparkline": "▅▃▃▂▂▂▂▂▅▅▅▆▅▆▆▇▆▅▄▅▅▅▅▅▆▆▅▅▄▇"
        },
        "usd": {
            "current_rate": 105.58491966945705,
            "sparkline": "▆▆▆▅▄▄▄▄▄▄▄▄▃▃▄▃▃▃▃▃▃▃▃▃▃▃▃▃▃▃"
        },
        "eur": {
            "current_rate": 108.15817886907116,
            "sparkline": "▃▃▄▄▅▆▆▆▅▅▅▅▅▅▅▆▅▅▅▅▅▅▅▅▄▄▄▄▄▄"
        },
        "cny": {
            "current_rate": 103.6812286319572,
            "sparkline": "▆▆▅▅▄▄▄▄▄▄▄▄▄▄▄▃▄▄▄▄▄▄▄▄▄▄▄▄▃▄"
        },
        "rsd": {
            "current_rate": 109.39816084530814,
            "sparkline": "▄▄▄▃▅▅▅▅▄▅▅▅▄▄▆▅▄▅▅▄▄▅▅▄▄▄▅▅▄▄"
        }
    },
    "update_time": "2025-05-06 18:35:47",
    "update_time_display": "06.05 18:35"
}