{
    "rub2rsd": {
        "bank": {
            "current": 1.2333197802466032,
            "sparkline_full": "                          1.23    \n  ▃▂▃▃▃▂▃▃▂▂▂▂▁▁▂▁▁▁▁▁▁▂▆████▇██  \n                   1.19           "
        },
        "korona": {
            "current": 1.1966178284311284,
            "diff_percent": -2.9758666327508485
        },
        "crypto": {
            "current": 1.2562391900403438,
            "diff_percent": 1.8583509452153504
        },
        "forex": {
            "current": 1.2988034941304265,
            "diff_percent": 5.309548661477709
        }
    },
    "rub2eur": {
        "bank": {
            "current": 0.0106315118009781,
            "sparkline_full": "                              94.1\n  ▃▂▂▂▂▂▂▂▂▂▂▂▁▁▂▁▁▁▁▁▁▂▆████▆██  \n                   97.7           "
        },
        "korona": {
            "current": 0.010246268867300182,
            "diff_percent": -3.6235950341744885
        },
        "crypto": {
            "current": 0.010830756159134022,
            "diff_percent": 1.8740924328146096
        },
        "forex": {
            "current": 0.0110627579153369,
            "diff_percent": 4.056300951658872
        }
    },
    "rub2usd": {
        "bank": {
            "current": 0.012331976815883586,
            "sparkline_full": "                              81.1\n  ▄▂▁▁▁▁▁▁▁▁▁▁▁▁▂▂▂▂▁▁▁▁▅▆▆▇▇▆██  \n             84.2                 "
        },
        "korona": {
            "current": 0.011567112889619414,
            "diff_percent": -6.202281578076174
        },
        "crypto": {
            "current": 0.012538683091920542,
            "diff_percent": 1.6761811923836794
        },
        "forex": {
            "current": 0.012779503720752509,
            "diff_percent": 3.6289956715820972
        }
    },
    "xdr": {
        "rub2xdr": {
            "current_rate": 0.009014361316074995,
            "sparkline": "▃▃▃▂▂▃▂▂▃▂▂▁▁▁▂▂▂▄▁▁▂▃▆▇▇██▇██"
        },
        "usd2xdr": {
            "current_rate": 0.702676,
            "sparkline": "▃▄▄▃▅▅▅▅▅▄▄▄▄▄▄▄▄▆▃▄▄▄▅▅▅▅▅▄▄▃"
        },
        "eur2xdr": {
            "current_rate": 0.8148385226416188,
            "sparkline": "▂▃▃▃▃▃▃▃▄▄▄▃▄▃▄▄▄▇▃▃▃▂▃▃▃▄▄▃▄▃"
        },
        "cny2xdr": {
            "current_rate": 0.09924521906160842,
            "sparkline": "▃▃▃▃▄▄▄▄▅▄▄▃▄▃▄▄▄▆▃▃▄▄▅▅▅▅▅▄▄▄"
        },
        "rsd2xdr": {
            "current_rate": 0.006940512061149234,
            "sparkline": "▂▃▂▃▃▃▃▃▄▄▄▃▄▃▄▄▄▇▃▃▃▂▃▃▃▃▄▃▃▃"
        }
    },
    "neer": {
        "rub": {
            "current_rate": 98.34188840965372,
            "sparkline": "▆▃▄▄▄▄▄▂▁▁▁▁▂▁▁▂▃▃▃▂▂▃▄██▃█▇██"
        },
        "usd": {
            "current_rate": 104.31660151959234,
            "sparkline": "▅▅▅▅▅▅▅▅▅▅▄▄▄▄▄▄▄▄▄▄▄▅▅▅▅▅▅▄▄▄"
        },
        "eur": {
            "current_rate": 110.2891822331917,
            "sparkline": "▄▄▄▄▄▄▄▄▅▅▅▅▅▅▅▅▅▅▅▅▅▄▄▄▄▄▄▅▅▅"
        },
        "cny": {
            "current_rate": 106.83819105807488,
            "sparkline": "▄▃▄▄▄▄▄▄▄▄▄▄▄▄▄▄▄▄▄▄▄▅▅▅▅▆▅▅▅▅"
        },
        "rsd": {
            "current_rate": 110.08626598848534,
            "sparkline": "▆▅▅▅▅▅▄▄▄▅▅▅▅▅▅▄▄▅▅▅▃▄▄▄▄▄▅▄▄▄"
        }
    },
    "specific_rates": {
        "rub_kzt_bank": 6.4,
        "rub_kzt_crypto": 6.520115207798682,
        "kzt_rsd_bank": 0.1926713179144076,
        "rsd_eur_cash": 0.00849514563106796,
        "eur_rsd_cash": 116.78571428571429,
        "rsd_usd_cash": 0.009666505558240696,
        "usd_rsd_cash": 99.51428571428572,
        "eur_usd_exch": 1.1596219632399838,
        "usd_kzt_bank": 514.0
    },
    "update_time": "2025-11-28 01:06:31",
    "update_time_display": "28.11 01:06"
}