{
    "rub2rsd": {
        "bank": {
            "current": 1.2345224062582125,
            "sparkline_full": " 1.25                             \n  ███         ▁▁▁▁▁▂▄▅▅▅▅▄▅▇▆▆▅▅  \n             1.21                 "
        },
        "korona": {
            "current": 1.1927105943647889,
            "diff_percent": -3.386881573105956
        },
        "crypto": {
            "current": 1.197476382225143,
            "diff_percent": -3.0008385303717935
        },
        "forex": {
            "current": 1.2813081411322245,
            "diff_percent": 3.789784181869782
        }
    },
    "rub2eur": {
        "bank": {
            "current": 0.010641694157709908,
            "sparkline_full": "  92.8                            \n  ██▇         ▁▁▂▂▂▂▄▄▅▅▅▄▅▆▇▅▅▅  \n              95.5                "
        },
        "korona": {
            "current": 0.01022031357639065,
            "diff_percent": -3.959713322657061
        },
        "crypto": {
            "current": 0.010282252608043947,
            "diff_percent": -3.3776722422110312
        },
        "forex": {
            "current": 0.010930939884282485,
            "diff_percent": 2.718042092602505
        }
    },
    "rub2usd": {
        "bank": {
            "current": 0.012405408758218583,
            "sparkline_full": "                       80.1       \n  ▅▅▄         ▃▃▄▄▄▄▅▆▆▆▆▅▅▅▆▄▄▄  \n              81.0                "
        },
        "korona": {
            "current": 0.01178983853781476,
            "diff_percent": -4.962111546675217
        },
        "crypto": {
            "current": 0.011962359243345246,
            "diff_percent": -3.5714221393939747
        },
        "forex": {
            "current": 0.012769288329253546,
            "diff_percent": 2.9332332221128397
        }
    },
    "xdr": {
        "rub2xdr": {
            "current_rate": 0.008926323699704296,
            "sparkline": "▃▃▃         ▂▇████▁▂▂▁▁▁▂▂▂▂▂▁"
        },
        "usd2xdr": {
            "current_rate": 0.701779,
            "sparkline": "▃▃▃         ▃█████▁▁▁▁▁▁▁▂▂▂▂▂"
        },
        "eur2xdr": {
            "current_rate": 0.8166108124461822,
            "sparkline": "▁▁▁         ▃█████▁▁▁▁▁▁▁▁▁▁▁▁"
        },
        "cny2xdr": {
            "current_rate": 0.09776872226749977,
            "sparkline": "▂▂▂         ▃█████▁▁▁▁▁▁▁▂▂▂▂▂"
        },
        "rsd2xdr": {
            "current_rate": 0.00696657065787202,
            "sparkline": "▁▁▁         ▃█████▁▁▁▁▁▁▁▁▁▁▁▁"
        }
    },
    "neer": {
        "rub": {
            "current_rate": 98.09512194869119,
            "sparkline": "▆▆▇▅▅▅▄▄▄▄▂▃▂▂▂▂▂▃▅▅▆▆▆▆▆▇▇▇▅▅"
        },
        "usd": {
            "current_rate": 103.9987989037065,
            "sparkline": "▆▆▇▅▅▄▃▃▃▃▂▃▂▂▂▂▃▃▄▄▄▄▃▄▄▅▅▅▅▅"
        },
        "eur": {
            "current_rate": 110.21077191956853,
            "sparkline": "▃▃▃▄▄▅▅▅▅▅▆▆▆▆▆▆▆▆▅▅▅▆▅▆▅▅▅▅▅▅"
        },
        "cny": {
            "current_rate": 103.88378298702311,
            "sparkline": "▆▆▇▄▅▃▃▃▃▃▂▃▃▃▃▃▃▄▄▄▅▄▄▅▅▅▅▅▅▆"
        },
        "rsd": {
            "current_rate": 110.38262505184936,
            "sparkline": "▃▃▄▄▄▄▄▄▄▅▅▆▅▅▅▅▆▅▅▅▅▅▄▄▄▄▄▄▄▄"
        }
    },
    "update_time": "2025-07-20 23:05:55",
    "update_time_display": "20.07 23:05"
}