{
    "rub2rsd": {
        "bank": {
            "current": 1.2258136745648163,
            "sparkline_full": "             1.23                 \n  ▅▄▄▄▄▄▆▇▇▇████▇▃  ▁▁▂▃▃▄▅▇▇▇▇█  \n                    1.16          "
        },
        "korona": {
            "current": 1.1863326450810108,
            "diff_percent": -3.220801848031423
        },
        "crypto": {
            "current": 1.212156388884078,
            "diff_percent": -1.114140424774325
        },
        "forex": {
            "current": 1.2801347055195542,
            "diff_percent": 4.431426413481869
        }
    },
    "rub2eur": {
        "bank": {
            "current": 0.010550749103186326,
            "sparkline_full": "             94.7                 \n  ▅▅▅▄▃▃▅▇▆▇████▇▄  ▁▁▃▃▃▄▆▇▇▇▇█  \n                   99.8           "
        },
        "korona": {
            "current": 0.010154059729652018,
            "diff_percent": -3.759821882358172
        },
        "crypto": {
            "current": 0.010348054658080337,
            "diff_percent": -1.9211379507145572
        },
        "forex": {
            "current": 0.010911347589282845,
            "diff_percent": 3.417752451222808
        }
    },
    "rub2usd": {
        "bank": {
            "current": 0.012297097884899164,
            "sparkline_full": "             80.3                 \n  ▅▄▄▄▃▃▅▇▇▇████▇▃  ▁▁▂▂▂▃▄▅▅▆▆▇  \n                    85.0          "
        },
        "korona": {
            "current": 0.011548626381903243,
            "diff_percent": -6.086570262362834
        },
        "crypto": {
            "current": 0.012035892699398296,
            "diff_percent": -2.1241205684930637
        },
        "forex": {
            "current": 0.012727325950635793,
            "diff_percent": 3.498614630570269
        }
    },
    "xdr": {
        "rub2xdr": {
            "current_rate": 0.00891780757748,
            "sparkline": "▄▃▂▂▁▂▄▇▆▄▅▅▅▆▅▄▅▄▁▂▁▁▂▂▅▆▇███"
        },
        "usd2xdr": {
            "current_rate": 0.700952,
            "sparkline": "▄▄▄▄▄▅▅▄▃▃▃▄▃▃▄▄▄▄▄▄▅▄▅▅▅▅▆▆▆▆"
        },
        "eur2xdr": {
            "current_rate": 0.8172966267007289,
            "sparkline": "▅▄▄▄▄▄▅▅▄▄▄▄▄▄▄▄▄▄▄▄▄▄▄▄▄▄▄▅▄▅"
        },
        "cny2xdr": {
            "current_rate": 0.10051364412005105,
            "sparkline": "▃▃▃▃▃▃▃▃▂▂▃▃▃▃▄▄▄▄▄▄▅▅▅▆▆▆▇▇▆▇"
        },
        "rsd2xdr": {
            "current_rate": 0.006966304045214231,
            "sparkline": "▅▄▄▄▅▅▅▅▄▄▄▅▄▄▅▄▅▄▄▅▅▄▄▄▄▄▄▅▅▅"
        }
    },
    "neer": {
        "rub": {
            "current_rate": 97.70237808694505,
            "sparkline": "▄▄▂▃▃▃▃▄▅▅▆▆▆▆▇▆▆▆▆▆▆▆▂▂▃▅▅▄▆▆"
        },
        "usd": {
            "current_rate": 103.48006208231459,
            "sparkline": "▅▅▅▅▅▅▅▄▄▄▄▄▄▄▄▄▄▄▄▄▅▄▄▅▅▅▅▅▅▅"
        },
        "eur": {
            "current_rate": 110.03494664569811,
            "sparkline": "▅▅▅▅▅▅▅▅▅▅▅▅▅▅▅▅▅▄▄▄▄▄▄▄▄▄▄▄▄▄"
        },
        "cny": {
            "current_rate": 108.44433205292422,
            "sparkline": "▃▄▄▄▄▄▄▄▄▄▄▄▄▄▄▄▄▄▅▅▅▅▅▅▅▅▅▅▅▆"
        },
        "rsd": {
            "current_rate": 110.10579897996837,
            "sparkline": "▄▅▅▅▅▄▄▅▅▄▅▄▄▄▅▄▄▄▅▅▅▄▄▄▄▄▄▄▄▄"
        }
    },
    "specific_rates": {
        "rub_kzt_bank": 6.32,
        "rub_kzt_crypto": 6.198484740190122,
        "kzt_rsd_bank": 0.19555688844801422,
        "rsd_eur_cash": 0.00844475721323012,
        "eur_rsd_cash": 116.83333333333333,
        "rsd_usd_cash": 0.009734728644439035,
        "usd_rsd_cash": 98.73333333333333,
        "eur_usd_exch": 1.1659808755816787,
        "usd_kzt_bank": 508.0
    },
    "update_time": "2026-01-14 19:05:43",
    "update_time_display": "14.01 19:05"
}