{
    "rub2rsd": {
        "bank": {
            "current": 1.1483213925227722,
            "sparkline_full": "  1.20                            \n  ▇█▇▇▇▇▇▇▆▆▅▅▅▄▂▁▂▃▃▃▄▃▃▃▃▃▃▃▂▃  \n                1.13              "
        },
        "korona": {
            "current": 1.1076845711292216,
            "diff_percent": -3.538802086084516
        },
        "crypto": {
            "current": 1.1101219411555419,
            "diff_percent": -3.3265470464944618
        },
        "forex": {
            "current": 1.1903773495466847,
            "diff_percent": 3.6623855740873097
        }
    },
    "rub2eur": {
        "bank": {
            "current": 0.009882399446585631,
            "sparkline_full": " 96.8                             \n  █▇▇▇▇▇▇▇▆▆▅▅▅▃▂▁▂▂▂▃▃▃▃▃▃▃▂▂▂▃  \n                103               "
        },
        "korona": {
            "current": 0.009484760853705872,
            "diff_percent": -4.023704921350288
        },
        "crypto": {
            "current": 0.00954775051320245,
            "diff_percent": -3.3863125569044126
        },
        "forex": {
            "current": 0.010159744279243895,
            "diff_percent": 2.806452361668974
        }
    },
    "rub2usd": {
        "bank": {
            "current": 0.01163061177017911,
            "sparkline_full": " 83.2                             \n  ▇▇▇▇▇▇▇▇▆▆▆▆▆▄▃▂▂▃▃▄▅▄▄▄▄▄▃▄▄▄  \n                87.6              "
        },
        "korona": {
            "current": 0.010829570517802393,
            "diff_percent": -6.887352687935016
        },
        "crypto": {
            "current": 0.011213565570602326,
            "diff_percent": -3.585763223961195
        },
        "forex": {
            "current": 0.0119059808504204,
            "diff_percent": 2.3676233519146144
        }
    },
    "xdr": {
        "rub2xdr": {
            "current_rate": 0.008291462056509836,
            "sparkline": "██████▇▇▆▆▆▆▅▂▁▁▁▂▂▃▃▂▁▂▂▂▁▁▁▁"
        },
        "usd2xdr": {
            "current_rate": 0.694416,
            "sparkline": "▆▆▅▅▅▅▅▅▅▅▅▅▅▄▅▅▅▄▄▅▅▅▃▄▄▄▄▄▄▄"
        },
        "eur2xdr": {
            "current_rate": 0.8161093260436768,
            "sparkline": "▄▄▄▄▄▄▄▄▄▅▄▄▄▄▄▄▄▄▄▄▅▅▄▄▄▄▄▄▄▄"
        },
        "cny2xdr": {
            "current_rate": 0.09748652291105123,
            "sparkline": "▅▅▅▅▅▅▅▅▅▅▅▄▅▄▅▅▅▄▄▅▅▅▄▄▄▄▄▄▄▄"
        },
        "rsd2xdr": {
            "current_rate": 0.006965406439955668,
            "sparkline": "▄▄▄▄▄▄▄▄▄▅▄▄▄▄▄▄▄▄▄▄▅▅▄▄▄▄▄▄▄▄"
        }
    },
    "neer": {
        "rub": {
            "current_rate": 91.41326210554953,
            "sparkline": "█████████▇▇▇▇▅▄▂▁▃▃▁▁▃▃▄▄▄▄▃▃▃"
        },
        "usd": {
            "current_rate": 103.62281563841377,
            "sparkline": "▅▅▅▅▅▅▅▅▅▅▅▅▅▄▅▅▅▄▄▄▄▄▄▄▄▄▄▄▄▅"
        },
        "eur": {
            "current_rate": 111.00319057667804,
            "sparkline": "▄▄▄▄▄▄▄▄▄▄▄▅▄▅▄▄▄▄▅▅▅▅▅▅▅▅▅▅▅▅"
        },
        "cny": {
            "current_rate": 104.69355701446571,
            "sparkline": "▅▅▅▅▅▅▅▅▅▅▄▄▅▄▅▅▅▅▅▄▄▄▄▅▅▅▅▅▅▅"
        },
        "rsd": {
            "current_rate": 110.8477811829136,
            "sparkline": "▄▄▄▄▄▄▅▄▄▄▄▄▄▅▅▅▅▅▄▄▅▅▅▅▅▅▅▅▅▅"
        }
    },
    "update_time": "2025-09-25 08:05:46",
    "update_time_display": "25.09 08:05"
}