{
    "rub2rsd": {
        "bank": {
            "current": 1.217121833808355,
            "sparkline_full": " 1.26                             \n  █▇▆▆▆▇▇▆▃▁▂▂▄▄▆▆█▇▇▆         ▁  \n                              1.22"
        },
        "korona": {
            "current": 1.170977111143601,
            "diff_percent": -3.7912985687199363
        },
        "crypto": {
            "current": 1.220830500346985,
            "diff_percent": 0.30470791301358496
        },
        "forex": {
            "current": 1.260831380063387,
            "diff_percent": 3.591221933655205
        }
    },
    "rub2eur": {
        "bank": {
            "current": 0.010513036164844407,
            "sparkline_full": " 92.3                             \n  █▇▆▆▆▆▇▅▁▁▃▃▄▅▆▇▆▇▇▆         ▁  \n                              95.1"
        },
        "korona": {
            "current": 0.010029782536561891,
            "diff_percent": -4.596708512223289
        },
        "crypto": {
            "current": 0.01050344989286317,
            "diff_percent": -0.09118461908552451
        },
        "forex": {
            "current": 0.010760045584764729,
            "diff_percent": 2.349553602282102
        }
    },
    "rub2usd": {
        "bank": {
            "current": 0.01238083446824316,
            "sparkline_full": "                   80.5           \n  ▆▅▄▄▄▅▆▄▂▃▃▃▅▆▆▆▇▇▇▆         ▆  \n         82.2                     "
        },
        "korona": {
            "current": 0.011338829406564126,
            "diff_percent": -8.416274883181556
        },
        "crypto": {
            "current": 0.012344571856842058,
            "diff_percent": -0.2928931122867014
        },
        "forex": {
            "current": 0.012693077576282222,
            "diff_percent": 2.521987583631506
        }
    },
    "xdr": {
        "rub2xdr": {
            "current_rate": 0.008804147320763232,
            "sparkline": "▇▇█████▇▄▂▂▂▄▆▆▆▇▇▆▆         ▁"
        },
        "usd2xdr": {
            "current_rate": 0.696185,
            "sparkline": "████████▇▄▄▄▅▅▅▅▅▅▅▆         ▁"
        },
        "eur2xdr": {
            "current_rate": 0.8182258384880008,
            "sparkline": "▄▄▄▄▄▄▄▅▆▃▃▃▄▄▃▃▄▄▄▄         ▄"
        },
        "cny2xdr": {
            "current_rate": 0.09713079874433204,
            "sparkline": "▇█▇▇▇▇▇▇▇▄▄▄▄▄▅▅▅▅▅▅         ▁"
        },
        "rsd2xdr": {
            "current_rate": 0.006982811072104353,
            "sparkline": "▄▅▄▄▄▄▄▅▆▃▃▃▄▄▃▃▄▄▄▄         ▄"
        }
    },
    "neer": {
        "rub": {
            "current_rate": 96.51350846975838,
            "sparkline": "▆▇▅▇▆▅▅▇▄▅▂▂▄▅▆▆▆▆▆▇▆▆▅▅▅▅▅▄▃▂"
        },
        "usd": {
            "current_rate": 102.95310441244334,
            "sparkline": "▆▅▆▆▆▅▅▆▄▅▄▄▄▄▅▆▅▆▆▇▄▅▄▃▃▃▃▂▃▂"
        },
        "eur": {
            "current_rate": 110.81877878445883,
            "sparkline": "▂▂▂▂▂▂▂▃▄▄▄▄▄▄▄▄▄▄▄▄▅▅▆▆▆▆▆▇▇▇"
        },
        "cny": {
            "current_rate": 102.68966781002102,
            "sparkline": "▅▅▅▅▅▅▅▅▄▅▄▄▄▄▅▅▅▅▅▆▄▅▄▃▃▃▃▃▃▃"
        },
        "rsd": {
            "current_rate": 110.6597198208129,
            "sparkline": "▃▄▃▄▄▄▃▄▃▅▅▅▄▅▄▄▅▄▄▅▅▅▅▅▅▅▆▆▆▆"
        }
    },
    "update_time": "2025-07-03 19:50:41",
    "update_time_display": "03.07 19:50"
}