{
    "rub2rsd": {
        "bank": {
            "current": 1.2101477290592848,
            "sparkline_full": "                1.24              \n  鈻冣杻鈻勨杻鈻冣杻鈻勨枀鈻嗏枂鈻嗏枂鈻嗏枂鈻嗏枃鈻嗏枀鈻呪枀鈻勨枂鈻団枀鈻勨杽鈻勨杽鈻勨杺  \n                              1.21"
        },
        "korona": {
            "current": 1.1833804228154368,
            "diff_percent": -2.2119040180867637
        },
        "crypto": {
            "current": 1.241616364226767,
            "diff_percent": 2.6003961674947353
        },
        "forex": {
            "current": 1.28099631919459,
            "diff_percent": 5.85454060145034
        }
    },
    "rub2eur": {
        "bank": {
            "current": 0.010479983232026828,
            "sparkline_full": "                        93.5      \n  鈻冣杺鈻冣杻鈻冣杻鈻勨枀鈻呪枀鈻嗏枀鈻呪枀鈻嗏枃鈻呪杽鈻勨杽鈻呪枂鈻嗏枃鈻冣杽鈻勨杽鈻冣杺  \n  95.4                            "
        },
        "korona": {
            "current": 0.01014036352026938,
            "diff_percent": -3.240651289589564
        },
        "crypto": {
            "current": 0.010632736000846802,
            "diff_percent": 1.4575669200801895
        },
        "forex": {
            "current": 0.010907774475174846,
            "diff_percent": 4.081984042118384
        }
    },
    "rub2usd": {
        "bank": {
            "current": 0.012144765606023802,
            "sparkline_full": "                79.3              \n  鈻嗏枂鈻嗏枂鈻嗏枂鈻団枅鈻堚枅鈻団枃鈻団枃鈻堚枅鈻団枃鈻嗏枂鈻嗏枀鈻呪杻鈻傗杺鈻傗杺鈻傗杹  \n                              82.3"
        },
        "korona": {
            "current": 0.011527502031322094,
            "diff_percent": -5.082548274093863
        },
        "crypto": {
            "current": 0.012297457293908676,
            "diff_percent": 1.2572633580440526
        },
        "forex": {
            "current": 0.012647341528810644,
            "diff_percent": 4.138210148226854
        }
    },
    "xdr": {
        "rub2xdr": {
            "current_rate": 0.008856062347551376,
            "sparkline": "鈻勨杺鈻冣杽鈻嗏枀鈻呪枂鈻嗏枂鈻団枃鈻団枂鈻団枃鈻呪枀鈻呪杽鈻勨枂鈻団枀鈻冣杺鈻傗枀鈻勨杺"
        },
        "usd2xdr": {
            "current_rate": 0.701622,
            "sparkline": "鈻傗杹鈻佲杹鈻佲杹鈻佲杺鈻傗杺鈻冣杻鈻冣杺鈻冣杻鈻傗杻鈻傗杺鈻冣枀鈻団枂鈻嗏枂鈻嗏枅鈻団枂"
        },
        "eur2xdr": {
            "current_rate": 0.8119036901346843,
            "sparkline": "鈻嗏枀鈻勨枀鈻呪枀鈻呪杽鈻勨杽鈻呪枀鈻勨杽鈻呪枀鈻呪枀鈻呪杽鈻冣杻鈻呪杽鈻勨枀鈻勨枂鈻呪杽"
        },
        "cny2xdr": {
            "current_rate": 0.1021834175611319,
            "sparkline": "鈻傗杹鈻佲杹鈻佲杹鈻佲杺鈻傗杺鈻冣杻鈻冣杺鈻勨杽鈻呪枀鈻勨杽鈻勨枀鈻団枃鈻団枃鈻団枅鈻堚枅"
        },
        "rsd2xdr": {
            "current_rate": 0.0069134174820420355,
            "sparkline": "鈻嗏枀鈻呪枀鈻勨枀鈻勨杽鈻勨杻鈻呪枀鈻呪杽鈻呪枀鈻勨枀鈻呪枀鈻冣杻鈻呪杽鈻勨枀鈻呪枂鈻呪杻"
        }
    },
    "neer": {
        "rub": {
            "current_rate": 96.9328375878429,
            "sparkline": "鈻傗杻鈻冣杽鈻嗏枀鈻勨枂鈻呪枅鈻嗏枂鈻嗏枂鈻嗏枂鈻嗏杽鈻勨杽鈻嗏枃鈻嗏枀鈻冣杹鈻傗杹鈻冣杹"
        },
        "usd": {
            "current_rate": 102.41655671579987,
            "sparkline": "鈻冣杺鈻傗杻鈻傗杺鈻冣杻鈻冣杽鈻冣杻鈻冣杻鈻冣杻鈻傗杻鈻冣杻鈻勨枀鈻嗏枀鈻呪枂鈻嗏枃鈻呪枀"
        },
        "eur": {
            "current_rate": 109.30212777367541,
            "sparkline": "鈻嗏枂鈻呪枀鈻呪枀鈻呪枀鈻呪杽鈻呪杽鈻勨枀鈻呪杽鈻勨枀鈻勨枀鈻勨杽鈻勨杻鈻勨杽鈻勨杻鈻冣杻"
        },
        "cny": {
            "current_rate": 109.75991032186866,
            "sparkline": "鈻冣杺鈻冣杻鈻傗杺鈻冣杻鈻冣杽鈻勨杻鈻冣杻鈻勨杽鈻呪枀鈻呪枀鈻嗏枂鈻嗏枂鈻嗏枂鈻嗏枃鈻嗏枃"
        },
        "rsd": {
            "current_rate": 109.87312558957032,
            "sparkline": "鈻呪枀鈻勨枀鈻勨杽鈻呪枀鈻勨枀鈻勨杽鈻勨枀鈻勨杽鈻勨杽鈻勨杽鈻呪杽鈻勨杽鈻勨枀鈻勨枀鈻勨杽"
        }
    },
    "specific_rates": {
        "rub_kzt_bank": 6.0,
        "rub_kzt_crypto": 6.087241360484795,
        "kzt_rsd_bank": 0.20397028648916318,
        "rsd_eur_cash": 0.008438818565400843,
        "eur_rsd_cash": 116.7,
        "rsd_usd_cash": 0.009741163373225717,
        "usd_rsd_cash": 98.78571428571429,
        "eur_usd_exch": 1.1571810606490167,
        "usd_kzt_bank": 488.0
    },
    "update_time": "2026-03-11 22:35:51",
    "update_time_display": "11.03 22:35"
}