{
    "rub2rsd": {
        "bank": {
            "current": 1.2445765372234223,
            "sparkline_full": "                      1.26        \n  ▄▂▂▂▂▂▂▃▃▄▃▃▃▄▅▅▃▃▄▄▄▇▇▇▇▇▇▇▆▆  \n  1.19                            "
        },
        "korona": {
            "current": 1.1889446436456843,
            "diff_percent": -4.469945552874516
        },
        "crypto": {
            "current": 1.3061526101740284,
            "diff_percent": 4.9475521278891135
        },
        "forex": {
            "current": 1.2925305969235485,
            "diff_percent": 3.853042240946382
        }
    },
    "rub2eur": {
        "bank": {
            "current": 0.011001100110011,
            "sparkline_full": "                              90.9\n  ▂▁▁▁▁▁▁▂▃▃▂▂▂▃▄▄▃▂▂▂▄▇▆▆▆▅▅▅▆█  \n   97.7                           "
        },
        "korona": {
            "current": 0.010205533421851367,
            "diff_percent": -7.231701195371063
        },
        "crypto": {
            "current": 0.011159657032298475,
            "diff_percent": 1.4412824235931432
        },
        "forex": {
            "current": 0.010993094941503124,
            "diff_percent": -0.07276698173659485
        }
    },
    "rub2usd": {
        "bank": {
            "current": 0.012055455093429776,
            "sparkline_full": "                       82.8       \n  ▅▄▃▃▃▃▃▄▅▅▄▃▃▄▆▆▄▄▄▄▅▆▆▆▆▆▆▆▆▆  \n    85.5                          "
        },
        "korona": {
            "current": 0.01135482349681513,
            "diff_percent": -5.811739093918481
        },
        "crypto": {
            "current": 0.012569526239488758,
            "diff_percent": 4.264220156559259
        },
        "forex": {
            "current": 0.01245213709802945,
            "diff_percent": 3.290477228154294
        }
    },
    "xdr": {
        "rub2xdr": {
            "current_rate": 0.009010491592853881,
            "sparkline": "▂▁▁▁▂▂▁▂▂▂▂▂▁▃▄▄▃▁▂▂▃▄▅▅▄██▅▆▅"
        },
        "usd2xdr": {
            "current_rate": 0.72646,
            "sparkline": "▁▂▂▃▃▃▃▂▂▂▃▃▃▃▃▃▃▃▃▃▃▃▃▃▃██▄▄▄"
        },
        "eur2xdr": {
            "current_rate": 0.8196501204438653,
            "sparkline": "▄▃▃▄▄▄▄▄▃▃▄▄▄▄▄▄▃▃▃▃▂▂▃▃▃▇▇▄▄▄"
        },
        "cny2xdr": {
            "current_rate": 0.10061912214850621,
            "sparkline": "▁▁▂▂▂▂▂▂▂▂▂▂▂▂▂▃▃▃▃▃▃▃▃▃▃██▅▅▄"
        },
        "rsd2xdr": {
            "current_rate": 0.006971201776035666,
            "sparkline": "▄▄▄▄▄▄▄▄▄▃▄▄▄▄▄▄▄▄▄▄▃▂▂▂▂▇▇▄▄▄"
        }
    },
    "neer": {
        "rub": {
            "current_rate": 97.06334233457991,
            "sparkline": "▅▄▃▂▃▃▂▂▄▄▄▂▂▄▃▄▅▅▃▃▆▆▇▆▆▅▅▅▅▅"
        },
        "usd": {
            "current_rate": 105.5152298084909,
            "sparkline": "▄▄▅▅▅▅▅▅▄▄▄▄▄▄▄▄▄▄▄▄▅▅▅▄▄▅▅▄▄▄"
        },
        "eur": {
            "current_rate": 107.69816065897221,
            "sparkline": "▆▆▅▅▆▅▅▅▅▅▅▄▅▄▄▅▄▄▄▄▃▃▄▄▃▃▃▃▄▄"
        },
        "cny": {
            "current_rate": 104.2334645868512,
            "sparkline": "▃▄▄▄▄▄▄▄▄▄▄▄▄▃▄▄▄▄▄▄▆▆▅▅▅▅▅▅▅▅"
        },
        "rsd": {
            "current_rate": 109.21013991360122,
            "sparkline": "▅▄▄▄▄▄▅▅▅▅▅▄▄▄▄▄▄▄▅▅▅▄▄▄▄▄▄▄▄▄"
        }
    },
    "update_time": "2025-05-21 03:21:29",
    "update_time_display": "21.05 03:21"
}