{
    "rub2rsd": {
        "bank": {
            "current": 1.297616991517026,
            "sparkline_full": "                              1.30\n  ‚Ėā‚ĖĀ‚ĖĀ‚ĖĀ‚ĖĀ‚Ėā‚ĖĄ‚ĖĄ‚ĖĄ‚ĖÉ‚ĖÉ‚ĖÉ‚ĖĄ‚ĖĄ‚ĖĄ‚ĖÖ‚ĖÖ‚ĖĄ‚ĖĄ‚ĖÉ‚ĖÉ‚ĖÖ‚ĖĄ‚ĖÖ‚ĖÖ‚ĖÖ‚ĖÖ‚ĖÜ‚Ėą‚Ėą  \n  1.25                            "
        },
        "korona": {
            "current": 1.2635174870766124,
            "diff_percent": -2.6278558822313425
        },
        "crypto": {
            "current": 1.3520650822485718,
            "diff_percent": 4.196006301357952
        },
        "forex": {
            "current": 1.3507918807523605,
            "diff_percent": 4.0978878654454505
        }
    },
    "rub2eur": {
        "bank": {
            "current": 0.0111731843575419,
            "sparkline_full": "                              89.5\n  ‚Ėā‚ĖĀ‚ĖĀ‚ĖĀ‚ĖĀ‚Ėā‚ĖĄ‚ĖĄ‚ĖĄ‚ĖÉ‚ĖÉ‚ĖÉ‚ĖĄ‚ĖÖ‚ĖĄ‚ĖÖ‚ĖÖ‚ĖÖ‚ĖÖ‚ĖĄ‚ĖĄ‚ĖĄ‚ĖĄ‚ĖÖ‚ĖÜ‚ĖÜ‚ĖÜ‚Ėá‚Ėą‚Ėą  \n   93.3                           "
        },
        "korona": {
            "current": 0.01081778670442305,
            "diff_percent": -3.180808995413701
        },
        "crypto": {
            "current": 0.011480393076065387,
            "diff_percent": 2.7495180307852087
        },
        "forex": {
            "current": 0.011509779674141943,
            "diff_percent": 3.012528083570388
        }
    },
    "rub2usd": {
        "bank": {
            "current": 0.013094146916328401,
            "sparkline_full": "                              76.4\n  ‚ĖÉ‚ĖĀ‚ĖĀ‚Ėā‚Ėā‚ĖÉ‚ĖĄ‚ĖĄ‚ĖÉ‚Ėā‚ĖÉ‚ĖÉ‚ĖÉ‚ĖĄ‚ĖĄ‚ĖĄ‚ĖĄ‚ĖĄ‚ĖĄ‚ĖÉ‚Ėā‚ĖĄ‚ĖÖ‚ĖÖ‚ĖÖ‚ĖÖ‚ĖÖ‚Ėá‚Ėą‚Ėą  \n   79.0                           "
        },
        "korona": {
            "current": 0.012429205184845821,
            "diff_percent": -5.078160003332463
        },
        "crypto": {
            "current": 0.01342785242509428,
            "diff_percent": 2.548508970445014
        },
        "forex": {
            "current": 0.013634752256551499,
            "diff_percent": 4.128602983283796
        }
    },
    "xdr": {
        "rub2xdr": {
            "current_rate": 0.009369029462894609,
            "sparkline": "‚ĖÉ‚ĖĀ‚ĖĀ‚ĖĀ‚ĖĀ‚ĖÉ‚ĖĄ‚ĖĄ‚ĖĄ‚ĖĄ‚ĖÖ‚ĖĄ‚ĖÖ‚ĖÖ‚ĖÖ‚ĖÜ‚ĖÖ‚ĖÖ‚ĖÖ‚ĖĄ‚ĖĄ‚ĖÖ‚ĖÜ‚Ėá‚Ėá‚Ėá‚Ėá‚Ėą‚Ėą‚Ėá"
        },
        "usd2xdr": {
            "current_rate": 0.694969,
            "sparkline": "‚ĖĄ‚ĖÉ‚ĖĄ‚ĖĄ‚ĖĄ‚ĖĄ‚ĖĄ‚ĖĄ‚ĖĄ‚ĖÖ‚ĖÖ‚ĖÖ‚ĖÖ‚ĖÖ‚ĖÜ‚ĖÜ‚ĖÖ‚ĖÖ‚ĖÖ‚ĖÖ‚ĖÖ‚ĖÖ‚ĖÖ‚ĖÖ‚ĖÖ‚ĖĄ‚ĖĄ‚ĖĄ‚ĖÖ‚ĖÖ"
        },
        "eur2xdr": {
            "current_rate": 0.8140059782328605,
            "sparkline": "‚ĖĄ‚ĖĄ‚ĖÖ‚ĖĄ‚ĖĄ‚ĖÖ‚ĖĄ‚ĖĄ‚ĖÉ‚ĖĄ‚ĖĄ‚ĖĄ‚ĖÖ‚ĖĄ‚ĖÖ‚ĖÖ‚ĖÖ‚ĖĄ‚ĖÖ‚ĖĄ‚ĖĄ‚ĖÖ‚ĖÖ‚ĖÖ‚ĖÜ‚ĖÖ‚ĖĄ‚ĖĄ‚ĖĄ‚ĖĄ"
        },
        "cny2xdr": {
            "current_rate": 0.10240613580101378,
            "sparkline": "‚ĖĄ‚ĖÉ‚ĖĄ‚ĖĄ‚ĖĄ‚ĖĄ‚ĖĄ‚ĖĄ‚ĖĄ‚ĖÖ‚ĖĄ‚ĖĄ‚ĖÖ‚ĖÖ‚ĖÖ‚ĖÖ‚ĖÖ‚ĖĄ‚ĖĄ‚ĖĄ‚ĖÖ‚ĖÖ‚ĖÖ‚ĖÖ‚ĖÖ‚ĖÖ‚ĖĄ‚ĖÖ‚ĖÖ‚ĖÜ"
        },
        "rsd2xdr": {
            "current_rate": 0.0069359533444014135,
            "sparkline": "‚ĖĄ‚ĖĄ‚ĖÖ‚ĖĄ‚ĖĄ‚ĖÖ‚ĖĄ‚ĖĄ‚ĖÉ‚ĖĄ‚ĖĄ‚ĖĄ‚ĖĄ‚ĖĄ‚ĖÖ‚ĖÖ‚ĖÖ‚ĖĄ‚ĖĄ‚ĖĄ‚ĖĄ‚ĖÖ‚ĖÖ‚ĖÖ‚ĖÜ‚ĖÖ‚ĖĄ‚ĖĄ‚ĖĄ‚ĖĄ"
        }
    },
    "neer": {
        "rub": {
            "current_rate": 103.49672222128432,
            "sparkline": "‚ĖÉ‚ĖĄ‚Ėā‚ĖĀ‚ĖĀ‚Ėā‚ĖĄ‚Ėá‚ĖÜ‚ĖÜ‚ĖĄ‚ĖĄ‚ĖÜ‚Ėá‚Ėá‚ĖÜ‚ĖÜ‚ĖÖ‚ĖÖ‚ĖÜ‚ĖÖ‚ĖĄ‚ĖĄ‚ĖÜ‚ĖÜ‚ĖÜ‚ĖÜ‚Ėą‚Ėą‚Ėą"
        },
        "usd": {
            "current_rate": 101.81464726250199,
            "sparkline": "‚ĖĄ‚ĖĄ‚ĖĄ‚ĖÖ‚ĖÖ‚ĖĄ‚ĖĄ‚ĖĄ‚ĖÖ‚ĖÖ‚ĖÜ‚ĖÜ‚ĖĄ‚ĖÖ‚ĖÖ‚ĖÖ‚ĖÖ‚ĖÖ‚ĖÖ‚ĖÖ‚ĖÖ‚ĖĄ‚ĖÉ‚ĖĄ‚ĖĄ‚ĖĄ‚ĖĄ‚ĖÖ‚ĖÖ‚ĖÖ"
        },
        "eur": {
            "current_rate": 109.53299958403191,
            "sparkline": "‚ĖÖ‚ĖÖ‚ĖÖ‚ĖÖ‚ĖÖ‚ĖĄ‚ĖĄ‚ĖĄ‚ĖĄ‚ĖĄ‚ĖÖ‚ĖÖ‚ĖÖ‚ĖĄ‚ĖĄ‚ĖĄ‚ĖĄ‚ĖĄ‚ĖĄ‚ĖĄ‚ĖĄ‚ĖĄ‚ĖĄ‚ĖĄ‚ĖĄ‚ĖĄ‚ĖĄ‚ĖĄ‚ĖĄ‚ĖĄ"
        },
        "cny": {
            "current_rate": 110.96830259604626,
            "sparkline": "‚ĖÖ‚ĖÖ‚ĖÖ‚ĖÉ‚ĖÉ‚ĖÖ‚ĖÖ‚ĖÖ‚ĖÖ‚ĖÖ‚ĖĄ‚ĖĄ‚ĖÖ‚ĖÜ‚ĖÜ‚ĖÖ‚ĖÖ‚ĖĄ‚ĖĄ‚ĖÖ‚ĖÖ‚ĖÖ‚ĖÖ‚ĖÖ‚ĖÉ‚ĖÉ‚ĖÖ‚ĖĄ‚ĖÖ‚ĖÖ"
        },
        "rsd": {
            "current_rate": 109.66657349629075,
            "sparkline": "‚Ėą‚Ėą‚Ėą‚Ėā‚ĖĀ‚Ėą‚Ėą‚Ėą‚Ėá‚Ėá‚ĖĀ‚ĖĀ‚Ėá‚Ėą‚Ėą‚Ėá‚Ėą‚ĖĀ‚ĖĀ‚Ėą‚Ėą‚Ėá‚Ėá‚Ėá‚ĖĀ‚ĖĀ‚Ėá‚ĖĀ‚ĖĀ‚ĖĀ"
        }
    },
    "specific_rates": {
        "rub_kzt_bank": 6.24,
        "rub_kzt_crypto": 6.411799532982519,
        "kzt_rsd_bank": 0.2108713903629554,
        "rsd_eur_cash": 0.00844880027036161,
        "eur_rsd_cash": 116.8,
        "rsd_usd_cash": 0.00983698707138842,
        "usd_rsd_cash": 97.97142857142856,
        "eur_usd_exch": 1.1712838676730337,
        "usd_kzt_bank": 470.5
    },
    "update_time": "2026-05-14 08:35:43",
    "update_time_display": "14.05 08:35"
}