{
    "rub2rsd": {
        "bank": {
            "current": 1.2291222955035188,
            "sparkline_full": "                            1.23  \n  ▇▇▇▇▆▅▄▂▂▁▁▁▁▁▄▅▅▅▆▆▆▆▇▇▇▇████  \n             1.12                 "
        },
        "korona": {
            "current": 1.1957148529271755,
            "diff_percent": -2.7179917489542986
        },
        "crypto": {
            "current": 1.2119759042591127,
            "diff_percent": -1.3950110015197426
        },
        "forex": {
            "current": 1.2929499554925679,
            "diff_percent": 5.192946236721024
        }
    },
    "rub2eur": {
        "bank": {
            "current": 0.010606703436571913,
            "sparkline_full": "                              94.3\n  ▇▇▇▇▆▅▄▂▂▁▁▁▁▂▄▅▅▅▅▅▅▆▆▇▇▇▇▇▇█  \n            104                   "
        },
        "korona": {
            "current": 0.010241668975821632,
            "diff_percent": -3.441544895953642
        },
        "crypto": {
            "current": 0.01042661959093162,
            "diff_percent": -1.6978304966966844
        },
        "forex": {
            "current": 0.011017442901902872,
            "diff_percent": 3.8724516791402888
        }
    },
    "rub2usd": {
        "bank": {
            "current": 0.01239925604463732,
            "sparkline_full": "                              80.7\n  ▇▆▆▆▅▄▃▂▁▁▁▁▁▁▃▅▅▅▅▅▅▆▆▆▆▇▇███  \n            89.9                  "
        },
        "korona": {
            "current": 0.011676902860616949,
            "diff_percent": -5.825778429124302
        },
        "crypto": {
            "current": 0.012164389522753557,
            "diff_percent": -1.8941984989925558
        },
        "forex": {
            "current": 0.012847426531991377,
            "diff_percent": 3.614494980510461
        }
    },
    "xdr": {
        "rub2xdr": {
            "current_rate": 0.00899323362588129,
            "sparkline": "▇▇▇▇▆▄▂▁▁▂▂▃▅▅▄▅▅▅▅▅▆▆▆▆▆▆████"
        },
        "usd2xdr": {
            "current_rate": 0.698112,
            "sparkline": "▅▅▅▅▆▅▅▅▅▄▄▅▄▄▄▅▅▅▅▅▅▄▅▅▅▅▅▅▃▃"
        },
        "eur2xdr": {
            "current_rate": 0.8162723152690927,
            "sparkline": "▄▄▄▄▄▄▄▄▄▄▄▄▄▄▄▄▄▄▄▄▅▄▄▄▄▄▄▅▄▄"
        },
        "cny2xdr": {
            "current_rate": 0.1021961323944899,
            "sparkline": "▅▅▅▅▅▅▅▅▅▄▄▄▄▄▄▄▄▄▅▅▅▄▅▅▅▅▅▅▄▄"
        },
        "rsd2xdr": {
            "current_rate": 0.006955592973786204,
            "sparkline": "▄▄▄▄▄▅▄▄▄▄▄▄▄▄▄▄▄▄▄▄▅▄▄▄▄▄▄▅▄▄"
        }
    },
    "neer": {
        "rub": {
            "current_rate": 98.83742503138957,
            "sparkline": "▇▇▆▆▇▅▄▃▂▃▃▂▄▅▅▄▅▅▄▅▅▆▆▅▆▆▇▆▇▇"
        },
        "usd": {
            "current_rate": 102.51668984035112,
            "sparkline": "▄▄▅▅▄▄▄▅▄▅▅▄▄▄▄▅▅▅▅▅▄▅▅▅▅▅▄▄▄▄"
        },
        "eur": {
            "current_rate": 110.85794548629588,
            "sparkline": "▄▄▄▄▄▄▄▄▄▅▅▄▄▄▄▄▅▅▄▄▅▄▄▄▄▄▄▄▅▅"
        },
        "cny": {
            "current_rate": 110.65633503310455,
            "sparkline": "▄▅▄▄▅▄▅▅▅▄▄▄▅▄▄▅▄▄▅▅▅▅▅▄▄▅▅▄▄▄"
        },
        "rsd": {
            "current_rate": 111.48762627312898,
            "sparkline": "▅▆▃▃▅▅▆▅▆▃▃▅▆▆▆▆▃▃▆▅▆▆▆▃▃▆▆▃▄▄"
        }
    },
    "specific_rates": {
        "rub_kzt_bank": 5.94,
        "rub_kzt_crypto": 5.838906970921707,
        "kzt_rsd_bank": 0.20756896972239222,
        "rsd_eur_cash": 0.008447135013374631,
        "eur_rsd_cash": 116.75,
        "rsd_usd_cash": 0.009765625,
        "usd_rsd_cash": 98.2,
        "eur_usd_exch": 1.1692569605866863,
        "usd_kzt_bank": 473.0
    },
    "update_time": "2026-04-10 05:50:41",
    "update_time_display": "10.04 05:50"
}