{
    "rub2rsd": {
        "bank": {
            "current": 1.1985653986722937,
            "sparkline_full": "                        1.22      \n           ▅▄▃▄▄▄▆▅▅ ▆▅▅▅▆▃▄▃▄▄▄  \n            1.19                  "
        },
        "korona": {
            "current": 1.1568671550131764,
            "diff_percent": -3.479012801913722
        },
        "crypto": {
            "current": 1.2636052800532902,
            "diff_percent": 5.426477474908266
        },
        "forex": {
            "current": 1.2497302631987468,
            "diff_percent": 4.268842116010588
        }
    },
    "rub2eur": {
        "bank": {
            "current": 0.010331645831180906,
            "sparkline_full": "                      95.8        \n           ▅▃▄▃▃▃▅▆▅▅▆▆▆▅▆▅▄▄▅▅▅  \n           98.5                   "
        },
        "korona": {
            "current": 0.009904684546345688,
            "diff_percent": -4.132558275920075
        },
        "crypto": {
            "current": 0.010839804130373427,
            "diff_percent": 4.918464177884414
        },
        "forex": {
            "current": 0.010654326762036431,
            "diff_percent": 3.123228729750628
        }
    },
    "rub2usd": {
        "bank": {
            "current": 0.011749500646222535,
            "sparkline_full": "                        83.5      \n           ▁▁▁▄▄▄▇▇▆▆███▇█▇▅▅▆▆▆  \n           89.1                   "
        },
        "korona": {
            "current": 0.010699349410526486,
            "diff_percent": -8.93783716700907
        },
        "crypto": {
            "current": 0.012303229953181798,
            "diff_percent": 4.712790131530287
        },
        "forex": {
            "current": 0.01209849627789762,
            "diff_percent": 2.9703018211866485
        }
    },
    "xdr": {
        "rub2xdr": {
            "current_rate": 0.0087025213511096,
            "sparkline": "                ▅▃▃▅▅▅█▅▃▁▃▅▅▄"
        },
        "usd2xdr": {
            "current_rate": 0.718957,
            "sparkline": "                ▆▆▆▆▆▆▆▂▅▅▇▇▇▇"
        },
        "eur2xdr": {
            "current_rate": 0.8168063121659159,
            "sparkline": "                ▂▄▄▄▄▄▇▃▂▂▄▅▅▄"
        },
        "cny2xdr": {
            "current_rate": 0.09865348463850047,
            "sparkline": "                ▅▅▆▆▆▆▆▂▄▅▇▇▇▇"
        },
        "rsd2xdr": {
            "current_rate": 0.006963519734918688,
            "sparkline": "                ▄▄▄▄▅▅▅▄▄▄▅▅▅▅"
        }
    },
    "neer": {
        "rub": {
            "current_rate": 94.66431507943602,
            "sparkline": "▆▆▄▅▄▄▅▅▅▃▃▂▂▂▂▂▅▆▅▆▆▆▆▇▆▄▄▅▅▅"
        },
        "usd": {
            "current_rate": 106.05036360802508,
            "sparkline": "▆▆▆▆▅▅▅▆▆▆▆▅▄▄▄▄▄▃▃▃▃▃▃▃▃▃▃▃▃▃"
        },
        "eur": {
            "current_rate": 109.1473152432747,
            "sparkline": "▂▂▂▂▄▄▄▄▄▄▅▅▆▇▇▇▆▆▆▆▆▆▆▇▆▆▆▆▆▆"
        },
        "cny": {
            "current_rate": 104.00736642805687,
            "sparkline": "▇▇▇▆▅▅▅▅▆▅▅▅▄▃▃▃▃▃▃▃▃▃▃▂▃▃▃▃▃▃"
        },
        "rsd": {
            "current_rate": 109.92960370132987,
            "sparkline": "▄▄▄▃▂▅▅▅▅▅▅▄▅▅▅▆▄▅▅▅▅▅▇▆▅▅▅▅▅▅"
        }
    },
    "update_time": "2025-04-28 02:06:36",
    "update_time_display": "28.04 02:06"
}