{
    "rub2rsd": {
        "bank": {
            "current": 1.2074115776916219,
            "sparkline_full": "         1.24                     \n  ▅▆▇▇▇▇▆▇██▇▇▇▇▆▅▄▃▃▃▃▁▁▄▆▄▄▅▄▃  \n                      1.19        "
        },
        "korona": {
            "current": 1.1653998375984567,
            "diff_percent": -3.479487928506115
        },
        "crypto": {
            "current": 1.1901651357997218,
            "diff_percent": -1.4283813581506728
        },
        "forex": {
            "current": 1.2591704509606538,
            "diff_percent": 4.286763041314102
        }
    },
    "rub2eur": {
        "bank": {
            "current": 0.010393929944912172,
            "sparkline_full": "          93.4                    \n  ▅▆▇▇▇▇▇▇██▇▇▇▇▇▅▄▃▃▃▃▁▁▄▆▅▅▄▄▃  \n                      97.6        "
        },
        "korona": {
            "current": 0.0099679849256955,
            "diff_percent": -4.098017029883602
        },
        "crypto": {
            "current": 0.010219243875102606,
            "diff_percent": -1.680654677637838
        },
        "forex": {
            "current": 0.010746179239656132,
            "diff_percent": 3.38899046473163
        }
    },
    "rub2usd": {
        "bank": {
            "current": 0.012072920439454304,
            "sparkline_full": "      80.1                        \n  ▇█████████▇▇▇██▇▆▅▅▅▅▁▁▂▃▃▃▄▄▃  \n                       84.1       "
        },
        "korona": {
            "current": 0.011393839050987028,
            "diff_percent": -5.624831140674443
        },
        "crypto": {
            "current": 0.011845849415096728,
            "diff_percent": -1.8808292947537983
        },
        "forex": {
            "current": 0.012492348436582592,
            "diff_percent": 3.4741221002136093
        }
    },
    "xdr": {
        "rub2xdr": {
            "current_rate": 0.008792262703051834,
            "sparkline": "█▃▄▄▃▃▃▄▄▄▄▄▄▄▄▃▃▂▂▂▂▁▁▁▁▂▂▃▃▃"
        },
        "usd2xdr": {
            "current_rate": 0.704914,
            "sparkline": "▇▂▂▂▂▂▂▂▃▃▃▃▃▃▂▂▂▂▂▂▂▂▂▂▂▂▂▃▃▃"
        },
        "eur2xdr": {
            "current_rate": 0.8181756982617739,
            "sparkline": "█▃▃▂▂▂▂▃▃▃▃▃▃▃▃▃▃▃▃▃▂▂▁▁▁▂▂▃▃▃"
        },
        "cny2xdr": {
            "current_rate": 0.09810228933268388,
            "sparkline": "▇▂▂▂▂▂▂▂▃▃▃▃▃▃▂▂▂▂▂▂▂▂▂▂▂▂▂▃▃▃"
        },
        "rsd2xdr": {
            "current_rate": 0.006982583411438847,
            "sparkline": "█▃▃▃▃▃▂▃▃▃▃▃▃▃▃▃▃▃▃▃▂▂▁▁▁▂▂▃▃▃"
        }
    },
    "neer": {
        "rub": {
            "current_rate": 96.65239096940216,
            "sparkline": "▅▆▆▇▇▆▇▆▇█▇▆▆▆▆▆▅▅▃▃▅▅▁▃▃▄▄▄▄▄"
        },
        "usd": {
            "current_rate": 104.28572040498506,
            "sparkline": "▃▃▃▄▃▃▄▄▄▅▄▄▄▄▄▃▃▃▃▃▄▅▄▅▆▅▅▅▅▅"
        },
        "eur": {
            "current_rate": 110.1213569175304,
            "sparkline": "▅▅▅▅▅▅▅▅▄▄▅▅▅▅▅▅▅▅▆▆▅▄▄▃▃▅▅▄▄▅"
        },
        "cny": {
            "current_rate": 104.0205902464538,
            "sparkline": "▃▃▄▄▄▄▄▄▄▅▄▄▄▄▄▄▄▄▄▄▄▅▅▅▆▄▄▅▅▅"
        },
        "rsd": {
            "current_rate": 110.35875653357998,
            "sparkline": "▅▅▅▄▄▄▄▅▅▅▄▄▄▄▅▅▅▅▅▅▄▅▄▄▄▄▄▄▄▄"
        }
    },
    "update_time": "2025-08-06 13:20:45",
    "update_time_display": "06.08 13:20"
}