{
    "rub2rsd": {
        "bank": {
            "current": 1.1643685798205847,
            "sparkline_full": "                          1.18    \n  ▆▆▄▃▁▂▃▃▄▅▃▃▃▃▃▃▃▃▃▄▄▄▄▅▇█▇▆▆▆  \n     1.13                         "
        },
        "korona": {
            "current": 1.128616877987183,
            "diff_percent": -3.070479782176071
        },
        "crypto": {
            "current": 1.1099628366093122,
            "diff_percent": -4.672553361037605
        },
        "forex": {
            "current": 1.2109721517872958,
            "diff_percent": 4.002475914790839
        }
    },
    "rub2eur": {
        "bank": {
            "current": 0.010039152695512499,
            "sparkline_full": "                          98.6    \n  ▇▆▄▃▂▂▃▃▄▄▃▄▄▄▄▃▃▃▃▄▄▄▄▅▆▇▆▆▆▆  \n     103                          "
        },
        "korona": {
            "current": 0.009661161427727983,
            "diff_percent": -3.7651710184015657
        },
        "crypto": {
            "current": 0.00954262854849577,
            "diff_percent": -4.9458770284336335
        },
        "forex": {
            "current": 0.010359250439350957,
            "diff_percent": 3.1884936263748798
        }
    },
    "rub2usd": {
        "bank": {
            "current": 0.011804981702278363,
            "sparkline_full": "                          83.7    \n  ▇▇▅▃▁▂▃▃▄▅▅▄▄▄▄▃▄▄▄▃▄▄▄▅▇█▇▆▆▆  \n     87.6                         "
        },
        "korona": {
            "current": 0.011100239763827716,
            "diff_percent": -5.969868960615431
        },
        "crypto": {
            "current": 0.011199575869189127,
            "diff_percent": -5.12839281209892
        },
        "forex": {
            "current": 0.012210474389140491,
            "diff_percent": 3.434928550409088
        }
    },
    "xdr": {
        "rub2xdr": {
            "current_rate": 0.008430675487035123,
            "sparkline": "█▇▃▁▁▁▂▃▄▄▃▁▂▂▂▂▂▂▂▂▃▃▄▄▆▆▅▆▆▅"
        },
        "usd2xdr": {
            "current_rate": 0.69486,
            "sparkline": "▅▅▅▅▆▅▅▅▅▅▅▃▄▄▅▅▄▄▅▅▆▆▅▅▅▅▅▅▅▅"
        },
        "eur2xdr": {
            "current_rate": 0.8138306469558945,
            "sparkline": "▄▄▄▄▄▄▄▄▄▅▆▃▄▄▄▄▄▄▄▃▄▄▄▄▄▄▄▄▄▄"
        },
        "cny2xdr": {
            "current_rate": 0.09759955053023386,
            "sparkline": "▅▅▄▅▆▅▅▅▅▅▅▃▄▄▄▅▄▄▄▄▅▅▅▅▅▅▅▅▅▅"
        },
        "rsd2xdr": {
            "current_rate": 0.006961906989018812,
            "sparkline": "▄▄▄▄▄▄▄▄▄▅▆▄▄▄▄▄▄▄▄▃▄▄▄▄▄▄▄▄▄▄"
        }
    },
    "neer": {
        "rub": {
            "current_rate": 93.10589199314089,
            "sparkline": "██▆▅▂▁▄▃▁▅▅▅▅▄▄▅▃▅▄▅▅▅▄▆▆▆▇▇▇▇"
        },
        "usd": {
            "current_rate": 103.5778815924127,
            "sparkline": "▅▅▅▅▅▅▅▄▄▄▄▄▅▄▄▄▄▅▅▅▅▅▅▅▅▅▅▅▅▅"
        },
        "eur": {
            "current_rate": 110.83106668717235,
            "sparkline": "▄▄▄▄▄▄▄▄▅▅▅▅▄▅▅▅▅▅▅▄▅▅▅▅▅▅▅▅▅▅"
        },
        "cny": {
            "current_rate": 104.74474747453515,
            "sparkline": "▄▄▄▅▅▅▄▄▄▄▄▄▅▅▅▄▅▅▅▅▅▅▅▅▅▅▅▅▅▅"
        },
        "rsd": {
            "current_rate": 110.72905884047724,
            "sparkline": "▄▄▅▄▄▅▄▄▄▅▄▅▄▄▄▅▅▄▄▅▄▄▄▄▄▄▄▄▄▄"
        }
    },
    "update_time": "2025-10-06 03:21:35",
    "update_time_display": "06.10 03:21"
}