{
    "rub2rsd": {
        "bank": {
            "current": 1.1687837705486637,
            "sparkline_full": "   1.21                           \n  ▇▇█▇▇█▆▆▆▅▆██▅▄▄▆▅▆▅▄▄▄▄▄▃▃▁▁▁  \n                             1.17 "
        },
        "korona": {
            "current": 1.1356113120227855,
            "diff_percent": -2.838203212755593
        },
        "crypto": {
            "current": 1.197239930975703,
            "diff_percent": 2.4346813451799587
        },
        "forex": {
            "current": 1.2305813952872957,
            "diff_percent": 5.287344528203219
        }
    },
    "rub2eur": {
        "bank": {
            "current": 0.010086746015735323,
            "sparkline_full": "   95.8                           \n  ▇██▇▇▇▇▇▆▅▆▆▆▄▄▄▆▆▆▅▅▅▅▅▄▄▂▁▁▁  \n                              99.1"
        },
        "korona": {
            "current": 0.009723888910286848,
            "diff_percent": -3.5973653434161887
        },
        "crypto": {
            "current": 0.010303214124870176,
            "diff_percent": 2.146064833962934
        },
        "forex": {
            "current": 0.010507984119039825,
            "diff_percent": 4.176154556160825
        }
    },
    "rub2usd": {
        "bank": {
            "current": 0.011849745230477545,
            "sparkline_full": "            82.0                  \n  ▇▆▇▇▇▆▇▇▆▅▆█▇▅▅▄▅▄▄▄▄▄▄▄▄▃▂▁▁▁  \n                             84.4 "
        },
        "korona": {
            "current": 0.011101569979972766,
            "diff_percent": -6.313850939009827
        },
        "crypto": {
            "current": 0.012079301082447426,
            "diff_percent": 1.9372218347738268
        },
        "forex": {
            "current": 0.012261573699414878,
            "diff_percent": 3.475420449362152
        }
    },
    "xdr": {
        "rub2xdr": {
            "current_rate": 0.008565653779761645,
            "sparkline": "▇▇███▇▇▇▄▃▃▄▅▄▄▃▄▅▅▄▆▅▅▃▂▁▂▁▁▁"
        },
        "usd2xdr": {
            "current_rate": 0.695927,
            "sparkline": "▄▅▅▅▅▅▆▅▃▃▃▄▅▅▃▃▄▅▅▄▄▄▃▃▃▃▄▃▃▃"
        },
        "eur2xdr": {
            "current_rate": 0.8151567115752681,
            "sparkline": "▄▃▄▆▅▅▇▅▃▃▃▃▄▅▃▃▃▃▄▄▄▃▄▃▂▃▅▄▄▃"
        },
        "cny2xdr": {
            "current_rate": 0.0975945195489987,
            "sparkline": "▄▄▅▅▅▅▆▄▃▃▃▄▅▅▃▄▅▅▆▆▅▅▅▅▅▅▆▅▄▄"
        },
        "rsd2xdr": {
            "current_rate": 0.0069606560058238795,
            "sparkline": "▄▃▄▆▅▅▆▅▃▃▃▃▄▅▄▃▃▃▄▄▄▄▄▃▃▃▅▄▄▄"
        }
    },
    "neer": {
        "rub": {
            "current_rate": 94.27208191613416,
            "sparkline": "▆█▇▅▆▆▅▅▆▄▅▆▆▄▄▄▄▅▄▅▅▅▄▅▄▃▂▂▁▁"
        },
        "usd": {
            "current_rate": 103.79427227610411,
            "sparkline": "▄▅▅▄▄▄▄▄▅▅▅▅▅▄▄▄▄▅▄▄▄▄▄▅▅▄▄▄▄▄"
        },
        "eur": {
            "current_rate": 110.65302257475031,
            "sparkline": "▄▄▄▅▅▅▅▅▄▅▄▄▄▅▅▅▄▄▄▄▄▄▅▄▄▄▅▅▅▅"
        },
        "cny": {
            "current_rate": 104.5188714933135,
            "sparkline": "▄▄▄▃▄▃▃▃▄▄▄▄▅▄▄▄▅▅▅▅▅▅▅▆▆▅▅▅▅▅"
        },
        "rsd": {
            "current_rate": 110.67753342940382,
            "sparkline": "▄▅▅▄▅▄▅▅▅▄▄▅▄▅▅▅▄▅▄▅▄▄▅▄▄▄▄▅▅▅"
        }
    },
    "update_time": "2025-09-08 05:35:49",
    "update_time_display": "08.09 05:35"
}