{
    "rub2rsd": {
        "bank": {
            "current": 1.1757499391655946,
            "sparkline_full": "   1.21                           \n  ▇▇█▇▇█▆▆▆▅▆██▅▄▄▆▅▆▅▄▄▄▄▄▃▃▁▁▂  \n                             1.17 "
        },
        "korona": {
            "current": 1.1286877442026435,
            "diff_percent": -4.0027384561338035
        },
        "crypto": {
            "current": 1.1804580784888496,
            "diff_percent": 0.4004371309256761
        },
        "forex": {
            "current": 1.2201697140151126,
            "diff_percent": 3.7779950795525354
        }
    },
    "rub2eur": {
        "bank": {
            "current": 0.01014301653311695,
            "sparkline_full": "   95.8                           \n  ▇██▇▇▇▇▇▆▅▆▆▆▄▄▄▆▆▆▅▅▅▅▅▄▄▂▁▁▂  \n                             99.1 "
        },
        "korona": {
            "current": 0.00967170303515547,
            "diff_percent": -4.646679776402217
        },
        "crypto": {
            "current": 0.010182942034093428,
            "diff_percent": 0.3936255141271038
        },
        "forex": {
            "current": 0.010418105349204681,
            "diff_percent": 2.712100637808948
        }
    },
    "rub2usd": {
        "bank": {
            "current": 0.011920371915603767,
            "sparkline_full": "            82.0                  \n  ▇▆▇▇▇▆▇▇▆▅▆█▇▅▅▄▅▄▄▄▄▄▄▄▄▃▂▁▁▃  \n                             84.4 "
        },
        "korona": {
            "current": 0.01103773988463049,
            "diff_percent": -7.404400107834823
        },
        "crypto": {
            "current": 0.011943190378276864,
            "diff_percent": 0.1914240833646095
        },
        "forex": {
            "current": 0.012261573699414878,
            "diff_percent": 2.862341764391408
        }
    },
    "xdr": {
        "rub2xdr": {
            "current_rate": 0.008505487093469537,
            "sparkline": "▇▇███▇█▇▅▄▄▅▅▅▅▄▅▆▆▅▆▆▅▄▄▃▃▂▂▁"
        },
        "usd2xdr": {
            "current_rate": 0.696384,
            "sparkline": "▄▅▅▅▅▅▆▅▄▄▄▄▅▅▃▄▄▅▅▄▄▄▄▄▃▄▄▃▃▃"
        },
        "eur2xdr": {
            "current_rate": 0.8164140031583426,
            "sparkline": "▄▄▄▅▅▅▆▅▃▃▃▃▄▅▄▄▃▃▄▄▄▃▄▃▃▃▅▄▄▄"
        },
        "cny2xdr": {
            "current_rate": 0.09766271649954422,
            "sparkline": "▄▄▅▅▅▅▆▄▃▃▃▄▅▅▃▄▅▅▆▅▅▅▅▅▅▅▆▅▄▅"
        },
        "rsd2xdr": {
            "current_rate": 0.006970741033623287,
            "sparkline": "▄▄▄▅▅▅▆▅▄▃▃▃▄▅▄▄▄▄▄▄▄▄▄▃▃▃▅▄▄▄"
        }
    },
    "neer": {
        "rub": {
            "current_rate": 94.27208191613416,
            "sparkline": "▆█▇▅▆▆▅▅▆▄▅▆▆▄▄▄▄▅▄▅▅▅▄▅▄▃▂▂▁▁"
        },
        "usd": {
            "current_rate": 103.79427227610411,
            "sparkline": "▄▅▅▄▄▄▄▄▅▅▅▅▅▄▄▄▄▅▄▄▄▄▄▅▅▄▄▄▄▄"
        },
        "eur": {
            "current_rate": 110.65302257475031,
            "sparkline": "▄▄▄▅▅▅▅▅▄▅▄▄▄▅▅▅▄▄▄▄▄▄▅▄▄▄▅▅▅▅"
        },
        "cny": {
            "current_rate": 104.5188714933135,
            "sparkline": "▄▄▄▃▄▃▃▃▄▄▄▄▅▄▄▄▅▅▅▅▅▅▅▆▆▅▅▅▅▅"
        },
        "rsd": {
            "current_rate": 110.67753342940382,
            "sparkline": "▄▅▅▄▅▄▅▅▅▄▄▅▄▅▅▅▄▅▄▅▄▄▅▄▄▄▄▅▅▅"
        }
    },
    "update_time": "2025-09-08 12:50:52",
    "update_time_display": "08.09 12:50"
}