{
    "rub2rsd": {
        "bank": {
            "current": 1.2197706242246307,
            "sparkline_full": "             1.26                 \n  ▅▆▆▆▆▇▇▇█████▇▄▂▁▁▂▂▁▁▁▁▁▂▄▃▄▄  \n                        1.19      "
        },
        "korona": {
            "current": 1.1790442001647494,
            "diff_percent": -3.338859229026748
        },
        "crypto": {
            "current": 1.1884146511139944,
            "diff_percent": -2.5706450448885265
        },
        "forex": {
            "current": 1.2623531397787273,
            "diff_percent": 3.4910264855054196
        }
    },
    "rub2eur": {
        "bank": {
            "current": 0.010453690152623877,
            "sparkline_full": "             92.8                 \n  ▆▆▇▇▇▇▇▇█████▇▄▂▂▂▃▂▂▂▁▁▁▂▄▄▄▄  \n                         97.9     "
        },
        "korona": {
            "current": 0.010071562074300251,
            "diff_percent": -3.6554371972438062
        },
        "crypto": {
            "current": 0.010224802793331994,
            "diff_percent": -2.1895364789861547
        },
        "forex": {
            "current": 0.010749014602573168,
            "diff_percent": 2.8250736882149172
        }
    },
    "rub2usd": {
        "bank": {
            "current": 0.012371644191513053,
            "sparkline_full": "             79.4                 \n  ▅▅▅▅▆▆▆▇▇▇▇▇█▆▄▂▂▂▃▃▂▂▂▁▁▃▅▅▅▅  \n                         83.4     "
        },
        "korona": {
            "current": 0.011603134262833187,
            "diff_percent": -6.2118657535193575
        },
        "crypto": {
            "current": 0.012076617125912082,
            "diff_percent": -2.3847037712526453
        },
        "forex": {
            "current": 0.012839541679720201,
            "diff_percent": 3.7820153971783803
        }
    },
    "xdr": {
        "rub2xdr": {
            "current_rate": 0.00877295942858167,
            "sparkline": "▆▇▇▇▇▇▇██████▆▃▂▂▂▂▂▁▁▁▁▁▂▄▃▂▃"
        },
        "usd2xdr": {
            "current_rate": 0.692121,
            "sparkline": "▆▆▆▆▅▅▅▅▅▅▅▅▅▅▅▄▄▄▄▄▄▄▄▄▄▄▄▃▃▃"
        },
        "eur2xdr": {
            "current_rate": 0.8161640627487421,
            "sparkline": "▅▄▄▄▄▄▅▅▄▄▄▄▄▅▅▅▅▄▄▄▄▄▄▄▄▅▅▄▄▄"
        },
        "cny2xdr": {
            "current_rate": 0.09877847234115429,
            "sparkline": "▅▅▅▅▅▅▅▅▅▅▅▅▅▅▄▄▄▄▄▄▄▄▄▄▄▄▅▄▄▄"
        },
        "rsd2xdr": {
            "current_rate": 0.006949687177170919,
            "sparkline": "▅▄▄▄▄▄▅▅▄▄▄▄▄▄▅▅▅▄▄▄▄▄▄▄▄▄▅▄▄▄"
        }
    },
    "neer": {
        "rub": {
            "current_rate": 97.02702764350876,
            "sparkline": "▅▆▇▇▅▆▆▆▇██▇▇█▅▃▂▂▃▂▃▁▂▁▁▁▄▅▃▃"
        },
        "usd": {
            "current_rate": 102.9388312865446,
            "sparkline": "▅▅▅▅▅▅▅▅▅▅▅▅▅▅▅▄▄▄▄▄▄▄▄▄▄▄▄▄▄▄"
        },
        "eur": {
            "current_rate": 110.88992090188655,
            "sparkline": "▄▄▄▄▄▄▄▄▄▄▄▄▄▄▅▅▅▅▅▅▅▅▅▅▅▅▅▅▅▅"
        },
        "cny": {
            "current_rate": 107.06923730083878,
            "sparkline": "▄▅▄▄▄▅▄▄▄▄▄▄▄▅▄▄▄▄▄▄▅▅▅▅▅▅▅▄▅▅"
        },
        "rsd": {
            "current_rate": 110.4458203750164,
            "sparkline": "▅▅▅▅▄▅▃▅▅▅▅▅▅▅▅▅▅▅▅▅▆▆▆▅▅▅▅▅▅▅"
        }
    },
    "specific_rates": {
        "rub_kzt_bank": 6.34,
        "rub_kzt_crypto": 6.201342894155855,
        "kzt_rsd_bank": 0.19163827438633596,
        "rsd_eur_cash": 0.008438818565400843,
        "eur_rsd_cash": 117.06666666666666,
        "rsd_usd_cash": 0.009841135948263743,
        "usd_rsd_cash": 97.65714285714286,
        "eur_usd_exch": 1.1792216429623463,
        "usd_kzt_bank": 506.5
    },
    "update_time": "2025-12-26 04:50:56",
    "update_time_display": "26.12 04:50"
}