{
    "rub2rsd": {
        "bank": {
            "current": 1.215872967603496,
            "sparkline_full": "               1.23               \n  ▄▅▅▄▄▄▄▄▆▇▇▇████▇▃  ▁▁▂▃▃▄▅▇▇▇  \n                      1.16        "
        },
        "korona": {
            "current": 1.1632086894987905,
            "diff_percent": -4.331396412941692
        },
        "crypto": {
            "current": 1.1813887381571964,
            "diff_percent": -2.836170419535573
        },
        "forex": {
            "current": 1.2753926220729805,
            "diff_percent": 4.895219817807004
        }
    },
    "rub2eur": {
        "bank": {
            "current": 0.010450412791305257,
            "sparkline_full": "               94.7               \n  ▅▅▅▅▅▄▃▃▅▇▆▇████▇▄  ▁▁▃▃▃▄▆▇▇▇  \n                     99.8         "
        },
        "korona": {
            "current": 0.009956137142643,
            "diff_percent": -4.729723682049132
        },
        "crypto": {
            "current": 0.01008881477587863,
            "diff_percent": -3.460131409617388
        },
        "forex": {
            "current": 0.010870857246574842,
            "diff_percent": 4.023232992474658
        }
    },
    "rub2usd": {
        "bank": {
            "current": 0.01218769043266301,
            "sparkline_full": "               80.3               \n  ▄▅▅▄▄▄▃▃▅▇▇▇████▇▃  ▁▁▂▂▂▃▄▅▅▅  \n                      85.0        "
        },
        "korona": {
            "current": 0.011378906231340576,
            "diff_percent": -6.636074371850572
        },
        "crypto": {
            "current": 0.011742558420033323,
            "diff_percent": -3.6523081636265906
        },
        "forex": {
            "current": 0.012783359134413187,
            "diff_percent": 4.887461697860193
        }
    },
    "xdr": {
        "rub2xdr": {
            "current_rate": 0.00886624819371392,
            "sparkline": "▄▅▅▃▂▂▁▂▅█▇▅▅▅▅█▆▅▆▄▂▂▁▁▂▃▆▇██"
        },
        "usd2xdr": {
            "current_rate": 0.70107,
            "sparkline": "▄▄▄▄▄▄▄▅▅▄▃▃▃▃▃▃▃▄▄▄▄▄▅▄▅▅▆▆▆▆"
        },
        "eur2xdr": {
            "current_rate": 0.8155978864047242,
            "sparkline": "▄▅▅▄▄▄▄▄▅▆▄▄▄▄▄▄▄▄▄▄▄▄▄▄▄▄▄▃▄▄"
        },
        "cny2xdr": {
            "current_rate": 0.10047783115676988,
            "sparkline": "▂▂▂▂▃▃▃▃▃▃▂▂▃▃▃▃▃▄▄▄▄▅▅▅▅▆▆▆▇▇"
        },
        "rsd2xdr": {
            "current_rate": 0.006951779428755842,
            "sparkline": "▅▅▅▄▄▄▅▅▅▆▄▄▄▅▄▄▅▄▅▄▄▅▅▄▄▄▄▃▄▅"
        }
    },
    "neer": {
        "rub": {
            "current_rate": 97.24215976457769,
            "sparkline": "▄▄▄▄▂▃▃▃▃▄▅▅▆▆▆▆▇▆▆▆▆▆▆▆▂▂▃▅▅▅"
        },
        "usd": {
            "current_rate": 103.53032937431503,
            "sparkline": "▅▅▅▅▅▅▅▅▅▄▄▄▄▄▄▄▄▄▄▄▄▄▅▄▄▅▅▅▅▅"
        },
        "eur": {
            "current_rate": 109.97043147600611,
            "sparkline": "▅▅▅▅▅▅▅▅▅▅▅▅▅▅▅▅▅▅▅▄▄▄▄▄▄▄▄▄▄▄"
        },
        "cny": {
            "current_rate": 108.18945637710127,
            "sparkline": "▄▄▄▄▄▄▄▄▄▄▄▄▄▄▄▄▄▄▄▅▅▅▅▅▅▅▅▅▅▅"
        },
        "rsd": {
            "current_rate": 110.07768617254648,
            "sparkline": "▄▄▄▅▅▅▅▄▄▅▅▄▅▄▄▄▅▄▄▄▅▅▅▄▄▄▄▄▄▄"
        }
    },
    "specific_rates": {
        "rub_kzt_bank": 6.27,
        "rub_kzt_crypto": 6.053288865527178,
        "kzt_rsd_bank": 0.1951647714823386,
        "rsd_eur_cash": 0.008451894633046908,
        "eur_rsd_cash": 116.83333333333333,
        "rsd_usd_cash": 0.009782342871117632,
        "usd_rsd_cash": 99.08333333333333,
        "eur_usd_exch": 1.1633615564846937,
        "usd_kzt_bank": 508.5
    },
    "update_time": "2026-01-12 00:51:34",
    "update_time_display": "12.01 00:51"
}