{
    "rub2rsd": {
        "bank": {
            "current": 1.3489746256073256,
            "sparkline_full": "                   1.36           \n  ▁▁▁▁▁▁▂▂▂▂▂▃▄▅▅▅▆▇████████████  \n   1.26                           "
        },
        "korona": {
            "current": 1.3142389417820053,
            "diff_percent": -2.5749694001606502
        },
        "crypto": {
            "current": 1.3581417095097847,
            "diff_percent": 0.6795594022631811
        },
        "forex": {
            "current": 1.4151156747185687,
            "diff_percent": 4.903061025441122
        }
    },
    "rub2eur": {
        "bank": {
            "current": 0.01165093790050099,
            "sparkline_full": "                   85.7           \n  ▁▁▁▁▁▁▂▂▂▂▂▃▄▅▅▅▆▇█████▇▇▇████  \n    91.8                          "
        },
        "korona": {
            "current": 0.011252045734434977,
            "diff_percent": -3.42369146134459
        },
        "crypto": {
            "current": 0.011603289921298011,
            "diff_percent": -0.4089626054991666
        },
        "forex": {
            "current": 0.012051822291909715,
            "diff_percent": 3.4407907314610915
        }
    },
    "rub2usd": {
        "bank": {
            "current": 0.013570362328674175,
            "sparkline_full": "                            73.7  \n  ▂▂▁▁▂▂▂▃▃▃▃▄▄▅▅▅▆▇█████▇▇▇████  \n    78.5                          "
        },
        "korona": {
            "current": 0.012813509344640936,
            "diff_percent": -5.577249639340939
        },
        "crypto": {
            "current": 0.01348808828414845,
            "diff_percent": -0.6062774341100702
        },
        "forex": {
            "current": 0.01408006488093897,
            "diff_percent": 3.7559981076392774
        }
    },
    "xdr": {
        "rub2xdr": {
            "current_rate": 0.009831878112805413,
            "sparkline": "▁▁▁▁▁▁▁▁▁▁▂▂▂▂▃▃▄▄▅▆█▆▅▅▄▅▅▅▅▅"
        },
        "usd2xdr": {
            "current_rate": 0.699507,
            "sparkline": "▃▃▃▃▃▃▃▃▂▂▂▃▃▃▃▃▃▃▃▄▇▅▃▃▃▃▃▃▃▃"
        },
        "eur2xdr": {
            "current_rate": 0.8158001233892627,
            "sparkline": "▃▃▃▃▃▃▃▃▃▃▃▃▃▃▃▃▃▃▃▃▆▄▃▃▃▃▃▃▃▃"
        },
        "cny2xdr": {
            "current_rate": 0.10337949278789312,
            "sparkline": "▂▂▂▂▃▂▃▃▂▂▂▃▃▃▃▃▃▃▃▄▇▅▃▃▃▃▃▃▃▃"
        },
        "rsd2xdr": {
            "current_rate": 0.006947755783116974,
            "sparkline": "▃▃▃▃▃▃▃▄▃▃▃▃▃▃▃▃▃▃▃▄▆▄▃▃▃▃▃▃▃▃"
        }
    },
    "neer": {
        "rub": {
            "current_rate": 107.33943522419649,
            "sparkline": "▁▁▂▁▁▁▂▂▂▂▂▃▄▅▅▅▅▆███▇▇█▇▆█▇▇▇"
        },
        "usd": {
            "current_rate": 102.12472251634335,
            "sparkline": "▅▅▅▅▄▄▄▄▄▄▄▄▄▅▅▅▅▅▅▅▅▅▅▄▅▅▅▅▅▅"
        },
        "eur": {
            "current_rate": 109.05573347025178,
            "sparkline": "▅▅▅▅▅▅▅▅▅▅▅▅▅▄▄▄▅▄▄▄▄▄▄▄▄▄▄▄▄▄"
        },
        "cny": {
            "current_rate": 111.60612084441934,
            "sparkline": "▃▃▄▄▄▄▄▃▃▄▅▅▅▅▄▄▅▆▆▆▆▅▅▆▆▅▅▅▅▅"
        },
        "rsd": {
            "current_rate": 109.29531729267258,
            "sparkline": "▃▃▇▆▆▆▆▃▃▆▇▇▆▆▂▂▆▆▆▆▆▃▂▆▆▂▂▂▂▂"
        }
    },
    "specific_rates": {
        "rub_kzt_bank": 6.67,
        "rub_kzt_crypto": 6.642883479943111,
        "kzt_rsd_bank": 0.20445062955122248,
        "rsd_eur_cash": 0.00844880027036161,
        "eur_rsd_cash": 116.8,
        "rsd_usd_cash": 0.009749756256093598,
        "usd_rsd_cash": 98.575,
        "eur_usd_exch": 1.16625012099845,
        "usd_kzt_bank": 485.5
    },
    "update_time": "2026-05-31 21:50:42",
    "update_time_display": "31.05 21:50"
}