{
    "rub2rsd": {
        "bank": {
            "current": 1.1866226262055093,
            "sparkline_full": "                    1.26          \n  ▂▄▆▆▆▅▅▅▆▆▆▇▇▇▇█████▇▄▂▁▁▂▂▁▁▁  \n                              1.19"
        },
        "korona": {
            "current": 1.1514786144284954,
            "diff_percent": -2.9616839423831562
        },
        "crypto": {
            "current": 1.2216634708372673,
            "diff_percent": 2.952989759162858
        },
        "forex": {
            "current": 1.245560578891451,
            "diff_percent": 4.966865740156074
        }
    },
    "rub2eur": {
        "bank": {
            "current": 0.01021346134204882,
            "sparkline_full": "                    92.8          \n  ▂▄▆▆▆▆▅▆▆▇▇▇▇▇▇█████▇▄▂▂▂▃▂▂▂▁  \n                              97.9"
        },
        "korona": {
            "current": 0.009862771858059918,
            "diff_percent": -3.433600737735343
        },
        "crypto": {
            "current": 0.010445735432250613,
            "diff_percent": 2.2741956171657582
        },
        "forex": {
            "current": 0.01061279614055461,
            "diff_percent": 3.909887012170195
        }
    },
    "rub2usd": {
        "bank": {
            "current": 0.011993283761093787,
            "sparkline_full": "                    79.4          \n  ▁▃▄▄▄▄▄▅▆▆▆▆▇▆▇█████▆▄▃▃▃▃▃▃▃▂  \n 83.9                             "
        },
        "korona": {
            "current": 0.011222207171596893,
            "diff_percent": -6.4292366032251085
        },
        "crypto": {
            "current": 0.012241880141542505,
            "diff_percent": 2.0727966201814096
        },
        "forex": {
            "current": 0.012495298643885237,
            "diff_percent": 4.185800092715107
        }
    },
    "xdr": {
        "rub2xdr": {
            "current_rate": 0.008638104192312087,
            "sparkline": "▂▅▅▅▆▆▅▆▇▇▇▇▇▇██████▆▃▂▂▂▂▂▁▁▁"
        },
        "usd2xdr": {
            "current_rate": 0.69494,
            "sparkline": "▅▆▆▆▆▆▅▅▅▅▅▅▅▅▄▄▄▄▄▄▄▄▄▃▃▃▃▃▃▃"
        },
        "eur2xdr": {
            "current_rate": 0.8139329237940747,
            "sparkline": "▄▅▅▅▅▅▅▅▅▅▅▅▅▅▅▄▄▅▄▄▅▅▅▅▄▅▅▄▄▄"
        },
        "cny2xdr": {
            "current_rate": 0.09870185206226566,
            "sparkline": "▄▅▅▅▅▅▅▅▅▅▅▅▅▅▄▄▄▄▄▄▅▄▄▄▄▄▄▄▄▄"
        },
        "rsd2xdr": {
            "current_rate": 0.006935113665848352,
            "sparkline": "▄▅▄▅▅▅▅▅▅▅▄▅▅▅▅▄▄▄▄▄▅▅▅▅▅▅▅▄▄▄"
        }
    },
    "neer": {
        "rub": {
            "current_rate": 96.16868383231956,
            "sparkline": "▁▂▅▅▂▄▄▅▆▇▇▅▆▆▅▇██▇▇█▅▃▂▂▂▂▃▁▂"
        },
        "usd": {
            "current_rate": 103.48054124527913,
            "sparkline": "▅▆▅▆▅▅▅▅▅▅▅▄▅▄▄▄▄▄▄▄▄▄▄▄▄▃▃▃▄▄"
        },
        "eur": {
            "current_rate": 110.87876492724014,
            "sparkline": "▄▄▄▄▄▄▄▄▄▄▄▄▄▄▄▄▄▄▄▄▄▅▅▅▅▅▅▅▅▅"
        },
        "cny": {
            "current_rate": 107.10358011019832,
            "sparkline": "▄▅▅▄▅▅▅▄▅▄▄▄▅▄▄▄▄▄▄▅▅▄▄▄▄▄▄▄▅▅"
        },
        "rsd": {
            "current_rate": 110.43996954883836,
            "sparkline": "▅▅▅▅▅▅▅▅▅▅▅▄▅▃▅▅▅▅▅▅▅▅▆▅▅▅▅▅▆▅"
        }
    },
    "specific_rates": {
        "rub_kzt_bank": 6.23,
        "rub_kzt_crypto": 6.371898613672874,
        "kzt_rsd_bank": 0.19172675915084578,
        "rsd_eur_cash": 0.008483563096500531,
        "eur_rsd_cash": 116.75,
        "rsd_usd_cash": 0.009745910198398886,
        "usd_rsd_cash": 98.72142857142856,
        "eur_usd_exch": 1.1712276222322426,
        "usd_kzt_bank": 514.5
    },
    "update_time": "2025-12-19 14:20:50",
    "update_time_display": "19.12 14:20"
}