{
    "rub2rsd": {
        "bank": {
            "current": 1.3504397927296583,
            "sparkline_full": "                     1.36         \n  鈻傗杹鈻佲杹鈻佲杹鈻佲杹鈻傗杺鈻傗杺鈻傗杻鈻勨枀鈻呪枀鈻嗏枃鈻堚枅鈻堚枅鈻堚枅鈻堚枅鈻堚枅  \n     1.26                         "
        },
        "korona": {
            "current": 1.3117169709563825,
            "diff_percent": -2.8674230411268424
        },
        "crypto": {
            "current": 1.3950309122247775,
            "diff_percent": 3.3019701977965767
        },
        "forex": {
            "current": 1.4231766608409806,
            "diff_percent": 5.386161493678922
        }
    },
    "rub2eur": {
        "bank": {
            "current": 0.011621150493898896,
            "sparkline_full": "                     85.7         \n  鈻佲杹鈻佲杹鈻佲杹鈻佲杹鈻傗杺鈻傗杺鈻傗杻鈻勨枀鈻呪枀鈻嗏枃鈻堚枅鈻堚枅鈻堚枃鈻団枃鈻堚枅  \n      91.8                        "
        },
        "korona": {
            "current": 0.011224047098885189,
            "diff_percent": -3.417074714092948
        },
        "crypto": {
            "current": 0.011878986525575733,
            "diff_percent": 2.2186790525791857
        },
        "forex": {
            "current": 0.012123411389057379,
            "diff_percent": 4.321955002838746
        }
    },
    "rub2usd": {
        "bank": {
            "current": 0.013544629554381687,
            "sparkline_full": "                     73.8         \n  鈻傗杺鈻傗杺鈻佲杹鈻傗杺鈻冣杻鈻冣杻鈻冣杽鈻勨枀鈻呪枀鈻嗏枃鈻堚枅鈻堚枅鈻堚枃鈻団枃鈻堚枅  \n      78.5                        "
        },
        "korona": {
            "current": 0.01276817298140541,
            "diff_percent": -5.732578878283857
        },
        "crypto": {
            "current": 0.013816435907932632,
            "diff_percent": 2.006746308266626
        },
        "forex": {
            "current": 0.014011194944760864,
            "diff_percent": 3.444652277169466
        }
    },
    "xdr": {
        "rub2xdr": {
            "current_rate": 0.009884047323907083,
            "sparkline": "鈻佲杹鈻佲杹鈻佲杹鈻佲杹鈻佲杹鈻佲杹鈻傗杺鈻傗杺鈻冣杻鈻勨杽鈻呪枂鈻堚枂鈻呪枀鈻勨枀鈻呪枀"
        },
        "usd2xdr": {
            "current_rate": 0.700285,
            "sparkline": "鈻冣杻鈻冣杻鈻冣杻鈻冣杻鈻冣杻鈻傗杺鈻傗杻鈻冣杻鈻冣杻鈻冣杻鈻冣杽鈻団枀鈻冣杻鈻冣杻鈻冣杻"
        },
        "eur2xdr": {
            "current_rate": 0.8152859790626631,
            "sparkline": "鈻冣杻鈻冣杻鈻冣杻鈻冣杻鈻冣杻鈻冣杻鈻冣杻鈻冣杻鈻冣杻鈻冣杻鈻冣杻鈻嗏杽鈻冣杻鈻冣杻鈻冣杻"
        },
        "cny2xdr": {
            "current_rate": 0.10339820160349639,
            "sparkline": "鈻傗杺鈻傗杺鈻傗杺鈻冣杺鈻冣杻鈻傗杺鈻傗杻鈻冣杻鈻冣杻鈻冣杻鈻冣杽鈻団枀鈻冣杻鈻冣杻鈻冣杻"
        },
        "rsd2xdr": {
            "current_rate": 0.006945060016699841,
            "sparkline": "鈻冣杻鈻冣杻鈻冣杻鈻冣杻鈻冣杽鈻冣杻鈻冣杻鈻冣杻鈻冣杻鈻冣杻鈻冣杽鈻嗏杽鈻冣杻鈻冣杻鈻冣杻"
        }
    },
    "neer": {
        "rub": {
            "current_rate": 107.88411270230674,
            "sparkline": "鈻傗杺鈻佲杹鈻傗杹鈻佲杹鈻傗杺鈻傗杺鈻傗杻鈻勨枀鈻呪枀鈻呪枂鈻堚枅鈻堚枃鈻団枅鈻団枂鈻堚枃"
        },
        "usd": {
            "current_rate": 102.17969720942722,
            "sparkline": "鈻呪枀鈻呪枀鈻呪枀鈻勨杽鈻勨杽鈻勨杽鈻勨杽鈻勨枀鈻呪枀鈻呪枀鈻呪枀鈻呪枀鈻呪杽鈻呪枀鈻呪枀"
        },
        "eur": {
            "current_rate": 108.96484921541955,
            "sparkline": "鈻呪枀鈻呪枀鈻呪枀鈻呪枀鈻呪枀鈻呪枀鈻呪枀鈻呪杽鈻勨杽鈻呪杽鈻勨杽鈻勨杽鈻勨杽鈻勨杽鈻勨杽"
        },
        "cny": {
            "current_rate": 111.59341368918017,
            "sparkline": "鈻勨杽鈻冣杻鈻勨杽鈻勨杽鈻勨杻鈻冣杽鈻呪枀鈻呪枀鈻勨杽鈻呪枂鈻嗏枂鈻嗏枀鈻呪枂鈻嗏枀鈻呪枀"
        },
        "rsd": {
            "current_rate": 109.2918576864074,
            "sparkline": "鈻嗏枂鈻冣杻鈻団枂鈻嗏枂鈻嗏杻鈻冣枂鈻団枃鈻嗏枂鈻傗杺鈻嗏枂鈻嗏枂鈻嗏杻鈻傗枂鈻嗏杺鈻傗杺"
        }
    },
    "specific_rates": {
        "rub_kzt_bank": 6.63,
        "rub_kzt_crypto": 6.776961812840956,
        "kzt_rsd_bank": 0.2058490147578343,
        "rsd_eur_cash": 0.00845725562055113,
        "eur_rsd_cash": 116.86666666666667,
        "rsd_usd_cash": 0.00973393900064893,
        "usd_rsd_cash": 98.72500000000001,
        "eur_usd_exch": 1.164220251844125,
        "usd_kzt_bank": 483.5
    },
    "update_time": "2026-05-29 10:50:48",
    "update_time_display": "29.05 10:50"
}