{
    "rub2rsd": {
        "bank": {
            "current": 1.241125601640569,
            "sparkline_full": "                              1.24\n  ▅▆▆▆▇▇▇▇▆▃  ▁▁▂▂▃▃▅▆▆▆▆▇▇█████  \n              1.16                "
        },
        "korona": {
            "current": 1.1958153762199624,
            "diff_percent": -3.6507365056940038
        },
        "crypto": {
            "current": 1.1726082388628598,
            "diff_percent": -5.520582500847633
        },
        "forex": {
            "current": 1.3002608318076383,
            "diff_percent": 4.764645100294608
        }
    },
    "rub2eur": {
        "bank": {
            "current": 0.01066211749653481,
            "sparkline_full": "                            93.7  \n  ▄▆▅▆▇▇▇▇▆▃  ▁▁▂▂▂▃▅▆▆▆▆▇▇█████  \n             99.8                 "
        },
        "korona": {
            "current": 0.010236893278145696,
            "diff_percent": -3.988177944271502
        },
        "crypto": {
            "current": 0.010057486314552031,
            "diff_percent": -5.670835855816486
        },
        "forex": {
            "current": 0.011079661596316263,
            "diff_percent": 3.9161461118502467
        }
    },
    "rub2usd": {
        "bank": {
            "current": 0.012410027302060065,
            "sparkline_full": "       80.3                       \n  ▅▇▇▇████▇▄  ▁▁▂▃▃▃▄▅▅▆▆▆▇▇▇▇▇█  \n              85.0                "
        },
        "korona": {
            "current": 0.011638914952085284,
            "diff_percent": -6.213623316096784
        },
        "crypto": {
            "current": 0.01168313648808235,
            "diff_percent": -5.857286179032421
        },
        "forex": {
            "current": 0.012860313843099026,
            "diff_percent": 3.62840894769195
        }
    },
    "xdr": {
        "rub2xdr": {
            "current_rate": 0.009057320908386499,
            "sparkline": "▃▅▄▃▃▃▃▅▄▃▄▃▁▁▁▁▁▂▃▄▅▆▆▆▆▇████"
        },
        "usd2xdr": {
            "current_rate": 0.701954,
            "sparkline": "▄▄▃▃▄▄▄▄▄▄▄▄▄▄▅▄▅▅▅▅▅▅▅▅▅▅▆▆▆▆"
        },
        "eur2xdr": {
            "current_rate": 0.8174727025415517,
            "sparkline": "▅▅▄▄▄▄▄▄▄▄▄▄▄▄▄▄▄▄▄▄▄▅▄▅▄▄▄▄▅▅"
        },
        "cny2xdr": {
            "current_rate": 0.10079608276733533,
            "sparkline": "▃▃▃▃▃▃▃▃▄▄▄▄▄▄▅▅▅▅▅▅▆▆▆▆▆▆▆▆▆▆"
        },
        "rsd2xdr": {
            "current_rate": 0.006965772318000921,
            "sparkline": "▅▅▄▄▄▅▄▄▅▄▅▄▄▅▅▄▄▄▄▄▄▅▅▅▄▄▄▅▅▅"
        }
    },
    "neer": {
        "rub": {
            "current_rate": 98.79849601435492,
            "sparkline": "▃▃▄▄▅▅▅▅▆▅▅▅▅▅▅▅▅▅▆▄▄▅▅▅▅▆▆▆▆▆"
        },
        "usd": {
            "current_rate": 103.22428189281186,
            "sparkline": "▅▄▄▄▄▄▄▄▄▄▄▄▄▅▅▄▅▅▅▅▅▅▅▅▅▅▅▅▄▄"
        },
        "eur": {
            "current_rate": 109.77642109183772,
            "sparkline": "▅▅▅▅▅▅▅▅▅▅▅▅▄▄▄▄▄▄▄▄▄▄▄▄▄▄▄▄▄▄"
        },
        "cny": {
            "current_rate": 108.47828180821544,
            "sparkline": "▄▄▄▄▄▄▄▄▄▄▄▄▄▅▅▄▄▅▅▅▅▅▅▅▅▅▅▅▅▅"
        },
        "rsd": {
            "current_rate": 109.98036085919541,
            "sparkline": "▅▅▅▅▅▅▅▅▅▅▅▅▅▅▅▄▄▅▅▄▄▄▄▄▄▄▄▄▄▄"
        }
    },
    "specific_rates": {
        "rub_kzt_bank": 6.36,
        "rub_kzt_crypto": 5.999290586630287,
        "kzt_rsd_bank": 0.19545781654185493,
        "rsd_eur_cash": 0.008441871683550409,
        "eur_rsd_cash": 116.81428571428572,
        "rsd_usd_cash": 0.009733036707452725,
        "usd_rsd_cash": 98.88571428571429,
        "eur_usd_exch": 1.1645673399418648,
        "usd_kzt_bank": 506.5
    },
    "update_time": "2026-01-20 00:51:33",
    "update_time_display": "20.01 00:51"
}