{
    "rub2rsd": {
        "bank": {
            "current": 1.2202481886562317,
            "sparkline_full": "          1.26                    \n  ▂▂▄▅▅▅▅▃▇█▇▇▇▃▂ ▄▅▅  ▄▄▃▃▃▂▁▁▁  \n                            1.22  "
        },
        "korona": {
            "current": 1.1852227345514301,
            "diff_percent": -2.8703549352015463
        },
        "crypto": {
            "current": 1.2182784376266724,
            "diff_percent": -0.16142216377542498
        },
        "forex": {
            "current": 1.2811346148952778,
            "diff_percent": 4.989675609032924
        }
    },
    "rub2eur": {
        "bank": {
            "current": 0.010506408909434755,
            "sparkline_full": "          92.2                    \n  ▂▃▄▅▅▄▄▃▇███▆▃▂▃▄▄▄▄▄▄▅▄▃▃▁▁▁▁  \n                             95.4 "
        },
        "korona": {
            "current": 0.010146213943818039,
            "diff_percent": -3.428335682739905
        },
        "crypto": {
            "current": 0.010406311857784994,
            "diff_percent": -0.9527237376024276
        },
        "forex": {
            "current": 0.010915219265165043,
            "diff_percent": 3.8910569658408813
        }
    },
    "rub2usd": {
        "bank": {
            "current": 0.012490632025980514,
            "sparkline_full": "          78.6                    \n  ▁▁▂▂▂▃▃▃▇███▇▆▇████▆▆▅▆▅▅▅▃▄▄▄  \n 81.4                             "
        },
        "korona": {
            "current": 0.011761078983393007,
            "diff_percent": -5.840801658955583
        },
        "crypto": {
            "current": 0.012345764769155743,
            "diff_percent": -1.1598072581391201
        },
        "forex": {
            "current": 0.012909089031405233,
            "diff_percent": 3.3501667854302966
        }
    },
    "xdr": {
        "rub2xdr": {
            "current_rate": 0.008891035897188862,
            "sparkline": "▂▂▃▄▄▄▄▄▇███▅▃▃▃▅▅▄▃▄▄▄▄▃▃▃▂▁▁"
        },
        "usd2xdr": {
            "current_rate": 0.686599,
            "sparkline": "▇▇▇███▇▇▆▅▅▄▃▃▃▁▂▃▃▃▄▄▄▄▄▄▄▃▂▃"
        },
        "eur2xdr": {
            "current_rate": 0.8145540351684749,
            "sparkline": "▄▄▄▄▄▄▅▅▄▄▆▅▄▅▆▄▄▄▄▃▄▄▄▄▄▄▅▅▄▄"
        },
        "cny2xdr": {
            "current_rate": 0.0994970075499587,
            "sparkline": "▇▇▇▇▇▇▇▇▆▅▅▄▃▃▃▂▂▃▃▃▄▄▅▅▄▄▅▅▄▄"
        },
        "rsd2xdr": {
            "current_rate": 0.006939970081064143,
            "sparkline": "▄▄▄▄▄▄▅▅▄▄▅▅▄▅▆▄▄▄▄▃▄▄▄▄▄▄▅▅▄▄"
        }
    },
    "neer": {
        "rub": {
            "current_rate": 98.10681388142794,
            "sparkline": "▁▂▂▄▄▂▃▃▄███▇▆▃▄▆▆▇▇▄▄▄▆▅▄▄▁▂▂"
        },
        "usd": {
            "current_rate": 101.24461769358581,
            "sparkline": "▇▇▇▇▇▇▆▆▆▅▄▄▄▃▂▂▃▄▄▄▄▄▄▄▄▄▃▃▂▂"
        },
        "eur": {
            "current_rate": 110.41718513891793,
            "sparkline": "▄▄▄▃▃▄▅▅▄▄▅▅▅▆▆▆▆▅▅▅▄▅▅▅▄▅▅▅▅▄"
        },
        "cny": {
            "current_rate": 107.39956292293664,
            "sparkline": "▆▆▆▆▆▆▆▆▆▅▄▄▄▃▃▃▃▄▄▅▅▅▅▅▅▅▅▅▄▄"
        },
        "rsd": {
            "current_rate": 110.32492154089374,
            "sparkline": "▄▄▄▄▄▄▃▄▄▄▄▄▅▄▆▅▅▅▅▅▅▅▃▆▅▅▄▄▅▅"
        }
    },
    "specific_rates": {
        "rub_kzt_bank": 6.22,
        "rub_kzt_crypto": 6.160536619808716,
        "kzt_rsd_bank": 0.19775524646820455,
        "rsd_eur_cash": 0.008446965126101122,
        "eur_rsd_cash": 116.81428571428572,
        "rsd_usd_cash": 0.009923096005953858,
        "usd_rsd_cash": 96.83333333333333,
        "eur_usd_exch": 1.1863606488918204,
        "usd_kzt_bank": 492.0
    },
    "update_time": "2026-02-12 20:28:48",
    "update_time_display": "12.02 20:28"
}