{
    "rub2rsd": {
        "bank": {
            "current": 1.2153376879174664,
            "sparkline_full": "                       1.24       \n           ▁▁▂▁▁▃▅▆▇▆▆▅▆██▇▆▆▇▅▁  \n          1.21                    "
        },
        "korona": {
            "current": 1.1745680690667353,
            "diff_percent": -3.354591835343448
        },
        "crypto": {
            "current": 1.1899941456956153,
            "diff_percent": -2.0853086737792474
        },
        "forex": {
            "current": 1.271441277342088,
            "diff_percent": 4.616296357990633
        }
    },
    "rub2eur": {
        "bank": {
            "current": 0.010488777008600797,
            "sparkline_full": "                        93.4      \n           ▂▁▂▂▂▂▄▅▆▇▇▅▆▇█▆▆▆▆▅▁  \n           95.5                   "
        },
        "korona": {
            "current": 0.01006054020613906,
            "diff_percent": -4.082809674670193
        },
        "crypto": {
            "current": 0.01018266401974648,
            "diff_percent": -2.9184812357370573
        },
        "forex": {
            "current": 0.010857632727902824,
            "diff_percent": 3.5166704278255274
        }
    },
    "rub2usd": {
        "bank": {
            "current": 0.01231678778174652,
            "sparkline_full": "                    80.1          \n           ▃▃▄▄▄▄▅▇▇▇▇▅▆▆▆▅▅▅▅▅▂  \n                              81.2"
        },
        "korona": {
            "current": 0.011599035738826475,
            "diff_percent": -5.827428836467856
        },
        "crypto": {
            "current": 0.011933103490793472,
            "diff_percent": -3.1151327582478014
        },
        "forex": {
            "current": 0.01274734632117959,
            "diff_percent": 3.4957047816570843
        }
    },
    "xdr": {
        "rub2xdr": {
            "current_rate": 0.008858020092827289,
            "sparkline": "         ▂█████▁▂▂▁▁▁▂▂▂▂▂▂▂▁▁"
        },
        "usd2xdr": {
            "current_rate": 0.694528,
            "sparkline": "         ▃█████▁▁▁▁▁▁▁▂▂▂▂▂▂▁▁"
        },
        "eur2xdr": {
            "current_rate": 0.8158334615669245,
            "sparkline": "         ▃█████▁▁▁▁▁▁▁▁▁▁▁▁▁▁▁"
        },
        "cny2xdr": {
            "current_rate": 0.09699840786570209,
            "sparkline": "         ▃█████▁▁▁▁▁▁▁▂▂▂▂▂▂▁▁"
        },
        "rsd2xdr": {
            "current_rate": 0.00696691247223366,
            "sparkline": "         ▃█████▁▁▁▁▁▁▁▁▁▁▁▁▁▁▁"
        }
    },
    "neer": {
        "rub": {
            "current_rate": 97.49619750812039,
            "sparkline": "▆▆▅▄▄▄▄▁▃▁▁▂▁▂▂▅▅▇▆▆▇▇█▇█▆▆▅▆▃"
        },
        "usd": {
            "current_rate": 103.32575792102865,
            "sparkline": "▆▆▅▄▄▄▄▂▄▃▃▃▃▄▄▅▅▅▅▅▅▆▇▆▆▆▆▆▅▄"
        },
        "eur": {
            "current_rate": 110.66350420065537,
            "sparkline": "▃▃▄▄▄▅▅▆▅▆▆▆▆▅▅▅▅▅▅▅▅▅▅▅▅▅▅▅▅▆"
        },
        "cny": {
            "current_rate": 103.32622648920409,
            "sparkline": "▅▅▄▄▄▄▄▂▃▃▃▃▃▄▄▅▅▅▅▅▆▆▆▆▆▆▇▇▆▅"
        },
        "rsd": {
            "current_rate": 110.57014175586373,
            "sparkline": "▃▄▄▃▄▄▄▄▆▅▅▄▄▆▅▅▅▄▄▄▄▄▄▄▄▄▄▄▄▅"
        }
    },
    "update_time": "2025-07-23 20:50:50",
    "update_time_display": "23.07 20:50"
}