{
    "rub2rsd": {
        "bank": {
            "current": 1.2350989109673876,
            "sparkline_full": "                              1.24\n  ▅▄▄ ▅▄▄▄▅▂▂▂▃▃▃▄▄▅▄▃▃▅▇▆▄▄▅▅▆▇  \n          1.19                    "
        },
        "korona": {
            "current": 1.2076963135948915,
            "diff_percent": -2.218656103504541
        },
        "crypto": {
            "current": 1.2578778487898536,
            "diff_percent": 1.8443006969073077
        },
        "forex": {
            "current": 1.293725686819968,
            "diff_percent": 4.746727191805329
        }
    },
    "rub2eur": {
        "bank": {
            "current": 0.010785159620362382,
            "sparkline_full": "                              92.7\n  ▂▃▂▂▃▃▃▂▃▁▁▁▂▂▂▃▃▄▃▃▃▄▆▆▄▃▃▃▆█  \n           97.7                   "
        },
        "korona": {
            "current": 0.0103398656985864,
            "diff_percent": -4.128765242706899
        },
        "crypto": {
            "current": 0.011014341835474901,
            "diff_percent": 2.1249774985232803
        },
        "forex": {
            "current": 0.011203904414384179,
            "diff_percent": 3.882601730170098
        }
    },
    "rub2usd": {
        "bank": {
            "current": 0.012000480019200769,
            "sparkline_full": "                       83.2       \n  ▄▄▄▄▅▅▅▅▆▄▂▂▃▃▃▅▅▅▄▃▃▅▇▇▅▄▄▄▅▆  \n            85.5                  "
        },
        "korona": {
            "current": 0.011493659896215955,
            "diff_percent": -4.223332084832448
        },
        "crypto": {
            "current": 0.012231042387068061,
            "diff_percent": 1.9212762114381468
        },
        "forex": {
            "current": 0.01236272736600967,
            "diff_percent": 3.0186071409585686
        }
    },
    "xdr": {
        "rub2xdr": {
            "current_rate": 0.008946303668685374,
            "sparkline": " ▃▂▂▃▃▃▅▃▂▁▂▃▃▂▃▃▄▃▃▂▅█▇▆▂▃▃▆█"
        },
        "usd2xdr": {
            "current_rate": 0.720178,
            "sparkline": " ▅▅▅▅▅▅▅▃▄▅▆▆▆▅▅▅▅▆▆▆▆▆▆▆▆▆▆▆▆"
        },
        "eur2xdr": {
            "current_rate": 0.798498749882195,
            "sparkline": " ▅▆▆▆▆▆█▆▅▅▆▇▆▆▆▅▅▆▅▅▆▆▆▅▄▄▄▂▁"
        },
        "cny2xdr": {
            "current_rate": 0.0996737874289827,
            "sparkline": " ▄▄▄▄▄▄▄▂▃▄▅▅▅▅▄▄▄▅▅▅▅▅▆▇▇▇▇▇▇"
        },
        "rsd2xdr": {
            "current_rate": 0.006915147283405775,
            "sparkline": " ▅▅▅▅▅▅▅▅▅▅▅▅▅▅▅▅▄▅▅▅▅▅▅▅▅▅▅▄▄"
        }
    },
    "neer": {
        "rub": {
            "current_rate": 93.80135826039549,
            "sparkline": "▁▅▆▅▆▆▆▆█▇▅▄▅▅▅▅▆▇▇▅▅▆▅▇█▆▅▅▃▃"
        },
        "usd": {
            "current_rate": 105.76652810710068,
            "sparkline": "▅▅▅▅▅▅▅▅▄▄▄▅▄▄▅▄▄▄▄▄▄▄▄▄▄▅▄▄▄▄"
        },
        "eur": {
            "current_rate": 107.87908411223712,
            "sparkline": "▆▅▅▅▅▅▅▅▆▅▅▅▆▅▅▅▅▅▄▄▄▄▄▄▄▃▃▃▃▃"
        },
        "cny": {
            "current_rate": 104.36622539646274,
            "sparkline": "▅▅▅▅▅▄▄▅▃▄▅▅▅▅▅▅▅▅▄▄▄▃▅▅▅▅▅▅▆▆"
        },
        "rsd": {
            "current_rate": 109.73296774405128,
            "sparkline": "▅▅▄▄▄▄▄▄▅▄▄▄▄▄▅▄▄▄▄▄▄▄▄▄▄▄▅▅▄▄"
        }
    },
    "update_time": "2025-05-13 00:06:37",
    "update_time_display": "13.05 00:06"
}