{
    "rub2rsd": {
        "bank": {
            "current": 1.3415735873049441,
            "sparkline_full": "         1.36                     \n  ▁▂▃▄▄▄▅▇█████▇▇▇██▇▇▇▆▄▃▃▄▄▅▆▇  \n 1.28                             "
        },
        "korona": {
            "current": 1.3120366273896296,
            "diff_percent": -2.201665282830343
        },
        "crypto": {
            "current": 1.3786486643013578,
            "diff_percent": 2.763551500062916
        },
        "forex": {
            "current": 1.4129113872944232,
            "diff_percent": 5.317472009328085
        }
    },
    "rub2eur": {
        "bank": {
            "current": 0.011511453896627144,
            "sparkline_full": "         85.7                     \n  ▁▂▃▄▄▄▅▇█████▇▇▇████▇▅▄▂▃▃▃▄▆▆  \n 90.3                             "
        },
        "korona": {
            "current": 0.011233190302993403,
            "diff_percent": -2.4172758378963013
        },
        "crypto": {
            "current": 0.011759243222753082,
            "diff_percent": 2.15254587605603
        },
        "forex": {
            "current": 0.012036428958824617,
            "diff_percent": 4.560458365309451
        }
    },
    "rub2usd": {
        "bank": {
            "current": 0.013340448239060833,
            "sparkline_full": "                  73.7            \n  ▂▂▃▃▄▄▄▆▇▇▇▇▇▆▆▆▇▇▇▇▇▅▃▂▂▂▂▃▅▅  \n                        76.9      "
        },
        "korona": {
            "current": 0.012725864475166144,
            "diff_percent": -4.606919894154588
        },
        "crypto": {
            "current": 0.013599612588915658,
            "diff_percent": 1.9426959665117673
        },
        "forex": {
            "current": 0.01394081843756883,
            "diff_percent": 4.50037500801595
        }
    },
    "xdr": {
        "rub2xdr": {
            "current_rate": 0.009842128127945693,
            "sparkline": "▁▁▁▁▂▂▃▄▄▅█▅▄▄▄▄▅▅▄▄▄▃▂▂▂▂▂▃▄▄"
        },
        "usd2xdr": {
            "current_rate": 0.708406,
            "sparkline": "▂▂▂▂▃▃▃▃▃▄▇▅▃▃▃▃▃▃▃▃▃▃▃▃▃▃▃▄▄▄"
        },
        "eur2xdr": {
            "current_rate": 0.8176950291165759,
            "sparkline": "▃▃▃▂▂▃▃▃▃▃▇▄▃▃▃▃▃▃▃▃▃▃▃▃▃▂▂▃▃▃"
        },
        "cny2xdr": {
            "current_rate": 0.10458029466473766,
            "sparkline": "▂▂▂▂▂▃▃▃▃▃▇▅▃▃▃▃▃▃▃▃▃▃▃▃▃▃▃▄▄▄"
        },
        "rsd2xdr": {
            "current_rate": 0.006965849533417898,
            "sparkline": "▃▃▃▂▂▃▃▃▃▃▇▄▃▃▃▃▃▃▃▃▃▃▃▃▃▂▂▃▃▃"
        }
    },
    "neer": {
        "rub": {
            "current_rate": 105.43981599679186,
            "sparkline": "▁▂▃▄▄▄▄▅███▇▇█▇▆█▇▇▇▇▇▃▂▃▃▃▃▄▄"
        },
        "usd": {
            "current_rate": 102.98197832310167,
            "sparkline": "▃▃▃▄▅▅▄▄▄▄▄▅▅▄▄▄▄▄▄▄▄▄▅▅▅▅▅▆▅▅"
        },
        "eur": {
            "current_rate": 108.82499302105708,
            "sparkline": "▅▅▅▅▅▅▅▅▄▄▄▄▄▄▄▄▄▄▄▄▄▄▄▄▄▄▄▄▄▄"
        },
        "cny": {
            "current_rate": 112.3451799454962,
            "sparkline": "▄▄▄▅▄▃▅▅▅▅▅▄▄▅▅▅▅▅▄▄▅▆▄▅▅▅▅▅▅▅"
        },
        "rsd": {
            "current_rate": 109.32330676693552,
            "sparkline": "▇▇▇▇▂▂▆▇▇▇▇▂▂▆▆▇▆▆▂▂▇▇▂▂▂▂▂▂▂▂"
        }
    },
    "specific_rates": {
        "rub_kzt_bank": 6.55,
        "rub_kzt_crypto": 6.691009393746504,
        "kzt_rsd_bank": 0.2060449452648892,
        "rsd_eur_cash": 0.00844880027036161,
        "eur_rsd_cash": 116.8,
        "rsd_usd_cash": 0.009699321047526672,
        "usd_rsd_cash": 99.325,
        "eur_usd_exch": 1.1542745672913215,
        "usd_kzt_bank": 485.0
    },
    "update_time": "2026-06-10 05:51:35",
    "update_time_display": "10.06 05:51"
}