{
    "rub2rsd": {
        "bank": {
            "current": 1.2640958061539593,
            "sparkline_full": "                         1.27     \n  ‚ĖĀ‚Ėā‚Ėā‚Ėā‚Ėā‚ĖÉ‚ĖÉ‚ĖÉ‚ĖĄ‚ĖĄ‚ĖÖ‚ĖĄ‚ĖÖ‚ĖÖ‚ĖÖ‚ĖÜ‚Ėá‚ĖÜ‚ĖÜ‚ĖÜ‚ĖÜ‚ĖÜ‚ĖÜ‚Ėá‚Ėą‚Ėá‚Ėá‚Ėá‚Ėá‚Ėá  \n 1.19                             "
        },
        "korona": {
            "current": 1.229732307795515,
            "diff_percent": -2.71842515346967
        },
        "crypto": {
            "current": 1.2253502976713364,
            "diff_percent": -3.0650768948049145
        },
        "forex": {
            "current": 1.3293078906511129,
            "diff_percent": 5.158792884185164
        }
    },
    "rub2eur": {
        "bank": {
            "current": 0.010886131069018071,
            "sparkline_full": "                         91.6     \n  ‚Ėā‚Ėā‚Ėā‚Ėā‚Ėā‚ĖÉ‚ĖÉ‚ĖÉ‚ĖĄ‚ĖĄ‚ĖĄ‚ĖĄ‚ĖÖ‚ĖÖ‚ĖÖ‚ĖÜ‚ĖÜ‚ĖÜ‚ĖÜ‚ĖÜ‚ĖÜ‚ĖÜ‚Ėá‚Ėá‚Ėá‚Ėá‚Ėá‚Ėá‚Ėá‚Ėá  \n    97.4                          "
        },
        "korona": {
            "current": 0.010522524025631901,
            "diff_percent": -3.340094300545356
        },
        "crypto": {
            "current": 0.010490527934294443,
            "diff_percent": -3.6340103955712437
        },
        "forex": {
            "current": 0.011332819111464894,
            "diff_percent": 4.103276357916514
        }
    },
    "rub2usd": {
        "bank": {
            "current": 0.012746972594008922,
            "sparkline_full": "                        77.9      \n  ‚ĖĀ‚ĖĀ‚ĖĀ‚ĖĀ‚Ėā‚Ėā‚ĖÉ‚ĖÉ‚ĖÉ‚ĖÉ‚ĖĄ‚ĖĄ‚ĖÖ‚ĖÜ‚ĖÜ‚ĖÜ‚Ėá‚Ėą‚Ėá‚Ėá‚Ėá‚Ėá‚Ėą‚Ėą‚Ėą‚Ėą‚Ėą‚Ėą‚Ėą‚Ėą  \n 84.7                             "
        },
        "korona": {
            "current": 0.012039968746009202,
            "diff_percent": -5.546445187557805
        },
        "crypto": {
            "current": 0.012259475013930005,
            "diff_percent": -3.8244185157191053
        },
        "forex": {
            "current": 0.01324024558007502,
            "diff_percent": 3.869726575688539
        }
    },
    "xdr": {
        "rub2xdr": {
            "current_rate": 0.009233848646307812,
            "sparkline": "‚ĖĀ‚ĖĀ‚ĖĀ‚Ėā‚Ėā‚Ėā‚Ėā‚Ėā‚Ėā‚ĖĄ‚ĖÖ‚ĖĄ‚ĖÜ‚ĖÖ‚ĖÖ‚ĖÜ‚Ėá‚Ėá‚ĖÜ‚ĖÜ‚ĖÜ‚ĖÜ‚Ėá‚Ėą‚Ėą‚Ėą‚Ėą‚Ėą‚Ėą‚Ėą"
        },
        "usd2xdr": {
            "current_rate": 0.695927,
            "sparkline": "‚ĖÖ‚ĖÜ‚ĖÜ‚ĖÜ‚ĖÖ‚ĖÖ‚ĖÜ‚ĖÜ‚ĖÜ‚ĖÖ‚ĖÖ‚ĖĄ‚ĖĄ‚ĖĄ‚ĖÉ‚ĖĄ‚ĖÉ‚ĖÉ‚ĖÉ‚ĖÉ‚ĖÉ‚ĖÉ‚ĖÉ‚ĖÉ‚ĖÉ‚ĖÉ‚ĖĄ‚ĖĄ‚ĖĄ‚ĖĄ"
        },
        "eur2xdr": {
            "current_rate": 0.8147883201423687,
            "sparkline": "‚ĖĄ‚ĖĄ‚ĖĄ‚ĖÖ‚ĖĄ‚ĖĄ‚ĖĄ‚ĖĄ‚ĖĄ‚ĖĄ‚ĖÖ‚ĖĄ‚ĖĄ‚ĖĄ‚ĖĄ‚ĖĄ‚ĖÖ‚ĖĄ‚ĖĄ‚ĖĄ‚ĖĄ‚ĖĄ‚ĖĄ‚ĖĄ‚ĖĄ‚ĖĄ‚ĖĄ‚ĖĄ‚ĖĄ‚ĖĄ"
        },
        "cny2xdr": {
            "current_rate": 0.1017987800418355,
            "sparkline": "‚ĖĄ‚ĖÖ‚ĖÖ‚ĖÜ‚ĖĄ‚ĖÖ‚ĖÖ‚ĖÖ‚ĖÖ‚ĖÖ‚ĖÜ‚ĖĄ‚ĖĄ‚ĖĄ‚ĖĄ‚ĖĄ‚ĖĄ‚ĖÉ‚ĖÉ‚ĖÉ‚ĖĄ‚ĖĄ‚ĖĄ‚ĖĄ‚ĖĄ‚ĖĄ‚ĖĄ‚ĖĄ‚ĖĄ‚ĖĄ"
        },
        "rsd2xdr": {
            "current_rate": 0.006946358109545976,
            "sparkline": "‚ĖĄ‚ĖĄ‚ĖĄ‚ĖÖ‚ĖĄ‚ĖĄ‚ĖĄ‚ĖĄ‚ĖĄ‚ĖĄ‚ĖÖ‚ĖĄ‚ĖĄ‚ĖĄ‚ĖĄ‚ĖĄ‚ĖÖ‚ĖĄ‚ĖĄ‚ĖĄ‚ĖĄ‚ĖĄ‚ĖĄ‚ĖĄ‚ĖĄ‚ĖĄ‚ĖĄ‚ĖĄ‚ĖĄ‚ĖĄ"
        }
    },
    "neer": {
        "rub": {
            "current_rate": 101.34491436952332,
            "sparkline": "‚ĖĀ‚ĖĀ‚Ėā‚ĖĀ‚ĖÉ‚ĖÉ‚ĖÉ‚ĖÉ‚ĖÉ‚ĖÖ‚ĖĄ‚ĖĄ‚ĖÖ‚ĖÜ‚ĖÜ‚ĖÖ‚ĖÜ‚Ėá‚Ėą‚Ėá‚ĖÜ‚ĖÜ‚Ėá‚Ėą‚Ėá‚Ėą‚Ėá‚Ėą‚Ėá‚Ėá"
        },
        "usd": {
            "current_rate": 102.14146779722613,
            "sparkline": "‚ĖÜ‚ĖÜ‚ĖÖ‚ĖÖ‚ĖÖ‚ĖÖ‚ĖÖ‚ĖÖ‚ĖÖ‚ĖÖ‚ĖĄ‚ĖĄ‚ĖĄ‚ĖĄ‚ĖĄ‚ĖĄ‚ĖÉ‚ĖÉ‚ĖÉ‚ĖÉ‚ĖĄ‚ĖĄ‚ĖÉ‚ĖÉ‚ĖĄ‚ĖĄ‚ĖĄ‚ĖĄ‚ĖĄ‚ĖĄ"
        },
        "eur": {
            "current_rate": 109.83650718840285,
            "sparkline": "‚ĖĄ‚ĖĄ‚ĖĄ‚ĖĄ‚ĖĄ‚ĖĄ‚ĖĄ‚ĖĄ‚ĖĄ‚ĖĄ‚ĖĄ‚ĖĄ‚ĖĄ‚ĖÖ‚ĖÖ‚ĖĄ‚ĖĄ‚ĖĄ‚ĖĄ‚ĖĄ‚ĖĄ‚ĖĄ‚ĖĄ‚ĖĄ‚ĖĄ‚ĖĄ‚ĖĄ‚ĖĄ‚ĖĄ‚ĖĄ"
        },
        "cny": {
            "current_rate": 110.18617031631652,
            "sparkline": "‚ĖĄ‚ĖÖ‚ĖÖ‚ĖÖ‚ĖÖ‚ĖÖ‚ĖĄ‚ĖĄ‚ĖÖ‚ĖÖ‚ĖÖ‚ĖÖ‚ĖÖ‚ĖĄ‚ĖĄ‚ĖÖ‚ĖĄ‚ĖĄ‚ĖĄ‚ĖĄ‚ĖĄ‚ĖĄ‚ĖĄ‚ĖĄ‚ĖĄ‚ĖĄ‚ĖĄ‚ĖĄ‚ĖĄ‚ĖĄ"
        },
        "rsd": {
            "current_rate": 109.80176295157608,
            "sparkline": "‚ĖÉ‚ĖÜ‚ĖÜ‚ĖÜ‚ĖÜ‚ĖÜ‚ĖÉ‚ĖÉ‚ĖÜ‚ĖÜ‚ĖÜ‚ĖÜ‚ĖÜ‚ĖĄ‚ĖĄ‚ĖÜ‚ĖÜ‚ĖÜ‚ĖÜ‚ĖÜ‚ĖÉ‚ĖÉ‚ĖÜ‚ĖÜ‚ĖÉ‚ĖÉ‚ĖÉ‚ĖÉ‚ĖÉ‚ĖÉ"
        }
    },
    "specific_rates": {
        "rub_kzt_bank": 5.96,
        "rub_kzt_crypto": 5.743564044026208,
        "kzt_rsd_bank": 0.21334319392604392,
        "rsd_eur_cash": 0.008456659619450317,
        "eur_rsd_cash": 116.86666666666667,
        "rsd_usd_cash": 0.009790723289683025,
        "usd_rsd_cash": 98.4375,
        "eur_usd_exch": 1.1707956727391935,
        "usd_kzt_bank": 461.5
    },
    "update_time": "2026-04-27 03:06:27",
    "update_time_display": "27.04 03:06"
}