{
    "rub2rsd": {
        "bank": {
            "current": 1.1899659165081669,
            "sparkline_full": " 1.22                             \n  █▃▁▁▁▂▂▄▄▁▁▁▅▆▄▃▄▄▄▃▄▄▃▃▃▃▂▂▃▂  \n    1.18                          "
        },
        "korona": {
            "current": 1.156931670198936,
            "diff_percent": -2.7760665957699366
        },
        "crypto": {
            "current": 1.215616727785477,
            "diff_percent": 2.1555920990224533
        },
        "forex": {
            "current": 1.2481034656833545,
            "diff_percent": 4.8856482667828285
        }
    },
    "rub2eur": {
        "bank": {
            "current": 0.010285949393128987,
            "sparkline_full": " 95.1                             \n  █▂▁▁▂▃▂▃▂▁▁▁▄▆▅▄▃▃▄▄▄▄▃▃▃▃▂▃▃▃  \n    98.2                          "
        },
        "korona": {
            "current": 0.009906448552162142,
            "diff_percent": -3.689507175879661
        },
        "crypto": {
            "current": 0.010461764020886825,
            "diff_percent": 1.7092698110617068
        },
        "forex": {
            "current": 0.010651594942548722,
            "diff_percent": 3.5548060314586625
        }
    },
    "rub2usd": {
        "bank": {
            "current": 0.01195886151638364,
            "sparkline_full": " 81.4                             \n  █▃▂▂▂▃▁▄▃▁▁▁▅▆▅▂▁▁▁▁▁▁▁▂▂▁▁▁▂▂  \n            84.3                  "
        },
        "korona": {
            "current": 0.01127613713644187,
            "diff_percent": -5.70894126507308
        },
        "crypto": {
            "current": 0.012139219542262417,
            "diff_percent": 1.5081538123983318
        },
        "forex": {
            "current": 0.0124067939603727,
            "diff_percent": 3.7456110966365253
        }
    },
    "xdr": {
        "rub2xdr": {
            "current_rate": 0.00873297951680982,
            "sparkline": "█▃▂▁▂▂▁▂▄██▇██▆▆▆▆▆▆▅▅▆▆▆▄▄▄▅▅"
        },
        "usd2xdr": {
            "current_rate": 0.704773,
            "sparkline": "▃▃▂▂▂▂▃▄▃▃▃▃▃▃▃▄▄▄▅▆▆▆▇▅▅▅▅▄▄▄"
        },
        "eur2xdr": {
            "current_rate": 0.8198752922837101,
            "sparkline": "▅▆▄▄▄▄▃▄▄▄▄▄▅▄▃▃▄▄▄▄▄▅▆▅▅▄▅▅▅▆"
        },
        "cny2xdr": {
            "current_rate": 0.09935055964363247,
            "sparkline": "▃▃▂▂▂▃▂▄▃▃▃▃▄▄▃▄▄▄▆▆▆▆▇▅▅▅▅▅▅▆"
        },
        "rsd2xdr": {
            "current_rate": 0.0069969996534128606,
            "sparkline": "▅▆▅▄▄▄▃▄▄▄▄▄▅▄▃▃▃▄▄▄▄▅▆▅▅▄▅▅▅▆"
        }
    },
    "neer": {
        "rub": {
            "current_rate": 95.52150860312155,
            "sparkline": "█▇▂▁▇▁▂▁▂▆▅▁█▅█▅▅▃▅▅▅▃▂▄▃▂▃▃▂▃"
        },
        "usd": {
            "current_rate": 104.17261376359733,
            "sparkline": "▄▃▃▃▄▄▄▄▄▄▄▄▄▃▅▅▅▅▅▅▆▅▅▅▅▄▄▄▄▄"
        },
        "eur": {
            "current_rate": 110.45743706377827,
            "sparkline": "▅▅▅▅▅▄▄▄▅▅▅▅▅▅▄▄▄▅▄▄▄▄▅▅▅▅▅▅▅▅"
        },
        "cny": {
            "current_rate": 106.39239376194267,
            "sparkline": "▃▃▃▃▃▄▄▅▄▄▄▅▅▄▅▅▅▅▅▅▆▅▅▅▅▅▅▅▆▆"
        },
        "rsd": {
            "current_rate": 110.42841360755662,
            "sparkline": "▅▅▅▅▅▅▅▅▄▄▄▄▅▄▆▄▄▃▄▄▄▄▄▄▄▄▄▄▄▄"
        }
    },
    "update_time": "2025-11-14 04:05:48",
    "update_time_display": "14.11 04:05"
}