{
    "rub2rsd": {
        "bank": {
            "current": 1.1938769759042858,
            "sparkline_full": "     1.22                         \n  ▂▃▆██▃▁▁▁▂▂▄▄▁▁▁▅▆▄▃▄▄▄▃▄▄▃▃▃▃  \n        1.18                      "
        },
        "korona": {
            "current": 1.1609286279313582,
            "diff_percent": -2.7597774844406633
        },
        "crypto": {
            "current": 1.2425568633200017,
            "diff_percent": 4.077462619533644
        },
        "forex": {
            "current": 1.2510192127941395,
            "diff_percent": 4.786275139159305
        }
    },
    "rub2eur": {
        "bank": {
            "current": 0.010295480284155256,
            "sparkline_full": "    95.0                          \n  ▄▃▆██▂▁▁▂▃▂▃▂▁▁▁▄▆▅▄▃▃▃▄▄▄▃▃▃▃  \n        98.2                      "
        },
        "korona": {
            "current": 0.009940673266690528,
            "diff_percent": -3.446240560634903
        },
        "crypto": {
            "current": 0.010682432063145966,
            "diff_percent": 3.758462629336771
        },
        "forex": {
            "current": 0.010672778080335562,
            "diff_percent": 3.6646934942993132
        }
    },
    "rub2usd": {
        "bank": {
            "current": 0.011917530687641521,
            "sparkline_full": "     81.4                         \n  ▂▂▅██▃▂▂▂▃▁▄▃▁▁▁▅▆▅▂▁▁▁▁▁▁▁▂▂▂  \n                84.3              "
        },
        "korona": {
            "current": 0.011339566588319973,
            "diff_percent": -4.8496967574071075
        },
        "crypto": {
            "current": 0.012341446133558786,
            "diff_percent": 3.557074506691773
        },
        "forex": {
            "current": 0.012311374355653444,
            "diff_percent": 3.3047422182880473
        }
    },
    "xdr": {
        "rub2xdr": {
            "current_rate": 0.008694062920716897,
            "sparkline": "▂▃▆█▆▂▂▁▁▂▁▁▃▇▆▅▆▆▅▅▅▄▄▅▄▄▅▄▄▃"
        },
        "usd2xdr": {
            "current_rate": 0.704795,
            "sparkline": "▄▄▄▄▃▃▃▃▃▃▃▄▄▄▄▃▃▃▃▄▄▄▅▆▆▆▆▅▅▄"
        },
        "eur2xdr": {
            "current_rate": 0.8146016768338491,
            "sparkline": "▄▄▄▅▅▅▄▄▄▄▃▄▄▄▄▄▅▄▃▄▄▄▄▄▄▅▆▅▅▄"
        },
        "cny2xdr": {
            "current_rate": 0.09899084243939436,
            "sparkline": "▄▄▄▄▃▃▃▃▃▃▃▄▄▄▄▄▄▄▄▄▄▄▅▆▆▆▆▅▅▅"
        },
        "rsd2xdr": {
            "current_rate": 0.006949583852752182,
            "sparkline": "▄▄▄▅▅▅▅▄▄▄▃▄▄▄▄▄▅▄▃▄▃▄▄▄▄▅▆▅▅▄"
        }
    },
    "neer": {
        "rub": {
            "current_rate": 95.54088679628204,
            "sparkline": "▁▂▄▅█▇▂▁▇▁▂▁▂▆▅▁█▅█▅▅▃▅▅▄▃▃▄▃▃"
        },
        "usd": {
            "current_rate": 104.54897724156217,
            "sparkline": "▄▄▅▄▄▃▃▃▃▄▄▄▄▄▄▄▄▃▅▅▅▄▅▅▆▅▅▄▅▅"
        },
        "eur": {
            "current_rate": 110.1617327158939,
            "sparkline": "▅▄▄▅▅▅▅▅▅▄▄▄▅▅▅▅▅▅▄▄▄▅▄▄▄▄▄▅▅▄"
        },
        "cny": {
            "current_rate": 106.17936576116148,
            "sparkline": "▄▄▄▄▄▃▃▃▄▄▄▅▅▄▄▅▅▅▆▅▅▅▅▆▆▆▆▅▅▅"
        },
        "rsd": {
            "current_rate": 110.49278618211117,
            "sparkline": "▅▆▅▅▅▅▄▅▅▅▅▅▄▄▄▄▅▄▆▄▄▃▃▄▄▄▄▄▄▅"
        }
    },
    "update_time": "2025-11-10 05:35:44",
    "update_time_display": "10.11 05:35"
}