{
    "rub2rsd": {
        "bank": {
            "current": 1.1826968364568384,
            "sparkline_full": "                             1.22 \n  ▁▁▁▁▁▁▁▁▂▂▂▂▃▄▄▄▃▃▂▃▄▅▆▅▅▆▇██▅  \n       1.14                       "
        },
        "korona": {
            "current": 1.1429785013084133,
            "diff_percent": -3.3582853969081907
        },
        "crypto": {
            "current": 1.3027670850315354,
            "diff_percent": 10.152242305340673
        },
        "forex": {
            "current": 1.2412066159087238,
            "diff_percent": 4.947149400278342
        }
    },
    "rub2eur": {
        "bank": {
            "current": 0.010150223304912708,
            "sparkline_full": "                            95.0  \n  ▁▁▁▁▁▁▁▁▁▂▂▂▃▃▄▃▃▃▃▃▄▅▆▆▆▆▇██▄  \n      102                         "
        },
        "korona": {
            "current": 0.009786971876646964,
            "diff_percent": -3.5787530712741122
        },
        "crypto": {
            "current": 0.011141062626655769,
            "diff_percent": 9.76174899781264
        },
        "forex": {
            "current": 0.01059173893777441,
            "diff_percent": 4.349812014953491
        }
    },
    "rub2usd": {
        "bank": {
            "current": 0.011904761904761904,
            "sparkline_full": "                             81.4 \n  ▂▂▂▂▁▂▁▁▁▁▁▂▃▄▅▄▃▃▃▃▄▅▄▅▅▅▆▇█▄  \n         86.2                     "
        },
        "korona": {
            "current": 0.011219814204401756,
            "diff_percent": -5.753560683025246
        },
        "crypto": {
            "current": 0.013040928727957587,
            "diff_percent": 9.543801314843735
        },
        "forex": {
            "current": 0.012644798751705467,
            "diff_percent": 6.216309514325932
        }
    },
    "xdr": {
        "rub2xdr": {
            "current_rate": 0.00868931453955019,
            "sparkline": "▁▁▁▁▁▁▁▁▁▁▂▂▂▃▃▃▃▃▂▃▄▅▆▅▆▆▇██▆"
        },
        "usd2xdr": {
            "current_rate": 0.700567,
            "sparkline": "▃▄▄▄▄▄▄▄▄▅▄▄▄▄▄▄▄▄▄▄▅▅▆▅▅▅▆▅▅▅"
        },
        "eur2xdr": {
            "current_rate": 0.8203860188208182,
            "sparkline": "▄▄▄▄▄▅▅▄▄▄▄▅▅▅▅▄▄▄▄▄▄▄▅▄▄▄▄▅▅▅"
        },
        "cny2xdr": {
            "current_rate": 0.09830863573854227,
            "sparkline": "▃▄▄▄▄▄▄▄▄▄▄▄▄▄▄▄▄▄▄▄▅▅▆▅▅▅▅▅▅▅"
        },
        "rsd2xdr": {
            "current_rate": 0.00700069950335262,
            "sparkline": "▄▄▄▄▅▅▅▄▄▄▄▅▅▅▅▄▄▄▄▄▄▄▅▄▄▄▅▅▅▅"
        }
    },
    "neer": {
        "rub": {
            "current_rate": 95.58571540411072,
            "sparkline": "▂▂▁▁▂▁▂▁▂▂▂▁▂▃▄▅▃▃▅▃▄▅▅▅▅▅▆██▆"
        },
        "usd": {
            "current_rate": 103.98845564993142,
            "sparkline": "▄▄▄▄▄▄▄▄▅▄▄▄▄▄▄▄▄▄▅▅▅▅▅▅▅▅▅▅▅▅"
        },
        "eur": {
            "current_rate": 110.74994247257099,
            "sparkline": "▅▅▅▅▅▅▅▅▅▅▅▅▅▅▅▅▅▅▄▄▄▄▄▄▄▄▄▄▄▅"
        },
        "cny": {
            "current_rate": 105.1916710212628,
            "sparkline": "▄▄▄▄▄▄▄▄▄▄▄▄▄▄▄▄▄▄▅▅▅▅▅▅▅▅▅▅▅▅"
        },
        "rsd": {
            "current_rate": 110.62570627241759,
            "sparkline": "▄▅▄▄▄▅▅▅▄▅▄▅▄▅▄▄▄▄▅▅▄▄▄▄▄▅▅▄▄▄"
        }
    },
    "update_time": "2025-10-17 10:35:40",
    "update_time_display": "17.10 10:35"
}