{
    "rub2rsd": {
        "bank": {
            "current": 1.170617541091048,
            "sparkline_full": "  1.18                            \n  ▇▇▆▆▆▄▃▂▂▃▃▄▅▃▃▃▃▃▃▃▃▃▄▄▄▄▅▆▇▆  \n        1.13                      "
        },
        "korona": {
            "current": 1.1320065789604452,
            "diff_percent": -3.2983413262897368
        },
        "crypto": {
            "current": 1.1019940741563587,
            "diff_percent": -5.8621594607859935
        },
        "forex": {
            "current": 1.221127084633226,
            "diff_percent": 4.314777608329854
        }
    },
    "rub2eur": {
        "bank": {
            "current": 0.01006238679814852,
            "sparkline_full": " 97.8                             \n  ▇▇▆▆▆▄▃▂▂▃▃▃▄▃▃▃▃▃▃▃▃▃▃▄▄▄▅▆▇▆  \n        103                       "
        },
        "korona": {
            "current": 0.009695987828354992,
            "diff_percent": -3.6412729618080903
        },
        "crypto": {
            "current": 0.00944000480566578,
            "diff_percent": -6.185232241293471
        },
        "forex": {
            "current": 0.010422823516927956,
            "diff_percent": 3.5820201112300323
        }
    },
    "rub2usd": {
        "bank": {
            "current": 0.011831519167061051,
            "sparkline_full": "                             83.7 \n  ▇▇▆▆▆▅▃▂▂▃▃▄▅▅▄▄▄▄▄▄▄▄▄▄▄▄▅▆▇▆  \n        87.6                      "
        },
        "korona": {
            "current": 0.011078553327074235,
            "diff_percent": -6.364067279568567
        },
        "crypto": {
            "current": 0.01107764414979127,
            "diff_percent": -6.371751645964184
        },
        "forex": {
            "current": 0.012344383614065191,
            "diff_percent": 4.334730306078994
        }
    },
    "xdr": {
        "rub2xdr": {
            "current_rate": 0.008493039459508245,
            "sparkline": "████▆▃▁▁▁▂▂▃▃▃▁▂▂▂▂▁▁▂▂▂▃▃▄▅▆▆"
        },
        "usd2xdr": {
            "current_rate": 0.694091,
            "sparkline": "▅▆▅▅▅▄▅▅▅▅▅▅▅▅▃▄▄▄▄▄▄▄▅▅▅▅▅▅▅▄"
        },
        "eur2xdr": {
            "current_rate": 0.8148501647096392,
            "sparkline": "▃▅▄▄▄▄▄▄▄▄▄▄▅▆▄▄▄▄▄▄▄▄▃▄▄▄▄▄▄▄"
        },
        "cny2xdr": {
            "current_rate": 0.09749085265220415,
            "sparkline": "▅▆▅▄▅▄▅▅▅▄▄▅▅▅▃▄▄▄▄▄▄▄▄▅▅▅▅▅▅▄"
        },
        "rsd2xdr": {
            "current_rate": 0.006955082371348096,
            "sparkline": "▃▅▄▄▄▄▄▄▄▄▄▄▅▆▄▄▄▄▄▄▄▄▃▄▄▄▄▄▄▄"
        }
    },
    "neer": {
        "rub": {
            "current_rate": 93.3718905378447,
            "sparkline": "█▇▇▇▇▅▄▂▁▄▃▁▄▄▄▄▄▄▄▃▄▃▄▄▄▄▅▅▆▆"
        },
        "usd": {
            "current_rate": 103.66949731081303,
            "sparkline": "▅▅▅▅▅▅▅▅▅▄▄▄▄▄▄▅▄▄▄▄▅▅▅▅▅▅▅▅▅▅"
        },
        "eur": {
            "current_rate": 110.80158345726329,
            "sparkline": "▄▄▄▄▄▄▄▄▄▄▄▅▅▅▅▅▅▅▅▅▅▅▅▅▅▅▅▅▅▅"
        },
        "cny": {
            "current_rate": 104.86553066681472,
            "sparkline": "▅▄▄▄▄▄▅▅▅▄▄▄▄▄▄▅▅▅▄▅▅▅▅▅▅▅▅▅▅▅"
        },
        "rsd": {
            "current_rate": 110.7150064586915,
            "sparkline": "▄▄▄▄▄▅▄▅▅▄▄▄▅▄▅▄▄▄▅▅▄▄▅▄▄▄▄▄▄▄"
        }
    },
    "update_time": "2025-10-03 12:05:44",
    "update_time_display": "03.10 12:05"
}