{
    "rub2rsd": {
        "bank": {
            "current": 1.2693087214254863,
            "sparkline_full": "                      1.28        \n  ▁▂▃▃▄▆▅▄▄▄▄▅▇▇▇▆▇▇▇▇▇██▇▇▆▆██▇  \n 1.22                             "
        },
        "korona": {
            "current": 1.2388368785404762,
            "diff_percent": -2.400664422347071
        },
        "crypto": {
            "current": 1.2984871899939034,
            "diff_percent": 2.2987684615960466
        },
        "forex": {
            "current": 1.3398923662932396,
            "diff_percent": 5.560794129617648
        }
    },
    "rub2eur": {
        "bank": {
            "current": 0.010954102311315586,
            "sparkline_full": "                      91.1        \n  ▁▂▃▃▄▅▅▄▄▄▄▆▇▇▇▆▇▇▇█▇████▇▇▇▇█  \n 94.8                             "
        },
        "korona": {
            "current": 0.010606480124490378,
            "diff_percent": -3.1734429435273297
        },
        "crypto": {
            "current": 0.011198739969782056,
            "diff_percent": 2.2332971841404006
        },
        "forex": {
            "current": 0.011414683800953661,
            "diff_percent": 4.204648418905984
        }
    },
    "rub2usd": {
        "bank": {
            "current": 0.012865045670912132,
            "sparkline_full": "                             77.7 \n  ▁▂▃▃▄▆▇▅▅▆▆▇██▇▆▇▇▇██████▇▆▇██  \n 81.1                             "
        },
        "korona": {
            "current": 0.01218385409172228,
            "diff_percent": -5.294902145042717
        },
        "crypto": {
            "current": 0.01312540491081983,
            "diff_percent": 2.023772371802535
        },
        "forex": {
            "current": 0.013401071281638253,
            "diff_percent": 4.1665270721741425
        }
    },
    "xdr": {
        "rub2xdr": {
            "current_rate": 0.009316676459850213,
            "sparkline": "▁▃▂▂▄▅▆▄▄▃▄▅▇▇▆▆▇▇███████▇▇▇██"
        },
        "usd2xdr": {
            "current_rate": 0.695511,
            "sparkline": "▆▅▅▅▅▄▄▃▄▄▄▄▄▄▄▅▅▅▅▅▅▅▅▅▅▅▅▅▄▅"
        },
        "eur2xdr": {
            "current_rate": 0.8162010111109546,
            "sparkline": "▅▅▅▅▅▅▅▄▅▅▅▅▅▄▄▄▅▅▅▅▅▅▅▅▅▄▄▅▅▅"
        },
        "cny2xdr": {
            "current_rate": 0.10221939712820212,
            "sparkline": "▅▅▅▅▅▅▄▄▄▄▄▅▄▄▄▅▅▅▅▅▅▅▅▅▅▅▅▅▅▅"
        },
        "rsd2xdr": {
            "current_rate": 0.006953302141443225,
            "sparkline": "▅▅▅▅▅▅▅▅▅▅▅▅▅▄▄▄▄▅▅▅▅▅▅▅▅▄▄▅▅▅"
        }
    },
    "neer": {
        "rub": {
            "current_rate": 101.91297228611444,
            "sparkline": "▁▁▃▃▂▄▅▆▄▃▃▅▆███▆▆█████▇▇█▇▅▇▇"
        },
        "usd": {
            "current_rate": 101.69629238279704,
            "sparkline": "▅▅▅▅▅▄▄▄▄▄▄▄▄▄▄▄▅▅▄▅▅▅▅▅▅▄▄▅▄▄"
        },
        "eur": {
            "current_rate": 109.5129393334643,
            "sparkline": "▄▄▆▆▄▄▄▄▄▄▄▄▄▄▃▄▄▄▄▄▄▄▄▄▄▄▃▄▃▃"
        },
        "cny": {
            "current_rate": 110.31803568878884,
            "sparkline": "▆▆▄▄▆▅▅▅▅▃▃▅▅▅▅▅▄▄▅▅▅▅▅▄▄▅▅▃▃▄"
        },
        "rsd": {
            "current_rate": 109.72706026546737,
            "sparkline": "▇▇▄▄▇▇██▇▂▁▇▇▇▇▇▁▁▇▇▇▇█▁▁██▁▁▁"
        }
    },
    "specific_rates": {
        "rub_kzt_bank": 5.97,
        "rub_kzt_crypto": 6.103313283531221,
        "kzt_rsd_bank": 0.21275119425667627,
        "rsd_eur_cash": 0.00844880027036161,
        "eur_rsd_cash": 116.8,
        "rsd_usd_cash": 0.009834913944502985,
        "usd_rsd_cash": 98.04285714285713,
        "eur_usd_exch": 1.1735271061290973,
        "usd_kzt_bank": 458.0
    },
    "update_time": "2026-05-08 09:20:44",
    "update_time_display": "08.05 09:20"
}