{
    "rub2rsd": {
        "bank": {
            "current": 1.2098947614347573,
            "sparkline_full": "         1.24                     \n  ▅▆▇▇▇▇▆▇██▇▇▇▇▆▅▄▃▃▃▃▁▁▄▆▄▄▅▄▄  \n                      1.19        "
        },
        "korona": {
            "current": 1.174105637296922,
            "diff_percent": -2.958036126662335
        },
        "crypto": {
            "current": 1.2072080524215185,
            "diff_percent": -0.22206138078097892
        },
        "forex": {
            "current": 1.265532250910181,
            "diff_percent": 4.598539579545398
        }
    },
    "rub2eur": {
        "bank": {
            "current": 0.010431879824744418,
            "sparkline_full": "          93.4                    \n  ▅▆▇▇▇▇▇▇██▇▇▇▇▇▅▄▃▃▃▃▁▁▄▆▅▅▄▄▄  \n                      97.6        "
        },
        "korona": {
            "current": 0.01004244802184562,
            "diff_percent": -3.733093262587884
        },
        "crypto": {
            "current": 0.010387141726049088,
            "diff_percent": -0.4288594140934377
        },
        "forex": {
            "current": 0.010800098528618136,
            "diff_percent": 3.529744495333461
        }
    },
    "rub2usd": {
        "bank": {
            "current": 0.012097749818533753,
            "sparkline_full": "      80.1                        \n  ▇█████████▇▇▇██▇▆▅▅▅▅▁▁▂▃▃▃▄▄▃  \n                       84.1       "
        },
        "korona": {
            "current": 0.011469608960894712,
            "diff_percent": -5.19221232924431
        },
        "crypto": {
            "current": 0.012022154775519779,
            "diff_percent": -0.6248686255535074
        },
        "forex": {
            "current": 0.012492348436582592,
            "diff_percent": 3.261752176791703
        }
    },
    "xdr": {
        "rub2xdr": {
            "current_rate": 0.008811301421497565,
            "sparkline": "█▃▄▄▃▃▃▄▄▄▄▄▄▄▄▃▃▂▂▂▂▁▁▁▁▂▂▃▃▃"
        },
        "usd2xdr": {
            "current_rate": 0.704914,
            "sparkline": "▇▂▂▂▂▂▂▂▃▃▃▃▃▃▂▂▂▂▂▂▂▂▂▂▂▂▂▃▃▃"
        },
        "eur2xdr": {
            "current_rate": 0.8158537996805629,
            "sparkline": "█▃▃▂▂▂▂▃▃▃▃▃▃▃▃▃▃▃▃▃▂▂▁▁▁▂▂▃▃▃"
        },
        "cny2xdr": {
            "current_rate": 0.09812140699600508,
            "sparkline": "▇▂▂▂▂▂▂▂▃▃▃▃▃▃▂▂▂▂▂▂▂▂▂▂▂▂▂▃▃▃"
        },
        "rsd2xdr": {
            "current_rate": 0.006962526174390581,
            "sparkline": "█▃▃▃▃▃▂▃▃▃▃▃▃▃▃▃▃▃▃▃▂▂▁▁▁▂▂▃▃▃"
        }
    },
    "neer": {
        "rub": {
            "current_rate": 96.65239096940216,
            "sparkline": "▅▆▆▇▇▆▇▆▇█▇▆▆▆▆▆▅▅▃▃▅▅▁▃▃▄▄▄▄▄"
        },
        "usd": {
            "current_rate": 104.28572040498506,
            "sparkline": "▃▃▃▄▃▃▄▄▄▅▄▄▄▄▄▃▃▃▃▃▄▅▄▅▆▅▅▅▅▅"
        },
        "eur": {
            "current_rate": 110.1213569175304,
            "sparkline": "▅▅▅▅▅▅▅▅▄▄▅▅▅▅▅▅▅▅▆▆▅▄▄▃▃▅▅▄▄▅"
        },
        "cny": {
            "current_rate": 104.0205902464538,
            "sparkline": "▃▃▄▄▄▄▄▄▄▅▄▄▄▄▄▄▄▄▄▄▄▅▅▅▆▄▄▅▅▅"
        },
        "rsd": {
            "current_rate": 110.35875653357998,
            "sparkline": "▅▅▅▄▄▄▄▅▅▅▄▄▄▄▅▅▅▅▅▅▄▅▄▄▄▄▄▄▄▄"
        }
    },
    "update_time": "2025-08-06 06:20:43",
    "update_time_display": "06.08 06:20"
}