{
    "rub2rsd": {
        "bank": {
            "current": 1.1985028708765064,
            "sparkline_full": "                     1.24         \n         ▃▄▄▄▄▅▆▇▇▇▇▆▇███▇▇▇▆▄▃▁  \n                              1.20"
        },
        "korona": {
            "current": 1.1571011665294348,
            "diff_percent": -3.454451829288743
        },
        "crypto": {
            "current": 1.215746174640731,
            "diff_percent": 1.438736959521335
        },
        "forex": {
            "current": 1.2473642335475998,
            "diff_percent": 4.07686655229782
        }
    },
    "rub2eur": {
        "bank": {
            "current": 0.01034340091021928,
            "sparkline_full": "                      93.4        \n         ▄▃▄▄▄▅▆▆▇▇▇▆▇██▇▇▇▇▆▄▃▁  \n                              96.7"
        },
        "korona": {
            "current": 0.009910930762564753,
            "diff_percent": -4.181121387523963
        },
        "crypto": {
            "current": 0.010475279986809229,
            "diff_percent": 1.2750069124716303
        },
        "forex": {
            "current": 0.010644805030265074,
            "diff_percent": 2.9139750326027407
        }
    },
    "rub2usd": {
        "bank": {
            "current": 0.012166930283489476,
            "sparkline_full": "                  80.1            \n         ▅▅▆▆▆▆▆▇▇▇▇▆▇▇▇▆▆▆▆▆▅▄▂  \n                              82.2"
        },
        "korona": {
            "current": 0.011439457899450667,
            "diff_percent": -5.979095524414974
        },
        "crypto": {
            "current": 0.01229790196253611,
            "diff_percent": 1.0764562300842824
        },
        "forex": {
            "current": 0.012680330145075656,
            "diff_percent": 4.219633462376816
        }
    },
    "xdr": {
        "rub2xdr": {
            "current_rate": 0.008675584225818218,
            "sparkline": "       ▃█████▂▃▃▂▂▂▃▃▃▃▃▃▃▃▂▂▁"
        },
        "usd2xdr": {
            "current_rate": 0.694035,
            "sparkline": "       ▃█████▁▁▁▁▁▁▂▂▂▂▂▂▂▂▁▁▁"
        },
        "eur2xdr": {
            "current_rate": 0.8150063999436336,
            "sparkline": "       ▃█████▁▁▁▁▁▁▁▁▁▁▁▁▂▂▁▁▁"
        },
        "cny2xdr": {
            "current_rate": 0.09694174011425698,
            "sparkline": "       ▃█████▁▁▁▁▁▁▂▂▂▂▂▂▂▂▁▁▁"
        },
        "rsd2xdr": {
            "current_rate": 0.0069551330657799835,
            "sparkline": "       ▃█████▁▁▁▁▁▁▁▁▁▁▁▁▂▂▁▁▁"
        }
    },
    "neer": {
        "rub": {
            "current_rate": 96.43873857678616,
            "sparkline": "▅▅▅▄▄▃▄▃▂▃▂▃▃▅▅▆▆▆▆▅▇▇▆▅▅▆▅▄▄▂"
        },
        "usd": {
            "current_rate": 103.3411525270915,
            "sparkline": "▄▄▄▄▄▃▄▃▃▃▃▄▄▄▄▅▄▄▅▅▆▆▅▆▅▅▅▄▃▄"
        },
        "eur": {
            "current_rate": 110.75454413620997,
            "sparkline": "▄▄▄▄▄▅▅▅▅▅▅▅▅▄▅▄▅▄▅▅▄▄▄▄▄▄▅▅▅▅"
        },
        "cny": {
            "current_rate": 103.56773015262586,
            "sparkline": "▄▄▄▄▄▃▃▃▄▃▃▄▄▄▄▅▅▅▅▅▆▆▅▅▆▅▅▄▄▅"
        },
        "rsd": {
            "current_rate": 110.6060558570823,
            "sparkline": "▄▄▄▅▅▅▆▅▅▅▅▆▅▅▅▅▅▄▄▃▄▅▄▄▄▆▅▅▅▅"
        }
    },
    "update_time": "2025-07-25 07:20:42",
    "update_time_display": "25.07 07:20"
}