{
    "rub2rsd": {
        "bank": {
            "current": 1.3477829508364307,
            "sparkline_full": "                        1.36      \n  ▁▁▁▂▁▁▁▁▁▁▁▂▂▂▂▂▃▄▅▅▅▆▇███████  \n        1.26                      "
        },
        "korona": {
            "current": 1.306522712160786,
            "diff_percent": -3.0613414904854417
        },
        "crypto": {
            "current": 1.3829686514105435,
            "diff_percent": 2.6106355294282797
        },
        "forex": {
            "current": 1.403024780245761,
            "diff_percent": 4.098718519554447
        }
    },
    "rub2eur": {
        "bank": {
            "current": 0.01155535012710885,
            "sparkline_full": "                        85.7      \n  ▁▁▁▁▁▁▁▁▁▁▁▂▂▂▂▂▃▄▅▅▅▆▇█████▇▇  \n         91.8                     "
        },
        "korona": {
            "current": 0.01117960107382304,
            "diff_percent": -3.251732307135397
        },
        "crypto": {
            "current": 0.011596525286809546,
            "diff_percent": 0.3563298320498259
        },
        "forex": {
            "current": 0.011952708899933493,
            "diff_percent": 3.438742820024463
        }
    },
    "rub2usd": {
        "bank": {
            "current": 0.013469827586206897,
            "sparkline_full": "                        73.8      \n  ▂▂▂▂▂▂▂▁▁▂▂▃▃▃▃▃▄▄▅▅▅▆▇█████▇▇  \n         78.5                     "
        },
        "korona": {
            "current": 0.012735173865591289,
            "diff_percent": -5.45406922185028
        },
        "crypto": {
            "current": 0.01349130397896664,
            "diff_percent": 0.15944073984832885
        },
        "forex": {
            "current": 0.013953228777139028,
            "diff_percent": 3.5887704414801394
        }
    },
    "xdr": {
        "rub2xdr": {
            "current_rate": 0.00973440208663122,
            "sparkline": "▁▁▁▁▁▁▁▁▁▁▁▁▁▁▁▂▂▂▂▃▃▄▄▅▆█▆▅▅▄"
        },
        "usd2xdr": {
            "current_rate": 0.700859,
            "sparkline": "▃▃▃▃▃▃▃▃▃▃▃▃▃▂▂▂▃▃▃▃▃▃▃▃▄▇▅▃▃▃"
        },
        "eur2xdr": {
            "current_rate": 0.8144097014431082,
            "sparkline": "▃▃▃▃▃▃▃▃▃▃▃▃▃▃▃▃▃▃▃▃▃▃▃▃▃▆▄▃▃▃"
        },
        "cny2xdr": {
            "current_rate": 0.10323601761699244,
            "sparkline": "▂▂▂▂▂▂▂▂▂▃▂▃▃▂▂▂▃▃▃▃▃▃▃▃▄▇▅▃▃▃"
        },
        "rsd2xdr": {
            "current_rate": 0.006938154068045821,
            "sparkline": "▃▃▃▃▃▃▃▃▃▃▃▃▄▃▃▃▃▃▃▃▃▃▃▃▄▆▄▃▃▃"
        }
    },
    "neer": {
        "rub": {
            "current_rate": 106.84256227264056,
            "sparkline": "▂▃▃▂▂▂▂▂▂▁▁▂▂▂▂▂▄▄▅▅▅▅▆███▇▇▇▇"
        },
        "usd": {
            "current_rate": 102.21912560180488,
            "sparkline": "▄▅▅▅▅▅▅▅▅▄▄▄▄▄▄▄▄▄▅▅▅▅▅▅▅▅▅▅▅▅"
        },
        "eur": {
            "current_rate": 108.99429804772289,
            "sparkline": "▅▅▅▅▅▅▅▅▅▅▅▅▅▅▅▅▅▅▄▄▄▅▄▄▄▄▄▄▄▄"
        },
        "cny": {
            "current_rate": 111.38839731589641,
            "sparkline": "▄▅▅▄▄▃▃▄▅▄▄▄▃▃▅▅▅▅▅▄▄▅▆▅▅▅▅▅▅▅"
        },
        "rsd": {
            "current_rate": 109.38969123361763,
            "sparkline": "▆▇▇▆▆▃▃▇▇▆▆▆▃▃▇▇▇▆▆▃▃▆▆▂▂▂▃▂▂▂"
        }
    },
    "specific_rates": {
        "rub_kzt_bank": 6.5,
        "rub_kzt_crypto": 6.52304547383037,
        "kzt_rsd_bank": 0.21201272579791725,
        "rsd_eur_cash": 0.00845725562055113,
        "eur_rsd_cash": 116.86666666666667,
        "rsd_usd_cash": 0.00974738039151978,
        "usd_rsd_cash": 98.925,
        "eur_usd_exch": 1.1620164704214517,
        "usd_kzt_bank": 476.5
    },
    "update_time": "2026-05-26 20:35:49",
    "update_time_display": "26.05 20:35"
}