{
    "rub2rsd": {
        "bank": {
            "current": 1.1274153021950688,
            "sparkline_full": "        1.21                      \n  ██▇▇▇▇▇██▆▆▆▇▇▇▇▆▆▆▆▆▆▆▅▄▅▃▂▁▁  \n                              1.13"
        },
        "korona": {
            "current": 1.0857531663724267,
            "diff_percent": -3.695367247679383
        },
        "crypto": {
            "current": 1.1169361575945402,
            "diff_percent": -0.9294839780980224
        },
        "forex": {
            "current": 1.1810697351153971,
            "diff_percent": 4.759065520564035
        }
    },
    "rub2eur": {
        "bank": {
            "current": 0.009708737864077669,
            "sparkline_full": " 96.3                             \n  █████▇███▇▇▇▇█▇▇▇▇▇▇▇▆▆▅▅▅▃▂▁▁  \n                              103 "
        },
        "korona": {
            "current": 0.009299812988200658,
            "diff_percent": -4.211926221533217
        },
        "crypto": {
            "current": 0.009571258083676171,
            "diff_percent": -1.4160417381354298
        },
        "forex": {
            "current": 0.010084999792839876,
            "diff_percent": 3.875497866250733
        }
    },
    "rub2usd": {
        "bank": {
            "current": 0.011396011396011397,
            "sparkline_full": "        82.0                      \n  ████▇▇▇██▇▇▇▇▇▆▆▇▇▇▆▆▆▅▅▅▅▄▂▁▁  \n                              87.8"
        },
        "korona": {
            "current": 0.010634957202276621,
            "diff_percent": -6.678250550022653
        },
        "crypto": {
            "current": 0.011212045183734943,
            "diff_percent": -1.6143035127258842
        },
        "forex": {
            "current": 0.011673419739986248,
            "diff_percent": 2.434258218379325
        }
    },
    "xdr": {
        "rub2xdr": {
            "current_rate": 0.008256357558397173,
            "sparkline": "████▇▆▆▇▇▇▇▆▇▇▇▇▇▇▇▆▆▅▆▅▅▄▂▁▁▁"
        },
        "usd2xdr": {
            "current_rate": 0.697661,
            "sparkline": "▅▅▅▅▄▄▄▅▅▅▄▄▅▅▅▅▄▄▄▄▄▄▅▄▄▄▄▄▄▄"
        },
        "eur2xdr": {
            "current_rate": 0.8186770181452063,
            "sparkline": "▅▅▅▅▄▄▄▄▄▅▄▄▄▄▄▄▄▄▄▄▄▄▅▄▄▄▄▄▄▅"
        },
        "cny2xdr": {
            "current_rate": 0.09800454018031483,
            "sparkline": "▅▅▅▄▄▄▄▄▅▅▄▄▅▅▅▅▅▅▅▅▅▅▅▅▄▄▄▅▅▅"
        },
        "rsd2xdr": {
            "current_rate": 0.006990575842323552,
            "sparkline": "▅▅▅▅▄▄▄▄▄▅▄▄▄▄▄▄▄▄▄▄▄▄▅▄▄▄▄▄▄▅"
        }
    },
    "neer": {
        "rub": {
            "current_rate": 90.66618643817414,
            "sparkline": "██▇▇█▇▇██▇▆▇▇▇▇▇▇▇▇▇▇▆▅▅▅▅▄▂▁▁"
        },
        "usd": {
            "current_rate": 103.63065377567598,
            "sparkline": "▄▄▄▄▅▅▅▅▅▄▄▄▅▅▄▄▄▄▄▅▅▅▄▄▄▄▄▄▄▄"
        },
        "eur": {
            "current_rate": 110.51920413714063,
            "sparkline": "▅▅▅▅▄▅▄▄▄▅▅▅▄▄▄▄▄▄▅▄▄▄▅▅▅▅▅▅▅▅"
        },
        "cny": {
            "current_rate": 104.62820848463092,
            "sparkline": "▄▄▄▄▄▄▄▅▅▄▄▄▅▅▅▅▅▅▅▅▅▅▅▅▅▅▅▅▅▅"
        },
        "rsd": {
            "current_rate": 110.71990337534172,
            "sparkline": "▅▄▄▄▅▄▄▅▄▅▅▅▄▅▄▅▄▄▅▄▅▄▅▄▅▄▄▅▅▅"
        }
    },
    "update_time": "2025-09-12 02:06:23",
    "update_time_display": "12.09 02:06"
}