{
    "rub2rsd": {
        "bank": {
            "current": 1.142324714292358,
            "sparkline_full": "   1.20                           \n  █▇█▇▇▇▇▇▇▆▆▅▅▅▄▂▁▂▃▃▃▄▃▃▃▃▃▃▃▃  \n                 1.13             "
        },
        "korona": {
            "current": 1.1017173702479144,
            "diff_percent": -3.554798695710519
        },
        "crypto": {
            "current": 1.1090149250922623,
            "diff_percent": -2.9159650301998714
        },
        "forex": {
            "current": 1.1856938202241483,
            "diff_percent": 3.796565493959072
        }
    },
    "rub2eur": {
        "bank": {
            "current": 0.009822217856792064,
            "sparkline_full": "  96.8                            \n  ▇█▇▇▇▇▇▇▇▆▆▅▅▅▃▂▁▂▂▂▃▃▃▃▃▃▃▂▂▂  \n                 103              "
        },
        "korona": {
            "current": 0.009436551351159866,
            "diff_percent": -3.926470693841401
        },
        "crypto": {
            "current": 0.009489696774701059,
            "diff_percent": -3.3853971367685185
        },
        "forex": {
            "current": 0.010118636123501671,
            "diff_percent": 3.017834373370511
        }
    },
    "rub2usd": {
        "bank": {
            "current": 0.011603620329542817,
            "sparkline_full": " 83.0                             \n  ▇▇▇▇▇▇▇▇▇▆▆▆▆▆▄▃▂▂▃▃▄▅▄▄▄▄▄▃▃▃  \n                 87.6             "
        },
        "korona": {
            "current": 0.01077097987672542,
            "diff_percent": -7.175695422380329
        },
        "crypto": {
            "current": 0.011188309165423807,
            "diff_percent": -3.579151612377627
        },
        "forex": {
            "current": 0.011997514115075356,
            "diff_percent": 3.3945766437194247
        }
    },
    "xdr": {
        "rub2xdr": {
            "current_rate": 0.008280244779169063,
            "sparkline": "███████▇▇▆▆▆▆▅▂▁▁▁▂▂▃▃▂▁▂▂▂▁▁▁"
        },
        "usd2xdr": {
            "current_rate": 0.692627,
            "sparkline": "▅▆▆▅▅▅▅▅▅▅▅▅▅▅▄▅▅▅▄▄▅▅▅▃▄▄▄▄▄▄"
        },
        "eur2xdr": {
            "current_rate": 0.8183162906646345,
            "sparkline": "▄▄▄▄▄▄▄▄▄▄▅▄▄▄▄▄▄▄▄▄▄▅▅▄▄▄▄▄▄▅"
        },
        "cny2xdr": {
            "current_rate": 0.09738630739465928,
            "sparkline": "▅▅▅▅▅▅▅▅▅▅▅▅▄▅▄▅▅▅▄▄▅▅▅▄▄▄▄▄▄▄"
        },
        "rsd2xdr": {
            "current_rate": 0.006983459505257213,
            "sparkline": "▄▄▄▄▄▄▄▄▄▄▅▄▄▄▄▄▄▄▄▄▄▅▅▄▄▄▄▄▄▅"
        }
    },
    "neer": {
        "rub": {
            "current_rate": 91.16332450513356,
            "sparkline": "██████████▇▇▇▇▅▄▂▁▃▃▁▁▃▃▄▄▄▄▃▃"
        },
        "usd": {
            "current_rate": 103.14780494478914,
            "sparkline": "▅▅▅▅▅▅▅▅▅▅▅▅▅▅▄▅▅▅▄▄▄▄▄▄▄▄▄▄▄▄"
        },
        "eur": {
            "current_rate": 111.2362052396621,
            "sparkline": "▄▄▄▄▄▄▄▄▄▄▄▄▅▄▅▄▄▄▄▅▅▅▅▅▅▅▅▅▅▅"
        },
        "cny": {
            "current_rate": 104.47211823905843,
            "sparkline": "▄▅▅▅▅▅▅▅▅▅▅▄▄▅▄▅▅▅▅▅▄▄▄▄▅▅▅▅▅▅"
        },
        "rsd": {
            "current_rate": 110.93281226701635,
            "sparkline": "▄▄▄▄▄▄▄▅▄▄▄▄▄▄▅▅▅▅▅▄▄▅▅▅▅▅▅▅▅▅"
        }
    },
    "update_time": "2025-09-24 00:51:32",
    "update_time_display": "24.09 00:51"
}