{
    "rub2rsd": {
        "bank": {
            "current": 1.2363089399692426,
            "sparkline_full": "                           1.24   \n  ▃▃▃▃▃▃▂▂▂▂▂▂▂▂▂▁▂▂▃▆▇▇▇▇▆▇██▇▇  \n                1.19              "
        },
        "korona": {
            "current": 1.201131228476454,
            "diff_percent": -2.8453819555542372
        },
        "crypto": {
            "current": 1.1107841136594017,
            "diff_percent": -10.153192478974052
        },
        "forex": {
            "current": 1.3028538127397895,
            "diff_percent": 5.382544008150779
        }
    },
    "rub2eur": {
        "bank": {
            "current": 0.010659844366272252,
            "sparkline_full": "                             93.8 \n  ▂▃▃▃▃▂▂▂▂▂▂▂▂▂▂▁▁▂▂▅▇▇▇▇▆▇▇███  \n                97.7              "
        },
        "korona": {
            "current": 0.010284915717841195,
            "diff_percent": -3.5172056509317478
        },
        "crypto": {
            "current": 0.009520518281467044,
            "diff_percent": -10.688018001557651
        },
        "forex": {
            "current": 0.011093653344603483,
            "diff_percent": 4.069562025725279
        }
    },
    "rub2usd": {
        "bank": {
            "current": 0.012353304508956145,
            "sparkline_full": "                           80.9   \n  ▂▂▂▂▂▂▂▂▂▁▂▂▂▂▂▂▂▂▂▅▆▆▆▆▅▇█▇▇▇  \n          84.2                    "
        },
        "korona": {
            "current": 0.011636452286118855,
            "diff_percent": -5.802918743867869
        },
        "crypto": {
            "current": 0.011010686360305366,
            "diff_percent": -10.868493913328061
        },
        "forex": {
            "current": 0.012783081336189927,
            "diff_percent": 3.479043416457459
        }
    },
    "xdr": {
        "rub2xdr": {
            "current_rate": 0.009050797416652033,
            "sparkline": "▂▂▂▂▂▃▂▂▁▁▁▂▂▂▄▁▁▂▃▆▇▇██▇▇████"
        },
        "usd2xdr": {
            "current_rate": 0.703367,
            "sparkline": "▃▄▅▅▅▅▄▄▄▄▄▄▄▄▆▃▃▄▄▄▅▅▅▅▄▄▃▃▃▃"
        },
        "eur2xdr": {
            "current_rate": 0.8158536359038839,
            "sparkline": "▃▃▃▃▄▄▄▄▃▄▄▄▄▄▆▃▃▃▃▃▃▃▄▄▃▄▃▃▃▃"
        },
        "cny2xdr": {
            "current_rate": 0.09940810255033178,
            "sparkline": "▃▄▄▄▄▅▄▄▃▃▃▄▄▄▆▃▃▃▃▄▄▄▅▅▄▄▄▄▄▄"
        },
        "rsd2xdr": {
            "current_rate": 0.00694690173843755,
            "sparkline": "▃▃▃▃▄▄▄▄▃▄▄▄▄▄▆▃▃▃▃▃▃▃▃▄▃▃▃▃▃▃"
        }
    },
    "neer": {
        "rub": {
            "current_rate": 99.59466550105762,
            "sparkline": "▃▃▃▃▁▁▁▁▁▁▁▁▂▂▂▂▁▁▂▂▆▆▂▅▅▆▇███"
        },
        "usd": {
            "current_rate": 104.27579487547652,
            "sparkline": "▅▅▅▅▅▅▅▄▄▄▄▄▄▄▄▄▄▄▅▅▅▅▅▅▄▄▄▄▄▄"
        },
        "eur": {
            "current_rate": 110.14982194133887,
            "sparkline": "▄▄▄▄▄▅▅▅▅▅▅▅▅▅▅▅▅▅▄▄▄▄▄▄▅▅▄▄▅▅"
        },
        "cny": {
            "current_rate": 106.90404296673651,
            "sparkline": "▄▄▄▄▄▄▄▄▄▄▄▄▄▄▄▄▄▄▅▅▅▅▅▅▅▅▅▅▅▅"
        },
        "rsd": {
            "current_rate": 109.92936629232496,
            "sparkline": "▅▅▅▅▅▅▅▅▅▅▅▅▅▅▅▅▅▄▄▄▄▄▄▅▄▄▄▄▄▄"
        }
    },
    "specific_rates": {
        "rub_kzt_bank": 6.38,
        "rub_kzt_crypto": 5.6980301914580265,
        "kzt_rsd_bank": 0.19494177397034315,
        "rsd_eur_cash": 0.00849514563106796,
        "eur_rsd_cash": 116.78571428571429,
        "rsd_usd_cash": 0.009687910871219986,
        "usd_rsd_cash": 99.42857142857143,
        "eur_usd_exch": 1.1599259503273311,
        "usd_kzt_bank": 511.5
    },
    "update_time": "2025-12-01 01:51:23",
    "update_time_display": "01.12 01:51"
}