{
    "rub2rsd": {
        "bank": {
            "current": 1.2308972143319548,
            "sparkline_full": "           1.26                   \n  █▇▃▂▂▂▄▅▆▇█▇▇▇         ▁▁▁▁▁▂▄  \n                        1.21      "
        },
        "korona": {
            "current": 1.1847416639090345,
            "diff_percent": -3.7497485480922395
        },
        "crypto": {
            "current": 1.2141606368602629,
            "diff_percent": -1.3597055283592734
        },
        "forex": {
            "current": 1.2722390541410693,
            "diff_percent": 3.358675227123007
        }
    },
    "rub2eur": {
        "bank": {
            "current": 0.01060332944544587,
            "sparkline_full": " 92.7                             \n  █▆▂▂▄▄▅▆▇█▇██▇         ▂▁▂▂▂▂▄  \n                         95.5     "
        },
        "korona": {
            "current": 0.010147680204788304,
            "diff_percent": -4.297227988641502
        },
        "crypto": {
            "current": 0.010430325671142111,
            "diff_percent": -1.6315985954587413
        },
        "forex": {
            "current": 0.010861336263902574,
            "diff_percent": 2.4332623048651856
        }
    },
    "rub2usd": {
        "bank": {
            "current": 0.012465719272001994,
            "sparkline_full": "                              80.2\n  ▅▄▂▂▂▂▄▆▆▆▆▆▆▆         ▅▅▆▆▆▆▇  \n   82.2                           "
        },
        "korona": {
            "current": 0.011421555773809725,
            "diff_percent": -8.376279582498386
        },
        "crypto": {
            "current": 0.01223691796442127,
            "diff_percent": -1.8354440894125659
        },
        "forex": {
            "current": 0.012792926023625976,
            "diff_percent": 2.6248525615275824
        }
    },
    "xdr": {
        "rub2xdr": {
            "current_rate": 0.00884914963617258,
            "sparkline": "▃▃▂▁▁▁▂▂▂▃▃▃▃▃         ▂█████▁"
        },
        "usd2xdr": {
            "current_rate": 0.694629,
            "sparkline": "▄▄▃▂▂▂▂▂▂▃▃▃▃▃         ▃█████▁"
        },
        "eur2xdr": {
            "current_rate": 0.8147385755454921,
            "sparkline": "▁▁▂▁▁▁▁▁▁▁▁▁▁▁         ▃█████▁"
        },
        "cny2xdr": {
            "current_rate": 0.09682522424571895,
            "sparkline": "▃▃▃▂▂▂▂▂▂▂▂▂▂▂         ▃█████▁"
        },
        "rsd2xdr": {
            "current_rate": 0.006955571444980467,
            "sparkline": "▁▁▂▁▁▁▁▁▁▁▁▁▁▁         ▃█████▁"
        }
    },
    "neer": {
        "rub": {
            "current_rate": 97.17644021342598,
            "sparkline": "▅▇▄▅▂▂▄▆▆▆▆▇▆▇▆▆▅▅▅▅▅▄▃▂▂▃▂▃▃▃"
        },
        "usd": {
            "current_rate": 103.28679883718651,
            "sparkline": "▆▆▄▅▄▄▄▄▅▆▅▆▆▇▄▅▃▃▃▃▃▂▂▂▂▂▂▂▃▃"
        },
        "eur": {
            "current_rate": 110.57062428596934,
            "sparkline": "▂▂▄▃▄▄▄▄▄▃▄▄▄▄▄▄▅▅▆▆▆▆▇▇▆▇▇▇▆▆"
        },
        "cny": {
            "current_rate": 103.11154566386084,
            "sparkline": "▅▅▄▅▄▄▄▄▅▅▅▅▅▆▄▅▃▃▃▃▃▃▃▃▃▃▃▃▄▄"
        },
        "rsd": {
            "current_rate": 110.53726897593391,
            "sparkline": "▃▃▃▅▄▄▄▅▄▄▅▄▄▅▅▅▅▅▅▅▆▆▆▆▆▆▆▆▆▆"
        }
    },
    "update_time": "2025-07-09 03:36:34",
    "update_time_display": "09.07 03:36"
}