{
    "rub2rsd": {
        "bank": {
            "current": 1.194943021452026,
            "sparkline_full": "           1.22                   \n  ▁▁▃▅▅▅▅▅▇██▅▄▄▄▄▄▆▅▄▄▄▆▇▆▅▅▅▅▅  \n 1.16                             "
        },
        "korona": {
            "current": 1.1644069973370437,
            "diff_percent": -2.5554376708168673
        },
        "crypto": {
            "current": 1.2547868357372354,
            "diff_percent": 5.008089357473346
        },
        "forex": {
            "current": 1.2575349413990051,
            "diff_percent": 5.238067323990143
        }
    },
    "rub2eur": {
        "bank": {
            "current": 0.010313531353135313,
            "sparkline_full": "          95.0                    \n  ▁▂▃▄▅▅▅▅▇██▄▃▃▄▅▄▅▄▃▃▃▆▇▆▅▅▅▅▅  \n 100                              "
        },
        "korona": {
            "current": 0.009973507471837633,
            "diff_percent": -3.2968715530623123
        },
        "crypto": {
            "current": 0.010818974062914774,
            "diff_percent": 4.900772514021654
        },
        "forex": {
            "current": 0.010724731251796944,
            "diff_percent": 3.986994217423169
        }
    },
    "rub2usd": {
        "bank": {
            "current": 0.011883541295306001,
            "sparkline_full": "           81.4                   \n  ▁▂▃▄▄▄▄▄▆▇█▅▃▃▄▄▃▅▄▃▃▃▅▆▅▄▃▃▃▃  \n 85.2                             "
        },
        "korona": {
            "current": 0.011387843494738814,
            "diff_percent": -4.171296991772879
        },
        "crypto": {
            "current": 0.01244079370422458,
            "diff_percent": 4.689279021049842
        },
        "forex": {
            "current": 0.012363063616616453,
            "diff_percent": 4.0351803338274514
        }
    },
    "xdr": {
        "rub2xdr": {
            "current_rate": 0.008749770669590968,
            "sparkline": "▁▁▃▄▅▄▅▅▇█▇▅▄▄▄▄▄▄▅▇▇▆▇▇▆▆▆▆▆▆"
        },
        "usd2xdr": {
            "current_rate": 0.70875,
            "sparkline": "▃▃▄▄▅▄▄▅▅▅▄▄▄▄▄▄▄▅▄▄▄▄▄▄▄▅▅▅▅▆"
        },
        "eur2xdr": {
            "current_rate": 0.8158498767160186,
            "sparkline": "▄▄▄▄▅▅▅▄▅▅▅▅▅▅▄▄▄▄▅▅▅▅▅▄▄▄▅▄▄▅"
        },
        "cny2xdr": {
            "current_rate": 0.09948206164729662,
            "sparkline": "▃▃▄▄▅▄▄▄▅▄▄▄▄▄▄▄▄▅▄▄▄▄▅▅▄▅▅▅▆▆"
        },
        "rsd2xdr": {
            "current_rate": 0.006957874792613609,
            "sparkline": "▄▄▄▄▅▄▅▄▅▅▅▅▅▅▄▄▄▄▅▄▄▄▅▄▄▄▄▄▅▄"
        }
    },
    "neer": {
        "rub": {
            "current_rate": 96.08974601510432,
            "sparkline": "▄▁▃▄▄▄▄▄▅▆██▄▄█▄▄▄▄▇▇▄▄▇▆▇▆▅▅▆"
        },
        "usd": {
            "current_rate": 104.76292716542181,
            "sparkline": "▄▄▄▄▅▅▅▅▅▄▄▄▄▄▄▄▅▅▅▄▄▄▄▄▄▅▅▅▅▅"
        },
        "eur": {
            "current_rate": 109.8832098556659,
            "sparkline": "▅▅▅▄▄▅▅▄▄▅▅▅▅▅▅▄▄▄▅▅▅▅▅▅▅▄▄▅▄▄"
        },
        "cny": {
            "current_rate": 106.21360851405372,
            "sparkline": "▄▄▄▄▅▄▄▄▅▄▄▄▄▄▄▅▅▅▅▅▅▅▅▅▅▅▅▅▅▅"
        },
        "rsd": {
            "current_rate": 110.18297411136263,
            "sparkline": "▅▅▅▅▄▅▅▅▅▄▅▅▄▄▄▄▅▅▄▄▄▄▄▄▄▄▄▄▄▄"
        }
    },
    "update_time": "2025-11-04 07:35:50",
    "update_time_display": "04.11 07:35"
}