{
    "rub2rsd": {
        "bank": {
            "current": 1.1938769759042858,
            "sparkline_full": "       1.22                       \n  ▃▂▂▃▆██▃▁▁▁▂▂▄▄▁▁▁▅▆▄▃▄▄▄▃▄▄▃▃  \n          1.18                    "
        },
        "korona": {
            "current": 1.161192668499027,
            "diff_percent": -2.7376612552983075
        },
        "crypto": {
            "current": 1.2044623968392534,
            "diff_percent": 0.8866425225220407
        },
        "forex": {
            "current": 1.2535070691405592,
            "diff_percent": 4.994659788217077
        }
    },
    "rub2eur": {
        "bank": {
            "current": 0.010287007509515483,
            "sparkline_full": "      95.0                        \n  ▃▄▄▃▆██▂▁▁▂▃▂▃▂▁▁▁▄▆▅▄▃▃▃▄▄▄▃▃  \n          98.2                    "
        },
        "korona": {
            "current": 0.009945975747315006,
            "diff_percent": -3.3151697603508334
        },
        "crypto": {
            "current": 0.010346448006100115,
            "diff_percent": 0.577821067299207
        },
        "forex": {
            "current": 0.010688174206063512,
            "diff_percent": 3.8997414571433895
        }
    },
    "rub2usd": {
        "bank": {
            "current": 0.011917530687641521,
            "sparkline_full": "       81.4                       \n  ▂▂▂▂▅██▃▂▂▂▃▁▄▃▁▁▁▅▆▅▂▁▁▁▁▁▁▁▂  \n                  84.3            "
        },
        "korona": {
            "current": 0.01140754156527902,
            "diff_percent": -4.279318725743746
        },
        "crypto": {
            "current": 0.011963080507053258,
            "diff_percent": 0.38220853468388527
        },
        "forex": {
            "current": 0.012311374355653444,
            "diff_percent": 3.3047422182880473
        }
    },
    "xdr": {
        "rub2xdr": {
            "current_rate": 0.008742678841922093,
            "sparkline": "▃▂▂▃▆█▆▂▂▁▁▂▁▁▃▇▆▅▆▆▅▅▅▄▄▅▄▄▅▄"
        },
        "usd2xdr": {
            "current_rate": 0.707015,
            "sparkline": "▅▄▄▄▄▄▃▃▃▃▃▃▃▄▄▄▄▃▃▃▃▄▄▄▅▆▆▆▆▅"
        },
        "eur2xdr": {
            "current_rate": 0.8179768287236824,
            "sparkline": "▅▄▄▄▄▅▅▅▄▄▄▄▃▄▄▄▄▄▅▄▃▄▄▄▄▄▄▅▆▅"
        },
        "cny2xdr": {
            "current_rate": 0.09926361160250469,
            "sparkline": "▄▃▄▄▄▄▃▃▃▃▃▃▃▄▄▄▄▄▄▄▄▄▄▄▅▆▆▆▆▅"
        },
        "rsd2xdr": {
            "current_rate": 0.006974574820640084,
            "sparkline": "▅▄▄▄▄▅▅▅▅▄▄▄▃▄▄▄▄▄▅▄▃▄▃▄▄▄▄▅▆▅"
        }
    },
    "neer": {
        "rub": {
            "current_rate": 95.38366230932677,
            "sparkline": "▂▂▁▂▄▅█▇▂▁▇▁▂▁▂▆▅▁█▅█▅▅▃▅▅▄▃▃▃"
        },
        "usd": {
            "current_rate": 104.79210838373663,
            "sparkline": "▄▄▄▄▅▄▄▃▃▃▃▄▄▄▄▄▄▄▄▃▅▅▅▄▅▅▆▅▅▅"
        },
        "eur": {
            "current_rate": 110.13197534681424,
            "sparkline": "▄▅▅▄▄▅▅▅▅▅▅▄▄▄▅▅▅▅▅▅▄▄▄▅▄▄▄▄▄▄"
        },
        "cny": {
            "current_rate": 106.24927003888737,
            "sparkline": "▄▄▄▄▄▄▄▃▃▃▄▄▄▅▅▄▄▅▅▅▆▅▅▅▅▆▆▆▆▆"
        },
        "rsd": {
            "current_rate": 110.29079830827435,
            "sparkline": "▅▅▅▆▅▅▅▅▄▅▅▅▅▅▄▄▄▄▅▄▆▄▄▃▃▄▄▄▄▄"
        }
    },
    "update_time": "2025-11-08 02:36:34",
    "update_time_display": "08.11 02:36"
}