{
    "rub2rsd": {
        "bank": {
            "current": 1.1992799342183682,
            "sparkline_full": "  1.24                            \n  ██▇▅▄▃▄▄▃▁▁▅▆▅▅▅▄▄▅▅▄▃▃▄▄▃▄▃▃▂  \n          1.19                    "
        },
        "korona": {
            "current": 1.1553317342354639,
            "diff_percent": -3.6645489288159907
        },
        "crypto": {
            "current": 1.1392597585959252,
            "diff_percent": -5.004684386849281
        },
        "forex": {
            "current": 1.246625670906177,
            "diff_percent": 3.947846981919726
        }
    },
    "rub2eur": {
        "bank": {
            "current": 0.010355182768975874,
            "sparkline_full": "  93.9                            \n  ██▇▆▄▄▄▄▄▁▁▅▆▅▅▅▅▄▅▅▄▄▄▄▄▃▃▃▃▃  \n          97.6                    "
        },
        "korona": {
            "current": 0.009895775025571424,
            "diff_percent": -4.436500578056767
        },
        "crypto": {
            "current": 0.009839470841707922,
            "diff_percent": -4.980230081626612
        },
        "forex": {
            "current": 0.01064033699700717,
            "diff_percent": 2.7537343800982277
        }
    },
    "rub2usd": {
        "bank": {
            "current": 0.012121212121212121,
            "sparkline_full": "  80.4                            \n  ███▇▆▆▆▆▅▁▁▃▄▄▄▄▄▄▅▅▄▄▄▅▅▅▄▄▄▄  \n           84.1                   "
        },
        "korona": {
            "current": 0.011203604820458886,
            "diff_percent": -7.570260231214195
        },
        "crypto": {
            "current": 0.011494200218001049,
            "diff_percent": -5.1728482014913455
        },
        "forex": {
            "current": 0.012496500979725676,
            "diff_percent": 3.096133082736829
        }
    },
    "xdr": {
        "rub2xdr": {
            "current_rate": 0.008659969515913512,
            "sparkline": "███▇▆▅▅▅▃▁▁▂▂▄▄▇▆▆▇▆▅▅▆▆▆▆▆▆▅▃"
        },
        "usd2xdr": {
            "current_rate": 0.697125,
            "sparkline": "▅▅▄▄▃▃▃▃▃▃▃▃▃▃▃▆▆▆▆▅▅▅▅▅▅▅▅▆▅▄"
        },
        "eur2xdr": {
            "current_rate": 0.81388113161729,
            "sparkline": "▆▆▆▆▆▆▆▆▅▃▂▁▂▄▄▆▆▆▇▆▆▆▆▆▇▇▇█▇▅"
        },
        "cny2xdr": {
            "current_rate": 0.09710884827547779,
            "sparkline": "▅▆▅▄▄▄▄▄▄▄▄▃▃▃▃▆▆▆▆▅▅▅▅▅▆▆▆▆▅▄"
        },
        "rsd2xdr": {
            "current_rate": 0.006946728049983558,
            "sparkline": "▆▆▆▆▆▆▆▆▅▃▃▂▂▄▄▆▆▆▇▆▆▆▆▆▇▇▇▇▇▅"
        }
    },
    "neer": {
        "rub": {
            "current_rate": 95.72959804085016,
            "sparkline": "████▇▆▅▅▇▆▁▂▆▆▅▅▆▅▄▆▅▅▆▆▅▅▅▄▄▄"
        },
        "usd": {
            "current_rate": 103.85591254449018,
            "sparkline": "▄▄▃▃▃▃▃▃▄▅▅▆▆▅▅▅▅▄▄▄▄▄▄▄▄▃▄▄▄▄"
        },
        "eur": {
            "current_rate": 110.69998917907435,
            "sparkline": "▅▅▅▅▅▅▆▆▅▄▄▃▃▅▅▄▄▅▅▅▅▅▅▅▅▅▅▅▅▅"
        },
        "cny": {
            "current_rate": 103.63056686787309,
            "sparkline": "▄▄▄▄▃▄▄▄▄▅▅▆▆▄▄▅▅▄▄▄▄▄▄▄▄▄▄▄▄▄"
        },
        "rsd": {
            "current_rate": 110.6042437519506,
            "sparkline": "▄▄▅▅▅▅▅▅▄▅▄▃▅▄▄▅▅▅▄▄▅▅▄▆▅▅▅▅▅▅"
        }
    },
    "update_time": "2025-08-18 14:35:54",
    "update_time_display": "18.08 14:35"
}