{
    "rub2rsd": {
        "bank": {
            "current": 1.1952450600837785,
            "sparkline_full": " 1.24                             \n  ██▇▇▇▇▇▇▇▇▇▇▆▅▄▂▂▁▁▁▁▁▃▅▅▅▅▆▆▆  \n                     1.12         "
        },
        "korona": {
            "current": 1.17470647040931,
            "diff_percent": -1.7183580472634556
        },
        "crypto": {
            "current": 1.2137174411811078,
            "diff_percent": 1.545489014280846
        },
        "forex": {
            "current": 1.2660582161270173,
            "diff_percent": 5.924572157468299
        }
    },
    "rub2eur": {
        "bank": {
            "current": 0.010346611484738748,
            "sparkline_full": "  93.5                            \n  ██▇▇▇▇▇▇▇▇▆▆▆▅▃▂▁▁▁▁▁▁▃▅▅▅▅▅▅▆  \n                    104           "
        },
        "korona": {
            "current": 0.010058853749758612,
            "diff_percent": -2.7811785085830083
        },
        "crypto": {
            "current": 0.010518029255847928,
            "diff_percent": 1.6567527577702257
        },
        "forex": {
            "current": 0.010788060870085915,
            "diff_percent": 4.266608309380373
        }
    },
    "rub2usd": {
        "bank": {
            "current": 0.011956001912960305,
            "sparkline_full": " 80.7                             \n  ██▇▇▇▇▇▇▇▆▆▆▅▄▃▂▁▁▁▁▁▁▃▅▅▅▅▅▅▆  \n                    89.9          "
        },
        "korona": {
            "current": 0.01135256313514675,
            "diff_percent": -5.047161937632584
        },
        "crypto": {
            "current": 0.012131088364412842,
            "diff_percent": 1.464423079949015
        },
        "forex": {
            "current": 0.012403346919132658,
            "diff_percent": 3.7415936316255576
        }
    },
    "xdr": {
        "rub2xdr": {
            "current_rate": 0.008752211958998713,
            "sparkline": "██▇▆▆█▇▆▇▆▇▇▆▄▂▁▁▂▂▃▄▅▄▄▄▄▅▅▆▅"
        },
        "usd2xdr": {
            "current_rate": 0.703479,
            "sparkline": "▄▄▄▄▄▅▄▄▄▅▅▅▅▅▄▅▅▄▄▄▄▄▄▄▄▄▅▅▅▄"
        },
        "eur2xdr": {
            "current_rate": 0.8112868535315384,
            "sparkline": "▄▄▄▄▄▅▅▄▄▄▄▄▄▅▄▄▅▄▄▄▄▄▄▄▄▄▄▄▅▄"
        },
        "cny2xdr": {
            "current_rate": 0.10208663474096648,
            "sparkline": "▄▄▄▄▄▄▄▄▅▅▅▅▅▅▅▅▅▄▄▄▄▄▄▄▄▄▅▅▅▄"
        },
        "rsd2xdr": {
            "current_rate": 0.006912961700744294,
            "sparkline": "▄▄▄▄▄▅▅▄▄▄▄▄▅▅▄▄▅▄▄▄▄▄▄▄▄▄▄▄▅▄"
        }
    },
    "neer": {
        "rub": {
            "current_rate": 96.12758654505922,
            "sparkline": "██▇▆▆█▇▇▆▇▆▆▇▅▄▃▂▃▂▁▄▅▅▄▄▄▄▅▄▅"
        },
        "usd": {
            "current_rate": 103.67874618451285,
            "sparkline": "▄▄▄▄▄▄▄▄▄▅▅▅▄▄▄▅▄▅▅▄▅▄▅▅▅▅▅▅▅▅"
        },
        "eur": {
            "current_rate": 109.76411848825633,
            "sparkline": "▅▅▄▅▅▄▄▄▄▄▄▄▄▄▄▄▅▅▅▅▅▅▅▅▅▅▅▅▅▅"
        },
        "cny": {
            "current_rate": 110.76487590693567,
            "sparkline": "▄▄▄▄▄▄▄▅▅▅▄▄▅▅▅▅▅▄▄▅▅▅▅▅▄▄▅▅▄▅"
        },
        "rsd": {
            "current_rate": 110.08324373953977,
            "sparkline": "▅▆▆▃▃▆▆▆▆▆▃▃▅▅▆▆▆▃▃▅▆▆▆▆▃▃▆▆▃▃"
        }
    },
    "specific_rates": {
        "rub_kzt_bank": 5.68,
        "rub_kzt_crypto": 5.774398061460513,
        "kzt_rsd_bank": 0.2101894307013056,
        "rsd_eur_cash": 0.008447135013374631,
        "eur_rsd_cash": 116.78333333333335,
        "rsd_usd_cash": 0.009664170089393572,
        "usd_rsd_cash": 99.64166666666667,
        "eur_usd_exch": 1.1532495689729736,
        "usd_kzt_bank": 469.0
    },
    "update_time": "2026-04-02 13:20:44",
    "update_time_display": "02.04 13:20"
}