{
    "rub2rsd": {
        "bank": {
            "current": 1.3474798829327645,
            "sparkline_full": "        1.36                      \n  ▁▁▃▄▄▅▇██████▇▇███▇▇▅▃▂▂▃▄▄▆▇▇  \n 1.29                             "
        },
        "korona": {
            "current": 1.302068048595632,
            "diff_percent": -3.370130783570185
        },
        "crypto": {
            "current": 1.4062736762535875,
            "diff_percent": 4.36324089624695
        },
        "forex": {
            "current": 1.4125419160480663,
            "diff_percent": 4.828423335990404
        }
    },
    "rub2eur": {
        "bank": {
            "current": 0.011587485515643106,
            "sparkline_full": "        85.7                      \n  ▁▂▃▃▃▄▇█████▇▇▇████▇▅▃▁▂▂▂▄▆▇▇  \n 89.6                             "
        },
        "korona": {
            "current": 0.011147842881811918,
            "diff_percent": -3.7941159299631497
        },
        "crypto": {
            "current": 0.012037832665463008,
            "diff_percent": 3.8864959029457498
        },
        "forex": {
            "current": 0.012033698288679088,
            "diff_percent": 3.8508162313005254
        }
    },
    "rub2usd": {
        "bank": {
            "current": 0.013408420488066506,
            "sparkline_full": "                 73.7             \n  ▂▃▃▃▃▄▇███▇▇▇▇▇████▇▅▃▁▂▂▂▂▅▅▆  \n                       76.9       "
        },
        "korona": {
            "current": 0.012613271806603042,
            "diff_percent": -5.930218866354518
        },
        "crypto": {
            "current": 0.013901122446675204,
            "diff_percent": 3.674571207303666
        },
        "forex": {
            "current": 0.013929671872649369,
            "diff_percent": 3.887492826218988
        }
    },
    "xdr": {
        "rub2xdr": {
            "current_rate": 0.009817356950973454,
            "sparkline": "▁▁▁▂▂▃▄▄▅█▅▄▄▄▄▅▅▄▄▄▃▂▁▂▂▂▃▄▄▄"
        },
        "usd2xdr": {
            "current_rate": 0.706825,
            "sparkline": "▂▂▂▂▃▃▃▃▃▇▄▃▃▃▃▃▃▃▃▃▃▃▃▃▃▃▄▄▄▃"
        },
        "eur2xdr": {
            "current_rate": 0.8158220952081958,
            "sparkline": "▃▃▂▂▃▃▃▃▃▇▄▃▃▃▃▃▃▃▃▃▃▃▃▃▂▂▃▃▃▃"
        },
        "cny2xdr": {
            "current_rate": 0.10431609551639659,
            "sparkline": "▂▂▂▂▃▃▃▃▃▇▅▃▃▃▃▃▃▃▃▃▃▃▃▃▃▃▄▄▄▄"
        },
        "rsd2xdr": {
            "current_rate": 0.006950134958430066,
            "sparkline": "▃▃▂▂▃▃▃▃▃▇▄▃▃▃▃▃▃▃▃▃▃▃▃▃▂▂▃▃▃▃"
        }
    },
    "neer": {
        "rub": {
            "current_rate": 106.50764555449152,
            "sparkline": "▁▂▃▃▃▃▅▇██▆▆█▆▆█▆▆▆▆▆▂▁▂▂▂▂▃▅▅"
        },
        "usd": {
            "current_rate": 102.92523697321374,
            "sparkline": "▃▃▄▅▅▄▄▄▄▄▅▅▄▄▄▄▄▄▄▄▄▅▅▅▆▆▆▆▆▆"
        },
        "eur": {
            "current_rate": 108.90569038635076,
            "sparkline": "▅▅▅▅▅▅▅▅▄▄▄▄▄▄▄▄▄▄▄▄▄▄▅▅▄▄▄▄▄▄"
        },
        "cny": {
            "current_rate": 112.44174965685869,
            "sparkline": "▄▄▅▃▃▅▅▅▅▅▄▄▅▅▅▅▅▄▄▆▆▄▅▅▆▆▅▅▅▅"
        },
        "rsd": {
            "current_rate": 109.3515858951379,
            "sparkline": "███▁▂▇█▇▇▇▂▁▇▇▇▇▇▁▁▇▇▁▁▁▁▁▁▁▁▁"
        }
    },
    "specific_rates": {
        "rub_kzt_bank": 6.57,
        "rub_kzt_crypto": 6.825451121317525,
        "kzt_rsd_bank": 0.2060338065950625,
        "rsd_eur_cash": 0.00844880027036161,
        "eur_rsd_cash": 116.8,
        "rsd_usd_cash": 0.009687106461300011,
        "usd_rsd_cash": 99.22999999999999,
        "eur_usd_exch": 1.154206621452546,
        "usd_kzt_bank": 484.0
    },
    "update_time": "2026-06-11 09:50:50",
    "update_time_display": "11.06 09:50"
}