{
    "rub2rsd": {
        "bank": {
            "current": 1.2587144200218603,
            "sparkline_full": "                             1.26 \n  ▃▂▁▁▃▄▄▂▂▂▂▃▇▇▆▆▇▇▇▆▆▆▇▆▆▆▆▆█▇  \n    1.20                          "
        },
        "korona": {
            "current": 1.2224727639236639,
            "diff_percent": -2.8792596256716427
        },
        "crypto": {
            "current": 1.2982950007451073,
            "diff_percent": 3.144524293489828
        },
        "forex": {
            "current": 1.342943889606773,
            "diff_percent": 6.691706096721271
        }
    },
    "rub2eur": {
        "bank": {
            "current": 0.010860121633362294,
            "sparkline_full": "                              92.1\n  ▃▁▁▁▂▄▄▂▂▂▂▄▇▆▆▆▆▆▆▇▇▆▆▆▆▅▅▆██  \n    96.4                          "
        },
        "korona": {
            "current": 0.01046765669414758,
            "diff_percent": -3.6138171602890803
        },
        "crypto": {
            "current": 0.011149839890925209,
            "diff_percent": 2.6677257156393215
        },
        "forex": {
            "current": 0.011457357097241536,
            "diff_percent": 5.499344151400061
        }
    },
    "rub2usd": {
        "bank": {
            "current": 0.012348728081007655,
            "sparkline_full": "                              81.0\n  ▃▁▁▁▂▄▄▂▂▂▂▃▄▅▅▄▄▄▅▅▅▆▆▇▇▆▆▆▇█  \n    85.1                          "
        },
        "korona": {
            "current": 0.011528230386706457,
            "diff_percent": -6.644390328451102
        },
        "crypto": {
            "current": 0.012652455032475677,
            "diff_percent": 2.4595808529880374
        },
        "forex": {
            "current": 0.012739340356956317,
            "diff_percent": 3.163178210632263
        }
    },
    "xdr": {
        "rub2xdr": {
            "current_rate": 0.009359551846109452,
            "sparkline": "▁▁▁▁▂▃▃▂▁▁▁▂▄▄▄▄██▅▅▄▅▅▅▅▄▄▄▆█"
        },
        "usd2xdr": {
            "current_rate": 0.719753,
            "sparkline": "▂▂▂▂▂▂▂▂▂▂▂▂▂▂▂▂▇▇▄▄▃▂▃▃▃▂▂▂▂▂"
        },
        "eur2xdr": {
            "current_rate": 0.8169032148228017,
            "sparkline": "▃▄▃▃▄▄▄▃▃▃▃▂▂▃▂▂▇▇▄▄▄▄▄▄▄▄▃▃▃▄"
        },
        "cny2xdr": {
            "current_rate": 0.10015905706850725,
            "sparkline": "▁▂▂▂▂▂▂▃▃▃▃▃▃▃▃▃██▄▄▃▃▃▃▃▃▂▂▃▃"
        },
        "rsd2xdr": {
            "current_rate": 0.006969428818690273,
            "sparkline": "▃▄▄▄▄▄▄▄▄▄▄▃▂▂▂▂▇▇▄▄▄▄▄▄▄▄▃▃▃▄"
        }
    },
    "neer": {
        "rub": {
            "current_rate": 100.25608583404146,
            "sparkline": "▂▂▁▁▂▁▃▃▄▁▁▅▅▄▅▅▄▄▄▄▄▅▅▅▅▄▄▄▅█"
        },
        "usd": {
            "current_rate": 104.76559768174937,
            "sparkline": "▅▅▅▅▄▄▄▅▅▅▅▆▆▅▅▅▅▅▅▅▄▄▄▃▃▃▃▄▄▄"
        },
        "eur": {
            "current_rate": 108.07740516995925,
            "sparkline": "▆▅▅▅▅▅▅▅▄▄▄▃▃▄▄▄▄▄▄▄▄▄▄▄▅▅▅▄▄▅"
        },
        "cny": {
            "current_rate": 103.9244273144807,
            "sparkline": "▄▄▄▄▃▄▄▄▄▄▄▆▆▅▅▅▅▅▅▅▄▄▄▄▄▄▄▄▅▄"
        },
        "rsd": {
            "current_rate": 109.3603869517723,
            "sparkline": "▅▅▅▅▅▅▅▅▄▆▆▆▄▃▄▄▄▄▄▅▅▄▅▄▄▅▅▄▄▄"
        }
    },
    "update_time": "2025-05-30 07:35:47",
    "update_time_display": "30.05 07:35"
}