{
    "rub2rsd": {
        "bank": {
            "current": 1.23337846544918,
            "sparkline_full": "                            1.26  \n  ▃ ▃▃▃▃▄▁▁▁▁▁▁▃▃▄▃▂▂▃▅▅▃▃▃▃▄██▆  \n        1.19                      "
        },
        "korona": {
            "current": 1.2069173766786963,
            "diff_percent": -2.1454151756125337
        },
        "crypto": {
            "current": 1.3037569537697329,
            "diff_percent": 5.706155109082599
        },
        "forex": {
            "current": 1.3137027460817805,
            "diff_percent": 6.512541193375508
        }
    },
    "rub2eur": {
        "bank": {
            "current": 0.010620220900594732,
            "sparkline_full": "                            92.5  \n  ▂▂▃▃▃▂▃▁▁▁▂▂▂▃▃▄▃▂▂▄▅▆▃▃▃▃▆██▆  \n         97.7                     "
        },
        "korona": {
            "current": 0.010333196718139523,
            "diff_percent": -2.7026197019982505
        },
        "crypto": {
            "current": 0.011180194449608334,
            "diff_percent": 5.272710937512077
        },
        "forex": {
            "current": 0.011111286953455245,
            "diff_percent": 4.62387795373459
        }
    },
    "rub2usd": {
        "bank": {
            "current": 0.011910433539780848,
            "sparkline_full": "                             82.8 \n  ▃▃▅▅▅▄▆▃▂▂▃▃▃▄▅▅▃▃▃▄▆▆▄▃▃▃▅▆▇▅  \n          85.5                    "
        },
        "korona": {
            "current": 0.011466059060219422,
            "diff_percent": -3.7309681303977342
        },
        "crypto": {
            "current": 0.012513511871751263,
            "diff_percent": 5.063445675223601
        },
        "forex": {
            "current": 0.012465144340138888,
            "diff_percent": 4.6573518798061055
        }
    },
    "xdr": {
        "rub2xdr": {
            "current_rate": 0.008960220828787767,
            "sparkline": "▂▂▃▃▃▅▃▂▁▂▃▃▂▃▃▃▃▂▂▄▇▆▅▂▃▃▅▇██"
        },
        "usd2xdr": {
            "current_rate": 0.720178,
            "sparkline": "▅▅▅▅▅▅▃▄▅▆▆▆▅▅▅▅▆▆▆▆▆▆▆▆▆▆▆▆▆▆"
        },
        "eur2xdr": {
            "current_rate": 0.8064071125443694,
            "sparkline": "▅▅▅▅▅▇▅▄▅▅▆▆▅▅▅▄▅▅▅▅▅▆▄▄▄▄▂▂▃▃"
        },
        "cny2xdr": {
            "current_rate": 0.09997889856038206,
            "sparkline": "▄▄▄▄▄▄▂▃▄▅▄▄▄▃▃▄▅▅▅▅▅▅▆▆▆▆▆▇▇▇"
        },
        "rsd2xdr": {
            "current_rate": 0.006820584683644999,
            "sparkline": "▆▆▆▇▇▇▆▆▆▆▆▆▆▆▆▆▆▆▆▆▆▆▆▆▆▆▅▂▂▂"
        }
    },
    "neer": {
        "rub": {
            "current_rate": 97.59113722838448,
            "sparkline": "▃▃▄▃▄▄▅▄▃▂▃▂▂▂▄▄▄▂▂▄▃▄▆▃▃▃▁▆█▇"
        },
        "usd": {
            "current_rate": 105.77131896671857,
            "sparkline": "▅▅▅▅▅▅▄▄▅▅▅▅▅▄▄▄▄▄▄▄▄▄▄▅▄▄▄▅▄▄"
        },
        "eur": {
            "current_rate": 107.57017092462269,
            "sparkline": "▆▆▆▆▆▅▆▆▆▅▆▆▅▅▅▅▅▄▅▄▄▄▄▄▄▄▄▃▃▃"
        },
        "cny": {
            "current_rate": 104.6266044122706,
            "sparkline": "▄▄▄▄▄▄▃▄▄▄▄▄▄▄▄▄▃▄▄▃▄▄▄▅▄▄▅▆▅▅"
        },
        "rsd": {
            "current_rate": 109.19744137712333,
            "sparkline": "▅▅▅▄▄▅▆▄▄▄▄▄▅▅▅▅▅▄▄▄▄▄▄▄▅▅▄▃▄▄"
        }
    },
    "update_time": "2025-05-15 06:20:47",
    "update_time_display": "15.05 06:20"
}