{
    "rub2rsd": {
        "bank": {
            "current": 1.2141255326136458,
            "sparkline_full": "            1.24                  \n  ▅▅▅▅▆▇▇▇▇▆▇██▇▇▇▇▆▅▄▃▃▃▃▁▁▄▆▄▄  \n                         1.19     "
        },
        "korona": {
            "current": 1.1560515750106068,
            "diff_percent": -4.783192185903809
        },
        "crypto": {
            "current": 1.2035463814159582,
            "diff_percent": -0.8713391583911326
        },
        "forex": {
            "current": 1.2774264401017381,
            "diff_percent": 5.213703672949255
        }
    },
    "rub2eur": {
        "bank": {
            "current": 0.010493179433368312,
            "sparkline_full": "             93.4                 \n  ▅▅▅▅▆▇▇▇▇▇▇██▇▇▇▇▇▅▄▃▃▃▃▁▁▄▆▅▅  \n                         97.6     "
        },
        "korona": {
            "current": 0.009901940685315691,
            "diff_percent": -5.634505268941474
        },
        "crypto": {
            "current": 0.010375144296714787,
            "diff_percent": -1.1248748523080863
        },
        "forex": {
            "current": 0.010905599717358619,
            "diff_percent": 3.9303653064276265
        }
    },
    "rub2usd": {
        "bank": {
            "current": 0.012093360744951022,
            "sparkline_full": "         80.1                     \n  ▇▇▇▇█████████▇▇▇██▇▆▅▅▅▅▁▁▂▃▃▃  \n                          84.1    "
        },
        "korona": {
            "current": 0.011340324450361549,
            "diff_percent": -6.226857119960352
        },
        "crypto": {
            "current": 0.01193331615080016,
            "diff_percent": -1.3234087490334778
        },
        "forex": {
            "current": 0.012448819789639843,
            "diff_percent": 2.939290840531861
        }
    },
    "xdr": {
        "rub2xdr": {
            "current_rate": 0.008772315553702816,
            "sparkline": "████▃▄▄▃▃▃▄▄▄▄▄▄▄▄▃▃▂▂▂▂▁▁▁▁▂▂"
        },
        "usd2xdr": {
            "current_rate": 0.694035,
            "sparkline": "▇▇▇▇▂▂▂▂▂▂▂▃▃▃▃▃▃▂▂▂▂▂▂▂▂▂▂▂▂▂"
        },
        "eur2xdr": {
            "current_rate": 0.8043863502288444,
            "sparkline": "████▂▂▂▂▂▂▂▃▂▃▃▃▃▃▃▃▂▃▃▂▁▁▁▁▂▂"
        },
        "cny2xdr": {
            "current_rate": 0.09623602983998446,
            "sparkline": "▇▇▇▇▂▂▂▂▂▂▂▃▃▃▃▃▃▂▂▂▂▂▂▂▂▂▂▂▂▂"
        },
        "rsd2xdr": {
            "current_rate": 0.006867178632222583,
            "sparkline": "████▃▃▂▂▂▂▂▃▂▃▃▃▃▃▃▃▂▃▃▂▁▁▁▁▂▂"
        }
    },
    "neer": {
        "rub": {
            "current_rate": 96.55837867602675,
            "sparkline": "▄▄▄▅▆▆▇▇▆▇▆▇█▇▆▆▆▆▆▅▅▃▃▅▅▁▃▃▄▄"
        },
        "usd": {
            "current_rate": 104.43173162061906,
            "sparkline": "▃▃▃▃▄▄▄▄▄▄▄▅▅▄▄▄▄▄▃▃▄▄▄▄▅▅▆▆▅▅"
        },
        "eur": {
            "current_rate": 110.35977344600975,
            "sparkline": "▅▅▅▅▅▅▅▅▅▅▅▄▄▅▅▅▅▅▅▅▅▆▆▅▄▄▃▃▅▅"
        },
        "cny": {
            "current_rate": 103.66340657269119,
            "sparkline": "▃▃▄▄▄▄▄▄▄▄▄▅▅▅▅▅▄▄▄▄▄▄▄▅▅▅▆▆▄▄"
        },
        "rsd": {
            "current_rate": 110.39962388929726,
            "sparkline": "▅▅▅▅▅▅▄▄▄▄▅▅▅▄▄▄▄▅▅▅▅▅▅▄▅▄▄▄▄▄"
        }
    },
    "update_time": "2025-08-03 23:50:42",
    "update_time_display": "03.08 23:50"
}