{
    "rub2rsd": {
        "bank": {
            "current": 1.2160537530781208,
            "sparkline_full": "                            1.23  \n  ▃▂▃▃▃▅▄▅ ▅▄▄▄▅▃▃▃▃▃▃▄▄▅▄▄▄▅▇▆▅  \n  1.19                            "
        },
        "korona": {
            "current": 1.1859807971837995,
            "diff_percent": -2.472995607159598
        },
        "crypto": {
            "current": 1.2532045296793533,
            "diff_percent": 3.0550275024599047
        },
        "forex": {
            "current": 1.2830823829379265,
            "diff_percent": 5.511979194187786
        }
    },
    "rub2eur": {
        "bank": {
            "current": 0.01040907671489539,
            "sparkline_full": "                             94.4 \n  ▂▃▃▃▃▄▅▄▄▅▅▅▄▅▄▃▃▄▄▄▅▅▆▅▄▄▅▇▇▅  \n 98.5                             "
        },
        "korona": {
            "current": 0.010153945181368145,
            "diff_percent": -2.4510486425962297
        },
        "crypto": {
            "current": 0.010756321512724612,
            "diff_percent": 3.3359807727453434
        },
        "forex": {
            "current": 0.010971670888174778,
            "diff_percent": 5.404842222695087
        }
    },
    "rub2usd": {
        "bank": {
            "current": 0.011904761904761904,
            "sparkline_full": "                            83.2  \n  ▁▁▄▄▄▆▇▆▆▇▇▇▇█▆▅▅▆▆▆▇▇▇▆▆▆▇██▇  \n 89.1                             "
        },
        "korona": {
            "current": 0.011230878761210221,
            "diff_percent": -5.660618405834136
        },
        "crypto": {
            "current": 0.012165627606877356,
            "diff_percent": 2.1912718977697936
        },
        "forex": {
            "current": 0.012366870637586383,
            "diff_percent": 3.8817133557256254
        }
    },
    "xdr": {
        "rub2xdr": {
            "current_rate": 0.008932591430135946,
            "sparkline": "      ▃▂▂▄▄▄▆▃▂▁▂▃▃▂▃▃▄▃▃▂▅█▇█"
        },
        "usd2xdr": {
            "current_rate": 0.720178,
            "sparkline": "      ▅▅▅▅▅▅▅▃▄▅▆▆▆▅▅▅▅▆▆▆▆▆▆▆"
        },
        "eur2xdr": {
            "current_rate": 0.814150508266107,
            "sparkline": "      ▃▄▄▄▄▄▆▄▃▃▄▅▅▄▄▃▃▄▃▃▄▄▄▄"
        },
        "cny2xdr": {
            "current_rate": 0.0996737874289827,
            "sparkline": "      ▄▄▄▄▄▄▄▂▃▄▅▅▅▅▄▄▄▅▅▅▅▅▆▇"
        },
        "rsd2xdr": {
            "current_rate": 0.0069618222094848066,
            "sparkline": "      ▄▄▄▄▅▅▅▄▅▄▅▅▅▄▅▅▄▅▅▅▅▅▅▅"
        }
    },
    "neer": {
        "rub": {
            "current_rate": 96.81374156109165,
            "sparkline": "▃▂▂▂▂▂▅▅▅▆▅▆▆▇▆▅▄▅▅▄▅▅▆▆▅▅▄▇▆▇"
        },
        "usd": {
            "current_rate": 105.42299159609043,
            "sparkline": "▇▆▄▄▄▄▄▄▄▄▃▃▄▃▃▃▃▃▃▃▃▃▃▃▃▃▃▃▂▃"
        },
        "eur": {
            "current_rate": 108.42480531094519,
            "sparkline": "▄▄▅▅▅▅▅▅▅▅▅▅▅▅▅▅▅▅▅▅▅▅▄▄▄▄▄▄▄▄"
        },
        "cny": {
            "current_rate": 103.71459282191094,
            "sparkline": "▆▆▅▄▄▄▄▄▄▄▄▄▄▃▄▄▄▄▄▄▄▄▄▅▄▄▃▄▄▄"
        },
        "rsd": {
            "current_rate": 109.59813249404182,
            "sparkline": "▄▃▅▅▅▅▄▅▅▅▄▄▆▅▄▅▅▄▄▅▅▄▄▄▅▅▄▄▄▄"
        }
    },
    "update_time": "2025-05-08 09:50:49",
    "update_time_display": "08.05 09:50"
}