{
    "rub2rsd": {
        "bank": {
            "current": 1.2586858678490944,
            "sparkline_full": "                              1.26\n  ▃▃ ▃▃▃▃▄▁▁▁▂▂▂▃▃▃▃▂▂▃▅▅▃▃▃▃▄██  \n         1.19                     "
        },
        "korona": {
            "current": 1.206255945499615,
            "diff_percent": -4.165449353862565
        },
        "crypto": {
            "current": 1.3157547204161761,
            "diff_percent": 4.534002806006223
        },
        "forex": {
            "current": 1.3223694247656599,
            "diff_percent": 5.059527443919834
        }
    },
    "rub2eur": {
        "bank": {
            "current": 0.010867202782003912,
            "sparkline_full": "                              92.0\n  ▃▂▂▃▃▃▂▂▁▁▁▂▂▂▃▃▃▂▂▂▃▅▅▃▃▃▃▅██  \n          97.7                    "
        },
        "korona": {
            "current": 0.01032458726533194,
            "diff_percent": -4.993147984415489
        },
        "crypto": {
            "current": 0.011298212030096521,
            "diff_percent": 3.9661471009481835
        },
        "forex": {
            "current": 0.011195723268001664,
            "diff_percent": 3.023045512151307
        }
    },
    "rub2usd": {
        "bank": {
            "current": 0.012121212121212121,
            "sparkline_full": "                              82.5\n  ▄▃▃▄▄▄▄▅▃▂▂▃▃▃▄▄▅▃▃▃▄▆▆▄▃▃▃▄▆▇  \n           85.5                   "
        },
        "korona": {
            "current": 0.011459775275504607,
            "diff_percent": -5.456853977086991
        },
        "crypto": {
            "current": 0.012576838952526957,
            "diff_percent": 3.7589213583473913
        },
        "forex": {
            "current": 0.012414649286157667,
            "diff_percent": 2.4208566108007514
        }
    },
    "xdr": {
        "rub2xdr": {
            "current_rate": 0.009019332644677108,
            "sparkline": "▃▂▂▃▃▃▅▃▂▁▂▃▃▂▃▃▃▃▂▂▄▆▆▅▂▃▃▅▇█"
        },
        "usd2xdr": {
            "current_rate": 0.720178,
            "sparkline": "▅▅▅▅▅▅▅▃▄▅▅▅▅▅▅▅▅▆▆▆▆▆▆▆▆▆▆▆▆▆"
        },
        "eur2xdr": {
            "current_rate": 0.8056051787609946,
            "sparkline": "▄▅▅▅▅▅▇▅▄▅▅▆▆▅▅▅▄▅▅▅▅▅▅▄▄▄▄▂▂▃"
        },
        "cny2xdr": {
            "current_rate": 0.09997889856038206,
            "sparkline": "▄▄▄▄▄▄▄▂▃▄▅▄▄▄▄▄▄▅▅▅▅▅▅▆▆▆▆▆▇▇"
        },
        "rsd2xdr": {
            "current_rate": 0.006820584683644999,
            "sparkline": "▆▆▆▆▆▆▆▆▆▆▆▆▆▆▆▆▆▆▆▆▆▆▆▆▆▆▆▅▃▃"
        }
    },
    "neer": {
        "rub": {
            "current_rate": 97.29496669446077,
            "sparkline": "▃▄▃▄▄▅▄▆▅▄▃▄▃▃▃▅▅▅▃▃▅▄▅▆▄▄▄▂▇▇"
        },
        "usd": {
            "current_rate": 106.23205762919712,
            "sparkline": "▅▅▅▅▅▅▅▄▄▅▅▄▄▅▄▄▄▄▄▄▄▄▄▄▅▄▄▄▅▅"
        },
        "eur": {
            "current_rate": 107.11278596401824,
            "sparkline": "▅▆▅▅▆▆▅▆▆▅▅▆▆▅▅▅▅▅▄▅▄▄▄▄▄▄▄▄▃▃"
        },
        "cny": {
            "current_rate": 105.53480592681817,
            "sparkline": "▄▄▄▄▄▄▄▃▄▄▄▄▄▄▄▄▄▃▄▄▃▄▄▄▅▄▄▅▆▆"
        },
        "rsd": {
            "current_rate": 108.99111783273646,
            "sparkline": "▅▅▅▅▄▄▅▆▄▄▄▄▄▅▅▅▅▅▄▄▄▄▄▄▄▅▅▄▃▃"
        }
    },
    "update_time": "2025-05-14 02:21:29",
    "update_time_display": "14.05 02:21"
}