{
    "rub2rsd": {
        "bank": {
            "current": 1.2392966456809003,
            "sparkline_full": "          1.26                    \n  ▇▃▂▂▂▄▅▆▇█▇▇▇         ▁▁▁▁▁▂▄▅  \n                       1.21       "
        },
        "korona": {
            "current": 1.1935049694684563,
            "diff_percent": -3.694972981007697
        },
        "crypto": {
            "current": 1.2041795832293514,
            "diff_percent": -2.8336284596537986
        },
        "forex": {
            "current": 1.3538070495712722,
            "diff_percent": 9.239951087534582
        }
    },
    "rub2eur": {
        "bank": {
            "current": 0.010653030787258974,
            "sparkline_full": "            92.8                  \n  ▆▂▂▄▄▅▆▇████▇         ▂▁▂▂▂▂▄▅  \n                        95.5      "
        },
        "korona": {
            "current": 0.01022274063784545,
            "diff_percent": -4.0391336325447575
        },
        "crypto": {
            "current": 0.01030704167036347,
            "diff_percent": -3.2477998402980908
        },
        "forex": {
            "current": 0.011556678644373073,
            "diff_percent": 8.482542434730048
        }
    },
    "rub2usd": {
        "bank": {
            "current": 0.012515644555694618,
            "sparkline_full": "                              79.9\n  ▃▁▂▂▂▄▅▅▆▆▆▆▅         ▅▅▅▅▅▅▆█  \n  82.2                            "
        },
        "korona": {
            "current": 0.011547068203061691,
            "diff_percent": -7.738925057537085
        },
        "crypto": {
            "current": 0.012084117820426137,
            "diff_percent": -3.4478986147951654
        },
        "forex": {
            "current": 0.01283649260810573,
            "diff_percent": 2.5635759387647865
        }
    },
    "xdr": {
        "rub2xdr": {
            "current_rate": 0.009391259893100181,
            "sparkline": "▃▂▁▁▁▂▂▂▃▃▃▃▃         ▂█████▁▆"
        },
        "usd2xdr": {
            "current_rate": 0.695413,
            "sparkline": "▃▃▂▂▂▂▂▂▃▃▃▃▃         ▃█████▁▁"
        },
        "eur2xdr": {
            "current_rate": 0.8126262036084884,
            "sparkline": "▁▂▁▁▁▁▁▁▁▁▁▁▁         ▃█████▁▁"
        },
        "cny2xdr": {
            "current_rate": 0.09692302331739815,
            "sparkline": "▃▃▂▂▂▂▂▂▂▂▂▂▂         ▃█████▁▁"
        },
        "rsd2xdr": {
            "current_rate": 0.0069369264224722685,
            "sparkline": "▁▂▁▁▁▁▁▁▁▁▁▁▁         ▃█████▁▁"
        }
    },
    "neer": {
        "rub": {
            "current_rate": 97.84086669959004,
            "sparkline": "▇▃▅▂▂▄▆▆▆▆▇▆▇▆▆▅▅▅▅▅▃▄▃▂▃▂▃▃▄▅"
        },
        "usd": {
            "current_rate": 103.30912962848674,
            "sparkline": "▆▄▅▅▅▄▄▅▆▅▆▆▇▅▅▄▃▃▃▃▂▃▃▂▂▂▃▃▃▃"
        },
        "eur": {
            "current_rate": 110.5669712307087,
            "sparkline": "▂▄▃▄▄▄▄▄▃▄▄▄▄▅▄▆▆▆▆▆▇▆▇▆▇▇▆▆▆▇"
        },
        "cny": {
            "current_rate": 103.09437006102914,
            "sparkline": "▅▄▅▄▄▄▄▅▅▅▅▅▆▄▅▄▃▃▃▃▃▃▃▃▃▃▄▄▄▄"
        },
        "rsd": {
            "current_rate": 110.49952108598575,
            "sparkline": "▃▂▄▄▄▃▄▄▃▄▄▄▄▄▄▄▄▄▅▅▃▇▄▄▅▅▅▅▅▅"
        }
    },
    "update_time": "2025-07-10 21:50:41",
    "update_time_display": "10.07 21:50"
}