{
    "rub2rsd": {
        "bank": {
            "current": 1.225025639327369,
            "sparkline_full": "                            1.23\n               ▄▄▃▄▄▄▅▅▅ ▅▅▅▅▆  \n                1.19            "
        },
        "korona": {
            "current": 1.1701601155733485,
            "diff_percent": -4.478724525647139
        },
        "crypto": {
            "current": 1.270651077528283,
            "diff_percent": 3.7244476144977514
        },
        "forex": {
            "current": 1.2587301478503778,
            "diff_percent": 2.7513308653290776
        }
    },
    "rub2eur": {
        "bank": {
            "current": 0.010414496979795877,
            "sparkline_full": "                          95.8  \n               ▅▃▄▃▃▃▅▆▅▅▆▆▆▅▆  \n               98.5             "
        },
        "korona": {
            "current": 0.010018494140182778,
            "diff_percent": -3.8024192659649763
        },
        "crypto": {
            "current": 0.010758378266337045,
            "diff_percent": 3.3019481133682973
        },
        "forex": {
            "current": 0.010700661899815047,
            "diff_percent": 2.747755562024074
        }
    },
    "rub2usd": {
        "bank": {
            "current": 0.01203224642040669,
            "sparkline_full": "                            83.1\n               ▁▁▁▄▄▄▆▇▆▆▇▇▇▇█  \n               89.1             "
        },
        "korona": {
            "current": 0.01063177844927517,
            "diff_percent": -11.639289308074058
        },
        "crypto": {
            "current": 0.0124040193013408,
            "diff_percent": 3.089804413443386
        },
        "forex": {
            "current": 0.01238241350574606,
            "diff_percent": 2.910238646255499
        }
    },
    "xdr": {
        "rub2xdr": {
            "current_rate": 0.008752239284951547,
            "sparkline": "                    ▃▁▁▄▄▄█▅"
        },
        "usd2xdr": {
            "current_rate": 0.709959,
            "sparkline": "                    ▇▇▇▇▇▇▇▂"
        },
        "eur2xdr": {
            "current_rate": 0.8179156922155275,
            "sparkline": "                    ▁▄▄▄▄▄█▄"
        },
        "cny2xdr": {
            "current_rate": 0.09735601448082937,
            "sparkline": "                    ▆▆▇▇▇▇▇▂"
        },
        "rsd2xdr": {
            "current_rate": 0.006953229252432193,
            "sparkline": "                    ▄▄▄▄▅▅▅▄"
        }
    },
    "neer": {
        "rub": {
            "current_rate": 95.69375211312826,
            "sparkline": "███▆▅█▅▆▄▅▆▆▆▂▃▁▁▅▅▁▆▅▅█▇███"
        },
        "usd": {
            "current_rate": 105.59373581027216,
            "sparkline": "▇▇▇▇▇▇█▇▅▆▇▇▇▇█▆▄▃▃▃▃▃▃▂▂▂▂▁"
        },
        "eur": {
            "current_rate": 110.04765034010006,
            "sparkline": "▁▁▁▂▂▁▁▁▄▄▃▃▄▄▅▅████▇▇▇▇▇▇██"
        },
        "cny": {
            "current_rate": 103.12833687673792,
            "sparkline": "████████▅▅▆▆▆▆▅▅▃▃▂▂▂▂▂▂▂▂▁▁"
        },
        "rsd": {
            "current_rate": 109.08175355428074,
            "sparkline": "▄▃▄▃▃▄▅▄▂▆▅▅▆▆▆▄▇▇▇▇▅▇▇▆▆▆▆▅"
        }
    },
    "update_time": "2025-04-22 05:50:50",
    "update_time_display": "22.04 05:50"
}