{
    "rub2rsd": {
        "bank": {
            "current": 1.2324275240018427,
            "sparkline_full": "                      1.24        \n  в–…в–Үв–…в–…в–…в–ғв–Ғв–Ӯв–Ӯв–Ӯв–Ӯв–Ӯв–ғв–„в–…в–Ҷв–Ҷв–Ҷв–Ҷв–Ҷв–Ҷв–Ҳв–…в–…в–„в–„в–„в–…в–Үв–…  \n       1.22                       "
        },
        "korona": {
            "current": 1.1993063109573114,
            "diff_percent": -2.6874775513762206
        },
        "crypto": {
            "current": 1.2445185585706768,
            "diff_percent": 0.9810746947271208
        },
        "forex": {
            "current": 1.3004189603531524,
            "diff_percent": 5.516870974329847
        }
    },
    "rub2eur": {
        "bank": {
            "current": 0.010640561821664183,
            "sparkline_full": "                      93.5        \n  в–Ҷв–Үв–Ҷв–…в–…в–Ӯв–Ӯв–Ғв–Ӯв–Ӯв–Ӯв–Ӯв–„в–…в–Ҷв–Ҷв–Ҷв–Ҷв–Ҷв–…в–Үв–Ҳв–Ҷв–„в–„в–„в–…в–Үв–Үв–Ҷ  \n        95.4                      "
        },
        "korona": {
            "current": 0.010272430928970547,
            "diff_percent": -3.459694129534787
        },
        "crypto": {
            "current": 0.010763128888146897,
            "diff_percent": 1.1518852908045458
        },
        "forex": {
            "current": 0.01107561014632016,
            "diff_percent": 4.08858415511688
        }
    },
    "rub2usd": {
        "bank": {
            "current": 0.012348728081007655,
            "sparkline_full": "                      79.3        \n  в–Ҷв–Үв–Ҷв–Ҷв–Ҷв–„в–„в–…в–…в–„в–…в–…в–Ҷв–Үв–Үв–Ҷв–Ҷв–Ҷв–Ҷв–Ҷв–Үв–Ҳв–Ҷв–…в–„в–„в–„в–ғв–Ӯв–Ғ  \n                              81.0"
        },
        "korona": {
            "current": 0.01163904224139728,
            "diff_percent": -5.747035929164824
        },
        "crypto": {
            "current": 0.012467111217132076,
            "diff_percent": 0.9586666363355568
        },
        "forex": {
            "current": 0.012853321748205998,
            "diff_percent": 4.08619951697218
        }
    },
    "xdr": {
        "rub2xdr": {
            "current_rate": 0.009009669474533286,
            "sparkline": "в–Ҷв–Үв–Ҷв–Ҷв–Ҷв–…в–ғв–Ӯв–ғв–„в–Ҷв–„в–„в–Ҷв–Ҷв–Ҷв–Үв–Үв–Үв–Ҷв–Үв–Үв–…в–…в–…в–„в–„в–Ҷв–Үв–Ҷ"
        },
        "usd2xdr": {
            "current_rate": 0.70161,
            "sparkline": "в–ғв–ғв–„в–ғв–ғв–ғв–Ӯв–Ғв–Ғв–Ӯв–Ғв–Ғв–Ӯв–Ӯв–Ӯв–Ӯв–„в–„в–ғв–ғв–„в–„в–ғв–ғв–ғв–ғв–ғв–Ҷв–Ҳв–Ҳ"
        },
        "eur2xdr": {
            "current_rate": 0.8134693579411264,
            "sparkline": "в–…в–„в–…в–…в–…в–Ҷв–Ҷв–…в–„в–…в–…в–…в–…в–„в–„в–ғв–…в–…в–„в–„в–…в–…в–…в–…в–…в–„в–ғв–ғв–…в–„"
        },
        "cny2xdr": {
            "current_rate": 0.10181984413775087,
            "sparkline": "в–Ғв–Ӯв–Ӯв–Ғв–Ғв–Ӯв–Ӯв–Ғв–Ғв–Ӯв–Ғв–Ғв–Ӯв–Ӯв–Ӯв–Ӯв–„в–„в–ғв–ғв–„в–…в–Ҷв–Ҷв–…в–…в–…в–Ҷв–Ҳв–Ҳ"
        },
        "rsd2xdr": {
            "current_rate": 0.00692828215307361,
            "sparkline": "в–„в–„в–…в–…в–…в–Ҷв–Ҷв–…в–…в–…в–„в–…в–„в–„в–„в–ғв–…в–…в–…в–„в–…в–…в–„в–…в–…в–…в–ғв–ғв–…в–„"
        }
    },
    "neer": {
        "rub": {
            "current_rate": 98.44332159720031,
            "sparkline": "в–…в–…в–Үв–Ҷв–…в–…в–Ғв–Ӯв–Ғв–Ӯв–Ҷв–„в–Ӯв–…в–…в–Ҳв–Ҷв–Ҷв–Ҷв–Ҷв–Ҷв–Ҷв–„в–„в–ғв–Ӯв–ғв–„в–Ҷв–„"
        },
        "usd": {
            "current_rate": 102.55180306111451,
            "sparkline": "в–„в–…в–…в–„в–„в–ғв–ғв–Ӯв–Ӯв–Ӯв–Ӯв–Ӯв–Ӯв–ғв–Ӯв–„в–„в–ғв–ғв–ғв–„в–ғв–Ӯв–ғв–ғв–ғв–ғв–„в–Үв–Ҷ"
        },
        "eur": {
            "current_rate": 109.41121495937054,
            "sparkline": "в–Ҷв–Ҷв–Ҷв–…в–…в–Үв–Ҷв–Ҷв–Ҷв–Ҷв–…в–…в–…в–…в–…в–„в–…в–„в–„в–…в–„в–„в–„в–„в–„в–„в–„в–ғв–ғв–Ӯ"
        },
        "cny": {
            "current_rate": 109.30298289095064,
            "sparkline": "в–ғв–ғв–„в–ғв–ғв–ғв–ғв–Ӯв–ғв–ғв–Ӯв–Ӯв–Ӯв–ғв–ғв–„в–„в–ғв–ғв–ғв–…в–…в–…в–…в–Ҷв–…в–Ҷв–Үв–Үв–Ү"
        },
        "rsd": {
            "current_rate": 109.86659316078315,
            "sparkline": "в–…в–„в–…в–…в–…в–„в–Ҷв–Ҷв–…в–…в–„в–…в–…в–Ҷв–…в–…в–„в–„в–„в–ғв–ғв–„в–„в–„в–„в–„в–…в–„в–„в–„"
        }
    },
    "specific_rates": {
        "rub_kzt_bank": 6.15,
        "rub_kzt_crypto": 6.221088497348906,
        "kzt_rsd_bank": 0.20004836116718544,
        "rsd_eur_cash": 0.008447135013374631,
        "eur_rsd_cash": 116.75,
        "rsd_usd_cash": 0.009704811969268095,
        "usd_rsd_cash": 98.96666666666665,
        "eur_usd_exch": 1.1594323882799937,
        "usd_kzt_bank": 492.0
    },
    "update_time": "2026-03-05 08:35:45",
    "update_time_display": "05.03 08:35"
}