{
    "rub2rsd": {
        "bank": {
            "current": 1.2420561136338313,
            "sparkline_full": "                              1.24\n  ▅▃ ▆▇▇  ▅▆▅▅▅▃▁▂▂▂▂▂▃▄▅▆▆▆▆▆▆█  \n               1.22               "
        },
        "korona": {
            "current": 1.2032737333228498,
            "diff_percent": -3.122433832519651
        },
        "crypto": {
            "current": 1.2446768102974155,
            "diff_percent": 0.21099663975059543
        },
        "forex": {
            "current": 1.302968911092079,
            "diff_percent": 4.904190462058733
        }
    },
    "rub2eur": {
        "bank": {
            "current": 0.0106928999144568,
            "sparkline_full": "                              93.5\n  ▅▄▅▇▆▆▆▆▆▇▆▅▅▂▂▁▂▂▂▂▄▅▆▆▆▆▆▅▇█  \n                95.4              "
        },
        "korona": {
            "current": 0.010300741266063285,
            "diff_percent": -3.6674676797761623
        },
        "crypto": {
            "current": 0.01065281901366077,
            "diff_percent": -0.3748365842444833
        },
        "forex": {
            "current": 0.011094971365211384,
            "diff_percent": 3.760172207456863
        }
    },
    "rub2usd": {
        "bank": {
            "current": 0.012610340479192938,
            "sparkline_full": "    78.6                          \n  ▅▆▇█▇▇▅▄▄▅▃▃▃▁▂▂▂▂▂▂▃▄▅▄▃▃▃▃▄▅  \n              80.4                "
        },
        "korona": {
            "current": 0.01185491362879655,
            "diff_percent": -5.990534923643363
        },
        "crypto": {
            "current": 0.012537711443513273,
            "diff_percent": -0.5759482529397452
        },
        "forex": {
            "current": 0.01304900423048717,
            "diff_percent": 3.478603547763262
        }
    },
    "xdr": {
        "rub2xdr": {
            "current_rate": 0.00905217127789946,
            "sparkline": "▅▅▆█▇▇▅▆▆▇▆▅▅▄▃▁▂▃▆▄▄▅▆▅▇▇▇▆▇█"
        },
        "usd2xdr": {
            "current_rate": 0.692889,
            "sparkline": "▄▄▂▃▅▅▄▆▆▆▇▆▆▆▅▄▄▄▄▄▅▅▅▅▇▇▇▆▇▇"
        },
        "eur2xdr": {
            "current_rate": 0.8158805444314001,
            "sparkline": "▅▆▄▄▄▄▃▄▄▄▅▄▄▅▆▄▄▄▄▄▄▄▄▃▄▄▄▄▄▄"
        },
        "cny2xdr": {
            "current_rate": 0.10065062971194491,
            "sparkline": "▂▂▁▂▃▃▃▅▅▅▆▅▅▅▅▄▅▅▅▅▅▅▆▆▇▇▇▆██"
        },
        "rsd2xdr": {
            "current_rate": 0.006947342489017955,
            "sparkline": "▅▆▄▄▅▄▃▄▄▄▅▄▄▅▆▄▄▄▄▄▄▄▄▃▄▄▄▄▄▄"
        }
    },
    "neer": {
        "rub": {
            "current_rate": 98.90828499241073,
            "sparkline": "▇▄▅▇▇██▅▅▅▇▆▅▅▁▂▁▂▆▄▂▅▆▅▆▆▆▆▅▅"
        },
        "usd": {
            "current_rate": 101.70580979873188,
            "sparkline": "▄▃▃▄▅▅▅▅▅▆▆▅▅▄▄▃▃▄▃▃▄▄▄▅▅▄▄▄▅▅"
        },
        "eur": {
            "current_rate": 109.99917889967092,
            "sparkline": "▆▆▆▆▅▄▅▄▄▄▄▄▄▅▅▅▄▄▃▄▄▄▄▃▃▃▃▄▃▃"
        },
        "cny": {
            "current_rate": 108.18902692023836,
            "sparkline": "▃▂▂▃▄▄▅▅▅▆▆▆▆▆▆▅▅▅▅▅▅▆▅▆▇▆▆▆▇▇"
        },
        "rsd": {
            "current_rate": 110.07023185162812,
            "sparkline": "▃▆▅▅▅▅▅▄▅▄▄▄▄▃▅▅▄▄▄▄▄▅▄▄▄▄▄▄▄▄"
        }
    },
    "specific_rates": {
        "rub_kzt_bank": 6.33,
        "rub_kzt_crypto": 6.306468856087176,
        "kzt_rsd_bank": 0.19736509268511165,
        "rsd_eur_cash": 0.008446965126101122,
        "eur_rsd_cash": 116.81428571428572,
        "rsd_usd_cash": 0.009852216748768473,
        "usd_rsd_cash": 97.425,
        "eur_usd_exch": 1.1775054076935847,
        "usd_kzt_bank": 496.0
    },
    "update_time": "2026-02-25 03:21:26",
    "update_time_display": "25.02 03:21"
}