{
    "rub2rsd": {
        "bank": {
            "current": 1.3528854282057412,
            "sparkline_full": "                          1.36    \n  鈻佲杹鈻佲杹鈻佲杺鈻佲杹鈻佲杹鈻佲杹鈻佲杺鈻傗杺鈻傗杺鈻冣杽鈻呪枀鈻呪枂鈻団枅鈻堚枅鈻堚枅  \n          1.26                    "
        },
        "korona": {
            "current": 1.3161183402708652,
            "diff_percent": -2.7176793517273845
        },
        "crypto": {
            "current": 1.3699871073641703,
            "diff_percent": 1.2640892422878791
        },
        "forex": {
            "current": 1.407775901330705,
            "diff_percent": 4.0572891081961036
        }
    },
    "rub2eur": {
        "bank": {
            "current": 0.011659088259298123,
            "sparkline_full": "                          85.7    \n  鈻佲杹鈻佲杹鈻佲杺鈻傗杺鈻傗杹鈻佲杹鈻佲杺鈻傗杺鈻傗杺鈻冣杽鈻呪枀鈻呪枂鈻団枅鈻堚枅鈻堚枅  \n  91.9                            "
        },
        "korona": {
            "current": 0.011261708559077568,
            "diff_percent": -3.4083256887916997
        },
        "crypto": {
            "current": 0.011716800455075888,
            "diff_percent": 0.4949975031858923
        },
        "forex": {
            "current": 0.012003980469844765,
            "diff_percent": 2.958140489858549
        }
    },
    "rub2usd": {
        "bank": {
            "current": 0.013520822065981613,
            "sparkline_full": "                          73.8    \n  鈻佲杹鈻傗杺鈻傗杺鈻傗杺鈻傗杹鈻佲杺鈻傗杻鈻冣杻鈻冣杻鈻勨杽鈻呪枀鈻呪枂鈻団枅鈻堚枅鈻堚枅  \n           78.5                   "
        },
        "korona": {
            "current": 0.012833918481432133,
            "diff_percent": -5.080338911327948
        },
        "crypto": {
            "current": 0.013560997798477128,
            "diff_percent": 0.2971397175368331
        },
        "forex": {
            "current": 0.0140431687005856,
            "diff_percent": 3.86327570953109
        }
    },
    "xdr": {
        "rub2xdr": {
            "current_rate": 0.009788200447635703,
            "sparkline": "鈻佲杹鈻佲杹鈻佲杹鈻佲杹鈻佲杹鈻佲杹鈻佲杹鈻佲杹鈻佲杺鈻傗杺鈻傗杻鈻冣杽鈻勨枀鈻嗏枅鈻嗏枀"
        },
        "usd2xdr": {
            "current_rate": 0.7027,
            "sparkline": "鈻冣杻鈻冣杻鈻冣杻鈻冣杻鈻冣杻鈻冣杻鈻冣杻鈻冣杺鈻傗杺鈻冣杻鈻冣杻鈻冣杻鈻冣杻鈻勨枃鈻呪杻"
        },
        "eur2xdr": {
            "current_rate": 0.81541289343353,
            "sparkline": "鈻冣杻鈻冣杻鈻冣杻鈻冣杻鈻冣杻鈻冣杻鈻冣杻鈻冣杻鈻冣杻鈻冣杻鈻冣杻鈻冣杻鈻冣杻鈻冣枂鈻勨杻"
        },
        "cny2xdr": {
            "current_rate": 0.10341731912639075,
            "sparkline": "鈻傗杺鈻傗杺鈻傗杺鈻傗杺鈻傗杺鈻傗杻鈻傗杻鈻冣杺鈻傗杺鈻冣杻鈻冣杻鈻冣杻鈻冣杻鈻勨枃鈻呪杻"
        },
        "rsd2xdr": {
            "current_rate": 0.0069529535477794255,
            "sparkline": "鈻冣杻鈻冣杻鈻冣杻鈻冣杻鈻冣杻鈻冣杻鈻冣杻鈻勨杻鈻冣杻鈻冣杻鈻冣杻鈻冣杻鈻冣杻鈻勨枂鈻勨杻"
        }
    },
    "neer": {
        "rub": {
            "current_rate": 107.21659789758938,
            "sparkline": "鈻佲杹鈻傗杻鈻冣杺鈻傗杺鈻傗杺鈻傗杹鈻佲杺鈻傗杺鈻傗杺鈻勨杽鈻呪枀鈻呪枀鈻嗏枅鈻堚枅鈻団枃"
        },
        "usd": {
            "current_rate": 102.4484658496541,
            "sparkline": "鈻呪枀鈻勨枀鈻呪枀鈻呪枀鈻呪枀鈻呪杽鈻勨杽鈻勨杽鈻勨杽鈻勨杽鈻呪枀鈻呪枀鈻呪枀鈻呪枀鈻呪枀"
        },
        "eur": {
            "current_rate": 108.95607312390214,
            "sparkline": "鈻呪枀鈻呪枀鈻呪枀鈻呪枀鈻呪枀鈻呪枀鈻呪枀鈻呪枀鈻呪枀鈻呪枀鈻勨杽鈻勨枀鈻勨杽鈻勨杽鈻勨杽"
        },
        "cny": {
            "current_rate": 111.47069991530891,
            "sparkline": "鈻勨杽鈻勨枀鈻呪杽鈻勨杻鈻冣杽鈻呪杽鈻勨杽鈻冣杻鈻呪枀鈻呪枀鈻呪杽鈻勨枀鈻嗏枀鈻呪枀鈻呪枀"
        },
        "rsd": {
            "current_rate": 109.2836406827816,
            "sparkline": "鈻冣杻鈻嗏枃鈻団枂鈻嗏杻鈻冣枃鈻嗏枂鈻嗏枂鈻冣杻鈻嗏枃鈻団枂鈻嗏杺鈻傗枂鈻嗏杺鈻傗杺鈻冣杺"
        }
    },
    "specific_rates": {
        "rub_kzt_bank": 6.43,
        "rub_kzt_crypto": 6.461815450974352,
        "kzt_rsd_bank": 0.21201272579791725,
        "rsd_eur_cash": 0.00845725562055113,
        "eur_rsd_cash": 116.86666666666667,
        "rsd_usd_cash": 0.009751340809361287,
        "usd_rsd_cash": 99.02000000000001,
        "eur_usd_exch": 1.1603997345005408,
        "usd_kzt_bank": 469.5
    },
    "update_time": "2026-05-24 19:35:52",
    "update_time_display": "24.05 19:35"
}