{
    "rub2rsd": {
        "bank": {
            "current": 1.1892026810152685,
            "sparkline_full": "   1.22                           \n  ▆██▃▁▁▁▂▂▄▄▁▁▁▅▆▄▃▄▄▄▃▄▄▃▃▃▃▂▂  \n      1.18                        "
        },
        "korona": {
            "current": 1.1582504859193743,
            "diff_percent": -2.6027686945230486
        },
        "crypto": {
            "current": 1.229613186255321,
            "diff_percent": 3.3981175694585977
        },
        "forex": {
            "current": 1.2500738701912482,
            "diff_percent": 5.118655562062101
        }
    },
    "rub2eur": {
        "bank": {
            "current": 0.01026167265264238,
            "sparkline_full": "  95.0                            \n  ▆██▂▁▁▂▃▂▃▂▁▁▁▄▆▅▄▃▃▃▄▄▄▃▃▃▃▂▂  \n      98.2                        "
        },
        "korona": {
            "current": 0.00991774116383562,
            "diff_percent": -3.3516123584218875
        },
        "crypto": {
            "current": 0.01058095912000517,
            "diff_percent": 3.111446624450382
        },
        "forex": {
            "current": 0.010668375019838717,
            "diff_percent": 3.9633145683282938
        }
    },
    "rub2usd": {
        "bank": {
            "current": 0.011899095668729176,
            "sparkline_full": "   81.4                           \n  ▅██▃▂▂▂▃▁▄▃▁▁▁▅▆▅▂▁▁▁▁▁▁▁▂▂▁▁▁  \n              84.3                "
        },
        "korona": {
            "current": 0.01130092351494633,
            "diff_percent": -5.027038780391044
        },
        "crypto": {
            "current": 0.012244253830157498,
            "diff_percent": 2.9007091886436185
        },
        "forex": {
            "current": 0.012291626206730402,
            "diff_percent": 3.2988266413622993
        }
    },
    "xdr": {
        "rub2xdr": {
            "current_rate": 0.008705972624843588,
            "sparkline": "▆█▆▂▂▁▁▂▁▁▃▇▆▅▆▆▅▅▅▄▄▅▄▄▅▄▄▃▃▃"
        },
        "usd2xdr": {
            "current_rate": 0.704773,
            "sparkline": "▄▄▃▃▃▃▃▃▃▄▄▄▄▃▃▃▃▄▄▄▅▆▆▆▆▅▅▅▅▄"
        },
        "eur2xdr": {
            "current_rate": 0.8160542358751093,
            "sparkline": "▄▅▅▅▄▄▄▄▃▄▄▄▄▄▅▄▃▄▄▄▄▄▄▅▆▅▅▄▅▄"
        },
        "cny2xdr": {
            "current_rate": 0.09899192359013975,
            "sparkline": "▄▄▃▃▃▃▃▃▃▄▄▄▄▄▄▄▄▄▄▄▅▆▆▆▆▅▅▅▅▅"
        },
        "rsd2xdr": {
            "current_rate": 0.006964366532604721,
            "sparkline": "▄▅▅▅▅▄▄▄▃▄▄▄▄▄▅▄▃▄▃▄▄▄▄▅▆▅▅▄▅▄"
        }
    },
    "neer": {
        "rub": {
            "current_rate": 95.55447955843998,
            "sparkline": "▄▅█▇▂▁▇▁▂▁▂▆▅▁█▅█▅▅▃▅▅▄▃▃▄▃▃▃▃"
        },
        "usd": {
            "current_rate": 104.40592291812276,
            "sparkline": "▅▄▄▃▃▃▃▄▄▄▄▄▄▄▄▃▅▅▅▄▅▅▆▅▅▄▅▅▅▄"
        },
        "eur": {
            "current_rate": 110.20914893746712,
            "sparkline": "▄▅▅▅▅▅▅▄▄▄▅▅▅▅▅▅▄▄▄▅▄▄▄▄▄▅▅▄▄▅"
        },
        "cny": {
            "current_rate": 106.18670485382088,
            "sparkline": "▄▄▄▃▃▃▄▄▄▅▅▄▄▅▅▅▆▅▅▅▅▆▆▆▆▅▅▅▅▅"
        },
        "rsd": {
            "current_rate": 110.32938989530165,
            "sparkline": "▅▅▅▅▄▅▅▅▅▅▄▄▄▄▅▄▆▄▄▃▃▄▄▄▄▄▄▅▄▄"
        }
    },
    "update_time": "2025-11-12 06:35:47",
    "update_time_display": "12.11 06:35"
}