{
    "rub2rsd": {
        "bank": {
            "current": 1.254830719401795,
            "sparkline_full": "                            1.26  \n  ▂▁▁▃▄▄▂▂▂▂▃▇▇▆▆▇▇▇▆▆▆▇▆▆▆▆▆█▇▇  \n   1.20                           "
        },
        "korona": {
            "current": 1.212517891389533,
            "diff_percent": -3.371994911985693
        },
        "crypto": {
            "current": 1.2572414670412895,
            "diff_percent": 0.19211735911628106
        },
        "forex": {
            "current": 1.3383097632980157,
            "diff_percent": 6.6526139825471455
        }
    },
    "rub2eur": {
        "bank": {
            "current": 0.010806137886319428,
            "sparkline_full": "                            92.1  \n  ▂▁▁▃▄▄▂▂▂▂▄▇▆▆▆▆▆▆▇▇▆▆▆▆▅▅▆█▇▇  \n   96.4                           "
        },
        "korona": {
            "current": 0.010385592217469233,
            "diff_percent": -3.8917296195397078
        },
        "crypto": {
            "current": 0.010778473034330995,
            "diff_percent": -0.2560105403009598
        },
        "forex": {
            "current": 0.011417870908870507,
            "diff_percent": 5.660977390687684
        }
    },
    "rub2usd": {
        "bank": {
            "current": 0.012281994595922378,
            "sparkline_full": "                             81.0 \n  ▂▁▁▃▄▄▂▂▂▂▃▄▅▅▄▄▄▅▅▅▆▆▇▇▆▆▆▇█▇  \n   85.1                           "
        },
        "korona": {
            "current": 0.011395844843886588,
            "diff_percent": -7.215031281075407
        },
        "crypto": {
            "current": 0.012225388675126401,
            "diff_percent": -0.460885407120846
        },
        "forex": {
            "current": 0.012719879008510872,
            "diff_percent": 3.5652548872955188
        }
    },
    "xdr": {
        "rub2xdr": {
            "current_rate": 0.009325549044837131,
            "sparkline": "▁▁▁▂▃▃▂▁▁▁▂▄▄▄▄██▅▅▅▅▅▆▆▅▄▄▆██"
        },
        "usd2xdr": {
            "current_rate": 0.719753,
            "sparkline": "▂▂▂▂▂▂▂▂▂▂▂▂▂▂▂▇▇▄▄▃▂▂▃▃▂▂▂▂▂▂"
        },
        "eur2xdr": {
            "current_rate": 0.8167502609958694,
            "sparkline": "▄▃▃▄▄▄▃▃▃▃▂▂▂▂▂▇▇▄▄▄▃▄▄▄▄▃▃▃▄▄"
        },
        "cny2xdr": {
            "current_rate": 0.0999684713464263,
            "sparkline": "▁▁▁▁▁▂▂▂▂▂▂▃▃▃▃██▄▄▃▃▃▃▃▂▂▂▃▃▃"
        },
        "rsd2xdr": {
            "current_rate": 0.0069681543844199775,
            "sparkline": "▄▄▄▄▄▄▄▄▄▃▃▁▁▂▂██▄▄▄▄▄▄▄▄▃▃▃▄▄"
        }
    },
    "neer": {
        "rub": {
            "current_rate": 100.36613588896033,
            "sparkline": "▂▁▁▂▁▃▃▄▁▁▄▄▄▅▅▄▄▄▄▄▅▅▅▅▄▄▄▅██"
        },
        "usd": {
            "current_rate": 104.97569350371772,
            "sparkline": "▅▅▅▄▄▄▅▅▅▅▆▆▅▅▅▅▅▅▅▄▄▄▃▃▃▃▄▄▄▄"
        },
        "eur": {
            "current_rate": 108.16909659086976,
            "sparkline": "▅▅▅▅▅▅▅▅▅▅▄▄▄▄▄▄▄▄▄▅▅▄▅▅▅▅▅▄▅▅"
        },
        "cny": {
            "current_rate": 103.9158442623064,
            "sparkline": "▄▄▄▃▄▄▄▄▄▄▆▆▅▅▅▅▅▅▅▄▄▄▄▄▄▄▄▅▄▄"
        },
        "rsd": {
            "current_rate": 109.33211388955128,
            "sparkline": "▅▅▅▅▅▅▅▄▆▆▆▄▃▄▄▄▄▄▅▅▄▅▄▄▅▅▄▄▄▄"
        }
    },
    "update_time": "2025-05-31 18:20:42",
    "update_time_display": "31.05 18:20"
}