{
    "rub2rsd": {
        "bank": {
            "current": 1.2383719482688067,
            "sparkline_full": "                             1.24 \n  ▃ ▆▇▇  ▅▇▅▅▅▃▁▂▂▂▂▂▃▄▅▆▆▆▆▆▆█▇  \n              1.22                "
        },
        "korona": {
            "current": 1.1915306375320596,
            "diff_percent": -3.782491262195447
        },
        "crypto": {
            "current": 1.2196026063902372,
            "diff_percent": -1.5156465636037915
        },
        "forex": {
            "current": 1.286587421432251,
            "diff_percent": 3.8934565039887716
        }
    },
    "rub2eur": {
        "bank": {
            "current": 0.010689470871191877,
            "sparkline_full": "                             93.5 \n  ▄▅▇▆▆▆▆▆▇▆▅▅▂▂▁▂▂▂▂▄▅▆▆▆▆▆▅▇██  \n               95.4               "
        },
        "korona": {
            "current": 0.010200213357862807,
            "diff_percent": -4.577004037193451
        },
        "crypto": {
            "current": 0.010464861552982353,
            "diff_percent": -2.101220171850093
        },
        "forex": {
            "current": 0.010957288878127655,
            "diff_percent": 2.505437454884202
        }
    },
    "rub2usd": {
        "bank": {
            "current": 0.012594458438287152,
            "sparkline_full": "   78.6                           \n  ▆▇█▇▇▅▄▄▅▃▃▃▁▂▂▂▂▂▂▃▄▅▄▃▃▃▃▄▅▅  \n             80.4                 "
        },
        "korona": {
            "current": 0.011765713729333356,
            "diff_percent": -6.58023298909314
        },
        "crypto": {
            "current": 0.012305519019811266,
            "diff_percent": -2.294178982698536
        },
        "forex": {
            "current": 0.013077399899042474,
            "diff_percent": 3.834555198397254
        }
    },
    "xdr": {
        "rub2xdr": {
            "current_rate": 0.008941719045166056,
            "sparkline": "▅▆█▇▇▅▆▆▇▆▅▅▄▃▁▂▃▆▄▄▅▆▅▇▇▇▆▇▇▄"
        },
        "usd2xdr": {
            "current_rate": 0.690771,
            "sparkline": "▄▂▃▅▅▄▆▆▆▇▆▆▆▅▄▄▄▄▄▅▅▅▅▇▇▆▆▇▇▆"
        },
        "eur2xdr": {
            "current_rate": 0.8160521406910272,
            "sparkline": "▆▄▄▄▄▃▄▄▄▅▄▄▅▆▄▄▄▄▄▄▄▄▃▄▄▄▄▄▄▄"
        },
        "cny2xdr": {
            "current_rate": 0.10055622679962152,
            "sparkline": "▂▁▁▃▃▃▅▄▅▅▄▄▅▅▄▄▅▅▅▅▅▅▅▇▇▆▆███"
        },
        "rsd2xdr": {
            "current_rate": 0.006949950618366829,
            "sparkline": "▆▄▄▅▄▃▄▄▄▅▄▄▅▆▄▄▄▄▄▄▄▄▃▄▄▄▄▄▄▄"
        }
    },
    "neer": {
        "rub": {
            "current_rate": 98.63256940140415,
            "sparkline": "▄▅▇▇██▅▅▅▇▆▅▅▁▂▁▂▆▄▂▅▆▅▆▆▆▆▅▆▄"
        },
        "usd": {
            "current_rate": 101.26723958756737,
            "sparkline": "▃▃▄▅▅▅▅▅▆▆▅▅▄▄▃▃▄▃▃▄▄▄▅▅▄▄▄▅▄▃"
        },
        "eur": {
            "current_rate": 109.88976457376029,
            "sparkline": "▆▆▆▅▅▅▄▄▄▄▄▄▅▅▅▄▅▄▄▄▄▄▃▃▃▃▄▃▃▃"
        },
        "cny": {
            "current_rate": 108.68213731963024,
            "sparkline": "▂▂▃▄▄▄▅▅▆▆▅▅▅▅▄▅▅▄▄▄▅▅▆▆▅▅▅▆▇▇"
        },
        "rsd": {
            "current_rate": 109.92570680518104,
            "sparkline": "▆▅▅▅▅▅▄▅▄▄▄▄▃▅▅▄▄▄▄▄▅▄▄▄▄▄▄▄▃▃"
        }
    },
    "specific_rates": {
        "rub_kzt_bank": 6.36,
        "rub_kzt_crypto": 6.226592624024501,
        "kzt_rsd_bank": 0.19586998540494824,
        "rsd_eur_cash": 0.008449004224502113,
        "eur_rsd_cash": 116.81428571428572,
        "rsd_usd_cash": 0.009874453378473692,
        "usd_rsd_cash": 97.58571428571429,
        "eur_usd_exch": 1.1813642157690858,
        "usd_kzt_bank": 499.0
    },
    "update_time": "2026-02-26 03:50:51",
    "update_time_display": "26.02 03:50"
}