{
    "rub2rsd": {
        "bank": {
            "current": 1.1229401582538832,
            "sparkline_full": "   1.24                           \n  ▇██▇▇▇▇▇▇█▇▇▇▇▇▇▆▇▆▆▆▆▅▄▂▂▁▁▁▁  \n                             1.12 "
        },
        "korona": {
            "current": 1.1599107361298011,
            "diff_percent": 3.292301696058799
        },
        "crypto": {
            "current": 1.2132064564853633,
            "diff_percent": 8.038389006573583
        },
        "forex": {
            "current": 1.259241150109402,
            "diff_percent": 12.137867797644736
        }
    },
    "rub2eur": {
        "bank": {
            "current": 0.009732360097323601,
            "sparkline_full": "           93.5                   \n  ▇██▇▇▇▇▇█▇█▇▇▇▇▇▆▇▆▆▆▆▅▄▂▂▁▁▁▂  \n                             104  "
        },
        "korona": {
            "current": 0.009930742603851038,
            "diff_percent": 2.0383802545694123
        },
        "crypto": {
            "current": 0.010394542726930979,
            "diff_percent": 6.8039265192158025
        },
        "forex": {
            "current": 0.010723440115926021,
            "diff_percent": 10.183347191139866
        }
    },
    "rub2usd": {
        "bank": {
            "current": 0.011199462425803561,
            "sparkline_full": "   79.3                           \n  █████████▇▇▆▆▆▆▆▆▆▅▅▅▅▄▃▁▁▁▁▁▁  \n                             89.9 "
        },
        "korona": {
            "current": 0.011216801380899035,
            "diff_percent": 0.15481953004748394
        },
        "crypto": {
            "current": 0.011937233305646427,
            "diff_percent": 6.587556186116948
        },
        "forex": {
            "current": 0.012351717629853607,
            "diff_percent": 10.288486716962856
        }
    },
    "xdr": {
        "rub2xdr": {
            "current_rate": 0.008748258539236038,
            "sparkline": "██████▇▇███▇▆▆█▇▆▇▆▇▇▆▄▂▁▁▂▂▃▅"
        },
        "usd2xdr": {
            "current_rate": 0.704159,
            "sparkline": "▃▃▃▃▃▃▃▃▄▅▅▅▅▅▅▅▅▅▆▆▆▆▆▅▆▅▅▅▅▅"
        },
        "eur2xdr": {
            "current_rate": 0.8158070959191049,
            "sparkline": "▅▅▅▅▅▅▅▄▄▅▅▄▅▅▅▅▄▄▄▄▅▅▅▄▅▅▅▅▅▅"
        },
        "cny2xdr": {
            "current_rate": 0.10216011142222932,
            "sparkline": "▃▃▄▄▄▄▄▃▄▅▅▅▅▅▅▅▅▆▆▆▆▆▆▆▆▆▅▅▅▅"
        },
        "rsd2xdr": {
            "current_rate": 0.006947246393969888,
            "sparkline": "▄▅▅▅▅▅▅▄▄▅▄▄▅▅▅▅▄▄▄▄▅▅▅▄▅▅▄▄▅▅"
        }
    },
    "neer": {
        "rub": {
            "current_rate": 93.97417569994255,
            "sparkline": "████▇▇▇██▇▇▇▆▆▇▇▇▆▇▆▆▇▅▄▃▁▄▃▃▄"
        },
        "usd": {
            "current_rate": 103.27401202079345,
            "sparkline": "▄▄▄▄▄▄▄▄▅▄▅▅▅▅▅▄▅▅▅▅▅▅▅▅▅▅▅▅▅▅"
        },
        "eur": {
            "current_rate": 109.78013692274276,
            "sparkline": "▅▅▅▅▅▅▅▅▅▅▅▄▄▅▄▄▄▄▄▄▄▄▄▄▄▅▅▅▅▅"
        },
        "cny": {
            "current_rate": 110.17398034684936,
            "sparkline": "▄▄▄▄▄▄▄▄▅▄▅▅▅▅▅▅▅▅▅▅▅▅▅▅▅▅▅▅▅▅"
        },
        "rsd": {
            "current_rate": 110.15013890001445,
            "sparkline": "▅▅▅▅▅▅▅▅▅▄▄▅▅▅▅▅▅▅▄▅▄▅▄▅▅▅▅▅▅▅"
        }
    },
    "specific_rates": {
        "rub_kzt_bank": 5.46,
        "rub_kzt_crypto": 5.831338469808279,
        "kzt_rsd_bank": 0.20804939770975955,
        "rsd_eur_cash": 0.008447135013374631,
        "eur_rsd_cash": 116.8,
        "rsd_usd_cash": 0.009670400515754693,
        "usd_rsd_cash": 99.21666666666665,
        "eur_usd_exch": 1.158555235279397,
        "usd_kzt_bank": 478.5
    },
    "update_time": "2026-03-24 23:35:43",
    "update_time_display": "24.03 23:35"
}