{
    "rub2rsd": {
        "bank": {
            "current": 1.3173980174088369,
            "sparkline_full": " 1.36                             \n  █▇▇▇▇▆▇▇▇▇▆▅▃▁▂▃▃▄▅▆▆▆▅▅▅▅ ▃ ▃  \n              1.30                "
        },
        "korona": {
            "current": 1.2929093748523188,
            "diff_percent": -1.858864385167686
        },
        "crypto": {
            "current": 1.3796967427289697,
            "diff_percent": 4.72892204913644
        },
        "forex": {
            "current": 1.3994633698935457,
            "diff_percent": 6.229351448859887
        }
    },
    "rub2eur": {
        "bank": {
            "current": 0.011466574934067195,
            "sparkline_full": "   85.8                           \n  ███▇▆▆████▇▅▃▁▂▂▂▃▆▆▆▆▅▅▅▆ ▅▅▅  \n              89.4                "
        },
        "korona": {
            "current": 0.011063115015849848,
            "diff_percent": -3.5185739467734893
        },
        "crypto": {
            "current": 0.011966011937332151,
            "diff_percent": 4.355590105473682
        },
        "forex": {
            "current": 0.01191834983075511,
            "diff_percent": 3.9399288740153073
        }
    },
    "rub2usd": {
        "bank": {
            "current": 0.013149243918474688,
            "sparkline_full": "        73.7                      \n  ▇▇▇▇▇▇████▇▅▃▁▂▂▂▂▅▅▅▅▅▅▅▅ ▃▃▃  \n              76.9                "
        },
        "korona": {
            "current": 0.01241391622517829,
            "diff_percent": -5.592167107519111
        },
        "crypto": {
            "current": 0.013694571138859279,
            "diff_percent": 4.1472135110248125
        },
        "forex": {
            "current": 0.013616743147374013,
            "diff_percent": 3.555331635779363
        }
    },
    "xdr": {
        "rub2xdr": {
            "current_rate": 0.010068664397519668,
            "sparkline": "█▅▃▄▃▃▄▄▄▄▃▂▁▁▁▁▁▂▃▄▃▃▂▂▂▃ ▁▁▆"
        },
        "usd2xdr": {
            "current_rate": 0.736052,
            "sparkline": "▇▄▂▂▂▂▂▂▂▂▂▂▂▂▂▂▂▃▃▃▃▃▃▃▃▃ ▃▃▇"
        },
        "eur2xdr": {
            "current_rate": 0.8448035626154925,
            "sparkline": "▇▄▃▃▃▃▃▃▃▃▃▃▃▃▃▂▂▃▃▃▃▃▃▃▃▃ ▂▂▆"
        },
        "cny2xdr": {
            "current_rate": 0.1087290238714252,
            "sparkline": "▇▄▂▂▂▂▂▂▂▂▂▂▂▂▂▂▂▃▃▃▃▃▃▃▃▃ ▃▃▇"
        },
        "rsd2xdr": {
            "current_rate": 0.007194660906548466,
            "sparkline": "▇▄▃▃▃▃▃▃▃▃▃▃▃▃▃▂▂▃▃▃▃▃▃▃▃▃ ▂▂▆"
        }
    },
    "neer": {
        "rub": {
            "current_rate": 105.55336401060644,
            "sparkline": "█▆▆█▆▆█▇▆▆▇▆▄▃▁▂▂▁▃▇▇▆▄▄▆▅▄▃▄▄"
        },
        "usd": {
            "current_rate": 103.23696172924302,
            "sparkline": "▄▄▄▃▃▃▄▃▄▄▃▃▄▄▄▅▅▄▄▅▅▄▄▄▄▄▄▅▆▅"
        },
        "eur": {
            "current_rate": 108.6011755257508,
            "sparkline": "▅▅▅▅▅▅▅▅▅▅▅▅▅▅▅▄▄▅▅▅▅▅▄▅▅▅▅▄▄▄"
        },
        "cny": {
            "current_rate": 112.798303869417,
            "sparkline": "▄▃▃▄▄▄▅▅▃▃▅▅▅▅▆▅▅▆▆▆▆▆▄▄▆▆▄▅▅▅"
        },
        "rsd": {
            "current_rate": 109.15358766480966,
            "sparkline": "▇▂▂▇▇▇▇▇▂▂▇▇▇▇▇▂▂▇▇▇▇▇▂▂▇▇▂▂▂▂"
        }
    },
    "specific_rates": {
        "rub_kzt_bank": 6.45,
        "rub_kzt_crypto": 6.730881714749335,
        "kzt_rsd_bank": 0.20498009045466503,
        "rsd_eur_cash": 0.00845725562055113,
        "eur_rsd_cash": 116.86666666666667,
        "rsd_usd_cash": 0.009601536245799328,
        "usd_rsd_cash": 100.50714285714285,
        "eur_usd_exch": 1.1477498364456484,
        "usd_kzt_bank": 484.5
    },
    "conversion_rates": {
        "rub_usd": {
            "rub_to_usd": [
                0.013149243918474688,
                0.013054830287206267
            ],
            "usd_to_rub": [
                71.32,
                72.2
            ]
        },
        "rub_eur": {
            "rub_to_eur": [
                0.011466574934067195,
                0.011376564277588168
            ],
            "eur_to_rub": [
                81.69,
                82.9
            ]
        },
        "rub_kzt": {
            "rub_to_kzt": [
                6.45,
                6.369426751592357
            ],
            "kzt_to_rub": [
                0.14705882352941177,
                0.1485
            ]
        },
        "rub_rsd": {
            "rub_to_rsd": [
                1.370188990856714
            ],
            "rsd_to_rub": [
                0.7298263280999999
            ]
        },
        "usd_eur": {
            "usd_to_eur": [
                0.8650519031141869
            ],
            "eur_to_usd": [
                1.136
            ]
        },
        "usd_kzt": {
            "usd_to_kzt": [
                484.5
            ],
            "kzt_to_usd": [
                0.002034587995930824
            ]
        },
        "usd_rsd": {
            "usd_to_rsd": [
                100.18811922394204
            ],
            "rsd_to_usd": [
                0.0099812234
            ]
        },
        "eur_kzt": {
            "eur_to_kzt": [
                555.5
            ],
            "kzt_to_eur": [
                0.0017777777777777779
            ]
        },
        "eur_rsd": {
            "eur_to_rsd": [
                114.98601988471638
            ],
            "rsd_to_eur": [
                0.0086967094
            ]
        },
        "kzt_rsd": {
            "kzt_to_rsd": [
                0.20498009045466503
            ],
            "rsd_to_kzt": [
                4.8785225813
            ]
        },
        "eur_usd_forex": {
            "eur_to_usd": [
                1.1477498364456484
            ],
            "usd_to_eur": [
                0.87127
            ]
        }
    },
    "update_time": "2026-06-20 08:52:08",
    "update_time_display": "20.06 08:52"
}