{
    "rub2rsd": {
        "bank": {
            "current": 1.2005784313195396,
            "sparkline_full": "         1.23                     \n  ▅▄▅▅▄▁▁▆█▆▅▆▅▅▆▆▄▄▄▅▄▄▄▃▃▂▂▃▅▃  \n      1.19                        "
        },
        "korona": {
            "current": 1.1512228826861581,
            "diff_percent": -4.110980786081207
        },
        "crypto": {
            "current": 1.1364480275888575,
            "diff_percent": -5.341625507980945
        },
        "forex": {
            "current": 1.252407107275789,
            "diff_percent": 4.316975434856447
        }
    },
    "rub2eur": {
        "bank": {
            "current": 0.010350895352447986,
            "sparkline_full": "         94.8                     \n  ▅▄▅▅▄▁▁▆█▆▆▆▆▅▆▆▅▅▅▅▄▄▄▄▄▃▂▄▄▃  \n      97.6                        "
        },
        "korona": {
            "current": 0.009860581436284009,
            "diff_percent": -4.736922744060184
        },
        "crypto": {
            "current": 0.00976893320057551,
            "diff_percent": -5.622336349239996
        },
        "forex": {
            "current": 0.010692187704550762,
            "diff_percent": 3.297225413664916
        }
    },
    "rub2usd": {
        "bank": {
            "current": 0.01203079884504331,
            "sparkline_full": " 81.3                             \n  █▇▇▇▆▁▁▃▅▅▅▅▅▅▇▇▆▆▅▆▆▆▅▅▅▅▄▄▆▃  \n       84.1                       "
        },
        "korona": {
            "current": 0.011055024595381175,
            "diff_percent": -8.110635563191668
        },
        "crypto": {
            "current": 0.011332323990306835,
            "diff_percent": -5.805722992569583
        },
        "forex": {
            "current": 0.012383931601068982,
            "diff_percent": 2.935239468085383
        }
    },
    "xdr": {
        "rub2xdr": {
            "current_rate": 0.008717850648078873,
            "sparkline": "▇▆▆▆▄▁▁▃▃▅▅██▇█▇▆▇▇███▇▇▇▅▄▄▅▅"
        },
        "usd2xdr": {
            "current_rate": 0.702356,
            "sparkline": "▃▃▃▃▃▃▃▃▃▃▃▆▆▆▆▅▅▅▅▅▅▅▅▆▅▄▄▄▅▅"
        },
        "eur2xdr": {
            "current_rate": 0.8153476995515538,
            "sparkline": "▆▆▆▆▅▃▂▁▁▃▃▆▆▇▇▆▆▆▆▆█▇▇█▇▆▅▅▆▆"
        },
        "cny2xdr": {
            "current_rate": 0.09782116991643454,
            "sparkline": "▄▄▄▄▄▃▃▃▃▃▃▆▆▆▆▅▅▅▅▅▆▆▆▆▅▄▄▄▅▆"
        },
        "rsd2xdr": {
            "current_rate": 0.006960876058138769,
            "sparkline": "▆▆▆▆▅▃▂▁▁▃▃▆▆▇▇▆▆▆▆▇█▇▇█▇▆▆▅▆▆"
        }
    },
    "neer": {
        "rub": {
            "current_rate": 95.75993295364104,
            "sparkline": "██▆▆██▁▃█▇▆▅█▆▅▇▆▆▇▇▅▆▆▅▅▆▄▄▄▄"
        },
        "usd": {
            "current_rate": 104.4010620931159,
            "sparkline": "▂▃▃▃▄▅▅▆▇▅▅▅▅▄▄▄▄▄▄▄▃▃▄▄▄▄▄▅▄▅"
        },
        "eur": {
            "current_rate": 110.36620586685785,
            "sparkline": "▆▆▆▆▅▄▄▃▃▅▅▄▄▅▅▅▅▅▅▅▅▅▅▆▆▅▅▅▅▅"
        },
        "cny": {
            "current_rate": 104.28160038989508,
            "sparkline": "▃▄▄▄▄▅▅▆▆▄▄▅▅▄▄▄▄▄▄▄▄▄▄▄▄▄▄▄▅▅"
        },
        "rsd": {
            "current_rate": 110.47621259175176,
            "sparkline": "▅▅▅▅▆▅▄▄▄▄▄▅▄▄▅▅▄▄▅▅▄▅▅▄▅▃▃▄▄▄"
        }
    },
    "update_time": "2025-08-22 17:05:42",
    "update_time_display": "22.08 17:05"
}