{
    "rub2rsd": {
        "bank": {
            "current": 1.3217493935268891,
            "sparkline_full": "                1.36              \n  鈻佲杹鈻佲杹鈻傗杺鈻傗杺鈻冣杽鈻呪枀鈻呪枂鈻団枅鈻堚枅鈻堚枅鈻堚枅鈻堚枅鈻堚枅鈻堚枃鈻嗏枂  \n 1.26                             "
        },
        "korona": {
            "current": 1.2791283563799662,
            "diff_percent": -3.224592903590829
        },
        "crypto": {
            "current": 1.3201307167870726,
            "diff_percent": -0.12246472347510083
        },
        "forex": {
            "current": 1.3791870353905,
            "diff_percent": 4.345577319339424
        }
    },
    "rub2eur": {
        "bank": {
            "current": 0.011355893708834885,
            "sparkline_full": "                85.7              \n  鈻佲杹鈻佲杹鈻傗杺鈻傗杺鈻冣杽鈻呪枀鈻呪枂鈻団枅鈻堚枅鈻堚枅鈻堚枃鈻団枅鈻堚枅鈻堚枅鈻嗏枀  \n 91.8                             "
        },
        "korona": {
            "current": 0.010951441407362724,
            "diff_percent": -3.56160696676385
        },
        "crypto": {
            "current": 0.011276700009602235,
            "diff_percent": -0.6973797154427239
        },
        "forex": {
            "current": 0.011746887730765465,
            "diff_percent": 3.4430933571206817
        }
    },
    "rub2usd": {
        "bank": {
            "current": 0.013245033112582781,
            "sparkline_full": "                         73.7     \n  鈻佲杺鈻傗杺鈻冣杻鈻冣杻鈻勨杽鈻呪枀鈻呪枂鈻団枅鈻堚枅鈻堚枅鈻団枃鈻団枅鈻堚枅鈻堚枃鈻嗏枀  \n 78.5                             "
        },
        "korona": {
            "current": 0.012504571600670016,
            "diff_percent": -5.590484414941377
        },
        "crypto": {
            "current": 0.013125713573929727,
            "diff_percent": -0.9008625168305587
        },
        "forex": {
            "current": 0.01378175488597665,
            "diff_percent": 4.052249389123707
        }
    },
    "xdr": {
        "rub2xdr": {
            "current_rate": 0.00958137173454013,
            "sparkline": "鈻佲杹鈻佲杹鈻佲杹鈻佲杺鈻傗杺鈻傗杻鈻冣杽鈻勨枀鈻嗏枅鈻嗏枀鈻呪杽鈻呪枀鈻呪枀鈻呪杽鈻勨杻"
        },
        "usd2xdr": {
            "current_rate": 0.701353,
            "sparkline": "鈻冣杻鈻冣杻鈻冣杺鈻傗杺鈻冣杻鈻冣杻鈻冣杻鈻冣杻鈻勨枃鈻呪杻鈻冣杻鈻冣杻鈻冣杻鈻冣杻鈻冣杻"
        },
        "eur2xdr": {
            "current_rate": 0.8156519372740932,
            "sparkline": "鈻冣杻鈻冣杻鈻冣杻鈻冣杻鈻冣杻鈻冣杻鈻冣杻鈻冣杻鈻冣枂鈻勨杻鈻冣杻鈻冣杻鈻冣杻鈻冣杻鈻冣杻"
        },
        "cny2xdr": {
            "current_rate": 0.10367222953097514,
            "sparkline": "鈻傗杻鈻傗杻鈻冣杺鈻傗杺鈻冣杻鈻冣杻鈻冣杻鈻冣杻鈻勨枃鈻呪杻鈻冣杻鈻冣杻鈻冣杻鈻冣杻鈻勨杽"
        },
        "rsd2xdr": {
            "current_rate": 0.006947115575102024,
            "sparkline": "鈻冣杻鈻冣杻鈻勨杻鈻冣杻鈻冣杻鈻冣杻鈻冣杻鈻冣杻鈻勨枂鈻勨杻鈻冣杻鈻冣杻鈻冣杻鈻冣杻鈻冣杻"
        }
    },
    "neer": {
        "rub": {
            "current_rate": 106.22714973738617,
            "sparkline": "鈻佲杹鈻佲杺鈻佲杹鈻傗杺鈻冣杽鈻呪枀鈻呪枀鈻嗏枅鈻堚枅鈻団枃鈻堚枃鈻嗏枅鈻堚枃鈻団枃鈻嗏枂"
        },
        "usd": {
            "current_rate": 102.27867360275572,
            "sparkline": "鈻呪杽鈻勨杽鈻勨杽鈻勨杽鈻勨杽鈻呪枀鈻呪枀鈻呪枀鈻呪枀鈻呪枀鈻勨枀鈻呪枀鈻呪枀鈻呪枀鈻呪枀"
        },
        "eur": {
            "current_rate": 109.04935897256821,
            "sparkline": "鈻呪枀鈻呪枀鈻呪枀鈻呪枀鈻呪枀鈻勨杽鈻勨枀鈻勨杽鈻勨杽鈻勨杽鈻勨杽鈻勨杽鈻勨杽鈻勨杽鈻勨杽"
        },
        "cny": {
            "current_rate": 111.92828289598941,
            "sparkline": "鈻勨杽鈻勨杽鈻冣杻鈻勨枀鈻呪枀鈻呪杽鈻勨枀鈻嗏枂鈻嗏枂鈻呪枀鈻嗏枂鈻呪枀鈻呪枀鈻呪枀鈻呪枀"
        },
        "rsd": {
            "current_rate": 109.39399688600847,
            "sparkline": "鈻団枂鈻嗏枂鈻冣杻鈻団枃鈻団枂鈻嗏杺鈻傗枂鈻嗏枂鈻嗏枂鈻冣杺鈻嗏枂鈻傗杺鈻傗杺鈻傗杺鈻傗杺"
        }
    },
    "specific_rates": {
        "rub_kzt_bank": 6.53,
        "rub_kzt_crypto": 6.484102505521285,
        "kzt_rsd_bank": 0.20359497951535568,
        "rsd_eur_cash": 0.00844880027036161,
        "eur_rsd_cash": 116.8,
        "rsd_usd_cash": 0.009775853641505483,
        "usd_rsd_cash": 98.93571428571428,
        "eur_usd_exch": 1.1629691999237093,
        "usd_kzt_bank": 487.0
    },
    "update_time": "2026-06-03 05:36:34",
    "update_time_display": "03.06 05:36"
}