{
    "rub2rsd": {
        "bank": {
            "current": 1.1822974759827065,
            "sparkline_full": "   1.22                           \n  ▇██▆▆▆█▇▆▇▅▅▄▄▅█▇▃▂▂▄▄▄▃▂▂▂▂▂▁  \n                              1.18"
        },
        "korona": {
            "current": 1.1502754511509563,
            "diff_percent": -2.708457514479088
        },
        "crypto": {
            "current": 1.2112572271156923,
            "diff_percent": 2.449447091047445
        },
        "forex": {
            "current": 1.241078716627792,
            "diff_percent": 4.971780946772924
        }
    },
    "rub2eur": {
        "bank": {
            "current": 0.010206164523372117,
            "sparkline_full": "  95.5                            \n  ▇██▆▆▇▇▆▆▅▅▅▄▄▅▅▅▂▂▂▄▄▄▃▄▄▄▃▂▁  \n                              98.0"
        },
        "korona": {
            "current": 0.009847194873416426,
            "diff_percent": -3.5171846302658563
        },
        "crypto": {
            "current": 0.010425022069629404,
            "diff_percent": 2.1443662382288986
        },
        "forex": {
            "current": 0.010595755685357687,
            "diff_percent": 3.8172142051346216
        }
    },
    "rub2usd": {
        "bank": {
            "current": 0.011901928112354201,
            "sparkline_full": "   81.9                           \n  ▅██▇▇▆▇▇▇▆▆▆▆▄▅█▇▄▄▄▄▄▃▃▄▄▄▃▂▁  \n                              84.0"
        },
        "korona": {
            "current": 0.011260650525217391,
            "diff_percent": -5.3880142871234815
        },
        "crypto": {
            "current": 0.012133727344393707,
            "diff_percent": 1.9475771475959227
        },
        "forex": {
            "current": 0.012368767378118166,
            "diff_percent": 3.922383510948832
        }
    },
    "xdr": {
        "rub2xdr": {
            "current_rate": 0.008605303795148764,
            "sparkline": "▇█▆▅▆▆▇█▇▆▇▆▄▂▂▃▄▃▃▂▃▄▄▃▅▄▄▂▁▁"
        },
        "usd2xdr": {
            "current_rate": 0.697027,
            "sparkline": "▆▆▄▄▄▅▅▅▅▅▆▅▃▃▃▄▅▅▃▃▄▅▅▄▄▄▃▃▃▃"
        },
        "eur2xdr": {
            "current_rate": 0.8121463018480564,
            "sparkline": "▄▅▄▃▄▃▄▆▅▅▇▅▃▃▂▃▄▆▃▃▃▃▄▄▄▃▄▃▂▂"
        },
        "cny2xdr": {
            "current_rate": 0.09774877994053963,
            "sparkline": "▆▆▄▄▄▄▅▅▅▅▆▄▃▃▃▄▅▅▃▄▅▅▆▆▆▅▅▅▅▅"
        },
        "rsd2xdr": {
            "current_rate": 0.006933729246869,
            "sparkline": "▅▅▄▄▄▃▄▆▅▅▇▅▃▃▃▃▄▅▄▃▃▃▄▄▄▄▄▃▂▃"
        }
    },
    "neer": {
        "rub": {
            "current_rate": 94.87286844988353,
            "sparkline": "▆▄▇▆▆█▇▅▆▅▄▄▆▃▄▅▅▃▂▃▂▄▃▄▄▄▃▄▃▁"
        },
        "usd": {
            "current_rate": 103.93368153852495,
            "sparkline": "▅▄▄▄▄▅▅▃▄▄▄▄▅▅▅▅▆▄▄▄▄▅▄▄▄▄▄▅▅▄"
        },
        "eur": {
            "current_rate": 110.43137414730904,
            "sparkline": "▄▄▄▄▄▄▄▅▅▅▅▅▄▅▄▄▄▅▅▅▄▄▄▄▄▄▅▄▄▄"
        },
        "cny": {
            "current_rate": 104.63635357019847,
            "sparkline": "▄▃▃▃▃▄▄▃▃▃▃▃▃▄▄▄▅▃▃▄▅▅▅▆▅▅▅▆▆▆"
        },
        "rsd": {
            "current_rate": 110.46753236056378,
            "sparkline": "▄▅▅▄▄▆▅▄▅▄▅▅▅▄▄▅▄▅▅▅▄▅▄▅▄▄▅▃▄▄"
        }
    },
    "update_time": "2025-09-04 10:05:44",
    "update_time_display": "04.09 10:05"
}