{
    "rub2rsd": {
        "bank": {
            "current": 1.1665719975943434,
            "sparkline_full": "   1.21                           \n  ▇▇██▇█▆▆▆▆▆██▅▄▄▆▅▆▅▅▅▅▄▅▄▄▁▁▁  \n                              1.17"
        },
        "korona": {
            "current": 1.1216937787518135,
            "diff_percent": -3.8470166380708486
        },
        "crypto": {
            "current": 1.1858718033669442,
            "diff_percent": 1.6544033126459474
        },
        "forex": {
            "current": 1.2119487128688895,
            "diff_percent": 3.8897483711352674
        }
    },
    "rub2eur": {
        "bank": {
            "current": 0.01005530417295123,
            "sparkline_full": "   95.8                           \n  ███▇▇▇▇▇▆▆▇▇▆▅▅▅▆▆▆▅▆▆▆▅▅▄▃▁▁▁  \n                              99.5"
        },
        "korona": {
            "current": 0.009611771883048958,
            "diff_percent": -4.410928623078099
        },
        "crypto": {
            "current": 0.010221542770350528,
            "diff_percent": 1.6532428511360144
        },
        "forex": {
            "current": 0.010345317729940432,
            "diff_percent": 2.8841848242576114
        }
    },
    "rub2usd": {
        "bank": {
            "current": 0.011827321111768185,
            "sparkline_full": "            82.0                  \n  ▇▇▇▇▇▇▇▇▆▅▆█▇▅▅▅▅▅▄▄▅▅▅▄▄▃▃▂▂▁  \n                              84.5"
        },
        "korona": {
            "current": 0.0109693440224402,
            "diff_percent": -7.254196290268116
        },
        "crypto": {
            "current": 0.011997963307576874,
            "diff_percent": 1.442779765562466
        },
        "forex": {
            "current": 0.01214480985478451,
            "diff_percent": 2.6843673222030278
        }
    },
    "xdr": {
        "rub2xdr": {
            "current_rate": 0.008466061715944315,
            "sparkline": "▇▇█████▇▆▄▅▅▆▆▅▅▅▆▆▅▇▆▆▅▄▃▄▃▃▁"
        },
        "usd2xdr": {
            "current_rate": 0.696384,
            "sparkline": "▄▅▅▅▅▅▆▅▄▄▄▄▅▅▃▄▄▅▅▄▄▄▄▄▄▄▄▄▃▃"
        },
        "eur2xdr": {
            "current_rate": 0.8183471921256362,
            "sparkline": "▄▄▄▅▅▅▆▅▄▃▃▃▄▅▄▄▄▄▄▄▄▃▄▃▃▃▅▄▄▄"
        },
        "cny2xdr": {
            "current_rate": 0.09767641489585525,
            "sparkline": "▄▄▅▅▅▅▅▄▃▃▄▄▅▅▃▄▅▅▆▅▅▅▅▅▅▅▆▅▄▅"
        },
        "rsd2xdr": {
            "current_rate": 0.006985495034607283,
            "sparkline": "▄▄▄▅▅▅▆▅▄▃▃▄▄▅▄▄▄▄▄▄▄▄▄▃▃▃▅▄▄▅"
        }
    },
    "neer": {
        "rub": {
            "current_rate": 94.27208191613416,
            "sparkline": "▆█▇▅▆▆▅▅▆▄▅▆▆▄▄▄▄▅▄▅▅▅▄▅▄▃▂▂▁▂"
        },
        "usd": {
            "current_rate": 103.79427227610411,
            "sparkline": "▄▅▅▄▄▄▄▄▅▅▅▅▅▄▄▄▄▅▄▄▄▄▄▅▅▄▄▄▄▄"
        },
        "eur": {
            "current_rate": 110.65302257475031,
            "sparkline": "▄▄▄▅▅▅▅▅▄▅▄▄▄▅▅▅▄▄▄▄▄▄▅▄▄▄▅▅▅▅"
        },
        "cny": {
            "current_rate": 104.5188714933135,
            "sparkline": "▄▄▄▃▄▃▃▃▄▄▄▄▅▄▄▄▅▅▅▅▅▅▅▆▆▅▅▅▅▅"
        },
        "rsd": {
            "current_rate": 110.67753342940382,
            "sparkline": "▄▅▅▄▅▄▅▅▅▄▄▅▄▅▅▅▄▅▄▅▄▄▅▄▄▄▄▅▅▅"
        }
    },
    "update_time": "2025-09-08 17:05:53",
    "update_time_display": "08.09 17:05"
}