{
    "rub2rsd": {
        "bank": {
            "current": 1.157935977382578,
            "sparkline_full": "     1.21                         \n  ▇▇▇▇██▆▆▆▇▇▇▆▆▆▆▆▆▆▆▄▄▄▃▂▁▁▂▂▃  \n                          1.13    "
        },
        "korona": {
            "current": 1.1165379691288488,
            "diff_percent": -3.575155195307601
        },
        "crypto": {
            "current": 1.128340833320192,
            "diff_percent": -2.555853228542333
        },
        "forex": {
            "current": 1.1998284573867426,
            "diff_percent": 3.6178580528138777
        }
    },
    "rub2eur": {
        "bank": {
            "current": 0.009932459276916964,
            "sparkline_full": " 96.5                             \n  ██▇███▇▇▇▇█▇▇▇▇▇▇▇▆▆▅▅▅▃▂▁▁▂▂▃  \n                          103     "
        },
        "korona": {
            "current": 0.009563494382259948,
            "diff_percent": -3.7147385594068396
        },
        "crypto": {
            "current": 0.00965894099960572,
            "diff_percent": -2.7537820159696027
        },
        "forex": {
            "current": 0.010240351107528668,
            "diff_percent": 3.099854950598634
        }
    },
    "rub2usd": {
        "bank": {
            "current": 0.011706860220088973,
            "sparkline_full": "     82.0                         \n  █▇▇▇██▇▇▇▇▇▆▆▇▇▇▆▆▆▅▅▅▅▃▂▁▁▂▂▄  \n                          87.6    "
        },
        "korona": {
            "current": 0.010869194150682392,
            "diff_percent": -7.155343564871009
        },
        "crypto": {
            "current": 0.011361473746178356,
            "diff_percent": -2.95029126014449
        },
        "forex": {
            "current": 0.012037779366764655,
            "diff_percent": 2.8267113509036816
        }
    },
    "xdr": {
        "rub2xdr": {
            "current_rate": 0.008377187577060768,
            "sparkline": "█▇▇▇▇█▇▇▇▇██▇███▇▆▆▆▆▆▅▂▁▁▁▁▂▃"
        },
        "usd2xdr": {
            "current_rate": 0.695295,
            "sparkline": "▅▄▄▄▅▅▅▄▄▅▅▅▅▅▅▄▄▄▄▅▄▄▄▄▄▅▄▄▄▄"
        },
        "eur2xdr": {
            "current_rate": 0.8180566749221999,
            "sparkline": "▅▄▄▄▄▄▅▄▄▄▄▅▄▄▄▅▄▄▄▅▅▄▄▄▄▅▄▄▄▅"
        },
        "cny2xdr": {
            "current_rate": 0.09766750948166879,
            "sparkline": "▄▄▄▄▄▅▅▄▄▅▅▅▅▅▅▅▅▅▅▅▅▄▄▄▅▅▅▄▄▅"
        },
        "rsd2xdr": {
            "current_rate": 0.00698198773790255,
            "sparkline": "▅▄▄▄▄▄▅▄▄▄▄▅▅▄▄▄▄▄▄▅▄▄▅▄▄▅▄▄▄▅"
        }
    },
    "neer": {
        "rub": {
            "current_rate": 91.681716212823,
            "sparkline": "▇█▇▇██▇▇▇▇▇▇▇▇▇▇▇▇▇▆▆▆▅▄▂▁▁▂▂▂"
        },
        "usd": {
            "current_rate": 103.42496543994292,
            "sparkline": "▄▅▅▅▅▅▄▄▄▅▅▄▄▄▄▄▅▅▅▄▄▄▄▄▄▄▄▄▄▄"
        },
        "eur": {
            "current_rate": 110.60913749726558,
            "sparkline": "▅▄▅▄▄▄▅▅▅▄▄▄▄▄▄▅▄▄▄▅▅▅▅▅▅▅▅▅▅▅"
        },
        "cny": {
            "current_rate": 104.47600802630612,
            "sparkline": "▄▄▄▄▅▅▄▄▄▅▅▅▅▅▅▅▅▅▅▅▅▅▅▅▅▅▅▅▅▅"
        },
        "rsd": {
            "current_rate": 110.70124164523861,
            "sparkline": "▄▅▄▄▅▄▅▅▅▄▅▄▅▄▄▅▄▅▄▅▄▅▄▄▅▅▅▅▅▅"
        }
    },
    "update_time": "2025-09-15 23:35:43",
    "update_time_display": "15.09 23:35"
}