{
    "rub2rsd": {
        "bank": {
            "current": 1.3523336279097242,
            "sparkline_full": "                              1.35\n  ▁▁▂▁▁▁▁▂▂▂▂▂▂▂▁▁▂▂▂▂▂▂▃▄▄▅▆▆▆█  \n 1.26                             "
        },
        "korona": {
            "current": 1.3160995802408562,
            "diff_percent": -2.67937193315782
        },
        "crypto": {
            "current": 1.4047649876775194,
            "diff_percent": 3.8771024165713723
        },
        "forex": {
            "current": 1.4215086284358986,
            "diff_percent": 5.1152318554036755
        }
    },
    "rub2eur": {
        "bank": {
            "current": 0.011656370206317752,
            "sparkline_full": "                              85.8\n  ▁▁▁▁▁▁▁▁▂▂▂▂▂▂▁▁▁▂▂▂▂▂▃▄▄▅▅▅▆█  \n 92.4                             "
        },
        "korona": {
            "current": 0.011267975858226508,
            "diff_percent": -3.332035112274779
        },
        "crypto": {
            "current": 0.011960464909945878,
            "diff_percent": 2.6088284624256914
        },
        "forex": {
            "current": 0.012111811954404507,
            "diff_percent": 3.9072347568362704
        }
    },
    "rub2usd": {
        "bank": {
            "current": 0.013570362328674175,
            "sparkline_full": "                              73.7\n  ▁▂▂▂▁▁▁▂▂▂▂▂▂▂▂▁▂▂▃▃▃▃▃▄▄▅▅▅▆█  \n     78.6                         "
        },
        "korona": {
            "current": 0.012843575995658711,
            "diff_percent": -5.355688487990956
        },
        "crypto": {
            "current": 0.013897280468443948,
            "diff_percent": 2.4090597719634563
        },
        "forex": {
            "current": 0.014026701228458494,
            "diff_percent": 3.362761352510645
        }
    },
    "xdr": {
        "rub2xdr": {
            "current_rate": 0.009861356506759681,
            "sparkline": "▁▁▁▁▁▁▁▂▂▂▂▂▂▂▁▁▂▂▂▃▂▂▃▃▄▄▅▆▆█"
        },
        "usd2xdr": {
            "current_rate": 0.702153,
            "sparkline": "▄▄▄▄▄▄▄▄▄▅▅▄▄▄▄▄▄▄▄▄▄▄▄▄▄▄▅▅▅▅"
        },
        "eur2xdr": {
            "current_rate": 0.8141933299396678,
            "sparkline": "▅▅▄▄▅▅▅▅▅▅▅▅▅▅▅▄▅▅▅▅▅▅▅▄▄▄▄▅▅▄"
        },
        "cny2xdr": {
            "current_rate": 0.1030728692639676,
            "sparkline": "▄▄▄▄▄▄▄▄▄▄▄▄▄▄▄▄▄▄▄▄▄▄▄▄▅▄▅▅▅▅"
        },
        "rsd2xdr": {
            "current_rate": 0.006937247027202527,
            "sparkline": "▅▅▄▄▄▅▅▅▅▅▅▅▅▅▅▄▅▅▅▅▅▅▄▄▄▄▄▄▅▄"
        }
    },
    "neer": {
        "rub": {
            "current_rate": 105.6650991420464,
            "sparkline": "▂▃▄▄▄▃▃▄▄▄▄▄▃▃▄▃▃▃▄▄▄▄▅▅▅▆▇▇▇▇"
        },
        "usd": {
            "current_rate": 102.33259908444177,
            "sparkline": "▄▄▄▅▅▅▅▄▅▅▅▅▅▅▅▅▄▄▄▄▄▄▄▅▅▅▅▅▅▅"
        },
        "eur": {
            "current_rate": 109.31817270566722,
            "sparkline": "▅▅▅▅▅▅▅▅▅▅▅▅▅▅▅▅▅▅▅▅▅▅▅▅▄▄▄▄▄▄"
        },
        "cny": {
            "current_rate": 111.26021717873128,
            "sparkline": "▅▅▅▅▅▄▄▅▅▅▅▅▄▄▅▅▄▅▅▄▄▅▄▅▅▅▅▅▅▅"
        },
        "rsd": {
            "current_rate": 109.55986014433871,
            "sparkline": "▆▆▆▆▆▃▃▆▆▆▆▇▃▃▇▇▆▆▆▃▃▆▃▃▂▂▂▂▂▂"
        }
    },
    "specific_rates": {
        "rub_kzt_bank": 6.44,
        "rub_kzt_crypto": 6.608156862745098,
        "kzt_rsd_bank": 0.21258045425603975,
        "rsd_eur_cash": 0.00844880027036161,
        "eur_rsd_cash": 116.8,
        "rsd_usd_cash": 0.009758817788930714,
        "usd_rsd_cash": 99.02857142857144,
        "eur_usd_exch": 1.1595668322141581,
        "usd_kzt_bank": 468.5
    },
    "update_time": "2026-05-19 20:05:47",
    "update_time_display": "19.05 20:05"
}