{
    "rub2rsd": {
        "bank": {
            "current": 1.1187733519160927,
            "sparkline_full": "    1.24                          \n  ▇▇██▇▇▇▇▇▇█▇▇▇▇▇▇▆▇▆▆▆▆▅▄▂▂▁▁▁  \n                              1.12"
        },
        "korona": {
            "current": 1.1467854440526533,
            "diff_percent": 2.5038218946299517
        },
        "crypto": {
            "current": 1.2394640982598903,
            "diff_percent": 10.787774497586474
        },
        "forex": {
            "current": 1.2373394508109243,
            "diff_percent": 10.597865840455235
        }
    },
    "rub2eur": {
        "bank": {
            "current": 0.009660902328277461,
            "sparkline_full": "            93.5                  \n  ▇▇██▇▇▇▇▇█▇█▇▇▇▇▇▆▇▆▆▆▆▅▄▂▂▁▁▁  \n                             104  "
        },
        "korona": {
            "current": 0.00981836852784806,
            "diff_percent": 1.629932631755261
        },
        "crypto": {
            "current": 0.010576903597584925,
            "diff_percent": 9.48152913860155
        },
        "forex": {
            "current": 0.010537293427085702,
            "diff_percent": 9.071524263764093
        }
    },
    "rub2usd": {
        "bank": {
            "current": 0.011117287381878822,
            "sparkline_full": "    79.3                          \n  ██████████▇▇▆▆▆▆▆▆▆▅▅▅▅▄▃▁▁▁▁▁  \n                              90.0"
        },
        "korona": {
            "current": 0.011050690860541107,
            "diff_percent": -0.5990357094327435
        },
        "crypto": {
            "current": 0.012146658993337037,
            "diff_percent": 9.259197645066644
        },
        "forex": {
            "current": 0.011905017012269311,
            "diff_percent": 7.085628025362448
        }
    },
    "xdr": {
        "rub2xdr": {
            "current_rate": 0.008578997830740561,
            "sparkline": "███████▇▇███▇▆▆█▇▆▇▆▇▇▆▄▂▁▁▂▂▃"
        },
        "usd2xdr": {
            "current_rate": 0.706079,
            "sparkline": "▃▃▃▃▃▃▃▃▃▄▅▅▅▅▅▅▅▅▅▆▆▆▆▆▅▆▅▅▅▅"
        },
        "eur2xdr": {
            "current_rate": 0.814155730795973,
            "sparkline": "▅▅▅▅▅▅▅▅▄▄▅▅▄▅▅▅▅▄▄▄▄▅▅▅▄▅▅▅▅▄"
        },
        "cny2xdr": {
            "current_rate": 0.10222954190073551,
            "sparkline": "▃▃▃▄▄▄▄▄▃▄▅▅▅▅▅▅▅▅▆▆▆▆▆▆▆▆▆▅▅▅"
        },
        "rsd2xdr": {
            "current_rate": 0.006933423019138426,
            "sparkline": "▅▄▅▅▅▅▅▅▄▄▅▄▄▅▅▅▅▄▄▄▄▅▅▅▄▅▅▄▄▄"
        }
    },
    "neer": {
        "rub": {
            "current_rate": 91.83852259484104,
            "sparkline": "█████▇▇▇██▇▇▇▆▆▇▇▇▆▇▆▆▇▅▄▃▁▄▃▃"
        },
        "usd": {
            "current_rate": 103.66059811299857,
            "sparkline": "▄▄▄▄▄▄▄▄▄▅▄▅▅▅▅▅▄▅▅▅▅▅▅▅▅▅▅▅▅▅"
        },
        "eur": {
            "current_rate": 109.8001936698914,
            "sparkline": "▅▅▅▅▅▅▅▅▅▅▅▅▄▄▅▄▄▄▄▄▄▄▄▄▄▄▅▅▅▅"
        },
        "cny": {
            "current_rate": 110.30671957686614,
            "sparkline": "▄▄▄▄▄▄▄▄▄▅▄▅▅▅▅▅▅▅▅▅▅▅▅▅▅▅▅▅▅▅"
        },
        "rsd": {
            "current_rate": 110.37296952371338,
            "sparkline": "▅▅▅▅▅▅▅▅▅▅▄▄▅▅▅▅▅▅▅▄▅▄▅▄▅▅▅▅▅▅"
        }
    },
    "specific_rates": {
        "rub_kzt_bank": 5.42,
        "rub_kzt_crypto": 5.933642918245143,
        "kzt_rsd_bank": 0.2088875443530158,
        "rsd_eur_cash": 0.008447135013374631,
        "eur_rsd_cash": 116.8,
        "rsd_usd_cash": 0.009636232233196821,
        "usd_rsd_cash": 99.63333333333333,
        "eur_usd_exch": 1.153066060307661,
        "usd_kzt_bank": 478.5
    },
    "update_time": "2026-03-23 13:20:48",
    "update_time_display": "23.03 13:20"
}