{
    "rub2rsd": {
        "bank": {
            "current": 1.1947395227845237,
            "sparkline_full": "                            1.22  \n               ▅▄▃▄▄▄▆▅▅ ▆▅▅▅▆▃▃  \n                1.19              "
        },
        "korona": {
            "current": 1.1558122988942285,
            "diff_percent": -3.258218477578214
        },
        "crypto": {
            "current": 1.2577808240786368,
            "diff_percent": 5.276572850556219
        },
        "forex": {
            "current": 1.238723002479883,
            "diff_percent": 3.681428366314447
        }
    },
    "rub2eur": {
        "bank": {
            "current": 0.010235414534288638,
            "sparkline_full": "                          95.8    \n               ▅▃▄▃▃▃▅▆▅▅▆▆▆▅▆▅▄  \n               98.5               "
        },
        "korona": {
            "current": 0.00989989121108547,
            "diff_percent": -3.278062867694953
        },
        "crypto": {
            "current": 0.010731130838255132,
            "diff_percent": 4.843148289752652
        },
        "forex": {
            "current": 0.010633666458162458,
            "diff_percent": 3.890921296247221
        }
    },
    "rub2usd": {
        "bank": {
            "current": 0.011690437222352116,
            "sparkline_full": "                            83.5  \n               ▁▁▁▄▄▄▇▇▆▆███▇█▇▅  \n               89.1               "
        },
        "korona": {
            "current": 0.010684299890735688,
            "diff_percent": -8.606498734646923
        },
        "crypto": {
            "current": 0.012231844537857863,
            "diff_percent": 4.631198176836162
        },
        "forex": {
            "current": 0.012141270972527946,
            "diff_percent": 3.856431899004055
        }
    },
    "xdr": {
        "rub2xdr": {
            "current_rate": 0.008622134954590096,
            "sparkline": "                    ▄▃▃▅▅▅█▅▃▁"
        },
        "usd2xdr": {
            "current_rate": 0.715671,
            "sparkline": "                    ▆▆▆▆▆▆▆▃▅▅"
        },
        "eur2xdr": {
            "current_rate": 0.8108336845539951,
            "sparkline": "                    ▂▄▄▄▄▄▇▄▂▂"
        },
        "cny2xdr": {
            "current_rate": 0.09821202140798681,
            "sparkline": "                    ▆▆▆▆▆▆▆▃▄▆"
        },
        "rsd2xdr": {
            "current_rate": 0.006960502822123157,
            "sparkline": "                    ▄▄▄▄▅▅▅▄▄▄"
        }
    },
    "neer": {
        "rub": {
            "current_rate": 94.23948537263968,
            "sparkline": "▆▆▇▇▇▇▅▅▄▅▅▅▆▃▄▂▂▂▂▂▆▅▅▆▆▇▆▇▇▅"
        },
        "usd": {
            "current_rate": 106.051779862561,
            "sparkline": "▆▆▆▆▆▆▆▆▅▅▆▆▆▆▆▅▄▄▄▄▄▄▃▃▃▃▃▃▃▃"
        },
        "eur": {
            "current_rate": 109.26622456544665,
            "sparkline": "▂▂▂▂▂▂▂▂▄▄▄▄▄▄▅▅▇▇▇▇▆▆▆▆▆▆▇▇▆▆"
        },
        "cny": {
            "current_rate": 103.84360125452896,
            "sparkline": "▇▇▇▇▇▇▇▆▅▅▅▅▆▅▅▅▃▃▃▃▃▃▃▃▃▃▂▂▃▃"
        },
        "rsd": {
            "current_rate": 109.90915410793906,
            "sparkline": "▄▄▄▄▄▄▅▄▃▅▅▅▅▅▅▄▆▆▆▆▅▆▆▆▆▅▅▆▆▆"
        }
    },
    "update_time": "2025-04-24 04:05:47",
    "update_time_display": "24.04 04:05"
}