{
    "rub2rsd": {
        "bank": {
            "current": 1.2049046274451884,
            "sparkline_full": "   1.24                           \n  ▆▇█▇▇▇▇▇▆▅▄▃▄▄▃▁▁▄▆▄▄▅▄▄▄▄▃▃▃▃  \n                1.19              "
        },
        "korona": {
            "current": 1.1710731439249897,
            "diff_percent": -2.8078142244281254
        },
        "crypto": {
            "current": 1.1921254581707468,
            "diff_percent": -1.060595916337204
        },
        "forex": {
            "current": 1.2690474907575289,
            "diff_percent": 5.323480535413439
        }
    },
    "rub2eur": {
        "bank": {
            "current": 0.010416666666666666,
            "sparkline_full": "    93.4                          \n  ▇▇▇█▇▇▇▇▇▅▄▃▃▃▃▁▁▄▆▅▅▄▄▄▄▄▃▃▄▄  \n                97.6              "
        },
        "korona": {
            "current": 0.010027537623822542,
            "diff_percent": -3.735638811303593
        },
        "crypto": {
            "current": 0.010217676370312088,
            "diff_percent": -1.910306845003945
        },
        "forex": {
            "current": 0.01083286614982792,
            "diff_percent": 3.99551503834803
        }
    },
    "rub2usd": {
        "bank": {
            "current": 0.01212709192335678,
            "sparkline_full": "    80.2                          \n  ████▇▇▇██▇▆▅▅▅▅▁▁▃▄▃▃▄▄▄▅▅▄▄▄▄  \n                 84.1             "
        },
        "korona": {
            "current": 0.011482047329928814,
            "diff_percent": -5.319037717407004
        },
        "crypto": {
            "current": 0.01187081048141377,
            "diff_percent": -2.1132967702620507
        },
        "forex": {
            "current": 0.012552138445066195,
            "diff_percent": 3.504933618015839
        }
    },
    "xdr": {
        "rub2xdr": {
            "current_rate": 0.008811825461944924,
            "sparkline": "▇███████▇▆▅▄▅▅▃▁▁▂▂▄▄▆▆▆▆▅▅▅▅▆"
        },
        "usd2xdr": {
            "current_rate": 0.700441,
            "sparkline": "▄▄▅▅▅▅▅▅▄▄▃▃▃▃▃▃▃▃▃▃▃▆▆▆▆▅▅▅▅▅"
        },
        "eur2xdr": {
            "current_rate": 0.8134343524668124,
            "sparkline": "▅▆▆▆▆▆▆▇▆▆▆▆▆▆▅▃▃▂▃▄▄▆▆▆▇▆▆▆▆▆"
        },
        "cny2xdr": {
            "current_rate": 0.09744317075206588,
            "sparkline": "▄▅▅▅▅▅▅▅▅▄▄▄▄▄▄▄▄▃▃▃▃▆▆▆▆▅▅▅▅▅"
        },
        "rsd2xdr": {
            "current_rate": 0.006943653035935564,
            "sparkline": "▅▆▆▆▆▆▆▇▆▆▆▆▆▆▅▄▃▂▃▄▄▆▆▆▇▆▆▆▆▆"
        }
    },
    "neer": {
        "rub": {
            "current_rate": 96.4723830385601,
            "sparkline": "█▇██▇▇▇▇▇▇▆▆▄▄▆▆▁▂▅▅▅▄▅▅▄▅▄▄▄▄"
        },
        "usd": {
            "current_rate": 103.83508121935533,
            "sparkline": "▄▄▄▅▄▄▄▄▄▃▃▃▃▃▄▅▅▆▆▅▅▅▅▅▄▄▄▄▄▄"
        },
        "eur": {
            "current_rate": 110.47383330296758,
            "sparkline": "▅▅▄▄▅▅▅▅▅▅▅▅▆▆▅▄▄▄▃▅▅▄▄▄▅▅▅▅▅▅"
        },
        "cny": {
            "current_rate": 103.70740542205256,
            "sparkline": "▄▄▄▅▄▄▄▄▄▄▄▄▄▄▄▅▅▅▅▄▄▅▅▅▄▄▄▄▄▄"
        },
        "rsd": {
            "current_rate": 110.32270005328513,
            "sparkline": "▅▅▅▅▅▅▅▄▅▅▅▅▅▅▄▆▄▃▅▅▅▅▆▅▅▅▅▅▅▅"
        }
    },
    "update_time": "2025-08-12 01:51:27",
    "update_time_display": "12.08 01:51"
}