{
    "rub2rsd": {
        "bank": {
            "current": 1.2136897552203858,
            "sparkline_full": "                         1.26     \n  ▅▂  ▁▁▂▂▂▃▄▅▅▅▅▆▆▇▇▇▇▇▆█████▆▅  \n      1.16                        "
        },
        "korona": {
            "current": 1.1915944730598669,
            "diff_percent": -1.8205049573403371
        },
        "crypto": {
            "current": 1.2525587218284515,
            "diff_percent": 3.2025454973876553
        },
        "forex": {
            "current": 1.2872478132596494,
            "diff_percent": 6.06069695512151
        }
    },
    "rub2eur": {
        "bank": {
            "current": 0.01046134532900931,
            "sparkline_full": "                         92.2     \n  ▅▂  ▁▁▂▂▂▃▄▅▅▅▅▅▆▆▇▇▇▆▆████▇▆▅  \n     99.8                         "
        },
        "korona": {
            "current": 0.010200759828077617,
            "diff_percent": -2.49093680340605
        },
        "crypto": {
            "current": 0.010732341713322126,
            "diff_percent": 2.590454437646215
        },
        "forex": {
            "current": 0.010964745688196668,
            "diff_percent": 4.812004033471955
        }
    },
    "rub2usd": {
        "bank": {
            "current": 0.0125250501002004,
            "sparkline_full": "                         78.6     \n  ▅▃  ▁▁▂▂▂▂▃▄▄▄▅▅▅▅▆▆▆▆▆█████▇▇  \n      85.0                        "
        },
        "korona": {
            "current": 0.01189018266815101,
            "diff_percent": -5.068781577482331
        },
        "crypto": {
            "current": 0.012823880748004982,
            "diff_percent": 2.3858638920717867
        },
        "forex": {
            "current": 0.013063033053392535,
            "diff_percent": 4.295255898286012
        }
    },
    "xdr": {
        "rub2xdr": {
            "current_rate": 0.009021296133347591,
            "sparkline": "▃▂▃▂▁▁▁▁▁▂▃▃▄▄▅▅▅▆▆▆▆▆▆████▇▅▆"
        },
        "usd2xdr": {
            "current_rate": 0.686755,
            "sparkline": "▄▄▅▄▅▅▅▅▅▅▅▅▅▅▅▆▆▆▆▆▆▆▅▅▅▄▄▃▃▃"
        },
        "eur2xdr": {
            "current_rate": 0.8227547076681259,
            "sparkline": "▄▄▄▄▄▄▄▄▄▄▄▄▄▄▄▄▄▄▄▄▄▅▅▄▄▅▅▄▅▅"
        },
        "cny2xdr": {
            "current_rate": 0.09887341990843387,
            "sparkline": "▄▄▄▄▄▄▄▄▄▅▅▅▅▅▅▅▅▅▆▆▆▆▅▅▄▄▄▃▃▃"
        },
        "rsd2xdr": {
            "current_rate": 0.0070082046676803456,
            "sparkline": "▄▄▄▄▄▄▄▄▄▄▄▄▄▄▄▄▄▄▄▄▄▅▅▄▄▅▄▄▅▅"
        }
    },
    "neer": {
        "rub": {
            "current_rate": 98.66304078458198,
            "sparkline": "▄▃▃▄▄▄▄▄▄▄▄▃▃▄▃▃▄▄▅▅▄▄▄▅▆▆▆▆▅▄"
        },
        "usd": {
            "current_rate": 101.19206156393984,
            "sparkline": "▅▅▅▅▅▅▅▅▅▅▆▆▆▅▆▆▆▅▅▅▅▅▅▅▅▄▄▄▄▃"
        },
        "eur": {
            "current_rate": 111.17750462063692,
            "sparkline": "▅▅▅▅▅▄▄▄▄▄▄▄▄▄▄▄▄▄▄▄▄▅▅▄▄▅▅▅▅▅"
        },
        "cny": {
            "current_rate": 106.58745089573087,
            "sparkline": "▄▄▄▅▅▅▅▅▅▅▅▅▅▅▅▅▅▅▅▅▅▅▅▅▅▄▄▄▄▄"
        },
        "rsd": {
            "current_rate": 110.50492033165307,
            "sparkline": "▅▅▅▅▅▅▅▅▅▅▅▅▅▅▄▄▅▅▅▄▅▄▅▅▅▅▅▅▅▅"
        }
    },
    "specific_rates": {
        "rub_kzt_bank": 6.35,
        "rub_kzt_crypto": 6.514531419986531,
        "kzt_rsd_bank": 0.19227149906524532,
        "rsd_eur_cash": 0.008443908323281062,
        "eur_rsd_cash": 116.81428571428572,
        "rsd_usd_cash": 0.009978380176284718,
        "usd_rsd_cash": 95.83333333333333,
        "eur_usd_exch": 1.1980323516656244,
        "usd_kzt_bank": 501.0
    },
    "update_time": "2026-01-28 11:07:08",
    "update_time_display": "28.01 11:07"
}