{
    "rub2rsd": {
        "bank": {
            "current": 1.188380335102031,
            "sparkline_full": " 1.22                             \n  █▇▆██▆▆▅▇▆▅▆▄▄▃▃▄▇▇▁▁▁▃▂▃▁▁▁▁▁  \n                              1.19"
        },
        "korona": {
            "current": 1.1578306421107374,
            "diff_percent": -2.570699976171409
        },
        "crypto": {
            "current": 1.1966819271746802,
            "diff_percent": 0.6985635681977599
        },
        "forex": {
            "current": 1.2481689015483473,
            "diff_percent": 5.031096920766783
        }
    },
    "rub2eur": {
        "bank": {
            "current": 0.010293360782295419,
            "sparkline_full": "    95.5                          \n  ██▆██▆▆▇▇▆▅▅▅▅▄▃▄▄▄▁▁▁▃▄▃▂▃▃▃▂  \n                      97.5        "
        },
        "korona": {
            "current": 0.00991414617097879,
            "diff_percent": -3.6840699489410462
        },
        "crypto": {
            "current": 0.010316706254948533,
            "diff_percent": 0.2268012668250009
        },
        "forex": {
            "current": 0.01065147134693471,
            "diff_percent": 3.479044135470705
        }
    },
    "rub2usd": {
        "bank": {
            "current": 0.012006243246488173,
            "sparkline_full": "     81.9                         \n  ▅▅▄▇▇▆▆▅▆▆▆▅▅▅▄▃▄▇▆▂▂▂▃▂▂▂▂▂▂▂  \n                              83.3"
        },
        "korona": {
            "current": 0.011336831901603226,
            "diff_percent": -5.575527091546723
        },
        "crypto": {
            "current": 0.01200921658986175,
            "diff_percent": 0.024764976958514217
        },
        "forex": {
            "current": 0.01243377460799417,
            "diff_percent": 3.5609087099834498
        }
    },
    "xdr": {
        "rub2xdr": {
            "current_rate": 0.008646895839979523,
            "sparkline": "█▇▇█▆▅▅▆▇█▇▆▆▅▃▁▁▂▃▃▂▁▂▃▃▂▄▃▃▁"
        },
        "usd2xdr": {
            "current_rate": 0.697027,
            "sparkline": "▇▇▇▆▄▄▄▅▅▅▅▆▇▅▃▃▃▄▅▅▂▃▄▅▅▄▄▃▃▃"
        },
        "eur2xdr": {
            "current_rate": 0.8118029480000373,
            "sparkline": "▃▃▄▆▃▃▃▃▄▆▅▅▇▅▃▂▂▃▄▆▃▃▃▃▄▄▄▂▄▂"
        },
        "cny2xdr": {
            "current_rate": 0.09774877994053963,
            "sparkline": "▆▆▆▆▄▄▄▄▅▅▅▅▆▄▃▃▃▄▅▅▃▄▅▆▆▆▆▅▅▅"
        },
        "rsd2xdr": {
            "current_rate": 0.006927664861104209,
            "sparkline": "▄▃▅▆▄▃▃▃▄▆▅▆▇▅▃▃▂▃▄▆▃▃▃▃▄▄▄▃▄▂"
        }
    },
    "neer": {
        "rub": {
            "current_rate": 95.1915104011026,
            "sparkline": "▅█▅▄▇▅▅█▇▄▅▅▄▃▅▂▃▅▄▂▁▃▂▃▃▂▃▃▂▁"
        },
        "usd": {
            "current_rate": 103.71635571052957,
            "sparkline": "▅▆▅▄▄▄▄▅▅▃▄▄▄▄▄▄▅▅▅▃▃▄▄▄▄▃▃▃▃▃"
        },
        "eur": {
            "current_rate": 110.61497181854011,
            "sparkline": "▃▃▄▄▄▄▄▄▄▅▅▅▅▆▅▅▅▅▄▆▆▅▅▄▄▄▅▅▅▅"
        },
        "cny": {
            "current_rate": 104.48881484427076,
            "sparkline": "▅▅▄▄▄▃▄▄▄▃▃▃▃▃▄▄▅▅▅▄▄▅▅▆▅▆▆▆▆▆"
        },
        "rsd": {
            "current_rate": 110.59229127896951,
            "sparkline": "▄▄▄▅▄▄▄▅▄▄▅▅▄▄▂▂▆▃▇▅▅▂▃▄▄▄▄▄▄▄"
        }
    },
    "update_time": "2025-09-02 14:50:42",
    "update_time_display": "02.09 14:50"
}