{
    "rub2rsd": {
        "bank": {
            "current": 1.2572646893647426,
            "sparkline_full": "       1.26                       \n  ▆▆▆▅▅▅█▇▇▇▇▅█▆▅▆▆▆▆▅▂▁▂▂▃▄▅▅▇▇  \n                      1.22        "
        },
        "korona": {
            "current": 1.2025064539834616,
            "diff_percent": -4.355346638180753
        },
        "crypto": {
            "current": 1.2475810011815882,
            "diff_percent": -0.7702187347715318
        },
        "forex": {
            "current": 1.2955727121554772,
            "diff_percent": 3.0469338011942826
        }
    },
    "rub2eur": {
        "bank": {
            "current": 0.010770059235325796,
            "sparkline_full": "       92.1                       \n  ▅▆▆▄▄▅█▇▇▇▆▅▇▆▅▅▅▆▆▅▁▁▃▃▃▄▅▆▆▆  \n                     95.0         "
        },
        "korona": {
            "current": 0.010299841147609949,
            "diff_percent": -4.365974944441634
        },
        "crypto": {
            "current": 0.010617618345001793,
            "diff_percent": -1.4154136666583605
        },
        "forex": {
            "current": 0.011049373133934417,
            "diff_percent": 2.593429548581049
        }
    },
    "rub2usd": {
        "bank": {
            "current": 0.012417732522041475,
            "sparkline_full": "                              80.5\n  ▃▄▄▃▂▂▄▅▄▄▅▄▆▅▅▅▅▅▆▄▃▃▃▃▅▆▆▆▇▇  \n      82.3                        "
        },
        "korona": {
            "current": 0.01145062485938862,
            "diff_percent": -7.788118007343438
        },
        "crypto": {
            "current": 0.012216840173896248,
            "diff_percent": -1.6177860796135157
        },
        "forex": {
            "current": 0.012738593863055021,
            "diff_percent": 2.5838963791820855
        }
    },
    "xdr": {
        "rub2xdr": {
            "current_rate": 0.009035698043331842,
            "sparkline": "▂▃▃▂▁▁▃▄▅█▄▃▂▂▃▃▃▃▃▃▁▁▁▁▁▂▂▂▂▂"
        },
        "usd2xdr": {
            "current_rate": 0.709327,
            "sparkline": "▄▄▄▃▃▃▃▃▃▇▄▃▃▃▃▃▃▃▃▃▃▂▂▂▂▂▂▂▂▂"
        },
        "eur2xdr": {
            "current_rate": 0.8177566214667642,
            "sparkline": "▃▃▃▃▃▂▃▃▃▇▄▃▃▃▃▃▃▃▃▃▄▃▃▃▃▃▃▃▃▃"
        },
        "cny2xdr": {
            "current_rate": 0.09879343723450187,
            "sparkline": "▄▄▄▃▃▃▃▃▃▇▄▃▃▃▃▃▃▃▃▃▃▂▂▂▂▂▂▂▂▂"
        },
        "rsd2xdr": {
            "current_rate": 0.006974288635872023,
            "sparkline": "▃▃▃▃▃▂▃▃▃▇▄▃▃▃▃▃▃▃▃▃▄▃▃▃▃▃▃▃▃▃"
        }
    },
    "neer": {
        "rub": {
            "current_rate": 98.82424532488412,
            "sparkline": "▃▃▃▂▃▃▃▆██▅▄▄▅▃▅▄▃▃▅▂▃▁▁▂▄▄▅▅▅"
        },
        "usd": {
            "current_rate": 104.23587558935944,
            "sparkline": "▆▅▅▅▅▆▆▅▆▆▅▅▅▄▅▅▅▄▄▄▃▄▃▃▃▃▄▅▄▄"
        },
        "eur": {
            "current_rate": 109.30487874999424,
            "sparkline": "▃▃▄▄▄▃▃▃▄▄▄▄▄▄▄▄▄▄▄▅▆▆▆▆▆▆▆▅▆▆"
        },
        "cny": {
            "current_rate": 103.77188125373051,
            "sparkline": "▅▅▅▅▅▅▅▅▅▅▄▅▅▄▅▄▅▅▅▅▄▄▄▄▄▄▄▅▅▅"
        },
        "rsd": {
            "current_rate": 109.89879655536572,
            "sparkline": "▄▃▃▄▄▃▃▄▃▃▃▅▄▄▃▄▄▄▄▄▃▆▅▅▅▃▄▄▄▄"
        }
    },
    "update_time": "2025-06-21 00:21:28",
    "update_time_display": "21.06 00:21"
}