{
    "rub2rsd": {
        "bank": {
            "current": 1.2251725761013323,
            "sparkline_full": "                            1.23  \n  ▇▇▇▇▆▅▄▂▂▁▁▁▁▁▄▅▅▆▆▆▆▆▇▇▇█████  \n             1.12                 "
        },
        "korona": {
            "current": 1.2053779659550878,
            "diff_percent": -1.6156589310245322
        },
        "crypto": {
            "current": 1.235540028761768,
            "diff_percent": 0.8462034543269206
        },
        "forex": {
            "current": 1.3008343037751178,
            "diff_percent": 6.175597556594962
        }
    },
    "rub2eur": {
        "bank": {
            "current": 0.010565240359218171,
            "sparkline_full": "                              94.7\n  ▇▇▇▇▆▅▄▂▂▁▁▁▁▂▄▅▆▆▆▆▆▆▇▇▇██▇██  \n            104                   "
        },
        "korona": {
            "current": 0.010324436539229875,
            "diff_percent": -2.2792081561892172
        },
        "crypto": {
            "current": 0.010677006785703116,
            "diff_percent": 1.05786922668001
        },
        "forex": {
            "current": 0.0110833858467905,
            "diff_percent": 4.904247039872096
        }
    },
    "rub2usd": {
        "bank": {
            "current": 0.01235941169200346,
            "sparkline_full": "                              80.9\n  ▇▆▆▆▅▄▃▂▁▁▁▁▁▁▃▅▅▅▅▅▅▆▆▇▇▇▇███  \n            89.9                  "
        },
        "korona": {
            "current": 0.011771269198780156,
            "diff_percent": -4.758660912669753
        },
        "crypto": {
            "current": 0.012465824676501544,
            "diff_percent": 0.860987457573997
        },
        "forex": {
            "current": 0.012847426531991377,
            "diff_percent": 3.94852807034223
        }
    },
    "xdr": {
        "rub2xdr": {
            "current_rate": 0.009037043864313856,
            "sparkline": "▇▆▇▇▆▄▂▁▁▂▂▃▄▅▄▄▄▄▅▅▆▆▆▆▆▆▇█▇█"
        },
        "usd2xdr": {
            "current_rate": 0.698112,
            "sparkline": "▅▅▅▅▆▅▅▅▅▄▄▅▄▄▄▅▅▅▅▅▅▄▅▅▅▅▅▅▄▃"
        },
        "eur2xdr": {
            "current_rate": 0.8153685154731648,
            "sparkline": "▄▄▄▄▄▄▄▄▄▄▄▄▄▄▄▄▄▄▄▄▅▄▄▄▄▄▄▅▄▄"
        },
        "cny2xdr": {
            "current_rate": 0.10213931440108852,
            "sparkline": "▅▅▅▅▅▅▅▅▅▄▄▄▄▄▄▄▄▄▅▅▅▄▅▅▅▅▅▅▄▄"
        },
        "rsd2xdr": {
            "current_rate": 0.006947113739303833,
            "sparkline": "▄▄▄▄▄▅▄▄▄▄▄▄▄▄▄▄▄▄▄▄▅▄▄▄▄▄▄▅▄▄"
        }
    },
    "neer": {
        "rub": {
            "current_rate": 98.83742503138957,
            "sparkline": "▇▇▆▆▇▅▄▃▂▃▂▁▄▅▅▄▅▅▄▅▅▆▆▅▆▆▇▇▇█"
        },
        "usd": {
            "current_rate": 102.51668984035112,
            "sparkline": "▄▄▅▅▄▄▄▅▄▅▅▄▄▄▄▅▅▅▅▅▄▅▅▅▅▅▄▄▄▄"
        },
        "eur": {
            "current_rate": 110.85794548629588,
            "sparkline": "▄▄▄▄▄▄▄▄▄▅▅▄▄▄▄▄▅▅▄▄▅▄▄▄▄▄▄▄▅▅"
        },
        "cny": {
            "current_rate": 110.65633503310455,
            "sparkline": "▄▅▄▄▅▄▅▅▅▄▄▄▅▄▄▅▄▄▅▅▅▅▅▄▄▅▅▄▄▄"
        },
        "rsd": {
            "current_rate": 111.48762627312898,
            "sparkline": "▅▆▃▃▅▅▆▅▆▃▃▅▆▆▆▆▃▃▆▅▆▆▆▃▃▆▆▃▄▄"
        }
    },
    "specific_rates": {
        "rub_kzt_bank": 5.89,
        "rub_kzt_crypto": 5.952431283029488,
        "kzt_rsd_bank": 0.20756896972239222,
        "rsd_eur_cash": 0.008447135013374631,
        "eur_rsd_cash": 116.75,
        "rsd_usd_cash": 0.009765625,
        "usd_rsd_cash": 98.2,
        "eur_usd_exch": 1.1679623262072059,
        "usd_kzt_bank": 470.5
    },
    "update_time": "2026-04-10 13:20:41",
    "update_time_display": "10.04 13:20"
}