{
    "rub2rsd": {
        "bank": {
            "current": 1.1878331024132904,
            "sparkline_full": " 1.19                             \n  █▇▇▆▅▆▄▂▁▂▃▃▃▄▃▃▃▃▃▃▃▂▃▄▄▄▄▅▆▇  \n         1.13                     "
        },
        "korona": {
            "current": 1.1251727453381348,
            "diff_percent": -5.275181921420622
        },
        "crypto": {
            "current": 1.1103820948088337,
            "diff_percent": -6.52036110520085
        },
        "forex": {
            "current": 1.2106458138427603,
            "diff_percent": 1.9205317130093298
        }
    },
    "rub2eur": {
        "bank": {
            "current": 0.010216591744993871,
            "sparkline_full": " 97.5                             \n  █▇▆▆▆▅▄▃▁▂▃▃▃▄▃▃▃▃▃▃▂▃▃▃▄▄▄▅▅▇  \n         103                      "
        },
        "korona": {
            "current": 0.00963745392152578,
            "diff_percent": -5.668601016105674
        },
        "crypto": {
            "current": 0.009529638048609897,
            "diff_percent": -6.723902780206332
        },
        "forex": {
            "current": 0.010329616407823127,
            "diff_percent": 1.1062853997727626
        }
    },
    "rub2usd": {
        "bank": {
            "current": 0.012023566189731874,
            "sparkline_full": "                              83.2\n  ▇▇▆▆▆▆▄▃▁▂▃▃▄▅▄▄▄▄▄▃▃▃▃▃▃▃▄▅▆█  \n         87.6                     "
        },
        "korona": {
            "current": 0.011011672982365776,
            "diff_percent": -8.415915805663838
        },
        "crypto": {
            "current": 0.01119299305345817,
            "diff_percent": -6.907876774388392
        },
        "forex": {
            "current": 0.012270435490025976,
            "diff_percent": 2.0532119705460494
        }
    },
    "xdr": {
        "rub2xdr": {
            "current_rate": 0.008435406330928062,
            "sparkline": "████▇▆▃▁▁▁▂▂▃▃▃▁▂▂▂▂▁▁▁▂▂▃▃▄▅▅"
        },
        "usd2xdr": {
            "current_rate": 0.695924,
            "sparkline": "▅▅▆▅▅▅▄▅▅▅▅▅▅▅▅▃▄▄▄▄▄▄▄▅▅▅▅▅▅▅"
        },
        "eur2xdr": {
            "current_rate": 0.8166233863766242,
            "sparkline": "▃▃▅▄▄▄▄▄▄▄▄▄▄▅▆▄▄▄▄▄▄▄▄▃▄▄▄▄▄▄"
        },
        "cny2xdr": {
            "current_rate": 0.09774762627113882,
            "sparkline": "▅▅▆▅▄▅▄▅▅▅▄▄▅▅▅▃▄▄▄▄▄▄▄▄▅▅▅▅▅▅"
        },
        "rsd2xdr": {
            "current_rate": 0.006967691321834993,
            "sparkline": "▃▃▅▄▄▄▄▄▄▄▄▄▄▅▆▄▄▄▄▄▄▄▄▃▄▄▄▄▄▄"
        }
    },
    "neer": {
        "rub": {
            "current_rate": 92.90174792946537,
            "sparkline": "██▇▇▇▇▅▄▂▁▃▃▁▄▄▄▄▄▄▄▃▃▃▄▄▄▄▅▅▅"
        },
        "usd": {
            "current_rate": 103.50882615399206,
            "sparkline": "▅▅▅▅▅▅▅▅▅▅▄▄▄▄▄▄▅▄▄▄▄▄▅▅▅▅▅▅▅▅"
        },
        "eur": {
            "current_rate": 110.80274720337586,
            "sparkline": "▄▄▄▄▄▄▄▄▄▄▄▄▅▅▅▅▅▅▅▅▅▅▅▄▅▅▅▅▅▅"
        },
        "cny": {
            "current_rate": 104.66616081661637,
            "sparkline": "▅▅▄▄▄▄▄▄▅▅▄▄▄▄▄▄▅▅▅▄▅▄▅▅▅▅▅▅▅▅"
        },
        "rsd": {
            "current_rate": 110.72779092533636,
            "sparkline": "▄▄▄▄▄▄▅▄▅▅▄▄▄▅▅▅▄▄▄▅▅▅▄▄▅▄▄▄▄▄"
        }
    },
    "update_time": "2025-10-02 09:50:44",
    "update_time_display": "02.10 09:50"
}