{
    "rub2rsd": {
        "bank": {
            "current": 1.2598165137614679,
            "sparkline_full": " 1.33                             \n  ██▄▁▁▂▂▁ ▂▁▁▁▄▅▅▃▁▁▃▄▂▂▁▁▁▁▁▁▁  \n    1.26                          "
        },
        "korona": {
            "current": 1.2172819296174044,
            "diff_percent": -3.3762523097166564
        },
        "crypto": {
            "current": 1.3483320657104871,
            "diff_percent": 7.0260669694458935
        },
        "forex": {
            "current": 1.309498497713806,
            "diff_percent": 3.943588880574466
        }
    },
    "rub2eur": {
        "bank": {
            "current": 0.010707784559374666,
            "sparkline_full": " 88.1                             \n  ██▄▁▁▂▂▁▃▂▁▁▁▄▅▅▃▂▂▃▃▂▁▁▁▁▁▁▁▁  \n     93.7                         "
        },
        "korona": {
            "current": 0.010413019072860602,
            "diff_percent": -2.7528148785548443
        },
        "crypto": {
            "current": 0.011393587008786158,
            "diff_percent": 6.40470907505392
        },
        "forex": {
            "current": 0.011157641909025517,
            "diff_percent": 4.2012177883893
        }
    },
    "rub2usd": {
        "bank": {
            "current": 0.012232415902140673,
            "sparkline_full": " 77.5                             \n  █▇▄▁▁▂▂▂▃▃▂▂▂▄▅▅▄▂▂▄▄▃▂▂▂▂▂▁▁▁  \n     82.1                         "
        },
        "korona": {
            "current": 0.011665375463511303,
            "diff_percent": -4.635555585795101
        },
        "crypto": {
            "current": 0.012990140602374028,
            "diff_percent": 6.1943994244076785
        },
        "forex": {
            "current": 0.012742814327001004,
            "diff_percent": 4.172507123233209
        }
    },
    "xdr": {
        "rub2xdr": {
            "current_rate": 0.009111820294733855,
            "sparkline": "██▄▁▁▂▂▁▃▃▃▃▃▄▄▅▄▃▄▄▄▂▁▁▁▁▁▁▁▁"
        },
        "usd2xdr": {
            "current_rate": 0.715269,
            "sparkline": "▅▅▅▅▅▅▅▅▅▄▄▄▄▄▄▄▄▄▄▅▅▄▄▄▄▄▄▅▅▅"
        },
        "eur2xdr": {
            "current_rate": 0.8166439081866592,
            "sparkline": "▄▅▅▅▄▅▅▄▅▅▅▄▄▄▄▅▄▄▄▅▅▅▄▄▄▅▄▅▅▅"
        },
        "cny2xdr": {
            "current_rate": 0.10560593533146317,
            "sparkline": "▅▅▅▅▅▅▅▄▅▄▄▄▄▄▄▄▄▄▅▅▅▅▄▄▄▄▅▅▅▅"
        },
        "rsd2xdr": {
            "current_rate": 0.006958251812156921,
            "sparkline": "▄▄▅▄▄▅▅▄▅▅▅▅▅▄▄▅▄▄▅▅▅▅▄▄▄▅▄▄▅▅"
        }
    },
    "neer": {
        "rub": {
            "current_rate": 98.98775964605497,
            "sparkline": "██▆▂▁▆▃▂▂▂▃▃▂▂▅▅▅▃▄▅▄▂▂▁▁▁▁▁▁▁"
        },
        "usd": {
            "current_rate": 103.5387460792593,
            "sparkline": "▅▅▄▅▅▄▄▅▅▄▅▅▄▄▄▄▄▅▅▄▄▄▄▄▅▅▄▄▅▅"
        },
        "eur": {
            "current_rate": 108.54006435475331,
            "sparkline": "▄▄▅▅▅▅▅▅▅▅▅▅▅▅▅▅▅▄▄▅▅▅▅▅▅▅▅▅▅▅"
        },
        "cny": {
            "current_rate": 113.25708807201303,
            "sparkline": "▅▅▅▄▄▅▅▅▅▅▄▄▅▅▅▅▅▄▄▅▅▄▄▄▄▄▄▄▄▄"
        },
        "rsd": {
            "current_rate": 109.56420235371118,
            "sparkline": "▆▆▆▂▂▆▆▇▆▇▂▂▇▇▇▇▇▂▂▆▆▂▂▃▃▃▃▂▂▂"
        }
    },
    "specific_rates": {
        "rub_kzt_bank": 5.75,
        "rub_kzt_crypto": 6.118356223718167,
        "kzt_rsd_bank": 0.22037488770000002,
        "rsd_eur_cash": 0.0084530853761623,
        "eur_rsd_cash": 116.9,
        "rsd_usd_cash": 0.009583133684714902,
        "usd_rsd_cash": 100.87857142857142,
        "eur_usd_exch": 1.1417297662650823,
        "usd_kzt_bank": 464.0
    },
    "conversion_rates": {
        "rub_usd": {
            "rub_to_usd": [
                0.012232415902140673,
                0.01221001221001221
            ],
            "usd_to_rub": [
                76.14,
                77.3
            ]
        },
        "rub_eur": {
            "rub_to_eur": [
                0.010707784559374666,
                0.0106951871657754
            ],
            "eur_to_rub": [
                86.89,
                88.3
            ]
        },
        "rub_kzt": {
            "rub_to_kzt": [
                5.75,
                5.714285714285714
            ],
            "kzt_to_rub": [
                0.1639344262295082,
                0.165
            ]
        },
        "rub_rsd": {
            "rub_to_rsd": [
                1.3208828597
            ],
            "rsd_to_rub": [
                0.7570694044944462
            ]
        },
        "usd_eur": {
            "usd_to_eur": [
                0.8687342541916427
            ],
            "eur_to_usd": [
                1.1311
            ]
        },
        "usd_kzt": {
            "usd_to_kzt": [
                464.0
            ],
            "kzt_to_usd": [
                0.0021231422505307855
            ]
        },
        "usd_rsd": {
            "usd_to_rsd": [
                102.99
            ],
            "rsd_to_usd": [
                0.009709680551509855
            ]
        },
        "eur_kzt": {
            "eur_to_kzt": [
                530.0
            ],
            "kzt_to_eur": [
                0.00186219739292365
            ]
        },
        "eur_rsd": {
            "eur_to_rsd": [
                117.6453593854
            ],
            "rsd_to_eur": [
                0.008500122786178524
            ]
        },
        "kzt_rsd": {
            "kzt_to_rsd": [
                0.22037488770000002
            ],
            "rsd_to_kzt": [
                4.537722108161963
            ]
        },
        "eur_usd_forex": {
            "eur_to_usd": [
                1.1417297662650823
            ],
            "usd_to_eur": [
                0.875864
            ]
        }
    },
    "update_time": "2026-07-23 04:06:29",
    "update_time_display": "23.07 04:06"
}