{
    "rub2rsd": {
        "bank": {
            "current": 1.1888052310687152,
            "sparkline_full": "                         1.22     \n  ▁▁▁▁▂▂▂▂▃▄▄▄▃▃▂▃▄▅▆▅▅▆▇██▆▅▅▅▅  \n   1.14                           "
        },
        "korona": {
            "current": 1.152265879334503,
            "diff_percent": -3.0736196964210727
        },
        "crypto": {
            "current": 1.3095920636843907,
            "diff_percent": 10.160355074067963
        },
        "forex": {
            "current": 1.2406339861420197,
            "diff_percent": 4.359734775621014
        }
    },
    "rub2eur": {
        "bank": {
            "current": 0.01026167265264238,
            "sparkline_full": "                        95.0      \n  ▁▁▁▁▁▂▂▂▃▃▄▃▃▃▃▃▄▅▆▆▆▆▇██▅▅▅▅▅  \n  102                             "
        },
        "korona": {
            "current": 0.009866496826105835,
            "diff_percent": -3.8509884295986327
        },
        "crypto": {
            "current": 0.01126956303368308,
            "diff_percent": 9.82189176324162
        },
        "forex": {
            "current": 0.010583330500463718,
            "diff_percent": 3.1345557270189284
        }
    },
    "rub2usd": {
        "bank": {
            "current": 0.011953143676786996,
            "sparkline_full": "                         81.4     \n  ▁▂▁▁▁▁▁▂▃▄▅▄▃▃▃▃▄▅▄▅▅▅▆▇█▅▄▄▅▅  \n     86.2                         "
        },
        "korona": {
            "current": 0.011331639723716664,
            "diff_percent": -5.199502071386394
        },
        "crypto": {
            "current": 0.013100997100098799,
            "diff_percent": 9.602941739426543
        },
        "forex": {
            "current": 0.012292940778757798,
            "diff_percent": 2.842742555087735
        }
    },
    "xdr": {
        "rub2xdr": {
            "current_rate": 0.00860438979509172,
            "sparkline": "▁▁▁▁▁▁▁▂▂▃▃▃▃▃▂▃▄▅▆▅▅▆▇█▇▅▅▅▅▅"
        },
        "usd2xdr": {
            "current_rate": 0.700107,
            "sparkline": "▄▄▄▄▄▄▄▄▄▄▄▄▄▄▄▄▅▅▅▅▅▅▅▅▅▅▅▅▅▅"
        },
        "eur2xdr": {
            "current_rate": 0.8130134266065594,
            "sparkline": "▅▅▅▄▄▅▅▅▅▅▅▄▄▅▄▄▄▄▅▅▅▄▅▅▅▅▅▅▄▄"
        },
        "cny2xdr": {
            "current_rate": 0.09832134932449513,
            "sparkline": "▄▄▄▄▄▄▄▄▄▄▄▄▄▄▄▄▅▅▅▅▅▅▅▅▅▅▅▅▅▅"
        },
        "rsd2xdr": {
            "current_rate": 0.0069354780629931456,
            "sparkline": "▅▅▅▄▄▅▅▅▅▅▅▄▅▅▄▄▄▄▅▅▅▄▅▅▅▅▅▅▄▄"
        }
    },
    "neer": {
        "rub": {
            "current_rate": 95.15134864123986,
            "sparkline": "▂▁▂▁▂▂▂▁▂▃▄▅▃▃▅▃▄▅▅▅▅▅▆██▆▅▅▅▆"
        },
        "usd": {
            "current_rate": 104.03381546434481,
            "sparkline": "▄▄▄▄▅▄▄▄▄▄▄▄▄▄▄▄▅▅▅▅▅▅▅▅▄▄▅▅▅▅"
        },
        "eur": {
            "current_rate": 110.30331746951998,
            "sparkline": "▅▅▅▅▅▅▅▅▅▅▅▅▅▅▄▄▄▄▄▄▄▄▄▄▄▅▄▄▄▄"
        },
        "cny": {
            "current_rate": 105.40342972707764,
            "sparkline": "▄▄▄▄▄▄▄▄▄▄▄▄▄▄▅▅▅▅▅▅▅▅▅▅▅▄▅▅▅▅"
        },
        "rsd": {
            "current_rate": 110.449797974253,
            "sparkline": "▄▅▅▅▄▅▄▅▄▅▄▄▄▄▅▅▄▄▄▄▄▅▅▄▄▄▄▄▄▄"
        }
    },
    "update_time": "2025-10-21 17:20:52",
    "update_time_display": "21.10 17:20"
}