{
    "rub2rsd": {
        "bank": {
            "current": 1.2240712402175449,
            "sparkline_full": " 1.25                             \n  █         ▁▁▁▁▁▂▄▆▆▆▆▅▅█▇▆▅▅▆▃  \n           1.21                   "
        },
        "korona": {
            "current": 1.1776478859458095,
            "diff_percent": -3.7925369656985746
        },
        "crypto": {
            "current": 1.1813546363950396,
            "diff_percent": -3.4897155017639014
        },
        "forex": {
            "current": 1.2765523349839434,
            "diff_percent": 4.287421601137483
        }
    },
    "rub2eur": {
        "bank": {
            "current": 0.010565240359218171,
            "sparkline_full": " 93.2                             \n  █         ▁▁▂▂▂▂▄▅▆▆▆▅▅▇█▆▆▆▆▃  \n            95.5                  "
        },
        "korona": {
            "current": 0.010089800536448462,
            "diff_percent": -4.5000379225153
        },
        "crypto": {
            "current": 0.01009203087542572,
            "diff_percent": -4.478927764095549
        },
        "forex": {
            "current": 0.01089350658285811,
            "diff_percent": 3.1070398067520215
        }
    },
    "rub2usd": {
        "bank": {
            "current": 0.01235941169200346,
            "sparkline_full": "                     80.1         \n  ▄         ▃▃▄▄▄▄▅▆▆▆▆▅▅▆▆▄▄▄▅▃  \n            81.0                  "
        },
        "korona": {
            "current": 0.011636015529142021,
            "diff_percent": -5.852998353711903
        },
        "crypto": {
            "current": 0.011781859301078399,
            "diff_percent": -4.672976394974674
        },
        "forex": {
            "current": 0.01280603215338553,
            "diff_percent": 3.613606153042326
        }
    },
    "xdr": {
        "rub2xdr": {
            "current_rate": 0.008897915211190682,
            "sparkline": "▃         ▂▇████▁▂▂▁▁▁▂▂▂▂▂▁▂▁"
        },
        "usd2xdr": {
            "current_rate": 0.697858,
            "sparkline": "▃         ▃█████▁▁▁▁▁▁▁▂▂▂▂▂▂▁"
        },
        "eur2xdr": {
            "current_rate": 0.8168090911325407,
            "sparkline": "▁         ▃█████▁▁▁▁▁▁▁▁▁▁▁▁▁▁"
        },
        "cny2xdr": {
            "current_rate": 0.09726243902439023,
            "sparkline": "▂         ▃█████▁▁▁▁▁▁▁▂▂▂▂▂▂▁"
        },
        "rsd2xdr": {
            "current_rate": 0.006970270601011122,
            "sparkline": "▁         ▃█████▁▁▁▁▁▁▁▁▁▁▁▁▁▁"
        }
    },
    "neer": {
        "rub": {
            "current_rate": 98.12171705674623,
            "sparkline": "█▆▅▅▄▄▄▄▂▃▂▁▂▁▂▃▅▅▆▆▆▇▆█▇█▆▅▅▆"
        },
        "usd": {
            "current_rate": 103.63713128920003,
            "sparkline": "▇▅▅▃▃▃▃▃▂▂▂▂▂▂▃▃▃▃▄▄▃▄▄▅▅▅▅▅▅▄"
        },
        "eur": {
            "current_rate": 110.45519551161223,
            "sparkline": "▃▄▃▅▅▅▅▅▆▆▆▆▆▆▆▆▅▆▅▆▅▆▆▅▅▅▅▅▅▆"
        },
        "cny": {
            "current_rate": 103.60026253907802,
            "sparkline": "▇▄▅▃▃▃▃▃▂▃▃▃▂▃▃▄▄▄▅▄▄▅▅▆▆▅▅▆▆▅"
        },
        "rsd": {
            "current_rate": 110.47947142855159,
            "sparkline": "▃▄▄▄▄▄▄▄▄▆▅▅▄▄▅▅▅▅▄▄▄▄▄▄▄▄▄▄▄▄"
        }
    },
    "update_time": "2025-07-22 18:36:10",
    "update_time_display": "22.07 18:36"
}