{
    "rub2rsd": {
        "bank": {
            "current": 1.1254460270106825,
            "sparkline_full": "        1.21                      \n  ██▇▇▇▇▇██▇▆▆▇▇▇▇▆▆▆▆▆▆▆▅▄▅▃▂▁▁  \n                              1.13"
        },
        "korona": {
            "current": 1.0872417804265195,
            "diff_percent": -3.39458718297118
        },
        "crypto": {
            "current": 1.0967362878807445,
            "diff_percent": -2.550965434228283
        },
        "forex": {
            "current": 1.181330846103757,
            "diff_percent": 4.965570782768784
        }
    },
    "rub2eur": {
        "bank": {
            "current": 0.009702144173862424,
            "sparkline_full": " 96.3                             \n  █████▇███▇▇▇▇█▇▇▇▇▇▇▇▆▆▅▅▅▃▂▁▁  \n                              103 "
        },
        "korona": {
            "current": 0.009316553388402052,
            "diff_percent": -3.9742842257400537
        },
        "crypto": {
            "current": 0.009407416437125695,
            "diff_percent": -3.0377587825454633
        },
        "forex": {
            "current": 0.010085070875892041,
            "diff_percent": 3.9468255178192644
        }
    },
    "rub2usd": {
        "bank": {
            "current": 0.01140120852810398,
            "sparkline_full": "        82.0                      \n  ████▇▇▇██▇▇▆▇▇▆▆▆▆▆▆▆▆▅▅▅▅▄▂▁▁  \n                              87.7"
        },
        "korona": {
            "current": 0.010643580816706015,
            "diff_percent": -6.645152656671552
        },
        "crypto": {
            "current": 0.011032962659717267,
            "diff_percent": -3.2298845116198587
        },
        "forex": {
            "current": 0.011673419739986248,
            "diff_percent": 2.387564539419375
        }
    },
    "xdr": {
        "rub2xdr": {
            "current_rate": 0.008216079932592482,
            "sparkline": "████▇▆▆▇▇▇▇▆▇▇▇▇▇▇▇▆▆▅▆▅▅▄▂▁▁▁"
        },
        "usd2xdr": {
            "current_rate": 0.695271,
            "sparkline": "▅▅▅▅▄▄▄▅▅▅▄▄▅▅▅▅▄▄▄▄▄▄▅▄▄▄▄▄▄▄"
        },
        "eur2xdr": {
            "current_rate": 0.8146774607437508,
            "sparkline": "▅▅▅▅▄▄▄▄▄▅▄▄▄▄▄▄▄▄▄▄▄▄▅▄▄▄▄▄▄▄"
        },
        "cny2xdr": {
            "current_rate": 0.09760244261949884,
            "sparkline": "▅▅▅▄▄▄▄▄▅▅▄▄▅▅▅▅▅▅▅▅▅▅▅▅▄▄▄▅▅▄"
        },
        "rsd2xdr": {
            "current_rate": 0.006954935579385402,
            "sparkline": "▅▅▅▅▄▄▄▄▄▅▄▄▄▄▄▄▄▄▄▄▄▄▅▄▄▄▄▄▄▄"
        }
    },
    "neer": {
        "rub": {
            "current_rate": 90.44771147273714,
            "sparkline": "██▇▇█▇▇██▇▇▇▇▇▇▇▇▇▇▇▇▆▆▆▅▅▄▂▁▁"
        },
        "usd": {
            "current_rate": 103.43327174358659,
            "sparkline": "▄▄▅▄▅▅▅▅▅▄▄▄▅▅▄▄▄▄▄▅▅▅▄▄▄▄▄▄▄▄"
        },
        "eur": {
            "current_rate": 110.6356148285366,
            "sparkline": "▅▅▅▅▄▅▄▄▄▅▅▅▄▄▄▄▄▄▅▄▄▄▅▅▅▅▅▅▅▅"
        },
        "cny": {
            "current_rate": 104.50682456627106,
            "sparkline": "▄▄▄▄▄▄▄▅▅▄▄▄▅▅▅▅▅▅▅▅▅▅▅▅▅▅▅▅▅▅"
        },
        "rsd": {
            "current_rate": 110.75973074092961,
            "sparkline": "▅▄▄▄▅▄▄▅▄▅▅▅▄▅▄▅▄▄▅▄▅▄▅▄▅▄▄▅▅▅"
        }
    },
    "update_time": "2025-09-12 12:50:47",
    "update_time_display": "12.09 12:50"
}