{
    "rub2rsd": {
        "bank": {
            "current": 1.2333197802466032,
            "sparkline_full": "                           1.23   \n  ▄▃▂▃▃▃▂▃▃▂▂▂▂▁▁▂▁▁▁▁▁▁▂▆████▇█  \n                    1.19          "
        },
        "korona": {
            "current": 1.1973538593950306,
            "diff_percent": -2.916187790678356
        },
        "crypto": {
            "current": 1.2834223162887388,
            "diff_percent": 4.062412429006662
        },
        "forex": {
            "current": 1.2971134258369528,
            "diff_percent": 5.172514591276078
        }
    },
    "rub2eur": {
        "bank": {
            "current": 0.0106315118009781,
            "sparkline_full": "                              94.1\n  ▄▃▂▂▂▂▂▂▂▂▂▂▂▁▁▂▁▁▁▁▁▁▂▆████▆█  \n                    97.7          "
        },
        "korona": {
            "current": 0.010252571273107296,
            "diff_percent": -3.564314605152781
        },
        "crypto": {
            "current": 0.01106511742916403,
            "diff_percent": 4.078494538716862
        },
        "forex": {
            "current": 0.011051786652317075,
            "diff_percent": 3.9531052516943985
        }
    },
    "rub2usd": {
        "bank": {
            "current": 0.012331976815883586,
            "sparkline_full": "                              81.1\n  ▆▄▂▁▁▁▁▁▁▁▁▁▁▁▁▂▂▂▂▁▁▁▁▅▆▆▇▇▆█  \n              84.2                "
        },
        "korona": {
            "current": 0.011574227737023011,
            "diff_percent": -6.144587280480399
        },
        "crypto": {
            "current": 0.012810001331455281,
            "diff_percent": 3.8763007967708765
        },
        "forex": {
            "current": 0.012723601389926216,
            "diff_percent": 3.175683670911683
        }
    },
    "xdr": {
        "rub2xdr": {
            "current_rate": 0.009028635123188685,
            "sparkline": "▄▃▃▃▂▂▃▂▂▃▂▂▁▁▁▂▂▂▄▁▁▂▃▆▇▇██▇█"
        },
        "usd2xdr": {
            "current_rate": 0.704694,
            "sparkline": "▃▃▄▄▃▅▅▅▅▅▄▄▄▄▄▄▄▄▆▃▄▄▄▅▅▅▅▅▄▄"
        },
        "eur2xdr": {
            "current_rate": 0.8169389626514167,
            "sparkline": "▃▂▃▃▃▃▃▃▃▄▄▄▃▄▃▄▄▄▇▃▃▃▃▃▃▃▄▄▃▄"
        },
        "cny2xdr": {
            "current_rate": 0.09951196780343148,
            "sparkline": "▃▃▃▃▃▄▄▄▄▅▄▄▃▄▄▄▄▄▆▃▃▄▄▅▅▅▅▅▄▄"
        },
        "rsd2xdr": {
            "current_rate": 0.006960559457136931,
            "sparkline": "▃▃▃▃▃▃▃▃▃▄▄▄▃▄▄▄▄▄▇▃▃▃▂▃▃▃▃▄▃▃"
        }
    },
    "neer": {
        "rub": {
            "current_rate": 98.34188840965372,
            "sparkline": "▄▆▃▄▄▄▄▄▂▁▁▁▁▂▁▁▂▃▃▃▂▂▃▄██▃█▇█"
        },
        "usd": {
            "current_rate": 104.31660151959234,
            "sparkline": "▄▅▅▅▅▅▅▅▅▅▅▅▄▄▄▄▄▄▄▄▅▅▅▅▅▅▅▅▄▄"
        },
        "eur": {
            "current_rate": 110.2891822331917,
            "sparkline": "▅▄▄▄▄▄▄▄▄▅▅▅▅▅▅▅▅▅▅▅▅▅▄▄▄▄▄▄▅▅"
        },
        "cny": {
            "current_rate": 106.83819105807488,
            "sparkline": "▃▄▄▄▄▄▄▄▄▄▄▄▄▄▄▄▄▄▄▄▄▅▅▅▆▅▆▆▅▅"
        },
        "rsd": {
            "current_rate": 110.08626598848534,
            "sparkline": "▅▆▅▅▅▅▅▄▄▄▅▅▅▅▅▅▄▄▅▅▅▃▄▄▄▄▄▅▄▄"
        }
    },
    "specific_rates": {
        "rub_kzt_bank": 6.4,
        "rub_kzt_crypto": 6.661200692356746,
        "kzt_rsd_bank": 0.1926713179144076,
        "rsd_eur_cash": 0.00849514563106796,
        "eur_rsd_cash": 116.78571428571429,
        "rsd_usd_cash": 0.009666505558240696,
        "usd_rsd_cash": 99.51428571428572,
        "eur_usd_exch": 1.159281848080751,
        "usd_kzt_bank": 514.0
    },
    "update_time": "2025-11-27 13:50:42",
    "update_time_display": "27.11 13:50"
}