{
    "rub2rsd": {
        "bank": {
            "current": 1.277757055824941,
            "sparkline_full": "      1.34                        \n   ▆   █▇▇▆▃▁▁▂▂▂ ▂▁▁▁▄▄▅▃▂▂▃▃▂▃  \n           1.26                   "
        },
        "korona": {
            "current": 1.2237143488515456,
            "diff_percent": -4.229497831925839
        },
        "crypto": {
            "current": 1.354913822380322,
            "diff_percent": 6.038453570155987
        },
        "forex": {
            "current": 1.3210723061298923,
            "diff_percent": 3.389944129636317
        }
    },
    "rub2eur": {
        "bank": {
            "current": 0.010826025765941322,
            "sparkline_full": "   87.2                           \n   █████▇▇▆▃▁▁▂▂▂▃▂▁▁▁▃▄▄▃▂▂▃▃▂▂  \n            93.7                  "
        },
        "korona": {
            "current": 0.010468044044923401,
            "diff_percent": -3.306677157042536
        },
        "crypto": {
            "current": 0.011369155106670258,
            "diff_percent": 5.0168857203131845
        },
        "forex": {
            "current": 0.011254700318634767,
            "diff_percent": 3.9596668432293542
        }
    },
    "rub2usd": {
        "bank": {
            "current": 0.012433171702101205,
            "sparkline_full": "  76.0                            \n   █████▇▆▆▃▁▁▂▂▁▃▂▁▁▁▃▄▄▃▂▂▃▃▂▃  \n            82.1                  "
        },
        "korona": {
            "current": 0.011757601320377216,
            "diff_percent": -5.433612580206049
        },
        "crypto": {
            "current": 0.01303089281416465,
            "diff_percent": 4.8074709043262835
        },
        "forex": {
            "current": 0.01282761734704349,
            "diff_percent": 3.172526322270803
        }
    },
    "xdr": {
        "rub2xdr": {
            "current_rate": 0.009174373719771596,
            "sparkline": " ▅▅██▅▅▅▄▂▁▁▁▁▁▂▂▂▂▂▂▂▃▃▂▂▃▂▁▁"
        },
        "usd2xdr": {
            "current_rate": 0.711017,
            "sparkline": " ▃▃▆▆▄▄▄▄▄▄▄▄▄▄▄▄▄▄▄▄▄▄▄▄▄▄▄▄▄"
        },
        "eur2xdr": {
            "current_rate": 0.8151593076699957,
            "sparkline": " ▃▃▆▆▄▃▃▄▄▄▄▄▄▄▄▄▄▄▄▄▃▄▄▄▄▄▄▄▄"
        },
        "cny2xdr": {
            "current_rate": 0.10504173499386903,
            "sparkline": " ▃▃▆▆▄▄▄▄▄▄▄▄▄▄▄▄▄▄▄▃▃▄▄▄▄▄▄▄▄"
        },
        "rsd2xdr": {
            "current_rate": 0.006944641619691588,
            "sparkline": " ▃▃▆▆▄▃▃▄▄▄▄▄▄▄▄▄▄▄▄▄▃▄▄▄▄▄▄▄▄"
        }
    },
    "neer": {
        "rub": {
            "current_rate": 99.6815282658937,
            "sparkline": "███▇██▇▇▆▅▂▁▅▂▂▂▂▂▃▂▂▃▃▄▃▃▃▃▂▂"
        },
        "usd": {
            "current_rate": 103.2196486361415,
            "sparkline": "▄▄▄▅▅▄▅▅▅▅▅▅▅▅▅▅▅▅▅▅▅▅▅▅▅▅▅▅▅▅"
        },
        "eur": {
            "current_rate": 108.66223255295093,
            "sparkline": "▅▄▅▅▅▅▄▄▄▄▄▅▅▅▅▅▅▅▅▅▅▄▅▅▄▄▄▄▅▅"
        },
        "cny": {
            "current_rate": 112.92734955174905,
            "sparkline": "▄▅▅▄▄▅▅▅▅▅▄▄▅▅▅▅▅▄▄▅▄▄▄▄▄▄▄▄▄▄"
        },
        "rsd": {
            "current_rate": 109.58722132202574,
            "sparkline": "▆▆▆▃▃▆▆▆▆▆▃▃▆▆▆▆▆▃▃▆▃▃▃▃▃▃▃▃▃▃"
        }
    },
    "specific_rates": {
        "rub_kzt_bank": 5.9,
        "rub_kzt_crypto": 6.196189533135291,
        "kzt_rsd_bank": 0.21866887949999997,
        "rsd_eur_cash": 0.0084530853761623,
        "eur_rsd_cash": 116.9,
        "rsd_usd_cash": 0.009608125729188115,
        "usd_rsd_cash": 100.57142857142857,
        "eur_usd_exch": 1.1464695044844155,
        "usd_kzt_bank": 468.5
    },
    "conversion_rates": {
        "rub_usd": {
            "rub_to_usd": [
                0.012433171702101205,
                0.01231527093596059
            ],
            "usd_to_rub": [
                75.03,
                76.3
            ]
        },
        "rub_eur": {
            "rub_to_eur": [
                0.010826025765941322,
                0.010810810810810811
            ],
            "eur_to_rub": [
                86.08,
                86.9
            ]
        },
        "rub_kzt": {
            "rub_to_kzt": [
                5.9,
                5.780346820809249
            ],
            "kzt_to_rub": [
                0.16,
                0.162
            ]
        },
        "rub_rsd": {
            "rub_to_rsd": [
                1.3291416536
            ],
            "rsd_to_rub": [
                0.7523652556456154
            ]
        },
        "usd_eur": {
            "usd_to_eur": [
                0.864528399757932
            ],
            "eur_to_usd": [
                1.1367
            ]
        },
        "usd_kzt": {
            "usd_to_kzt": [
                468.5
            ],
            "kzt_to_usd": [
                0.002103049421661409
            ]
        },
        "usd_rsd": {
            "usd_to_rsd": [
                102.77
            ],
            "rsd_to_usd": [
                0.009730466089325679
            ]
        },
        "eur_kzt": {
            "eur_to_kzt": [
                538.0
            ],
            "kzt_to_eur": [
                0.001834862385321101
            ]
        },
        "eur_rsd": {
            "eur_to_rsd": [
                118.02095002
            ],
            "rsd_to_eur": [
                0.008473071940452425
            ]
        },
        "kzt_rsd": {
            "kzt_to_rsd": [
                0.21866887949999997
            ],
            "rsd_to_kzt": [
                4.573124453221521
            ]
        },
        "eur_usd_forex": {
            "eur_to_usd": [
                1.1464695044844155
            ],
            "usd_to_eur": [
                0.872243
            ]
        }
    },
    "update_time": "2026-07-16 07:50:43",
    "update_time_display": "16.07 07:50"
}