{
    "rub2rsd": {
        "bank": {
            "current": 1.253329645607039,
            "sparkline_full": "         1.26                     \n  ▆▇▇▇█████▇▄▂▁▁▂▂▁▁▁▁▁▂▄▃▄▅▅▅▅█  \n                    1.19          "
        },
        "korona": {
            "current": 1.177042522227051,
            "diff_percent": -6.086756476827691
        },
        "crypto": {
            "current": 1.2356141023672143,
            "diff_percent": -1.4134783535934363
        },
        "forex": {
            "current": 1.2686661416476053,
            "diff_percent": 1.2236601993993446
        }
    },
    "rub2eur": {
        "bank": {
            "current": 0.010429703796412183,
            "sparkline_full": "         92.8                     \n  ▇▇▇▇█████▇▄▂▂▂▃▂▂▂▁▁▁▂▄▄▄▅▅▅▅▄  \n                     97.9         "
        },
        "korona": {
            "current": 0.010074954335521347,
            "diff_percent": -3.4013378310213316
        },
        "crypto": {
            "current": 0.010597759101415445,
            "diff_percent": 1.611314264371281
        },
        "forex": {
            "current": 0.010815132793555038,
            "diff_percent": 3.6954932246056895
        }
    },
    "rub2usd": {
        "bank": {
            "current": 0.012690355329949238,
            "sparkline_full": "                              78.8\n  ▅▆▅▆▇▇▇▇▇▅▃▂▂▂▂▂▂▂▁▁▁▂▄▄▅▆▆▆▅█  \n                     83.4         "
        },
        "korona": {
            "current": 0.01156230375468616,
            "diff_percent": -8.889046413073057
        },
        "crypto": {
            "current": 0.012442670675944742,
            "diff_percent": -1.9517550735554297
        },
        "forex": {
            "current": 0.012912122675495115,
            "diff_percent": 1.7475266829015037
        }
    },
    "xdr": {
        "rub2xdr": {
            "current_rate": 0.008826712588700788,
            "sparkline": "▇▇▇██████▆▃▂▂▂▂▂▁▁▁▁▁▂▄▃▂▃▃▃▄▃"
        },
        "usd2xdr": {
            "current_rate": 0.692897,
            "sparkline": "▆▆▆▅▅▅▅▅▅▅▅▄▄▄▄▄▄▄▄▄▄▄▄▄▃▄▄▄▄▄"
        },
        "eur2xdr": {
            "current_rate": 0.8161446333752657,
            "sparkline": "▄▄▅▅▄▄▄▄▄▅▅▅▅▄▄▄▄▄▄▄▄▅▅▄▄▄▄▄▄▄"
        },
        "cny2xdr": {
            "current_rate": 0.09910988099324865,
            "sparkline": "▅▅▅▅▅▅▅▅▅▅▄▄▄▄▄▄▄▄▄▄▄▄▅▄▄▄▄▄▄▅"
        },
        "rsd2xdr": {
            "current_rate": 0.0069574747042887245,
            "sparkline": "▄▄▅▅▄▄▄▄▄▄▅▅▅▄▄▄▄▄▄▄▄▄▅▄▄▄▄▄▄▄"
        }
    },
    "neer": {
        "rub": {
            "current_rate": 97.33872747531314,
            "sparkline": "▅▆▆▆▇██▇▇█▅▃▂▂▃▂▃▁▂▁▁▁▄▅▃▃▃▅▄▄"
        },
        "usd": {
            "current_rate": 102.99457860506975,
            "sparkline": "▅▅▅▅▅▅▅▅▅▅▅▄▄▄▄▄▄▄▅▅▅▄▄▄▄▄▄▄▄▄"
        },
        "eur": {
            "current_rate": 110.80956988538887,
            "sparkline": "▄▄▄▄▄▄▄▄▄▄▅▅▅▅▅▅▅▅▅▅▅▅▅▅▅▅▅▅▅▅"
        },
        "cny": {
            "current_rate": 107.18869403669467,
            "sparkline": "▄▅▄▄▄▄▄▄▄▅▄▄▄▄▄▄▅▅▅▅▅▅▅▄▅▅▅▅▄▅"
        },
        "rsd": {
            "current_rate": 110.45405508841522,
            "sparkline": "▄▅▃▅▅▅▅▅▅▅▅▅▅▅▅▅▆▆▆▅▅▅▅▅▅▅▅▅▅▅"
        }
    },
    "specific_rates": {
        "rub_kzt_bank": 6.19,
        "rub_kzt_crypto": 6.289770026690067,
        "kzt_rsd_bank": 0.19644821625019646,
        "rsd_eur_cash": 0.0084530853761623,
        "eur_rsd_cash": 116.82857142857142,
        "rsd_usd_cash": 0.009823182711198428,
        "usd_rsd_cash": 97.39999999999999,
        "eur_usd_exch": 1.1778729499121308,
        "usd_kzt_bank": 498.5
    },
    "update_time": "2025-12-30 10:50:53",
    "update_time_display": "30.12 10:50"
}