{
    "rub2rsd": {
        "bank": {
            "current": 1.2253032557366452,
            "sparkline_full": "                              1.23\n  ████▇██▇▆▄▂▂▁▁▁▁▁▄▅▆▆▆▆▇▆▇████  \n                1.12              "
        },
        "korona": {
            "current": 1.1927693697779105,
            "diff_percent": -2.6551701226955085
        },
        "crypto": {
            "current": 1.224179819797854,
            "diff_percent": -0.09168635874682875
        },
        "forex": {
            "current": 1.2679451656226852,
            "diff_percent": 3.48011071433936
        }
    },
    "rub2eur": {
        "bank": {
            "current": 0.010539629005059023,
            "sparkline_full": "                              94.9\n  ████▇▇▇▇▅▄▂▁▁▁▁▁▁▄▅▆▆▆▆▆▆▇████  \n               104                "
        },
        "korona": {
            "current": 0.010213523931307924,
            "diff_percent": -3.094084939750428
        },
        "crypto": {
            "current": 0.010661420636676244,
            "diff_percent": 1.155559000784199
        },
        "forex": {
            "current": 0.010805336403986489,
            "diff_percent": 2.5210318010237986
        }
    },
    "rub2usd": {
        "bank": {
            "current": 0.012169891687963976,
            "sparkline_full": "  81.9                            \n  ████▇▇▇▆▅▄▂▁▁▁▁▁▁▄▅▆▆▆▆▆▇▇▇▇██  \n               89.9               "
        },
        "korona": {
            "current": 0.011512106647793752,
            "diff_percent": -5.405019675078732
        },
        "crypto": {
            "current": 0.01228580017574065,
            "diff_percent": 0.9524200440609352
        },
        "forex": {
            "current": 0.012702009584936433,
            "diff_percent": 4.372412759422677
        }
    },
    "xdr": {
        "rub2xdr": {
            "current_rate": 0.008808616949742505,
            "sparkline": "██▇█▇██▆▅▂▁▁▂▂▃▅▅▄▅▅▅▅▆▆▆▆▇▇▇▆"
        },
        "usd2xdr": {
            "current_rate": 0.706253,
            "sparkline": "▅▄▄▄▅▅▅▅▅▄▅▅▄▄▄▄▄▄▄▄▄▅▅▅▄▄▅▅▅▄"
        },
        "eur2xdr": {
            "current_rate": 0.8152098759731977,
            "sparkline": "▅▄▄▄▄▄▄▄▄▄▄▄▄▄▄▄▄▄▄▄▄▄▄▅▄▄▄▄▄▄"
        },
        "cny2xdr": {
            "current_rate": 0.10261427367564582,
            "sparkline": "▄▄▄▅▅▅▅▅▅▅▅▅▄▄▄▄▄▄▄▄▄▅▅▅▄▅▅▅▅▅"
        },
        "rsd2xdr": {
            "current_rate": 0.006947159221524071,
            "sparkline": "▅▅▄▄▄▄▄▅▅▄▄▅▄▄▄▄▄▄▄▄▄▄▄▅▄▄▄▄▄▄"
        }
    },
    "neer": {
        "rub": {
            "current_rate": 96.36744250342042,
            "sparkline": "█▇▇▇▇▆▆▇▅▄▃▁▃▂▁▄▅▅▄▄▄▄▅▄▅▆▆▆▆▆"
        },
        "usd": {
            "current_rate": 103.70887694679278,
            "sparkline": "▄▄▄▄▅▅▅▄▄▄▅▄▅▅▄▅▄▅▅▅▅▅▅▅▅▅▅▅▅▅"
        },
        "eur": {
            "current_rate": 109.55719392081875,
            "sparkline": "▄▄▄▄▄▄▄▄▄▄▄▅▅▅▅▅▅▅▅▅▅▅▅▅▅▅▅▅▅▅"
        },
        "cny": {
            "current_rate": 110.79452136392905,
            "sparkline": "▄▄▄▄▅▄▄▅▄▅▅▅▄▄▄▅▄▅▅▄▄▅▅▄▄▄▄▄▄▄"
        },
        "rsd": {
            "current_rate": 109.96657073896435,
            "sparkline": "▆▆▆▆▆▃▃▅▅▆▆▆▃▃▆▆▆▆▆▃▃▆▆▃▃▃▃▃▃▃"
        }
    },
    "specific_rates": {
        "rub_kzt_bank": 5.66,
        "rub_kzt_crypto": 5.725182881895143,
        "kzt_rsd_bank": 0.21382370573158485,
        "rsd_eur_cash": 0.008447135013374631,
        "eur_rsd_cash": 116.78333333333335,
        "rsd_usd_cash": 0.009651578033008399,
        "usd_rsd_cash": 99.15,
        "eur_usd_exch": 1.1542745672913215,
        "usd_kzt_bank": 459.0
    },
    "update_time": "2026-04-07 01:06:29",
    "update_time_display": "07.04 01:06"
}