{
    "rub2rsd": {
        "bank": {
            "current": 1.1819722266871078,
            "sparkline_full": "        1.26                      \n  ▇▇▇█████▇▄▂▂▂▂▂▂▂▂▁▁▃▄▄▄▅▅▅▅▄▁  \n                              1.18"
        },
        "korona": {
            "current": 1.1642321481758844,
            "diff_percent": -1.5008879321087087
        },
        "crypto": {
            "current": 1.195881419610672,
            "diff_percent": 1.1767783209720233
        },
        "forex": {
            "current": 1.2706552433755358,
            "diff_percent": 7.502969586433799
        }
    },
    "rub2eur": {
        "bank": {
            "current": 0.010217635639113109,
            "sparkline_full": "        92.8                      \n  ▇▆▇▇████▇▄▂▂▂▃▂▂▂▂▁▁▃▄▄▄▅▅▅▅▄▁  \n                    97.9          "
        },
        "korona": {
            "current": 0.00996063437766335,
            "diff_percent": -2.5152713458087934
        },
        "crypto": {
            "current": 0.01021523585529615,
            "diff_percent": -0.0234866842165817
        },
        "forex": {
            "current": 0.010832622316441158,
            "diff_percent": 6.018874611009617
        }
    },
    "rub2usd": {
        "bank": {
            "current": 0.011984659635666348,
            "sparkline_full": "        79.4                      \n  ▆▆▇▇▇▇▇█▆▄▃▂▂▃▃▂▂▂▁▁▃▅▅▅▆▆▆▆▅▁  \n                              83.4"
        },
        "korona": {
            "current": 0.011417771966419266,
            "diff_percent": -4.730110712197649
        },
        "crypto": {
            "current": 0.011957834912964316,
            "diff_percent": -0.22382548622575368
        },
        "forex": {
            "current": 0.012783359134413187,
            "diff_percent": 6.664348617543624
        }
    },
    "xdr": {
        "rub2xdr": {
            "current_rate": 0.008823890330126665,
            "sparkline": "▇▇██████▆▃▂▂▂▂▂▁▁▁▁▁▂▄▃▂▃▃▃▄▃▃"
        },
        "usd2xdr": {
            "current_rate": 0.694839,
            "sparkline": "▆▆▅▅▅▅▅▅▅▅▅▄▄▄▄▄▄▄▄▄▄▄▄▃▄▄▄▄▄▄"
        },
        "eur2xdr": {
            "current_rate": 0.814566415440724,
            "sparkline": "▄▅▅▄▄▄▄▄▅▅▅▅▄▄▄▄▄▄▄▄▅▅▄▄▄▄▄▄▄▄"
        },
        "cny2xdr": {
            "current_rate": 0.09944028622540249,
            "sparkline": "▅▅▅▅▅▅▅▅▅▄▄▄▄▄▄▄▄▄▄▄▄▅▄▄▄▄▄▄▅▅"
        },
        "rsd2xdr": {
            "current_rate": 0.006944362269883467,
            "sparkline": "▄▅▅▄▄▄▄▄▄▅▅▅▄▄▄▄▄▄▄▄▄▅▄▄▄▄▄▄▄▄"
        }
    },
    "neer": {
        "rub": {
            "current_rate": 96.22469504723422,
            "sparkline": "▆▆▆▇██▇▇█▅▃▂▂▃▃▃▁▂▁▁▁▄▅▃▃▃▅▄▄▂"
        },
        "usd": {
            "current_rate": 103.07480981474667,
            "sparkline": "▅▅▅▅▅▅▅▅▅▅▄▄▄▄▄▄▄▅▅▅▄▄▄▄▄▄▄▄▄▄"
        },
        "eur": {
            "current_rate": 110.60599768287501,
            "sparkline": "▄▄▄▄▄▄▄▄▄▅▅▅▅▅▅▅▅▅▅▅▅▅▅▅▅▅▅▅▅▄"
        },
        "cny": {
            "current_rate": 107.53156638965683,
            "sparkline": "▄▄▄▄▄▄▄▄▄▄▄▄▄▄▄▅▅▅▅▅▅▄▄▄▄▅▄▄▅▅"
        },
        "rsd": {
            "current_rate": 110.39904100012312,
            "sparkline": "▅▃▅▅▅▅▅▅▅▅▅▅▅▅▅▅▆▆▅▅▅▅▅▅▅▅▅▅▅▅"
        }
    },
    "specific_rates": {
        "rub_kzt_bank": 6.1,
        "rub_kzt_crypto": 6.098495805611801,
        "kzt_rsd_bank": 0.1960944891542319,
        "rsd_eur_cash": 0.008451894633046908,
        "eur_rsd_cash": 116.88333333333333,
        "rsd_usd_cash": 0.009807126511932005,
        "usd_rsd_cash": 97.56666666666666,
        "eur_usd_exch": 1.1723095788243376,
        "usd_kzt_bank": 503.0
    },
    "update_time": "2025-12-31 11:05:46",
    "update_time_display": "31.12 11:05"
}