{
    "rub2rsd": {
        "bank": {
            "current": 1.2913898984835193,
            "sparkline_full": "        1.34                      \n  ▇▇ ▆   ▇▇▇▆▄▂▂▂▂▂ ▃▂▂▂▄▄▅▃▂▂▃▄  \n             1.26                 "
        },
        "korona": {
            "current": 1.2426227122642959,
            "diff_percent": -3.776333257406671
        },
        "crypto": {
            "current": 1.4018898171927716,
            "diff_percent": 8.556665871323025
        },
        "forex": {
            "current": 1.3442572159515025,
            "diff_percent": 4.093830804319082
        }
    },
    "rub2eur": {
        "bank": {
            "current": 0.010995052226498075,
            "sparkline_full": "  87.0                            \n  ██ ▇█▇▇▇▇▇▆▃▁▁▂▂▂▃▂▂▂▂▃▄▄▃▂▂▃▄  \n              93.7                "
        },
        "korona": {
            "current": 0.010638893084454587,
            "diff_percent": -3.2392673968855243
        },
        "crypto": {
            "current": 0.012001011122345804,
            "diff_percent": 9.149196157735094
        },
        "forex": {
            "current": 0.01145407676118093,
            "diff_percent": 4.174828142940559
        }
    },
    "rub2usd": {
        "bank": {
            "current": 0.012532898859506203,
            "sparkline_full": "  74.9                            \n  ██ ▇▇▇▇▇▆▅▅▂▁▁▁▁▁▂▂▁▁▁▃▃▃▂▁▁▂▃  \n              82.1                "
        },
        "korona": {
            "current": 0.011884492346514347,
            "diff_percent": -5.173635567162021
        },
        "crypto": {
            "current": 0.013651943869335175,
            "diff_percent": 8.928860133425367
        },
        "forex": {
            "current": 0.013051201167299431,
            "diff_percent": 4.135534113882169
        }
    },
    "xdr": {
        "rub2xdr": {
            "current_rate": 0.009345411906959365,
            "sparkline": "▆▆ ▅▅██▅▅▅▄▂▁▁▁▁▁▂▂▂▂▂▂▂▃▃▂▂▃▃"
        },
        "usd2xdr": {
            "current_rate": 0.71656,
            "sparkline": "▃▃ ▃▃▆▆▄▄▄▄▄▄▄▄▄▄▄▄▄▄▄▄▄▄▄▄▄▄▄"
        },
        "eur2xdr": {
            "current_rate": 0.8159026783050686,
            "sparkline": "▄▄ ▃▃▆▆▄▃▃▄▄▄▄▄▄▄▄▄▄▄▄▄▃▄▄▄▄▄▄"
        },
        "cny2xdr": {
            "current_rate": 0.1056795221591328,
            "sparkline": "▃▃ ▃▃▆▆▄▄▄▄▄▄▄▄▄▄▄▄▄▄▄▃▃▄▄▄▄▄▄"
        },
        "rsd2xdr": {
            "current_rate": 0.006952100978936849,
            "sparkline": "▄▄ ▃▃▆▆▄▃▃▄▄▄▄▄▄▄▄▄▄▄▄▄▃▄▄▄▄▄▄"
        }
    },
    "neer": {
        "rub": {
            "current_rate": 101.20758764988607,
            "sparkline": "█▇██▇▇▇▇▇▆▆▅▂▁▅▂▂▂▂▃▃▂▃▃▃▄▃▃▃▃"
        },
        "usd": {
            "current_rate": 103.69565745463493,
            "sparkline": "▄▄▄▄▄▅▅▅▅▅▅▅▅▅▅▅▅▅▅▅▅▅▅▅▅▅▅▅▅▅"
        },
        "eur": {
            "current_rate": 108.43907167328841,
            "sparkline": "▅▅▅▄▅▅▅▄▄▄▄▄▄▄▄▄▅▄▅▄▅▄▄▄▅▅▄▄▄▄"
        },
        "cny": {
            "current_rate": 113.04368846554117,
            "sparkline": "▄▄▄▅▅▄▄▅▅▅▅▅▄▄▅▅▅▅▅▄▄▅▄▄▄▄▄▄▄▄"
        },
        "rsd": {
            "current_rate": 109.44905183848499,
            "sparkline": "▆▆▆▆▅▃▃▆▆▆▆▆▃▃▆▆▆▆▅▃▃▆▃▃▃▃▃▃▃▃"
        }
    },
    "specific_rates": {
        "rub_kzt_bank": 5.91,
        "rub_kzt_crypto": 6.45054347826087,
        "kzt_rsd_bank": 0.2173289463,
        "rsd_eur_cash": 0.0084530853761623,
        "eur_rsd_cash": 116.8,
        "rsd_usd_cash": 0.009564039212560771,
        "usd_rsd_cash": 100.76666666666667,
        "eur_usd_exch": 1.1386383251996604,
        "usd_kzt_bank": 465.5
    },
    "conversion_rates": {
        "rub_usd": {
            "rub_to_usd": [
                0.012532898859506203,
                0.012468827930174562
            ],
            "usd_to_rub": [
                74.44,
                75.2
            ]
        },
        "rub_eur": {
            "rub_to_eur": [
                0.010995052226498075,
                0.010940919037199124
            ],
            "eur_to_rub": [
                84.74,
                85.7
            ]
        },
        "rub_kzt": {
            "rub_to_kzt": [
                5.91,
                5.813953488372094
            ],
            "kzt_to_rub": [
                0.1597444089456869,
                0.161
            ]
        },
        "rub_rsd": {
            "rub_to_rsd": [
                1.3470059932
            ],
            "rsd_to_rub": [
                0.7423871943022028
            ]
        },
        "usd_eur": {
            "usd_to_eur": [
                0.8702462796971543
            ],
            "eur_to_usd": [
                1.1291
            ]
        },
        "usd_kzt": {
            "usd_to_kzt": [
                465.5
            ],
            "kzt_to_usd": [
                0.0021164021164021165
            ]
        },
        "usd_rsd": {
            "usd_to_rsd": [
                103.04
            ],
            "rsd_to_usd": [
                0.009704968944099378
            ]
        },
        "eur_kzt": {
            "eur_to_kzt": [
                530.5
            ],
            "kzt_to_eur": [
                0.0018604651162790699
            ]
        },
        "eur_rsd": {
            "eur_to_rsd": [
                117.9497700192
            ],
            "rsd_to_eur": [
                0.008478185246458885
            ]
        },
        "kzt_rsd": {
            "kzt_to_rsd": [
                0.2173289463
            ],
            "rsd_to_kzt": [
                4.60131987489418
            ]
        },
        "eur_usd_forex": {
            "eur_to_usd": [
                1.1386383251996604
            ],
            "usd_to_eur": [
                0.878242
            ]
        }
    },
    "update_time": "2026-07-14 10:20:48",
    "update_time_display": "14.07 10:20"
}