{
    "rub2rsd": {
        "bank": {
            "current": 1.3127305099834667,
            "sparkline_full": " 1.35                             \n  ▇▇▇▆▆▅▃▂▂▄▄▄▅▆▆▆▅▅▅▅ ▄   ▆▅▅▄▃  \n        1.30                      "
        },
        "korona": {
            "current": 1.2733004303635538,
            "diff_percent": -3.0036690181299712
        },
        "crypto": {
            "current": 1.384175077633877,
            "diff_percent": 5.442439793016627
        },
        "forex": {
            "current": 1.3726275072093503,
            "diff_percent": 4.56277939534124
        }
    },
    "rub2eur": {
        "bank": {
            "current": 0.011170688114387846,
            "sparkline_full": "  85.8                            \n  ▇▇▇▇▆▅▃▂▂▃▃▄▅▆▆▆▅▅▅▅ ▅▅▅▅▅▄▄▃▂  \n                              89.5"
        },
        "korona": {
            "current": 0.010901544780509878,
            "diff_percent": -2.409371124875571
        },
        "crypto": {
            "current": 0.01172464580086559,
            "diff_percent": 4.95902920934876
        },
        "forex": {
            "current": 0.011693373461164822,
            "diff_percent": 4.6790792243474835
        }
    },
    "rub2usd": {
        "bank": {
            "current": 0.012717792191275595,
            "sparkline_full": "  73.7                            \n  █████▆▅▃▄▄▄▄▆▇▇▆▆▆▆▆ ▅▅▅▅▄▃▂▁▁  \n                              78.6"
        },
        "korona": {
            "current": 0.012159965910121081,
            "diff_percent": -4.386188048717941
        },
        "crypto": {
            "current": 0.013320733714391816,
            "diff_percent": 4.740929196262849
        },
        "forex": {
            "current": 0.013221444654371606,
            "diff_percent": 3.960219317323938
        }
    },
    "xdr": {
        "rub2xdr": {
            "current_rate": 0.009545195510947957,
            "sparkline": "▆▆▅▅▄▃▁▁▁▁▁▂▄▅▅▄▃▃▃▄ ▂▂██▂▁▁▁▁"
        },
        "usd2xdr": {
            "current_rate": 0.717821,
            "sparkline": "▁▁▁▁▁▁▁▁▁▁▁▃▃▃▂▂▂▂▂▂ ▂▂██▃▄▄▄▅"
        },
        "eur2xdr": {
            "current_rate": 0.8162909995690092,
            "sparkline": "▃▃▃▃▃▃▃▃▃▂▂▃▃▃▃▃▃▃▃▃ ▁▁█▇▃▃▃▃▃"
        },
        "cny2xdr": {
            "current_rate": 0.10551536087020433,
            "sparkline": "▁▁▁▁▁▁▁▁▁▁▁▂▂▂▂▂▂▂▂▂ ▂▂██▃▄▄▄▄"
        },
        "rsd2xdr": {
            "current_rate": 0.006953959075433379,
            "sparkline": "▃▃▃▃▃▃▃▃▃▂▂▃▃▃▃▃▃▃▃▃ ▁▁█▇▃▃▃▃▃"
        }
    },
    "neer": {
        "rub": {
            "current_rate": 103.35007783346909,
            "sparkline": "▇▆▆▆▆▆▅▃▂▃▃▂▄▇▇▆▄▅▆▅▅▅▄▄▄▄▄▃▂▂"
        },
        "usd": {
            "current_rate": 103.92564036574414,
            "sparkline": "▃▃▄▄▃▃▃▃▃▅▅▄▄▄▄▄▄▄▃▃▄▄▄▅▅▅▅▆▆▆"
        },
        "eur": {
            "current_rate": 108.31608169657322,
            "sparkline": "▅▅▅▅▅▅▅▅▅▄▄▅▅▅▅▅▅▅▅▅▅▄▄▄▄▄▄▄▄▄"
        },
        "cny": {
            "current_rate": 112.94596874787861,
            "sparkline": "▄▄▃▃▄▄▅▅▅▄▄▅▅▅▅▅▄▄▅▅▅▆▆▄▄▆▆▅▅▅"
        },
        "rsd": {
            "current_rate": 109.19442916959622,
            "sparkline": "▆▇▂▂▇▇▇▇▇▃▂▇▆▇▇▇▂▂▇▇▇▇▇▂▂▆▆▂▂▂"
        }
    },
    "specific_rates": {
        "rub_kzt_bank": 6.2,
        "rub_kzt_crypto": 6.507178419480402,
        "kzt_rsd_bank": 0.21271509529999996,
        "rsd_eur_cash": 0.00844880027036161,
        "eur_rsd_cash": 116.8,
        "rsd_usd_cash": 0.009549958218932791,
        "usd_rsd_cash": 101.30625,
        "eur_usd_exch": 1.1371790454291657,
        "usd_kzt_bank": 481.5
    },
    "conversion_rates": {
        "rub_usd": {
            "rub_to_usd": [
                0.012717792191275595,
                0.012642225031605564
            ],
            "usd_to_rub": [
                73.58,
                74.7
            ]
        },
        "rub_eur": {
            "rub_to_eur": [
                0.011170688114387846,
                0.011210762331838564
            ],
            "eur_to_rub": [
                83.66,
                84.1
            ]
        },
        "rub_kzt": {
            "rub_to_kzt": [
                6.2,
                6.134969325153374
            ],
            "kzt_to_rub": [
                0.15267175572519084,
                0.153
            ]
        },
        "rub_rsd": {
            "rub_to_rsd": [
                1.3800281671
            ],
            "rsd_to_rub": [
                0.7246228909236008
            ]
        },
        "usd_eur": {
            "usd_to_eur": [
                0.8719916288803627
            ],
            "eur_to_usd": [
                1.1268
            ]
        },
        "usd_kzt": {
            "usd_to_kzt": [
                481.5
            ],
            "kzt_to_usd": [
                0.0020470829068577278
            ]
        },
        "usd_rsd": {
            "usd_to_rsd": [
                103.22
            ],
            "rsd_to_usd": [
                0.00968804495252858
            ]
        },
        "eur_kzt": {
            "eur_to_kzt": [
                548.0
            ],
            "kzt_to_eur": [
                0.0018018018018018018
            ]
        },
        "eur_rsd": {
            "eur_to_rsd": [
                117.55714043240002
            ],
            "rsd_to_eur": [
                0.008506501572952426
            ]
        },
        "kzt_rsd": {
            "kzt_to_rsd": [
                0.21271509529999996
            ],
            "rsd_to_kzt": [
                4.70112381347296
            ]
        },
        "eur_usd_forex": {
            "eur_to_usd": [
                1.1371790454291657
            ],
            "usd_to_eur": [
                0.879369
            ]
        }
    },
    "update_time": "2026-06-26 06:50:47",
    "update_time_display": "26.06 06:50"
}