{
    "rub2rsd": {
        "bank": {
            "current": 1.238637824486025,
            "sparkline_full": "                             1.24 \n  ▅▆▆▆▇▇▇▇▆▃  ▁▁▂▂▃▃▅▆▆▆▆▇▇█████  \n              1.16                "
        },
        "korona": {
            "current": 1.188351221233395,
            "diff_percent": -4.059831070756815
        },
        "crypto": {
            "current": 1.2102479353397648,
            "diff_percent": -2.292025044370061
        },
        "forex": {
            "current": 1.2875978687095886,
            "diff_percent": 3.952732853437578
        }
    },
    "rub2eur": {
        "bank": {
            "current": 0.010592098294672175,
            "sparkline_full": "                            93.7  \n  ▄▆▅▆▇▇▇▇▆▃  ▁▁▂▂▂▃▅▆▆▆▆▇▇█████  \n             99.8                 "
        },
        "korona": {
            "current": 0.010172995656883656,
            "diff_percent": -3.95674800336141
        },
        "crypto": {
            "current": 0.010320805022791776,
            "diff_percent": -2.5612797798228466
        },
        "forex": {
            "current": 0.01096735675734418,
            "diff_percent": 3.5428151460863964
        }
    },
    "rub2usd": {
        "bank": {
            "current": 0.012414649286157667,
            "sparkline_full": "       80.3                       \n  ▅▇▇▇████▇▄  ▁▁▂▃▃▃▄▅▅▆▆▆▇▇▇▇██  \n              85.0                "
        },
        "korona": {
            "current": 0.011604182951292133,
            "diff_percent": -6.528306327341875
        },
        "crypto": {
            "current": 0.012072824607148624,
            "diff_percent": -2.7533977894178383
        },
        "forex": {
            "current": 0.012849391003113407,
            "diff_percent": 3.501844530078487
        }
    },
    "xdr": {
        "rub2xdr": {
            "current_rate": 0.009019905535387254,
            "sparkline": "▃▆▅▃▄▄▄▅▄▃▄▃▁▁▁▁▂▂▄▄▅▆▆▆▇█████"
        },
        "usd2xdr": {
            "current_rate": 0.700606,
            "sparkline": "▄▄▃▃▃▄▄▄▄▄▄▄▄▄▅▄▅▅▅▅▅▅▅▅▅▅▆▆▆▅"
        },
        "eur2xdr": {
            "current_rate": 0.8224320348973024,
            "sparkline": "▄▅▄▄▄▄▄▄▄▄▄▄▄▄▄▄▄▄▄▄▄▄▄▄▄▄▄▄▄▅"
        },
        "cny2xdr": {
            "current_rate": 0.10064442912141584,
            "sparkline": "▃▃▃▂▃▃▃▃▄▄▄▄▄▄▅▅▅▅▅▅▆▆▆▆▆▆▆▇▆▆"
        },
        "rsd2xdr": {
            "current_rate": 0.0070052193736751586,
            "sparkline": "▄▅▄▄▄▄▄▄▄▄▄▄▄▄▄▄▄▄▄▄▄▄▄▄▄▄▄▄▄▅"
        }
    },
    "neer": {
        "rub": {
            "current_rate": 99.1167948251466,
            "sparkline": "▂▃▄▄▅▅▅▅▆▅▅▅▅▅▅▅▅▅▅▄▄▅▅▅▅▅▆▆▆▇"
        },
        "usd": {
            "current_rate": 103.14214664689531,
            "sparkline": "▅▄▄▄▄▄▄▄▄▄▄▄▄▅▅▄▅▅▅▅▅▅▅▅▅▅▅▅▄▄"
        },
        "eur": {
            "current_rate": 109.91254990263769,
            "sparkline": "▅▅▅▅▅▅▅▅▅▅▅▅▄▄▄▄▄▄▄▄▄▄▄▄▄▄▄▄▄▄"
        },
        "cny": {
            "current_rate": 108.5148613529702,
            "sparkline": "▄▄▄▄▄▄▄▄▄▄▄▄▄▅▅▄▄▅▅▅▅▅▅▅▅▅▅▅▅▅"
        },
        "rsd": {
            "current_rate": 109.99831457478402,
            "sparkline": "▅▅▅▅▅▅▅▅▅▅▅▅▅▅▅▄▄▅▅▄▄▄▄▄▄▄▄▄▄▄"
        }
    },
    "specific_rates": {
        "rub_kzt_bank": 6.35,
        "rub_kzt_crypto": 6.18732261116367,
        "kzt_rsd_bank": 0.19560123358625864,
        "rsd_eur_cash": 0.008442889880593414,
        "eur_rsd_cash": 116.81428571428572,
        "rsd_usd_cash": 0.009764943851572854,
        "usd_rsd_cash": 98.34285714285714,
        "eur_usd_exch": 1.1738866565477637,
        "usd_kzt_bank": 505.5
    },
    "update_time": "2026-01-20 21:05:51",
    "update_time_display": "20.01 21:05"
}