{
    "rub2rsd": {
        "bank": {
            "current": 1.2445765372234223,
            "sparkline_full": "                      1.26        \n  ▄▂▂▂▂▂▂▃▃▄▃▃▃▄▅▅▃▃▄▄▄▇▇▇▇▇▇▇▆▆  \n  1.19                            "
        },
        "korona": {
            "current": 1.1900596817484173,
            "diff_percent": -4.38035378656816
        },
        "crypto": {
            "current": 1.2998625190777477,
            "diff_percent": 4.442152025271602
        },
        "forex": {
            "current": 1.2925305969235485,
            "diff_percent": 3.853042240946382
        }
    },
    "rub2eur": {
        "bank": {
            "current": 0.011001100110011,
            "sparkline_full": "                              90.9\n  ▂▁▁▁▁▁▁▂▃▃▂▂▂▃▄▄▃▂▂▂▄▇▆▆▆▅▅▅▆█  \n   97.7                           "
        },
        "korona": {
            "current": 0.010215104564364096,
            "diff_percent": -7.144699509930357
        },
        "crypto": {
            "current": 0.011105915027888245,
            "diff_percent": 0.952767603504154
        },
        "forex": {
            "current": 0.010993094941503124,
            "diff_percent": -0.07276698173659485
        }
    },
    "rub2usd": {
        "bank": {
            "current": 0.012055455093429776,
            "sparkline_full": "                       82.8       \n  ▅▄▃▃▃▃▃▄▅▅▄▃▃▄▆▆▄▄▄▄▅▆▆▆▆▆▆▆▆▆  \n    85.5                          "
        },
        "korona": {
            "current": 0.011365472487847996,
            "diff_percent": -5.7234057133008625
        },
        "crypto": {
            "current": 0.01250899467183914,
            "diff_percent": 3.762110802905682
        },
        "forex": {
            "current": 0.01245213709802945,
            "diff_percent": 3.290477228154294
        }
    },
    "xdr": {
        "rub2xdr": {
            "current_rate": 0.009010491592853881,
            "sparkline": "▂▁▁▁▂▂▁▂▂▂▂▂▁▃▄▄▃▁▂▂▃▄▅▅▄██▅▆▅"
        },
        "usd2xdr": {
            "current_rate": 0.72646,
            "sparkline": "▁▂▂▃▃▃▃▂▂▂▃▃▃▃▃▃▃▃▃▃▃▃▃▃▃██▄▄▄"
        },
        "eur2xdr": {
            "current_rate": 0.8196501204438653,
            "sparkline": "▄▃▃▄▄▄▄▄▃▃▄▄▄▄▄▄▃▃▃▃▂▂▃▃▃▇▇▄▄▄"
        },
        "cny2xdr": {
            "current_rate": 0.10061912214850621,
            "sparkline": "▁▁▂▂▂▂▂▂▂▂▂▂▂▂▂▃▃▃▃▃▃▃▃▃▃██▅▅▄"
        },
        "rsd2xdr": {
            "current_rate": 0.006971201776035666,
            "sparkline": "▄▄▄▄▄▄▄▄▄▃▄▄▄▄▄▄▄▄▄▄▃▂▂▂▂▇▇▄▄▄"
        }
    },
    "neer": {
        "rub": {
            "current_rate": 97.06334233457991,
            "sparkline": "▅▄▃▂▃▃▂▂▄▄▄▂▂▄▃▄▅▅▃▃▆▆▇▆▆▅▅▅▅▅"
        },
        "usd": {
            "current_rate": 105.5152298084909,
            "sparkline": "▄▄▅▅▅▅▅▅▄▄▄▄▄▄▄▄▄▄▄▄▅▅▅▄▄▅▅▄▄▄"
        },
        "eur": {
            "current_rate": 107.69816065897221,
            "sparkline": "▆▆▅▅▆▅▅▅▅▅▅▄▅▄▄▅▄▄▄▄▃▃▄▄▃▃▃▃▄▄"
        },
        "cny": {
            "current_rate": 104.2334645868512,
            "sparkline": "▃▄▄▄▄▄▄▄▄▄▄▄▄▃▄▄▄▄▄▄▆▆▅▅▅▅▅▅▅▅"
        },
        "rsd": {
            "current_rate": 109.21013991360122,
            "sparkline": "▅▄▄▄▄▄▅▅▅▅▅▄▄▄▄▄▄▄▅▅▅▄▄▄▄▄▄▄▄▄"
        }
    },
    "update_time": "2025-05-21 01:51:30",
    "update_time_display": "21.05 01:51"
}