{
    "rub2rsd": {
        "bank": {
            "current": 1.2379327809330125,
            "sparkline_full": "         1.26                     \n  ▃▂▂▂▄▅▆▇█▇▇▇         ▁▁▁▁▁▂▄▅▅  \n                      1.21        "
        },
        "korona": {
            "current": 1.1914125189872125,
            "diff_percent": -3.757898866749323
        },
        "crypto": {
            "current": 1.1960824108602246,
            "diff_percent": -3.380665793601966
        },
        "forex": {
            "current": 1.284451656669685,
            "diff_percent": 3.7577868890112067
        }
    },
    "rub2eur": {
        "bank": {
            "current": 0.01065757220505169,
            "sparkline_full": "           92.8                   \n  ▂▂▄▄▅▆▇████▇         ▂▁▂▂▂▂▄▄▅  \n                       95.5       "
        },
        "korona": {
            "current": 0.010204818149783404,
            "diff_percent": -4.248191300582328
        },
        "crypto": {
            "current": 0.010179006976852827,
            "diff_percent": -4.490377536189929
        },
        "forex": {
            "current": 0.010963878108094223,
            "diff_percent": 2.874068288248086
        }
    },
    "rub2usd": {
        "bank": {
            "current": 0.012484394506866418,
            "sparkline_full": "                              80.1\n  ▁▂▂▂▄▅▆▆▆▆▆▆         ▅▅▆▆▆▆▇▇█  \n 82.2                             "
        },
        "korona": {
            "current": 0.011526823906610029,
            "diff_percent": -7.670140508053678
        },
        "crypto": {
            "current": 0.011899674822892526,
            "diff_percent": -4.683604668630878
        },
        "forex": {
            "current": 0.012839360343067709,
            "diff_percent": 2.8432763479723406
        }
    },
    "xdr": {
        "rub2xdr": {
            "current_rate": 0.008915660670349506,
            "sparkline": "▂▁▁▁▂▂▂▃▃▃▃▃         ▂█████▁▂▁"
        },
        "usd2xdr": {
            "current_rate": 0.695413,
            "sparkline": "▃▂▂▂▂▂▂▃▃▃▃▃         ▃█████▁▁▁"
        },
        "eur2xdr": {
            "current_rate": 0.8131849499282016,
            "sparkline": "▂▁▁▁▁▁▁▁▁▁▁▁         ▃█████▁▁▁"
        },
        "cny2xdr": {
            "current_rate": 0.09700887906201393,
            "sparkline": "▃▂▂▂▂▂▂▂▂▂▂▂         ▃█████▁▁▁"
        },
        "rsd2xdr": {
            "current_rate": 0.006941219332042401,
            "sparkline": "▂▁▁▁▁▁▁▁▁▁▁▁         ▃█████▁▁▁"
        }
    },
    "neer": {
        "rub": {
            "current_rate": 99.04229407666294,
            "sparkline": "▃▄▂▁▃▅▅▆▆▆▆▇▅▅▅▄▄▄▄▂▃▂▂▃▂▃▃▄▅█"
        },
        "usd": {
            "current_rate": 103.51472665163907,
            "sparkline": "▄▅▅▅▄▄▅▆▅▆▆▇▅▅▄▃▃▃▃▂▃▃▂▂▂▃▃▃▃▄"
        },
        "eur": {
            "current_rate": 110.15071912362566,
            "sparkline": "▄▃▃▃▃▃▃▃▃▄▄▃▄▄▅▅▅▅▅▆▆▆▆▆▆▆▆▆▆▅"
        },
        "cny": {
            "current_rate": 103.34787444850974,
            "sparkline": "▄▅▄▄▄▄▅▅▅▅▅▆▄▅▄▃▃▃▃▃▃▃▃▃▃▄▄▄▄▄"
        },
        "rsd": {
            "current_rate": 110.32420077187886,
            "sparkline": "▂▄▄▄▃▄▄▃▄▄▄▄▄▄▄▄▄▅▅▃▇▄▄▅▅▅▅▅▅▄"
        }
    },
    "update_time": "2025-07-11 22:35:42",
    "update_time_display": "11.07 22:35"
}