{
    "rub2rsd": {
        "bank": {
            "current": 1.3192163415963263,
            "sparkline_full": "                              1.32\n  ▁▁▂▃▃▂▂▂▃▃▃▄▃▃▃▂▂▃▃▃▄▄▄▄▆▇████  \n 1.25                             "
        },
        "korona": {
            "current": 1.2794621943791884,
            "diff_percent": -3.0134668563181317
        },
        "crypto": {
            "current": 1.315650092406475,
            "diff_percent": -0.2703308833739897
        },
        "forex": {
            "current": 1.3858906196970107,
            "diff_percent": 5.0540821848829385
        }
    },
    "rub2eur": {
        "bank": {
            "current": 0.011337868480725623,
            "sparkline_full": "                             88.2 \n  ▁▂▃▃▃▂▃▃▃▃▃▄▄▄▄▃▃▃▃▄▄▄▄▅▆▇████  \n 93.2                             "
        },
        "korona": {
            "current": 0.01094805072201245,
            "diff_percent": -3.4381926318501845
        },
        "crypto": {
            "current": 0.011269555652445064,
            "diff_percent": -0.6025191454345361
        },
        "forex": {
            "current": 0.011820634371024836,
            "diff_percent": 4.257995152439054
        }
    },
    "rub2usd": {
        "bank": {
            "current": 0.01321178491214163,
            "sparkline_full": "                              75.7\n  ▂▂▃▃▃▂▂▂▃▃▃▃▃▃▃▃▂▃▄▄▄▄▄▅▆▇▇▇▇▇  \n 78.8                             "
        },
        "korona": {
            "current": 0.012513077695639984,
            "diff_percent": -5.28851492170096
        },
        "crypto": {
            "current": 0.013106075832843518,
            "diff_percent": -0.8001120212074111
        },
        "forex": {
            "current": 0.013674746162524358,
            "diff_percent": 3.504153704146869
        }
    },
    "xdr": {
        "rub2xdr": {
            "current_rate": 0.00963781542246476,
            "sparkline": "▁▂▃▃▂▂▃▃▃▃▃▄▃▃▃▃▃▃▄▄▅▄▄▅▅▆▇███"
        },
        "usd2xdr": {
            "current_rate": 0.702153,
            "sparkline": "▄▄▄▄▄▄▄▄▄▄▅▅▄▄▄▄▄▄▄▄▄▄▄▄▄▄▄▅▅▅"
        },
        "eur2xdr": {
            "current_rate": 0.815338256810423,
            "sparkline": "▅▅▅▄▄▅▅▅▅▅▅▅▅▅▅▅▄▅▅▅▅▅▅▅▄▄▄▄▅▅"
        },
        "cny2xdr": {
            "current_rate": 0.10308648862918973,
            "sparkline": "▄▄▄▄▄▄▄▄▄▄▄▄▄▄▄▄▄▄▄▄▄▄▄▄▄▅▄▅▅▅"
        },
        "rsd2xdr": {
            "current_rate": 0.006954239595453659,
            "sparkline": "▅▅▅▄▄▄▅▅▅▅▅▅▅▅▅▅▄▅▅▅▅▅▅▄▄▄▄▄▄▅"
        }
    },
    "neer": {
        "rub": {
            "current_rate": 105.17542128164484,
            "sparkline": "▁▂▃▅▄▅▃▃▄▅▅▄▅▃▃▅▃▃▃▄▄▄▄▆▆▆▇███"
        },
        "usd": {
            "current_rate": 102.41578091850123,
            "sparkline": "▅▄▄▄▅▅▅▅▄▅▅▅▅▅▅▅▅▄▄▄▄▄▄▄▅▅▅▅▅▅"
        },
        "eur": {
            "current_rate": 109.29515504529826,
            "sparkline": "▅▅▅▅▄▅▅▅▅▅▅▅▅▅▅▅▅▅▅▅▅▅▅▅▅▄▄▄▄▄"
        },
        "cny": {
            "current_rate": 111.10263162689266,
            "sparkline": "▄▅▅▅▅▅▄▄▅▅▅▅▅▄▄▅▅▄▅▅▄▄▅▄▅▅▅▅▅▅"
        },
        "rsd": {
            "current_rate": 109.52136986830034,
            "sparkline": "▂▇▇▇▇▆▂▂▇▇▇▆▇▂▂▇▇▇▆▇▂▂▇▂▂▂▂▂▂▂"
        }
    },
    "specific_rates": {
        "rub_kzt_bank": 6.23,
        "rub_kzt_crypto": 6.192620831018562,
        "kzt_rsd_bank": 0.21245448870637165,
        "rsd_eur_cash": 0.008456659619450317,
        "eur_rsd_cash": 116.86666666666667,
        "rsd_usd_cash": 0.009779951100244499,
        "usd_rsd_cash": 98.40833333333335,
        "eur_usd_exch": 1.1611974267865024,
        "usd_kzt_bank": 465.5
    },
    "update_time": "2026-05-18 04:21:25",
    "update_time_display": "18.05 04:21"
}