{
    "rub2rsd": {
        "bank": {
            "current": 1.2274191220513087,
            "sparkline_full": "                          1.26    \n  ▆▅▂  ▁▁▂▂▂▃▄▅▅▅▅▆▆▇▇▇▇▇▆█████▆  \n       1.16                       "
        },
        "korona": {
            "current": 1.1942903881572873,
            "diff_percent": -2.699056361339345
        },
        "crypto": {
            "current": 1.219604869236222,
            "diff_percent": -0.6366409545605872
        },
        "forex": {
            "current": 1.2909667809374519,
            "diff_percent": 5.177339813635949
        }
    },
    "rub2eur": {
        "bank": {
            "current": 0.010582010582010581,
            "sparkline_full": "                          92.2    \n  ▆▅▂  ▁▁▂▂▂▃▄▅▅▅▅▅▆▆▇▇▇▆▆████▇▆  \n      99.8                        "
        },
        "korona": {
            "current": 0.010223838470222589,
            "diff_percent": -3.3847264563965287
        },
        "crypto": {
            "current": 0.010464253285471936,
            "diff_percent": -1.1128064522902015
        },
        "forex": {
            "current": 0.0109960735344113,
            "diff_percent": 3.912894900186793
        }
    },
    "rub2usd": {
        "bank": {
            "current": 0.01256913021618904,
            "sparkline_full": "                          78.6    \n  ▆▅▃  ▁▁▂▂▂▂▃▄▄▄▅▅▅▅▆▆▆▆▆█████▇  \n       85.0                       "
        },
        "korona": {
            "current": 0.0118227063668433,
            "diff_percent": -5.938548145394714
        },
        "crypto": {
            "current": 0.01240437125161466,
            "diff_percent": -1.3108223221537647
        },
        "forex": {
            "current": 0.013156146354234503,
            "diff_percent": 4.670300394289705
        }
    },
    "xdr": {
        "rub2xdr": {
            "current_rate": 0.008959133083153456,
            "sparkline": "▄▃▂▃▂▁▁▁▁▁▂▃▃▄▄▅▅▅▆▆▆▆▆▆████▇▅"
        },
        "usd2xdr": {
            "current_rate": 0.686755,
            "sparkline": "▄▄▄▅▄▅▅▅▅▅▅▅▅▅▅▅▆▆▆▆▆▆▆▅▅▅▄▄▃▃"
        },
        "eur2xdr": {
            "current_rate": 0.8147574727575796,
            "sparkline": "▄▄▄▄▄▄▄▄▄▄▄▄▄▄▄▄▄▄▄▄▄▄▅▅▄▄▅▅▄▄"
        },
        "cny2xdr": {
            "current_rate": 0.09871140688782844,
            "sparkline": "▃▄▄▄▄▄▄▄▄▄▅▅▅▅▅▅▅▅▅▆▆▆▆▅▅▄▄▄▄▃"
        },
        "rsd2xdr": {
            "current_rate": 0.006939863376381899,
            "sparkline": "▄▄▄▄▄▄▅▄▄▄▄▄▄▄▅▄▄▄▄▄▄▅▅▅▅▅▅▅▄▄"
        }
    },
    "neer": {
        "rub": {
            "current_rate": 99.16073505708066,
            "sparkline": "▄▄▃▃▄▄▄▄▄▄▄▄▃▃▄▃▃▄▄▅▅▄▄▄▅▆▆▆▆▅"
        },
        "usd": {
            "current_rate": 101.86301961985656,
            "sparkline": "▅▅▅▅▅▅▅▅▅▅▅▅▅▅▅▅▅▅▅▅▅▅▅▅▅▄▄▄▄▄"
        },
        "eur": {
            "current_rate": 110.8129130586884,
            "sparkline": "▅▅▅▅▅▅▅▄▅▄▄▄▄▄▅▄▄▄▄▄▄▄▅▅▄▅▅▅▅▅"
        },
        "cny": {
            "current_rate": 107.1480550488151,
            "sparkline": "▄▄▄▄▄▄▅▅▄▄▅▅▅▅▅▅▅▅▅▅▅▅▅▅▅▅▄▄▄▄"
        },
        "rsd": {
            "current_rate": 110.33482366244918,
            "sparkline": "▅▅▅▅▅▅▅▅▅▅▅▅▅▅▅▄▄▅▅▅▄▅▄▅▅▅▅▅▅▅"
        }
    },
    "specific_rates": {
        "rub_kzt_bank": 6.36,
        "rub_kzt_crypto": 6.289016224568633,
        "kzt_rsd_bank": 0.1939261763185983,
        "rsd_eur_cash": 0.008443908323281062,
        "eur_rsd_cash": 116.81428571428572,
        "rsd_usd_cash": 0.009899356541824781,
        "usd_rsd_cash": 96.73333333333333,
        "eur_usd_exch": 1.1863873910748077,
        "usd_kzt_bank": 500.0
    },
    "update_time": "2026-01-27 10:20:47",
    "update_time_display": "27.01 10:20"
}