{
    "rub2rsd": {
        "bank": {
            "current": 1.2314269927156642,
            "sparkline_full": "                        1.26      \n  ▂  ▁▁▂▂▂▃▄▅▅▅▅▆▆▇▇▇▇▇▆█████▆▆▆  \n     1.16                         "
        },
        "korona": {
            "current": 1.1927176229737853,
            "diff_percent": -3.143456329190355
        },
        "crypto": {
            "current": 1.2283589957114152,
            "diff_percent": -0.24914160745195627
        },
        "forex": {
            "current": 1.2882285708038477,
            "diff_percent": 4.612663066847267
        }
    },
    "rub2eur": {
        "bank": {
            "current": 0.010610079575596816,
            "sparkline_full": "                        92.2      \n  ▂  ▁▁▂▂▂▃▄▅▅▅▅▅▆▆▇▇▇▆▆████▇▆▆▆  \n    99.8                          "
        },
        "korona": {
            "current": 0.010210374661632013,
            "diff_percent": -3.767218814118277
        },
        "crypto": {
            "current": 0.010542358343709788,
            "diff_percent": -0.638272610535243
        },
        "forex": {
            "current": 0.01097408802150183,
            "diff_percent": 3.430779602654751
        }
    },
    "rub2usd": {
        "bank": {
            "current": 0.012708095056551023,
            "sparkline_full": "                        78.6      \n  ▃  ▁▁▂▂▂▂▃▄▄▄▅▅▅▅▆▆▆▆▆█████▇██  \n     85.0                         "
        },
        "korona": {
            "current": 0.011949881003644778,
            "diff_percent": -5.966386382319246
        },
        "crypto": {
            "current": 0.01260092535757028,
            "diff_percent": -0.8433183612794728
        },
        "forex": {
            "current": 0.013111968342463634,
            "diff_percent": 3.1780788868463308
        }
    },
    "xdr": {
        "rub2xdr": {
            "current_rate": 0.008961951128389519,
            "sparkline": "▂▃▂▁▁▁▁▁▂▃▃▄▄▅▅▅▆▆▆▆▆▆████▇▅▆▅"
        },
        "usd2xdr": {
            "current_rate": 0.682024,
            "sparkline": "▅▅▅▅▅▅▅▅▆▆▆▆▆▆▆▆▆▆▆▆▆▆▅▅▅▄▄▄▃▃"
        },
        "eur2xdr": {
            "current_rate": 0.8166465505680403,
            "sparkline": "▄▄▄▄▄▄▄▄▄▄▄▄▄▄▄▄▄▄▄▄▅▅▄▄▅▅▄▅▅▄"
        },
        "cny2xdr": {
            "current_rate": 0.09817532747948754,
            "sparkline": "▄▄▄▄▄▅▅▅▅▅▅▆▆▅▆▆▆▆▆▆▆▆▅▅▅▄▄▄▄▃"
        },
        "rsd2xdr": {
            "current_rate": 0.0069568020237257356,
            "sparkline": "▄▄▄▄▄▄▄▄▄▄▄▄▅▄▄▄▄▄▄▄▅▅▄▄▅▅▄▅▅▄"
        }
    },
    "neer": {
        "rub": {
            "current_rate": 98.57099553894676,
            "sparkline": "▄▄▄▄▄▄▄▄▄▄▃▃▄▃▃▄▄▅▅▄▄▄▅▆▆▆▆▅▄▄"
        },
        "usd": {
            "current_rate": 101.16498199509076,
            "sparkline": "▅▅▅▅▅▅▅▅▅▆▆▆▅▆▆▆▅▅▅▅▅▅▅▅▄▄▄▄▃▃"
        },
        "eur": {
            "current_rate": 111.02948273517347,
            "sparkline": "▅▅▅▅▄▄▄▄▄▄▄▄▄▄▄▄▄▄▄▄▅▅▄▄▅▅▅▅▅▅"
        },
        "cny": {
            "current_rate": 106.63770823737721,
            "sparkline": "▄▄▅▅▅▅▅▅▅▅▅▅▅▅▅▅▅▅▅▅▅▅▅▅▄▄▄▄▄▄"
        },
        "rsd": {
            "current_rate": 110.4780929960992,
            "sparkline": "▄▄▅▅▅▅▄▄▄▄▄▄▄▄▄▄▄▄▄▄▅▄▅▄▄▄▅▅▅▅"
        }
    },
    "specific_rates": {
        "rub_kzt_bank": 6.43,
        "rub_kzt_crypto": 6.388669156288132,
        "kzt_rsd_bank": 0.19227149906524532,
        "rsd_eur_cash": 0.008445945945945946,
        "eur_rsd_cash": 116.81428571428572,
        "rsd_usd_cash": 0.010019036168720569,
        "usd_rsd_cash": 95.81,
        "eur_usd_exch": 1.1973868229974902,
        "usd_kzt_bank": 500.0
    },
    "update_time": "2026-01-29 11:07:07",
    "update_time_display": "29.01 11:07"
}