{
    "rub2rsd": {
        "bank": {
            "current": 1.3053083461822348,
            "sparkline_full": "                              1.31\n  ▁▁▁▁▂▃▄▃▃▃▃▄▄▄▄▄▄▄▃▃▄▄▄▅▅▅▅▇██  \n 1.25                             "
        },
        "korona": {
            "current": 1.2709243189921238,
            "diff_percent": -2.6341689525449987
        },
        "crypto": {
            "current": 1.3553887581161108,
            "diff_percent": 3.8366729271555786
        },
        "forex": {
            "current": 1.3736372356911437,
            "diff_percent": 5.234693374079559
        }
    },
    "rub2eur": {
        "bank": {
            "current": 0.011246063877642825,
            "sparkline_full": "                              88.9\n  ▁▁▁▁▂▃▃▃▃▃▃▃▄▄▄▄▄▄▃▃▃▄▄▅▅▅▆▇██  \n  93.3                            "
        },
        "korona": {
            "current": 0.010881201361233937,
            "diff_percent": -3.2443574959078356
        },
        "crypto": {
            "current": 0.011529257683240392,
            "diff_percent": 2.518159319373567
        },
        "forex": {
            "current": 0.011697757414813128,
            "diff_percent": 4.01645893251833
        }
    },
    "rub2usd": {
        "bank": {
            "current": 0.013171759747102213,
            "sparkline_full": "                              75.9\n  ▁▁▂▂▃▄▄▃▂▂▂▃▄▃▄▄▄▄▃▂▃▄▄▅▅▅▆▇▇█  \n  79.0                            "
        },
        "korona": {
            "current": 0.012495042462001218,
            "diff_percent": -5.137637628486756
        },
        "crypto": {
            "current": 0.013474970981984316,
            "diff_percent": 2.301979695224924
        },
        "forex": {
            "current": 0.01367268948638542,
            "diff_percent": 3.803058580638104
        }
    },
    "xdr": {
        "rub2xdr": {
            "current_rate": 0.009487606271732195,
            "sparkline": "▁▁▁▁▂▄▄▃▃▄▄▄▄▅▅▅▄▄▄▄▄▅▆▆▆▆▇▇██"
        },
        "usd2xdr": {
            "current_rate": 0.694969,
            "sparkline": "▄▄▄▄▄▄▄▄▅▅▅▅▅▅▅▅▅▅▅▅▅▅▅▅▄▄▄▅▅▅"
        },
        "eur2xdr": {
            "current_rate": 0.8110619784026151,
            "sparkline": "▄▅▄▅▅▄▄▄▄▅▅▅▄▅▅▅▄▅▄▄▅▅▅▆▅▄▄▄▄▃"
        },
        "cny2xdr": {
            "current_rate": 0.1024250016580326,
            "sparkline": "▄▄▄▄▄▄▄▄▅▄▄▅▅▅▅▅▄▄▄▅▅▅▅▅▅▄▅▅▅▅"
        },
        "rsd2xdr": {
            "current_rate": 0.006906922748755073,
            "sparkline": "▄▅▄▅▅▄▄▄▄▄▄▅▄▅▅▅▅▅▄▄▅▅▅▆▅▄▄▄▄▃"
        }
    },
    "neer": {
        "rub": {
            "current_rate": 103.49672222128432,
            "sparkline": "▄▂▁▁▃▄▆▆▆▄▄▆▆▆▆▆▅▅▆▅▄▄▆▅▅▆▇▇██"
        },
        "usd": {
            "current_rate": 101.81464726250199,
            "sparkline": "▄▄▅▅▄▄▄▅▅▅▅▄▅▅▅▅▅▅▅▅▄▄▄▄▄▄▅▅▅▅"
        },
        "eur": {
            "current_rate": 109.53299958403191,
            "sparkline": "▅▅▅▅▄▄▄▄▄▅▅▅▄▄▄▄▄▄▄▄▄▄▄▄▄▄▄▄▄▄"
        },
        "cny": {
            "current_rate": 110.96830259604626,
            "sparkline": "▅▅▄▄▅▅▅▅▅▄▄▅▅▅▅▅▄▄▅▅▅▅▅▄▄▅▄▅▅▅"
        },
        "rsd": {
            "current_rate": 109.66657349629075,
            "sparkline": "█▇▂▂▇▇▇▇▇▁▁▇▇▇▇█▂▁██▇▇▇▂▁▇▁▁▁▁"
        }
    },
    "specific_rates": {
        "rub_kzt_bank": 6.27,
        "rub_kzt_crypto": 6.427561158406519,
        "kzt_rsd_bank": 0.2108713903629554,
        "rsd_eur_cash": 0.00844880027036161,
        "eur_rsd_cash": 116.8,
        "rsd_usd_cash": 0.009831460674157303,
        "usd_rsd_cash": 98.27142857142857,
        "eur_usd_exch": 1.1670477077432448,
        "usd_kzt_bank": 470.0
    },
    "update_time": "2026-05-15 00:51:37",
    "update_time_display": "15.05 00:51"
}