{
    "rub2rsd": {
        "bank": {
            "current": 1.1634245848245928,
            "sparkline_full": "      1.26                        \n  ▇█████▇▅▃▃▃▄▄▃▃▃▃▃▄▅▅▅▆▆▆▆▅▂ ▁  \n                              1.16"
        },
        "korona": {
            "current": 1.1617333996613033,
            "diff_percent": -0.14536268060249505
        },
        "crypto": {
            "current": 1.1669736770914405,
            "diff_percent": 0.3050556360198312
        },
        "forex": {
            "current": 1.2653540266119003,
            "diff_percent": 8.761155911336983
        }
    },
    "rub2eur": {
        "bank": {
            "current": 0.010017028949213663,
            "sparkline_full": "      92.8                        \n  ▇█████▇▅▄▄▄▄▄▄▄▃▃▃▄▅▅▅▆▆▆▆▅▃ ▁  \n                              99.8"
        },
        "korona": {
            "current": 0.009939256235516641,
            "diff_percent": -0.7764050008373694
        },
        "crypto": {
            "current": 0.010006077014165147,
            "diff_percent": -0.10933316758933931
        },
        "forex": {
            "current": 0.01077348089375388,
            "diff_percent": 7.551659762344985
        }
    },
    "rub2usd": {
        "bank": {
            "current": 0.011764705882352941,
            "sparkline_full": "      79.4                        \n  ▇█████▇▅▄▄▄▄▄▄▄▃▃▃▄▆▆▆▇▇▇▇▆▃ ▁  \n                              85.0"
        },
        "korona": {
            "current": 0.011393266423615267,
            "diff_percent": -3.1572353992702293
        },
        "crypto": {
            "current": 0.0117292370479157,
            "diff_percent": -0.30148509271655555
        },
        "forex": {
            "current": 0.012783359134413187,
            "diff_percent": 8.658552642512086
        }
    },
    "xdr": {
        "rub2xdr": {
            "current_rate": 0.008796469433254099,
            "sparkline": "██████▆▃▂▂▂▂▂▁▁▁▁▁▂▄▃▂▃▃▃▄▃▂▃▃"
        },
        "usd2xdr": {
            "current_rate": 0.694966,
            "sparkline": "▅▅▅▅▅▅▅▅▅▄▄▄▄▄▄▄▄▅▄▄▄▄▄▄▄▄▄▄▄▄"
        },
        "eur2xdr": {
            "current_rate": 0.8164927863151463,
            "sparkline": "▅▄▄▄▄▄▅▅▅▅▄▄▄▄▄▄▄▄▅▅▄▄▄▄▄▄▄▄▄▄"
        },
        "cny2xdr": {
            "current_rate": 0.09933194214167286,
            "sparkline": "▅▅▅▅▅▅▅▅▄▄▄▄▄▄▄▄▄▅▅▅▄▄▄▅▅▅▅▅▅▅"
        },
        "rsd2xdr": {
            "current_rate": 0.006951785230262743,
            "sparkline": "▅▄▄▄▄▄▄▅▅▅▄▄▄▄▄▄▄▄▄▅▄▄▄▄▄▄▄▄▄▄"
        }
    },
    "neer": {
        "rub": {
            "current_rate": 96.83428556865682,
            "sparkline": "▅▇██▇▆▇▅▃▃▃▃▃▃▂▂▂▂▁▄▅▄▄▄▅▄▄▃▃▃"
        },
        "usd": {
            "current_rate": 103.11019423609379,
            "sparkline": "▅▅▅▅▅▅▅▅▅▄▅▄▄▅▅▅▅▅▅▄▄▄▄▄▄▄▄▄▄▄"
        },
        "eur": {
            "current_rate": 110.60944657717327,
            "sparkline": "▄▄▄▄▄▄▄▅▅▅▅▅▅▅▅▅▅▅▅▅▅▅▅▅▅▅▅▄▄▄"
        },
        "cny": {
            "current_rate": 107.4569541345692,
            "sparkline": "▄▄▄▄▄▄▄▄▄▄▄▄▄▅▅▅▅▅▅▄▄▄▄▅▄▄▅▅▅▅"
        },
        "rsd": {
            "current_rate": 110.36494432386249,
            "sparkline": "▄▄▄▄▄▄▄▄▅▅▅▅▄▅▅▅▅▅▅▅▅▅▅▅▅▅▅▅▅▅"
        }
    },
    "specific_rates": {
        "rub_kzt_bank": 6.0,
        "rub_kzt_crypto": 5.993640131484923,
        "kzt_rsd_bank": 0.19470199269409974,
        "rsd_eur_cash": 0.008451894633046908,
        "eur_rsd_cash": 116.88333333333333,
        "rsd_usd_cash": 0.009807126511932005,
        "usd_rsd_cash": 97.56666666666666,
        "eur_usd_exch": 1.1748672400018798,
        "usd_kzt_bank": 504.0
    },
    "update_time": "2026-01-02 02:06:31",
    "update_time_display": "02.01 02:06"
}