{
    "rub2rsd": {
        "bank": {
            "current": 1.2236529647681178,
            "sparkline_full": "                              1.22\n       ▄▄▃▄▄▄▆▅▅ ▅▅▅▅▆▃▃▃▄▄▄▅▅▅▆  \n        1.19                      "
        },
        "korona": {
            "current": 1.178368618663541,
            "diff_percent": -3.7007507363951233
        },
        "crypto": {
            "current": 1.2700671581208336,
            "diff_percent": 3.793084697139706
        },
        "forex": {
            "current": 1.2579985212674245,
            "diff_percent": 2.8068053188442352
        }
    },
    "rub2eur": {
        "bank": {
            "current": 0.010467915837956662,
            "sparkline_full": "                              95.5\n       ▄▃▄▃▃▃▅▆▅▅▆▆▆▅▅▄▄▄▅▅▅▆▆▆▆  \n       98.5                       "
        },
        "korona": {
            "current": 0.010088772420064562,
            "diff_percent": -3.6219570711232274
        },
        "crypto": {
            "current": 0.010827555219172186,
            "diff_percent": 3.4356350087519063
        },
        "forex": {
            "current": 0.010765946091698422,
            "diff_percent": 2.847083013995031
        }
    },
    "rub2usd": {
        "bank": {
            "current": 0.011907597046915932,
            "sparkline_full": "                    83.5          \n       ▁▁▁▄▄▄▇▇▆▆███▇█▇▅▅▆▆▆▇███  \n       89.1                       "
        },
        "korona": {
            "current": 0.010994295751665805,
            "diff_percent": -7.669904277510563
        },
        "crypto": {
            "current": 0.012292152060412868,
            "diff_percent": 3.22949300334727
        },
        "forex": {
            "current": 0.012270947427579936,
            "diff_percent": 3.051416496816305
        }
    },
    "xdr": {
        "rub2xdr": {
            "current_rate": 0.008757962044858602,
            "sparkline": "            ▅▃▃▅▅▅█▅▃▁▃▅▅▃▅▅▆▆"
        },
        "usd2xdr": {
            "current_rate": 0.720178,
            "sparkline": "            ▆▆▆▆▆▆▅▂▄▅▆▆▆▆▅▅▆▇"
        },
        "eur2xdr": {
            "current_rate": 0.8134874511039797,
            "sparkline": "            ▂▄▄▄▄▄▇▄▂▂▄▅▅▄▃▃▂▃"
        },
        "cny2xdr": {
            "current_rate": 0.09872213845099383,
            "sparkline": "            ▅▅▆▆▆▆▆▂▄▅▇▇▇▆▅▅▆▇"
        },
        "rsd2xdr": {
            "current_rate": 0.0069618222094848066,
            "sparkline": "            ▄▄▄▄▅▅▅▄▅▄▅▅▅▄▅▅▄▅"
        }
    },
    "neer": {
        "rub": {
            "current_rate": 95.44795543695774,
            "sparkline": "▄▄▅▅▅▃▃▂▂▂▂▂▅▆▅▆▆▆▆▇▆▅▅▅▅▅▅▆▆▆"
        },
        "usd": {
            "current_rate": 106.0374885691725,
            "sparkline": "▅▅▆▆▆▆▆▅▄▄▄▄▄▄▃▃▃▃▃▃▃▃▃▃▃▃▃▃▃▃"
        },
        "eur": {
            "current_rate": 108.66840358025199,
            "sparkline": "▃▃▃▃▃▃▄▄▆▆▆▆▅▅▅▅▅▅▅▆▅▅▅▆▅▅▅▅▄▄"
        },
        "cny": {
            "current_rate": 104.22314573934267,
            "sparkline": "▅▆▆▆▆▆▅▅▄▄▄▄▄▄▄▄▃▄▄▃▃▄▄▄▄▄▄▄▄▄"
        },
        "rsd": {
            "current_rate": 109.63717664110493,
            "sparkline": "▂▅▅▅▅▅▅▄▅▅▅▆▄▅▅▅▅▅▇▆▅▅▅▅▅▅▅▅▅▅"
        }
    },
    "update_time": "2025-05-02 04:50:45",
    "update_time_display": "02.05 04:50"
}