{
    "rub2rsd": {
        "bank": {
            "current": 1.242984645307295,
            "sparkline_full": "   1.26                           \n  ▆▇█▇▇▇         ▁▁▁▁▁▂▄▅▅▅▅▄▄▆▆  \n                1.21              "
        },
        "korona": {
            "current": 1.1937231246786084,
            "diff_percent": -3.96316405151634
        },
        "crypto": {
            "current": 1.2008183748956194,
            "diff_percent": -3.3923404099051564
        },
        "forex": {
            "current": 1.2864323934777933,
            "diff_percent": 3.495437239271522
        }
    },
    "rub2eur": {
        "bank": {
            "current": 0.010689470871191877,
            "sparkline_full": "     92.8                         \n  ▇████▇         ▂▁▂▂▂▂▄▄▅▅▅▄▅▆▆  \n                 95.5             "
        },
        "korona": {
            "current": 0.010224609204955961,
            "diff_percent": -4.348780887636992
        },
        "crypto": {
            "current": 0.010264717826448926,
            "diff_percent": -3.973564733570303
        },
        "forex": {
            "current": 0.010982362691128074,
            "diff_percent": 2.740002975503123
        }
    },
    "rub2usd": {
        "bank": {
            "current": 0.012447099825740602,
            "sparkline_full": "                          80.1    \n  ▄▄▄▅▅▄         ▃▃▄▄▄▄▅▆▆▆▆▅▅▅▅  \n                 81.0             "
        },
        "korona": {
            "current": 0.011703167889005965,
            "diff_percent": -5.976749179726077
        },
        "crypto": {
            "current": 0.011928743713488715,
            "diff_percent": -4.164473005831666
        },
        "forex": {
            "current": 0.012827337621939877,
            "diff_percent": 3.0548304546649767
        }
    },
    "xdr": {
        "rub2xdr": {
            "current_rate": 0.008984367819230541,
            "sparkline": "▂▂▃▃▃▃         ▂▇████▁▂▂▁▁▁▂▂▂"
        },
        "usd2xdr": {
            "current_rate": 0.702806,
            "sparkline": "▂▃▃▃▃▃         ▃█████▁▁▁▁▁▁▁▂▂"
        },
        "eur2xdr": {
            "current_rate": 0.8180724013502503,
            "sparkline": "▁▁▁▁▁▁         ▃█████▁▁▁▁▁▁▁▁▁"
        },
        "cny2xdr": {
            "current_rate": 0.09789747875748712,
            "sparkline": "▂▂▂▂▂▂         ▃█████▁▁▁▁▁▁▁▂▂"
        },
        "rsd2xdr": {
            "current_rate": 0.006983940908812035,
            "sparkline": "▁▁▁▁▁▁         ▃█████▁▁▁▁▁▁▁▁▁"
        }
    },
    "neer": {
        "rub": {
            "current_rate": 98.82210831058893,
            "sparkline": "▅▅▆▆▆▇▅▅▄▄▄▄▄▂▃▂▂▂▂▂▃▄▄▇▆▅▅▆▇▇"
        },
        "usd": {
            "current_rate": 104.05265165107633,
            "sparkline": "▅▆▅▆▆▇▅▅▄▃▃▃▃▂▃▃▂▂▂▃▃▃▃▄▄▄▄▄▅▅"
        },
        "eur": {
            "current_rate": 110.14422413282432,
            "sparkline": "▃▃▃▄▄▃▄▄▅▅▅▅▅▆▆▆▆▆▆▆▆▆▆▅▆▆▆▆▅▅"
        },
        "cny": {
            "current_rate": 103.85089840900139,
            "sparkline": "▅▅▅▅▅▆▄▅▄▃▃▃▃▃▃▃▃▃▃▄▄▄▄▄▄▄▅▅▅▅"
        },
        "rsd": {
            "current_rate": 110.33607922091686,
            "sparkline": "▃▃▄▃▃▄▄▄▄▄▄▄▅▃▆▃▄▄▄▄▄▄▄▄▄▄▄▄▄▄"
        }
    },
    "update_time": "2025-07-17 00:51:27",
    "update_time_display": "17.07 00:51"
}