{
    "rub2rsd": {
        "bank": {
            "current": 1.1445776163362495,
            "sparkline_full": "  1.21                            \n  ▇██▆▆▆▇▇▇▆▆▆▆▆▆▆▆▄▄▄▃▂▁▁▂▂▃▃▂▂  \n                       1.13       "
        },
        "korona": {
            "current": 1.1094171844303204,
            "diff_percent": -3.0719132895920453
        },
        "crypto": {
            "current": 1.1097917801993797,
            "diff_percent": -3.039185428788829
        },
        "forex": {
            "current": 1.1961471549121654,
            "diff_percent": 4.505551903154284
        }
    },
    "rub2eur": {
        "bank": {
            "current": 0.009875567845151095,
            "sparkline_full": "  96.5                            \n  ███▇▇▇▇▇▇▇▇▇▇▇▇▆▆▅▅▅▃▂▁▂▂▂▃▃▃▃  \n                       103        "
        },
        "korona": {
            "current": 0.00950250265036677,
            "diff_percent": -3.7776581623860714
        },
        "crypto": {
            "current": 0.009549431681058181,
            "diff_percent": -3.302454797604848
        },
        "forex": {
            "current": 0.010209123276464234,
            "diff_percent": 3.3775822974768457
        }
    },
    "rub2usd": {
        "bank": {
            "current": 0.011695906432748537,
            "sparkline_full": "  82.0                            \n  ▇█▇▆▆▆▇▆▆▆▆▆▆▆▆▅▅▅▅▅▄▂▁▂▂▂▃▄▄▄  \n                       87.6       "
        },
        "korona": {
            "current": 0.010865986135458574,
            "diff_percent": -7.0958185418291855
        },
        "crypto": {
            "current": 0.01128728781419193,
            "diff_percent": -3.4936891886590002
        },
        "forex": {
            "current": 0.012048381480673795,
            "diff_percent": 3.013661659760949
        }
    },
    "xdr": {
        "rub2xdr": {
            "current_rate": 0.008286952016256888,
            "sparkline": "▇████▇███████▇▇▆▆▆▆▅▂▁▁▁▂▂▃▃▂▁"
        },
        "usd2xdr": {
            "current_rate": 0.689851,
            "sparkline": "▅▅▆▅▅▅▅▅▆▅▅▅▅▅▅▅▅▅▅▅▄▅▅▄▄▄▄▄▄▃"
        },
        "eur2xdr": {
            "current_rate": 0.8117202419684114,
            "sparkline": "▄▄▄▅▄▄▄▄▄▄▄▄▄▄▄▄▅▄▄▄▄▄▄▄▄▄▄▅▅▄"
        },
        "cny2xdr": {
            "current_rate": 0.09698317189411086,
            "sparkline": "▄▄▅▅▄▄▅▅▅▅▅▅▅▅▅▅▅▅▄▅▄▅▅▅▄▄▅▅▅▄"
        },
        "rsd2xdr": {
            "current_rate": 0.006928037225374173,
            "sparkline": "▄▄▄▅▄▄▄▄▄▄▄▄▄▄▄▄▅▄▄▄▄▄▄▄▄▄▄▅▅▄"
        }
    },
    "neer": {
        "rub": {
            "current_rate": 90.80843873752183,
            "sparkline": "████▇██████████▇▇▇▆▆▅▄▂▁▃▃▁▁▃▃"
        },
        "usd": {
            "current_rate": 102.99762657104878,
            "sparkline": "▅▅▅▅▅▅▅▅▅▅▅▅▅▅▅▅▅▅▅▅▄▅▅▄▄▄▄▄▄▄"
        },
        "eur": {
            "current_rate": 111.05014261814733,
            "sparkline": "▄▄▄▅▅▄▄▄▄▄▄▄▄▄▄▄▄▄▅▅▅▄▄▄▄▅▅▅▅▅"
        },
        "cny": {
            "current_rate": 104.31287410208833,
            "sparkline": "▄▄▅▄▄▄▅▅▅▅▅▅▅▅▅▅▅▅▅▅▅▅▅▅▅▅▅▄▄▄"
        },
        "rsd": {
            "current_rate": 110.88044573516042,
            "sparkline": "▄▄▄▄▄▅▄▄▄▄▄▄▄▅▄▄▄▄▄▄▅▅▅▅▅▄▄▅▅▅"
        }
    },
    "update_time": "2025-09-18 16:05:49",
    "update_time_display": "18.09 16:05"
}