{
    "rub2rsd": {
        "bank": {
            "current": 1.1888052310687152,
            "sparkline_full": "                         1.22     \n  ▁▁▁▁▂▂▂▂▃▄▄▄▃▃▂▃▄▅▆▅▅▆▇██▆▅▅▅▅  \n   1.14                           "
        },
        "korona": {
            "current": 1.1522968829616624,
            "diff_percent": -3.071011731184288
        },
        "crypto": {
            "current": 1.303344646941487,
            "diff_percent": 9.634834443805653
        },
        "forex": {
            "current": 1.2398535948838505,
            "diff_percent": 4.294089770217763
        }
    },
    "rub2eur": {
        "bank": {
            "current": 0.01026167265264238,
            "sparkline_full": "                        95.0      \n  ▁▁▁▁▁▂▂▂▃▃▄▃▃▃▃▃▄▅▆▆▆▆▇██▅▅▅▅▅  \n  102                             "
        },
        "korona": {
            "current": 0.009866762300589157,
            "diff_percent": -3.848401380758663
        },
        "crypto": {
            "current": 0.011215801516082124,
            "diff_percent": 9.297985774220301
        },
        "forex": {
            "current": 0.010580669923847867,
            "diff_percent": 3.1086284078974664
        }
    },
    "rub2usd": {
        "bank": {
            "current": 0.011953143676786996,
            "sparkline_full": "                         81.4     \n  ▁▂▁▁▁▁▁▂▃▄▅▄▃▃▃▃▄▅▄▅▅▅▆▇█▅▄▄▅▅  \n     86.2                         "
        },
        "korona": {
            "current": 0.011331944620302946,
            "diff_percent": -5.196951306545557
        },
        "crypto": {
            "current": 0.013038498715371556,
            "diff_percent": 9.080080252798433
        },
        "forex": {
            "current": 0.012292940778757798,
            "diff_percent": 2.842742555087735
        }
    },
    "xdr": {
        "rub2xdr": {
            "current_rate": 0.008606034398544703,
            "sparkline": "▁▁▁▁▁▁▁▂▂▃▃▃▃▃▂▃▄▅▆▅▅▆▇█▇▅▅▅▅▅"
        },
        "usd2xdr": {
            "current_rate": 0.700107,
            "sparkline": "▄▄▄▄▄▄▄▄▄▄▄▄▄▄▄▄▅▅▅▅▅▅▅▅▅▅▅▅▅▅"
        },
        "eur2xdr": {
            "current_rate": 0.8133732987121621,
            "sparkline": "▅▅▅▄▄▅▅▅▅▅▅▄▄▅▄▄▄▄▅▅▅▄▅▅▅▅▅▅▄▄"
        },
        "cny2xdr": {
            "current_rate": 0.09833515927861117,
            "sparkline": "▄▄▄▄▄▄▄▄▄▄▄▄▄▄▄▄▅▅▅▅▅▅▅▅▅▅▅▅▅▅"
        },
        "rsd2xdr": {
            "current_rate": 0.006941169855906185,
            "sparkline": "▅▅▅▄▄▅▅▅▅▅▅▄▅▅▄▄▄▄▅▅▅▄▅▅▅▅▅▅▄▄"
        }
    },
    "neer": {
        "rub": {
            "current_rate": 95.15134864123986,
            "sparkline": "▂▁▂▁▂▂▂▁▂▃▄▅▃▃▅▃▄▅▅▅▅▅▆██▆▅▅▅▆"
        },
        "usd": {
            "current_rate": 104.03381546434481,
            "sparkline": "▄▄▄▄▅▄▄▄▄▄▄▄▄▄▄▄▅▅▅▅▅▅▅▅▄▄▅▅▅▅"
        },
        "eur": {
            "current_rate": 110.30331746951998,
            "sparkline": "▅▅▅▅▅▅▅▅▅▅▅▅▅▅▄▄▄▄▄▄▄▄▄▄▄▅▄▄▄▄"
        },
        "cny": {
            "current_rate": 105.40342972707764,
            "sparkline": "▄▄▄▄▄▄▄▄▄▄▄▄▄▄▅▅▅▅▅▅▅▅▅▅▅▄▅▅▅▅"
        },
        "rsd": {
            "current_rate": 110.449797974253,
            "sparkline": "▄▅▅▅▄▅▄▅▄▅▄▄▄▄▅▅▄▄▄▄▄▅▅▄▄▄▄▄▄▄"
        }
    },
    "update_time": "2025-10-21 16:35:47",
    "update_time_display": "21.10 16:35"
}