{
    "rub2rsd": {
        "bank": {
            "current": 1.237500246030889,
            "sparkline_full": "                        1.24      \n    в–…в–Үв–…в–…в–…в–ғв–Ғв–Ӯв–Ӯв–Ӯв–Ӯв–Ӯв–ғв–„в–…в–Ҷв–Ҷв–Ҷв–Ҷв–Ҷв–Ҷв–Ҳв–…в–…в–„в–„в–„в–Ү  \n         1.22                     "
        },
        "korona": {
            "current": 1.1984758002570428,
            "diff_percent": -3.1534899406292434
        },
        "crypto": {
            "current": 1.2366662100566617,
            "diff_percent": -0.06739683300285647
        },
        "forex": {
            "current": 1.295852874679779,
            "diff_percent": 4.715362993748729
        }
    },
    "rub2eur": {
        "bank": {
            "current": 0.010611205432937183,
            "sparkline_full": "                        93.5      \n  в–Ҷв–Ҷв–Ҷв–Үв–Ҷв–…в–…в–Ӯв–Ӯв–Ғв–Ӯв–Ӯв–Ӯв–Ӯв–„в–…в–Ҷв–Ҷв–Ҷв–Ҷв–Ҷв–…в–Үв–Ҳв–Ҷв–„в–„в–„в–…в–…  \n          95.4                    "
        },
        "korona": {
            "current": 0.010259668095633239,
            "diff_percent": -3.31288786675237
        },
        "crypto": {
            "current": 0.010661966335394731,
            "diff_percent": 0.47837074475993524
        },
        "forex": {
            "current": 0.01103635308668477,
            "diff_percent": 4.006591488917253
        }
    },
    "rub2usd": {
        "bank": {
            "current": 0.0124750499001996,
            "sparkline_full": " 79.3                             \n  в–Үв–…в–…в–Ҷв–…в–„в–„в–Ӯв–ғв–ғв–„в–ғв–ғв–ғв–…в–…в–Ҷв–…в–…в–„в–„в–„в–Ҷв–Ҷв–…в–„в–ғв–ғв–ғв–ғ  \n        80.4                      "
        },
        "korona": {
            "current": 0.011811279830066329,
            "diff_percent": -5.3207808821883065
        },
        "crypto": {
            "current": 0.012509757313839635,
            "diff_percent": 0.27821462773851113
        },
        "forex": {
            "current": 0.012957832621084468,
            "diff_percent": 3.8699862906130913
        }
    },
    "xdr": {
        "rub2xdr": {
            "current_rate": 0.00892847416758033,
            "sparkline": "в–Ҷв–Ҷв–Үв–Ҳв–Үв–Ҷв–Ҷв–…в–ғв–Ғв–Ӯв–ғв–Үв–„в–„в–Ҷв–Үв–Ҷв–Ҳв–Ҳв–Ҳв–Ҷв–Ҳв–Ҳв–…в–…в–…в–„в–„в–ғ"
        },
        "usd2xdr": {
            "current_rate": 0.691772,
            "sparkline": "в–ғв–…в–…в–…в–Ҷв–…в–…в–…в–„в–Ӯв–ғв–ғв–ғв–ғв–ғв–„в–„в–„в–Үв–Ҷв–Ҷв–…в–Ҷв–Үв–…в–Ҷв–…в–…в–Ҷв–Ҷ"
        },
        "eur2xdr": {
            "current_rate": 0.8090058461750765,
            "sparkline": "в–„в–…в–…в–…в–Ҷв–…в–…в–Үв–Үв–…в–…в–…в–…в–…в–…в–…в–…в–ғв–…в–…в–…в–…в–…в–Ҷв–…в–…в–…в–…в–ғв–Ӯ"
        },
        "cny2xdr": {
            "current_rate": 0.10051173265528515,
            "sparkline": "в–Ғв–ғв–ғв–ғв–„в–ғв–ғв–ғв–ғв–Ӯв–ғв–ғв–ғв–ғв–ғв–ғв–„в–„в–Ҷв–Ҷв–…в–…в–Үв–Ҳв–Ҳв–Ҳв–Ҳв–Үв–Үв–Ү"
        },
        "rsd2xdr": {
            "current_rate": 0.006890036934005078,
            "sparkline": "в–„в–…в–…в–…в–Ҷв–…в–…в–Үв–Үв–…в–…в–…в–…в–…в–…в–…в–…в–ғв–…в–…в–…в–…в–…в–Ҷв–…в–…в–…в–…в–ғв–Ӯ"
        }
    },
    "neer": {
        "rub": {
            "current_rate": 98.19497761369479,
            "sparkline": "в–Ҳв–„в–…в–…в–Үв–Ҷв–…в–…в–Ғв–Ӯв–Ғв–Ӯв–Ҷв–„в–Ӯв–…в–…в–Ҳв–Ҷв–Ҷв–Ҷв–Ҷв–Ҷв–Ҷв–„в–„в–ғв–Ӯв–ғв–ғ"
        },
        "usd": {
            "current_rate": 101.64568684141389,
            "sparkline": "в–…в–…в–…в–Ҷв–Ҷв–…в–…в–„в–„в–ғв–ғв–„в–ғв–ғв–ғв–„в–„в–…в–…в–„в–„в–…в–…в–„в–ғв–„в–„в–„в–„в–„"
        },
        "eur": {
            "current_rate": 109.98987086358015,
            "sparkline": "в–…в–„в–…в–…в–…в–…в–…в–Ҷв–Ҷв–Ҷв–…в–…в–„в–„в–…в–„в–…в–„в–„в–„в–„в–„в–„в–ғв–ғв–ғв–ғв–„в–„в–„"
        },
        "cny": {
            "current_rate": 108.7924463222124,
            "sparkline": "в–ғв–ғв–ғв–„в–„в–„в–„в–„в–„в–ғв–ғв–ғв–ғв–ғв–ғв–„в–ғв–…в–…в–„в–„в–„в–Ҷв–…в–Ҷв–Ҷв–Ҷв–Ҷв–Ҷв–Ҷ"
        },
        "rsd": {
            "current_rate": 110.17142119543755,
            "sparkline": "в–…в–…в–…в–„в–…в–…в–…в–„в–Ҷв–Ҷв–…в–…в–„в–…в–…в–Ҷв–…в–…в–„в–„в–„в–ғв–ғв–„в–„в–„в–„в–„в–…в–…"
        }
    },
    "specific_rates": {
        "rub_kzt_bank": 6.25,
        "rub_kzt_crypto": 6.279898171547496,
        "kzt_rsd_bank": 0.19692456410514084,
        "rsd_eur_cash": 0.008451044307618014,
        "eur_rsd_cash": 116.81428571428572,
        "rsd_usd_cash": 0.00985525100092393,
        "usd_rsd_cash": 97.9,
        "eur_usd_exch": 1.1694689090843176,
        "usd_kzt_bank": 495.0
    },
    "update_time": "2026-03-03 02:36:24",
    "update_time_display": "03.03 02:36"
}