{
    "rub2rsd": {
        "bank": {
            "current": 1.1410413573367788,
            "sparkline_full": "  1.20                            \n  ▇█▇▇▇▇▇▇▆▆▅▅▅▄▂▁▂▃▃▃▄▃▃▃▃▃▃▃▂▂  \n                1.13              "
        },
        "korona": {
            "current": 1.1013143841624964,
            "diff_percent": -3.4816418282161345
        },
        "crypto": {
            "current": 1.1085977967414498,
            "diff_percent": -2.8433290683742776
        },
        "forex": {
            "current": 1.19190275671876,
            "diff_percent": 4.457454504602091
        }
    },
    "rub2eur": {
        "bank": {
            "current": 0.009867771857114663,
            "sparkline_full": " 96.8                             \n  █▇▇▇▇▇▇▇▆▆▅▅▅▃▂▁▂▂▂▃▃▃▃▃▃▃▂▂▂▃  \n                103               "
        },
        "korona": {
            "current": 0.009430214910259907,
            "diff_percent": -4.434202099426102
        },
        "crypto": {
            "current": 0.009601727707771984,
            "diff_percent": -2.696091409438708
        },
        "forex": {
            "current": 0.010174105435365349,
            "diff_percent": 3.1043844819924504
        }
    },
    "rub2usd": {
        "bank": {
            "current": 0.011619800139437602,
            "sparkline_full": " 83.2                             \n  ▇▇▇▇▇▇▇▇▆▆▆▆▆▄▃▂▂▃▃▄▅▄▄▄▄▄▃▄▄▄  \n                87.6              "
        },
        "korona": {
            "current": 0.010770800823105098,
            "diff_percent": -7.306488116357522
        },
        "crypto": {
            "current": 0.011284232287757717,
            "diff_percent": -2.8878969315570884
        },
        "forex": {
            "current": 0.0119059808504204,
            "diff_percent": 2.4628711987179694
        }
    },
    "xdr": {
        "rub2xdr": {
            "current_rate": 0.008298584161964358,
            "sparkline": "██████▇▇▆▆▆▆▅▂▁▁▁▂▂▃▃▂▁▂▂▂▁▁▁▁"
        },
        "usd2xdr": {
            "current_rate": 0.694821,
            "sparkline": "▆▆▅▅▅▅▅▅▅▅▅▅▅▄▅▅▅▄▄▅▅▅▃▄▄▄▄▄▄▄"
        },
        "eur2xdr": {
            "current_rate": 0.8156573779074818,
            "sparkline": "▄▄▄▄▄▄▄▄▄▅▄▄▄▄▄▄▄▄▄▄▅▅▄▄▄▄▄▄▄▄"
        },
        "cny2xdr": {
            "current_rate": 0.09742097404008608,
            "sparkline": "▅▅▅▅▅▅▅▅▅▅▅▄▅▄▅▅▅▄▄▅▅▅▄▄▄▄▄▄▄▄"
        },
        "rsd2xdr": {
            "current_rate": 0.006962467462370744,
            "sparkline": "▄▄▄▄▄▄▄▄▄▅▄▄▄▄▄▄▄▄▄▄▅▅▄▄▄▄▄▄▄▄"
        }
    },
    "neer": {
        "rub": {
            "current_rate": 91.22933547538504,
            "sparkline": "█████████▇▇▇▇▅▄▂▁▃▃▁▁▃▃▄▄▄▄▃▃▃"
        },
        "usd": {
            "current_rate": 103.23099965974296,
            "sparkline": "▅▅▅▅▅▅▅▅▅▅▅▅▅▄▅▅▅▄▄▄▄▄▄▄▄▄▄▄▄▄"
        },
        "eur": {
            "current_rate": 111.16894817437343,
            "sparkline": "▄▄▄▄▄▄▄▄▄▄▄▅▄▅▄▄▄▄▅▅▅▅▅▅▅▅▅▅▅▅"
        },
        "cny": {
            "current_rate": 104.53355507424997,
            "sparkline": "▅▅▅▅▅▅▅▅▅▅▄▄▅▄▅▅▅▅▅▄▄▄▄▅▅▅▅▅▅▅"
        },
        "rsd": {
            "current_rate": 110.93282836027618,
            "sparkline": "▄▄▄▄▄▄▅▄▄▄▄▄▄▅▅▅▅▅▄▄▅▅▅▅▅▅▅▅▅▅"
        }
    },
    "update_time": "2025-09-25 03:06:24",
    "update_time_display": "25.09 03:06"
}