{
    "rub2rsd": {
        "bank": {
            "current": 1.277900704457455,
            "sparkline_full": "                              1.28\n  ▂▂▁▂▃▃▄▆▅▄▄▄▄▅▆▇▆▆▆▆▇▇▇▇▇▇▇▆▆█  \n   1.22                           "
        },
        "korona": {
            "current": 1.236286128305479,
            "diff_percent": -3.2564796315410147
        },
        "crypto": {
            "current": 1.3011419673373439,
            "diff_percent": 1.8187064768663785
        },
        "forex": {
            "current": 1.3311355814959434,
            "diff_percent": 4.165807003063642
        }
    },
    "rub2eur": {
        "bank": {
            "current": 0.01092896174863388,
            "sparkline_full": "                        91.1      \n  ▂▁▂▃▃▃▅▅▆▅▄▅▅▆▇▇▇▆▇▇▇▇▇████▇▇▇  \n  95.3                            "
        },
        "korona": {
            "current": 0.010584641509464717,
            "diff_percent": -3.150530188397835
        },
        "crypto": {
            "current": 0.011095734788857893,
            "diff_percent": 1.5259733180497246
        },
        "forex": {
            "current": 0.011342010570690016,
            "diff_percent": 3.7793967218136437
        }
    },
    "rub2usd": {
        "bank": {
            "current": 0.012873326467559216,
            "sparkline_full": "                              77.7\n  ▁▁▂▃▄▄▅▆▇▆▆▆▆▇██▇▇▇▇███████▇▇█  \n 82.1                             "
        },
        "korona": {
            "current": 0.012135323958826787,
            "diff_percent": -5.732803487833511
        },
        "crypto": {
            "current": 0.013044022267843647,
            "diff_percent": 1.3259649766094597
        },
        "forex": {
            "current": 0.013293523661142765,
            "diff_percent": 3.26409179975701
        }
    },
    "xdr": {
        "rub2xdr": {
            "current_rate": 0.009285084652607503,
            "sparkline": "▁▂▁▃▃▂▄▅▆▄▄▄▄▆▇▇▆▇▇▇███████▇▇█"
        },
        "usd2xdr": {
            "current_rate": 0.696429,
            "sparkline": "▆▆▄▄▄▄▄▃▃▃▃▃▃▃▃▃▃▄▄▄▄▄▄▄▄▄▄▄▄▄"
        },
        "eur2xdr": {
            "current_rate": 0.8186453887286955,
            "sparkline": "▄▆▄▄▄▄▄▅▄▄▄▄▄▄▄▄▃▄▄▄▄▄▄▄▄▄▄▄▄▅"
        },
        "cny2xdr": {
            "current_rate": 0.10224762156448201,
            "sparkline": "▆▆▄▄▄▄▄▄▃▃▃▃▃▄▃▄▃▄▄▄▄▄▄▄▄▄▄▄▄▄"
        },
        "rsd2xdr": {
            "current_rate": 0.006975310991366358,
            "sparkline": "▄▆▄▄▄▄▄▅▄▄▄▄▄▄▄▄▃▄▄▄▄▄▄▄▄▄▄▄▄▅"
        }
    },
    "neer": {
        "rub": {
            "current_rate": 100.95445530586467,
            "sparkline": "▂▁▂▂▄▄▃▅▆▇▅▄▄▅▇███▇▆██▆█▇▇▇▇▇▆"
        },
        "usd": {
            "current_rate": 101.87929997022611,
            "sparkline": "▆▄▄▄▅▅▄▃▄▃▃▄▄▃▃▄▄▄▄▄▄▄▅▅▄▄▄▄▅▄"
        },
        "eur": {
            "current_rate": 109.67537779537282,
            "sparkline": "▄▄▄▄▅▅▄▄▄▄▄▄▄▄▄▄▄▄▄▄▄▄▄▄▄▄▄▄▄▄"
        },
        "cny": {
            "current_rate": 110.04153051411505,
            "sparkline": "▆▅▅▅▄▄▅▄▅▄▄▃▃▄▄▅▅▅▃▃▄▅▄▄▃▃▃▃▄▃"
        },
        "rsd": {
            "current_rate": 109.84635145645065,
            "sparkline": "▆▆▇▆▄▄▆▇▆▆█▂▂▆▆▇▇▇▂▂▆▇▂▁▂▂▂▂▂▂"
        }
    },
    "specific_rates": {
        "rub_kzt_bank": 6.0,
        "rub_kzt_crypto": 6.091558399082984,
        "kzt_rsd_bank": 0.21359755289109866,
        "rsd_eur_cash": 0.00844880027036161,
        "eur_rsd_cash": 116.8,
        "rsd_usd_cash": 0.0098159509202454,
        "usd_rsd_cash": 97.90833333333335,
        "eur_usd_exch": 1.175490091206276,
        "usd_kzt_bank": 460.0
    },
    "update_time": "2026-05-06 19:35:46",
    "update_time_display": "06.05 19:35"
}