{
    "rub2rsd": {
        "bank": {
            "current": 1.2717826870199969,
            "sparkline_full": "                       1.28       \n  ▂▁▂▃▃▄▆▅▄▄▄▄▅▆▇▇▆▆▆▇▇▇█▇▇▇▆▆▇▇  \n  1.22                            "
        },
        "korona": {
            "current": 1.234654724313809,
            "diff_percent": -2.919363747055318
        },
        "crypto": {
            "current": 1.333287532751213,
            "diff_percent": 4.836112832714565
        },
        "forex": {
            "current": 1.3373459076041527,
            "diff_percent": 5.155221977253177
        }
    },
    "rub2eur": {
        "bank": {
            "current": 0.01092896174863388,
            "sparkline_full": "                       91.1       \n  ▁▂▃▃▃▅▅▆▅▄▅▅▆▇▇▇▆▇▇▇▇▇████▇▇▇▇  \n 95.3                             "
        },
        "korona": {
            "current": 0.010570674009536037,
            "diff_percent": -3.278332812745259
        },
        "crypto": {
            "current": 0.011388912964778262,
            "diff_percent": 4.208553627721096
        },
        "forex": {
            "current": 0.011393771308081908,
            "diff_percent": 4.2530074689494555
        }
    },
    "rub2usd": {
        "bank": {
            "current": 0.012873326467559216,
            "sparkline_full": "                              77.7\n  ▁▂▃▃▃▅▆▇▆▆▆▆▇██▇▆▇▇▇██████▇▇██  \n 81.6                             "
        },
        "korona": {
            "current": 0.01212129321096761,
            "diff_percent": -5.8417943372036
        },
        "crypto": {
            "current": 0.013388679266944894,
            "diff_percent": 4.003260545627945
        },
        "forex": {
            "current": 0.013401071281638253,
            "diff_percent": 4.09952171576596
        }
    },
    "xdr": {
        "rub2xdr": {
            "current_rate": 0.009314647780713364,
            "sparkline": "▁▁▃▂▂▄▅▆▄▄▃▄▅▇▇▆▆▇▇███████▇▇▇█"
        },
        "usd2xdr": {
            "current_rate": 0.694413,
            "sparkline": "▆▅▄▄▄▄▃▃▃▃▃▃▃▃▃▃▄▄▄▄▄▄▄▄▄▄▄▄▄▃"
        },
        "eur2xdr": {
            "current_rate": 0.8175210410012561,
            "sparkline": "▆▄▄▄▄▄▅▄▄▄▄▄▄▄▄▃▄▄▄▄▄▄▄▄▄▄▄▄▄▄"
        },
        "cny2xdr": {
            "current_rate": 0.10209103338772989,
            "sparkline": "▆▄▄▄▄▄▄▃▃▃▃▃▄▃▃▃▄▄▄▄▄▄▄▄▄▄▄▄▄▄"
        },
        "rsd2xdr": {
            "current_rate": 0.006965025075225676,
            "sparkline": "▆▄▄▄▄▄▅▄▄▄▄▄▄▄▄▃▄▄▄▄▄▄▄▄▄▄▄▄▄▄"
        }
    },
    "neer": {
        "rub": {
            "current_rate": 101.63330983199432,
            "sparkline": "▁▂▂▃▃▃▅▆▇▅▄▄▅▇███▇▆█████▇▇█▇▆▇"
        },
        "usd": {
            "current_rate": 101.53689975517509,
            "sparkline": "▅▅▅▅▅▅▄▄▄▄▄▄▄▄▄▄▄▅▅▄▅▅▅▅▅▅▄▄▅▄"
        },
        "eur": {
            "current_rate": 109.65017892538474,
            "sparkline": "▄▄▄▆▆▄▄▄▄▄▄▄▄▄▄▃▄▄▄▄▄▄▄▄▄▄▄▄▄▄"
        },
        "cny": {
            "current_rate": 109.92305473352776,
            "sparkline": "▅▅▅▄▄▆▅▅▅▅▄▄▅▅▅▅▅▄▄▅▅▅▅▅▄▄▅▅▄▃"
        },
        "rsd": {
            "current_rate": 109.80404921510949,
            "sparkline": "▇▇▆▄▄▇▇▇▇▇▂▂▇▇▇▇▆▂▂▆▇▇▆▇▂▂▇▇▂▂"
        }
    },
    "specific_rates": {
        "rub_kzt_bank": 6.0,
        "rub_kzt_crypto": 6.252513217663266,
        "kzt_rsd_bank": 0.2132402581708574,
        "rsd_eur_cash": 0.00844880027036161,
        "eur_rsd_cash": 116.8,
        "rsd_usd_cash": 0.009817557064550437,
        "usd_rsd_cash": 97.81666666666666,
        "eur_usd_exch": 1.1772836064435086,
        "usd_kzt_bank": 460.0
    },
    "update_time": "2026-05-07 18:20:49",
    "update_time_display": "07.05 18:20"
}