{
    "rub2rsd": {
        "bank": {
            "current": 1.1410413573367788,
            "sparkline_full": "   1.20                           \n  █▇█▇▇▇▇▇▇▆▆▅▅▅▄▂▁▂▃▃▃▄▃▃▃▃▃▃▃▂  \n                 1.13             "
        },
        "korona": {
            "current": 1.1017299246027792,
            "diff_percent": -3.4452241788810847
        },
        "crypto": {
            "current": 1.1010000271118003,
            "diff_percent": -3.509191841953565
        },
        "forex": {
            "current": 1.1894552260534401,
            "diff_percent": 4.242954771565913
        }
    },
    "rub2eur": {
        "bank": {
            "current": 0.009867771857114663,
            "sparkline_full": "  96.8                            \n  ▇█▇▇▇▇▇▇▇▆▆▅▅▅▃▂▁▂▂▂▃▃▃▃▃▃▃▂▂▃  \n                 103              "
        },
        "korona": {
            "current": 0.009433773054702695,
            "diff_percent": -4.398143863642885
        },
        "crypto": {
            "current": 0.009535922313439879,
            "diff_percent": -3.362963275600265
        },
        "forex": {
            "current": 0.010149920775949088,
            "diff_percent": 2.8592971434680594
        }
    },
    "rub2usd": {
        "bank": {
            "current": 0.011619800139437602,
            "sparkline_full": " 83.0                             \n  ▇▇▇▇▇▇▇▇▇▆▆▆▆▆▄▃▂▂▃▃▄▅▄▄▄▄▄▃▃▃  \n                 87.6             "
        },
        "korona": {
            "current": 0.010774864788291238,
            "diff_percent": -7.271513631965604
        },
        "crypto": {
            "current": 0.011206895856437141,
            "diff_percent": -3.553454259501961
        },
        "forex": {
            "current": 0.0119059808504204,
            "diff_percent": 2.4628711987179694
        }
    },
    "xdr": {
        "rub2xdr": {
            "current_rate": 0.008259920477215415,
            "sparkline": "███████▇▇▆▆▆▆▅▂▁▁▁▂▂▃▃▂▁▂▂▂▁▁▁"
        },
        "usd2xdr": {
            "current_rate": 0.692627,
            "sparkline": "▅▆▆▅▅▅▅▅▅▅▅▅▅▅▄▅▅▅▄▄▅▅▅▃▄▄▄▄▄▄"
        },
        "eur2xdr": {
            "current_rate": 0.8137916205994283,
            "sparkline": "▄▄▄▄▄▄▄▄▄▄▅▄▄▄▄▄▄▄▄▄▄▅▅▄▄▄▄▄▄▄"
        },
        "cny2xdr": {
            "current_rate": 0.09717807335073099,
            "sparkline": "▅▅▅▅▅▅▅▅▅▅▅▅▄▅▄▅▅▅▄▄▅▅▅▄▄▄▄▄▄▄"
        },
        "rsd2xdr": {
            "current_rate": 0.006944288693086386,
            "sparkline": "▄▄▄▄▄▄▄▄▄▄▅▄▄▄▄▄▄▄▄▄▄▅▅▄▄▄▄▄▄▄"
        }
    },
    "neer": {
        "rub": {
            "current_rate": 91.22933547538504,
            "sparkline": "██████████▇▇▇▇▅▄▂▁▃▃▁▁▃▃▄▄▄▄▃▃"
        },
        "usd": {
            "current_rate": 103.23099965974296,
            "sparkline": "▅▅▅▅▅▅▅▅▅▅▅▅▅▅▄▅▅▅▄▄▄▄▄▄▄▄▄▄▄▄"
        },
        "eur": {
            "current_rate": 111.16894817437343,
            "sparkline": "▄▄▄▄▄▄▄▄▄▄▄▄▅▄▅▄▄▄▄▅▅▅▅▅▅▅▅▅▅▅"
        },
        "cny": {
            "current_rate": 104.53355507424997,
            "sparkline": "▄▅▅▅▅▅▅▅▅▅▅▄▄▅▄▅▅▅▅▅▄▄▄▄▅▅▅▅▅▅"
        },
        "rsd": {
            "current_rate": 110.93282836027618,
            "sparkline": "▄▄▄▄▄▄▄▅▄▄▄▄▄▄▅▅▅▅▅▄▄▅▅▅▅▅▅▅▅▅"
        }
    },
    "update_time": "2025-09-24 17:20:50",
    "update_time_display": "24.09 17:20"
}