{
    "rub2rsd": {
        "bank": {
            "current": 1.208399992189117,
            "sparkline_full": "                  1.24            \n      ▃▃▃▃▃▄▆▇▇▇▇▆▇██▇▇▇▇▆▃▂▁▁▁▁  \n                           1.20   "
        },
        "korona": {
            "current": 1.1601487877399532,
            "diff_percent": -3.9929828501366336
        },
        "crypto": {
            "current": 1.1852742994655905,
            "diff_percent": -1.9137448587394053
        },
        "forex": {
            "current": 1.2577375443186238,
            "diff_percent": 4.082882526350208
        }
    },
    "rub2eur": {
        "bank": {
            "current": 0.010396091069757772,
            "sparkline_full": "                   93.4           \n      ▃▃▄▄▄▄▅▆▇▇▇▆▆██▇▇▇▇▆▄▂▁▁▁▁  \n                           96.2   "
        },
        "korona": {
            "current": 0.009941292097171836,
            "diff_percent": -4.374711317304122
        },
        "crypto": {
            "current": 0.010164230145567252,
            "diff_percent": -2.2302702297886086
        },
        "forex": {
            "current": 0.010747686659253467,
            "diff_percent": 3.3819979753590896
        }
    },
    "rub2usd": {
        "bank": {
            "current": 0.012221950623319483,
            "sparkline_full": "               80.1               \n      ▅▄▅▅▅▅▆▇▇▇▇▆▆▇▇▆▆▆▆▆▄▃▂▂▂▂  \n                              81.8"
        },
        "korona": {
            "current": 0.011421196138358305,
            "diff_percent": -6.551773195952356
        },
        "crypto": {
            "current": 0.011924671100588017,
            "diff_percent": -2.4323410549888607
        },
        "forex": {
            "current": 0.012570283598168258,
            "diff_percent": 2.850060400212672
        }
    },
    "xdr": {
        "rub2xdr": {
            "current_rate": 0.008758539184140072,
            "sparkline": "    ▃█████▂▃▃▂▂▂▃▃▃▃▂▂▃▂▂▁▁▁▁▁"
        },
        "usd2xdr": {
            "current_rate": 0.69341,
            "sparkline": "    ▃█████▁▁▁▁▁▁▂▂▂▂▂▂▂▂▁▁▁▁▁▁"
        },
        "eur2xdr": {
            "current_rate": 0.8149231980632043,
            "sparkline": "    ▃█████▁▁▁▁▁▁▁▁▁▁▁▁▁▁▁▁▁▁▁▁"
        },
        "cny2xdr": {
            "current_rate": 0.09674228472571013,
            "sparkline": "    ▃█████▁▁▁▁▁▁▂▂▂▂▂▂▂▁▁▁▁▁▁▁"
        },
        "rsd2xdr": {
            "current_rate": 0.006963725638710252,
            "sparkline": "    ▃█████▁▁▁▁▁▁▁▁▁▁▁▁▁▁▁▁▁▁▁▁"
        }
    },
    "neer": {
        "rub": {
            "current_rate": 96.39690391302591,
            "sparkline": "▅▄▂▃▂▂▃▂▃▃▅▅▆▆▆▆▅██▆▆▆▆▅▄▄▁▁▁▁"
        },
        "usd": {
            "current_rate": 103.47082371939608,
            "sparkline": "▄▄▃▄▃▃▃▃▄▄▄▄▅▄▄▅▅▆▆▅▆▆▅▅▄▃▄▄▄▄"
        },
        "eur": {
            "current_rate": 110.92083145480088,
            "sparkline": "▄▄▅▅▅▅▅▅▄▄▄▄▄▄▄▄▄▄▃▄▄▄▄▅▅▅▅▆▆▆"
        },
        "cny": {
            "current_rate": 103.58976179055891,
            "sparkline": "▄▄▃▃▃▃▃▃▄▄▄▄▅▅▅▅▅▆▆▆▆▆▅▅▄▄▅▅▅▅"
        },
        "rsd": {
            "current_rate": 110.67619536232144,
            "sparkline": "▅▅▅▆▅▅▅▅▆▅▅▅▅▅▄▄▃▄▅▄▄▄▆▅▅▅▅▅▅▅"
        }
    },
    "update_time": "2025-07-28 06:35:44",
    "update_time_display": "28.07 06:35"
}