{
    "rub2rsd": {
        "bank": {
            "current": 1.1883288302654038,
            "sparkline_full": "    1.24                          \n  ▇▇██▇▇▇▇▇▇▇▇▆▇▇▆▅▄▂▂▁▁▁▁▁▄▅▅▅▅  \n                        1.12      "
        },
        "korona": {
            "current": 1.1585015684339277,
            "diff_percent": -2.5100175197141703
        },
        "crypto": {
            "current": 1.2256688353238068,
            "diff_percent": 3.1422283216055074
        },
        "forex": {
            "current": 1.2514997048433658,
            "diff_percent": 5.315942268593559
        }
    },
    "rub2eur": {
        "bank": {
            "current": 0.010233319688907082,
            "sparkline_full": "     93.5                         \n  ▇▇███▇▇▇▇▇▇▇▆▆▆▆▅▃▂▁▁▁▁▁▁▃▅▅▅▅  \n                       104        "
        },
        "korona": {
            "current": 0.009915039710279367,
            "diff_percent": -3.1102319511500287
        },
        "crypto": {
            "current": 0.010544921202640585,
            "diff_percent": 3.0449699922037965
        },
        "forex": {
            "current": 0.010654516583484673,
            "diff_percent": 4.115936053812221
        }
    },
    "rub2usd": {
        "bank": {
            "current": 0.011784115012962526,
            "sparkline_full": " 80.2                             \n  ████▇▇▇▇▇▇▇▇▆▆▆▅▄▃▂▁▁▁▁▁▁▃▄▅▅▄  \n                       89.9       "
        },
        "korona": {
            "current": 0.011157318476089192,
            "diff_percent": -5.318995411907117
        },
        "crypto": {
            "current": 0.012119600475949427,
            "diff_percent": 2.8469296389068375
        },
        "forex": {
            "current": 0.01232372452532094,
            "diff_percent": 4.579126321873503
        }
    },
    "xdr": {
        "rub2xdr": {
            "current_rate": 0.008697564307589034,
            "sparkline": "▇▇███▇▆▆█▇▆▇▆▇▇▆▄▂▁▁▂▂▃▄▅▄▄▄▄▅"
        },
        "usd2xdr": {
            "current_rate": 0.708991,
            "sparkline": "▃▃▄▅▅▅▅▅▅▅▅▅▆▆▆▆▆▅▆▅▅▅▅▅▅▅▅▅▅▆"
        },
        "eur2xdr": {
            "current_rate": 0.8163265071144508,
            "sparkline": "▅▄▄▅▅▄▅▅▅▅▄▄▄▄▅▅▅▄▅▅▅▅▅▅▅▄▄▅▅▅"
        },
        "cny2xdr": {
            "current_rate": 0.1026362952025247,
            "sparkline": "▃▃▄▄▄▄▄▄▅▅▅▅▅▆▆▆▆▅▆▅▅▅▅▅▄▅▅▅▅▅"
        },
        "rsd2xdr": {
            "current_rate": 0.006949713430957298,
            "sparkline": "▅▄▄▅▄▄▅▅▅▅▄▄▄▄▅▅▅▄▅▅▄▄▅▅▄▄▄▄▄▅"
        }
    },
    "neer": {
        "rub": {
            "current_rate": 94.95076443278778,
            "sparkline": "▆▇█▇▇▇▅▆▇▇▆▆▆▅▅▆▄▄▃▁▃▂▁▄▄▄▄▄▄▄"
        },
        "usd": {
            "current_rate": 104.01820766971643,
            "sparkline": "▄▄▄▄▄▄▅▅▅▄▄▄▅▅▅▅▄▅▅▅▅▅▄▅▅▅▅▅▅▅"
        },
        "eur": {
            "current_rate": 109.70336886700304,
            "sparkline": "▅▅▅▅▅▄▅▅▄▄▄▄▄▄▄▄▄▄▄▅▅▅▅▅▅▅▅▅▅▅"
        },
        "cny": {
            "current_rate": 110.448384059469,
            "sparkline": "▄▄▅▄▅▅▄▄▅▅▅▅▅▅▅▅▅▅▅▅▅▅▅▅▅▅▅▅▅▅"
        },
        "rsd": {
            "current_rate": 110.07127940884264,
            "sparkline": "▃▆▆▅▅▆▃▃▆▅▆▅▅▃▃▅▅▅▆▅▃▃▆▆▃▃▃▃▃▃"
        }
    },
    "specific_rates": {
        "rub_kzt_bank": 5.71,
        "rub_kzt_crypto": 5.884066031073447,
        "kzt_rsd_bank": 0.20830303889370266,
        "rsd_eur_cash": 0.00845717047239338,
        "eur_rsd_cash": 116.84285714285714,
        "rsd_usd_cash": 0.009630818619582666,
        "usd_rsd_cash": 99.825,
        "eur_usd_exch": 1.1513919176892946,
        "usd_kzt_bank": 478.5
    },
    "update_time": "2026-03-30 10:05:51",
    "update_time_display": "30.03 10:05"
}