{
    "rub2rsd": {
        "bank": {
            "current": 1.3406490083928173,
            "sparkline_full": "        1.36                      \n  ▁▂▃▄▄▅▆█████▇▇▇██▇▇▇▅▃▂▂▃▄▄▆▇▆  \n 1.29                             "
        },
        "korona": {
            "current": 1.3089332788509456,
            "diff_percent": -2.36569969793159
        },
        "crypto": {
            "current": 1.4082548970363589,
            "diff_percent": 5.042773180773701
        },
        "forex": {
            "current": 1.415655675342483,
            "diff_percent": 5.594802702281063
        }
    },
    "rub2eur": {
        "bank": {
            "current": 0.01155268022181146,
            "sparkline_full": "        85.7                      \n  ▁▂▃▃▃▄▇█████▇▆▆████▇▅▃▁▂▂▂▄▆▆▆  \n 89.6                             "
        },
        "korona": {
            "current": 0.0112002277140697,
            "diff_percent": -3.0508289070126873
        },
        "crypto": {
            "current": 0.012054792098508696,
            "diff_percent": 4.346280404691267
        },
        "forex": {
            "current": 0.012062498821759375,
            "diff_percent": 4.412989801149149
        }
    },
    "rub2usd": {
        "bank": {
            "current": 0.013340448239060833,
            "sparkline_full": "                 73.7             \n  ▂▃▃▄▄▄▇█▇▇▇▇▇▇▇████▇▅▃▁▂▂▂▂▅▅▅  \n                       76.9       "
        },
        "korona": {
            "current": 0.012679776022967604,
            "diff_percent": -4.952398931834848
        },
        "crypto": {
            "current": 0.013892412845232583,
            "diff_percent": 4.137526687863439
        },
        "forex": {
            "current": 0.013929671872649369,
            "diff_percent": 4.416820357379663
        }
    },
    "xdr": {
        "rub2xdr": {
            "current_rate": 0.009833917984157073,
            "sparkline": "▁▁▁▂▂▃▄▄▅█▅▄▄▄▄▅▅▄▄▄▃▂▁▂▂▂▃▄▄▄"
        },
        "usd2xdr": {
            "current_rate": 0.706825,
            "sparkline": "▂▂▂▂▃▃▃▃▃▇▄▃▃▃▃▃▃▃▃▃▃▃▃▃▃▃▄▄▄▃"
        },
        "eur2xdr": {
            "current_rate": 0.8152471664011941,
            "sparkline": "▃▃▂▂▃▃▃▃▃▇▄▃▃▃▃▃▃▃▃▃▃▃▃▃▂▂▃▃▃▃"
        },
        "cny2xdr": {
            "current_rate": 0.10430224150397688,
            "sparkline": "▂▂▂▂▃▃▃▃▃▇▅▃▃▃▃▃▃▃▃▃▃▃▃▃▃▃▄▄▄▄"
        },
        "rsd2xdr": {
            "current_rate": 0.0069465465052283995,
            "sparkline": "▃▃▂▂▃▃▃▃▃▇▄▃▃▃▃▃▃▃▃▃▃▃▃▃▂▂▃▃▃▃"
        }
    },
    "neer": {
        "rub": {
            "current_rate": 106.50764555449152,
            "sparkline": "▁▂▃▃▃▃▅▇██▆▆█▆▆█▇▆▆▇▆▄▃▁▂▂▁▃▆▅"
        },
        "usd": {
            "current_rate": 102.92523697321374,
            "sparkline": "▃▃▄▅▅▄▄▄▄▄▅▅▄▄▄▄▄▄▄▄▄▄▄▄▆▆▅▅▆▆"
        },
        "eur": {
            "current_rate": 108.90569038635076,
            "sparkline": "▅▅▅▅▅▅▅▅▄▄▄▄▄▄▄▄▄▄▄▄▄▄▅▅▄▄▄▄▄▄"
        },
        "cny": {
            "current_rate": 112.44174965685869,
            "sparkline": "▄▄▄▃▃▄▅▅▅▅▃▃▅▅▅▅▅▄▄▅▅▆▆▆▅▅▆▆▅▅"
        },
        "rsd": {
            "current_rate": 109.3515858951379,
            "sparkline": "█▇▇▂▂▇▇▇▇▇▂▁▇▇▇▆▇▁▁▇▇▇▇▅▂▁▆▆▁▁"
        }
    },
    "specific_rates": {
        "rub_kzt_bank": 6.55,
        "rub_kzt_crypto": 6.835067119854431,
        "kzt_rsd_bank": 0.2060338065950625,
        "rsd_eur_cash": 0.00845725562055113,
        "eur_rsd_cash": 116.86666666666667,
        "rsd_usd_cash": 0.009687106461300011,
        "usd_rsd_cash": 99.22999999999999,
        "eur_usd_exch": 1.1533932251988739,
        "usd_kzt_bank": 485.0
    },
    "update_time": "2026-06-11 15:05:48",
    "update_time_display": "11.06 15:05"
}