{
    "rub2rsd": {
        "bank": {
            "current": 1.34869128278874,
            "sparkline_full": "                        1.36      \n  鈻佲杹鈻佲杺鈻佲杹鈻佲杹鈻佲杹鈻佲杺鈻傗杺鈻傗杺鈻冣杽鈻呪枀鈻呪枂鈻団枅鈻堚枅鈻堚枅鈻堚枅  \n        1.26                      "
        },
        "korona": {
            "current": 1.3074439151496793,
            "diff_percent": -3.0583253681133042
        },
        "crypto": {
            "current": 1.3412076918628513,
            "diff_percent": -0.5548779784810864
        },
        "forex": {
            "current": 1.4126894121395361,
            "diff_percent": 4.745202268859091
        }
    },
    "rub2eur": {
        "bank": {
            "current": 0.011570056693277797,
            "sparkline_full": "                        85.7      \n  鈻佲杹鈻佲杹鈻佲杹鈻佲杹鈻佲杹鈻佲杺鈻傗杺鈻傗杺鈻冣杽鈻呪枀鈻呪枂鈻団枅鈻堚枅鈻堚枅鈻団枃  \n         91.8                     "
        },
        "korona": {
            "current": 0.011187483586563142,
            "diff_percent": -3.306579361334764
        },
        "crypto": {
            "current": 0.01141890187617974,
            "diff_percent": -1.3064310841785018
        },
        "forex": {
            "current": 0.012030260651168712,
            "diff_percent": 3.97754280805118
        }
    },
    "rub2usd": {
        "bank": {
            "current": 0.013478905512872355,
            "sparkline_full": "                        73.8      \n  鈻傗杺鈻傗杺鈻傗杺鈻傗杹鈻佲杺鈻傗杻鈻冣杻鈻冣杻鈻勨杽鈻呪枀鈻呪枂鈻団枅鈻堚枅鈻堚枅鈻団枃  \n         78.5                     "
        },
        "korona": {
            "current": 0.012760885953775452,
            "diff_percent": -5.326987108939921
        },
        "crypto": {
            "current": 0.01327612096412083,
            "diff_percent": -1.5044585671875592
        },
        "forex": {
            "current": 0.013977021776199926,
            "diff_percent": 3.695524557627252
        }
    },
    "xdr": {
        "rub2xdr": {
            "current_rate": 0.009809244451406381,
            "sparkline": "鈻佲杹鈻佲杹鈻佲杹鈻佲杹鈻佲杹鈻佲杹鈻佲杹鈻佲杺鈻傗杺鈻傗杻鈻冣杽鈻勨枀鈻嗏枅鈻嗏枀鈻呪枀"
        },
        "usd2xdr": {
            "current_rate": 0.700859,
            "sparkline": "鈻冣杻鈻冣杻鈻冣杻鈻冣杻鈻冣杻鈻冣杻鈻冣杺鈻傗杺鈻冣杻鈻冣杻鈻冣杻鈻冣杻鈻勨枃鈻呪杻鈻冣杻"
        },
        "eur2xdr": {
            "current_rate": 0.815380874599208,
            "sparkline": "鈻冣杻鈻冣杻鈻冣杻鈻冣杻鈻冣杻鈻冣杻鈻冣杻鈻冣杻鈻冣杻鈻冣杻鈻冣杻鈻冣杻鈻冣枂鈻勨杻鈻冣杻"
        },
        "cny2xdr": {
            "current_rate": 0.10323753829837379,
            "sparkline": "鈻傗杺鈻傗杺鈻傗杺鈻傗杺鈻傗杻鈻傗杻鈻冣杺鈻傗杺鈻冣杻鈻冣杻鈻冣杻鈻冣杻鈻勨枃鈻呪杻鈻冣杻"
        },
        "rsd2xdr": {
            "current_rate": 0.006943666716203497,
            "sparkline": "鈻冣杻鈻冣杻鈻冣杻鈻冣杻鈻冣杻鈻冣杻鈻勨杻鈻冣杻鈻冣杻鈻冣杻鈻冣杻鈻冣杻鈻勨枂鈻勨杻鈻冣杻"
        }
    },
    "neer": {
        "rub": {
            "current_rate": 106.84256227264056,
            "sparkline": "鈻傗杻鈻冣杺鈻傗杺鈻傗杺鈻傗杹鈻佲杺鈻傗杺鈻傗杺鈻勨杽鈻呪枀鈻呪枀鈻嗏枅鈻堚枅鈻団枃鈻団枃"
        },
        "usd": {
            "current_rate": 102.21912560180488,
            "sparkline": "鈻勨枀鈻呪枀鈻呪枀鈻呪枀鈻呪杽鈻勨杽鈻勨杽鈻勨杽鈻勨杽鈻呪枀鈻呪枀鈻呪枀鈻呪枀鈻呪枀鈻呪枀"
        },
        "eur": {
            "current_rate": 108.99429804772289,
            "sparkline": "鈻呪枀鈻呪枀鈻呪枀鈻呪枀鈻呪枀鈻呪枀鈻呪枀鈻呪枀鈻呪枀鈻勨杽鈻勨枀鈻勨杽鈻勨杽鈻勨杽鈻勨杽"
        },
        "cny": {
            "current_rate": 111.38839731589641,
            "sparkline": "鈻勨枀鈻呪杽鈻勨杻鈻冣杽鈻呪杽鈻勨杽鈻冣杻鈻呪枀鈻呪枀鈻呪杽鈻勨枀鈻嗏枀鈻呪枀鈻呪枀鈻呪枀"
        },
        "rsd": {
            "current_rate": 109.38969123361763,
            "sparkline": "鈻嗏枃鈻団枂鈻嗏杻鈻冣枃鈻団枂鈻嗏枂鈻冣杻鈻団枃鈻団枂鈻嗏杻鈻冣枂鈻嗏杺鈻傗杺鈻冣杺鈻傗杺"
        }
    },
    "specific_rates": {
        "rub_kzt_bank": 6.41,
        "rub_kzt_crypto": 6.326071639403576,
        "kzt_rsd_bank": 0.21201272579791725,
        "rsd_eur_cash": 0.00845725562055113,
        "eur_rsd_cash": 116.86666666666667,
        "rsd_usd_cash": 0.009760178471834913,
        "usd_rsd_cash": 98.90714285714286,
        "eur_usd_exch": 1.1634021602051312,
        "usd_kzt_bank": 469.5
    },
    "update_time": "2026-05-26 07:05:52",
    "update_time_display": "26.05 07:05"
}