{
    "rub2rsd": {
        "bank": {
            "current": 1.353806117535394,
            "sparkline_full": "                             1.36 \n  ▁▁▁▁▁▁▁▁▂▁▁▁▁▁▁▁▂▂▂▂▂▃▄▅▅▅▆▇██  \n             1.26                 "
        },
        "korona": {
            "current": 1.3255188248640095,
            "diff_percent": -2.089464089797546
        },
        "crypto": {
            "current": 1.406498577953301,
            "diff_percent": 3.892171835789441
        },
        "forex": {
            "current": 1.4287490163381351,
            "diff_percent": 5.535718728999012
        }
    },
    "rub2eur": {
        "bank": {
            "current": 0.011655011655011656,
            "sparkline_full": "                             85.7 \n  ▁▁▁▁▁▁▁▁▂▂▂▂▁▁▁▁▂▂▂▂▃▃▄▅▅▅▆▇██  \n   91.9                           "
        },
        "korona": {
            "current": 0.011348620075890492,
            "diff_percent": -2.628839748859585
        },
        "crypto": {
            "current": 0.0121002770200258,
            "diff_percent": 3.8203768318213567
        },
        "forex": {
            "current": 0.012169525241782922,
            "diff_percent": 4.414526574497465
        }
    },
    "rub2usd": {
        "bank": {
            "current": 0.013550135501355014,
            "sparkline_full": "                             73.8 \n  ▂▂▁▁▁▂▂▂▂▂▂▂▂▁▂▂▃▃▃▃▃▄▄▅▅▅▆▇██  \n   78.6                           "
        },
        "korona": {
            "current": 0.012935496687645431,
            "diff_percent": -4.536034445176722
        },
        "crypto": {
            "current": 0.014040405824924452,
            "diff_percent": 3.618194987942451
        },
        "forex": {
            "current": 0.014126249113577868,
            "diff_percent": 4.251718458204659
        }
    },
    "xdr": {
        "rub2xdr": {
            "current_rate": 0.009907565063491256,
            "sparkline": "▁▁▁▁▁▁▁▁▂▁▁▁▁▁▁▂▂▂▂▂▃▃▃▄▅▅▆▇██"
        },
        "usd2xdr": {
            "current_rate": 0.702153,
            "sparkline": "▄▄▄▄▄▄▄▅▅▄▄▄▄▄▄▄▄▄▄▄▄▄▄▄▅▅▅▅▅▅"
        },
        "eur2xdr": {
            "current_rate": 0.8141291354139732,
            "sparkline": "▄▄▅▅▅▅▅▅▅▅▅▅▅▄▅▅▅▅▅▅▅▄▄▄▄▅▅▅▅▄"
        },
        "cny2xdr": {
            "current_rate": 0.1032107421616616,
            "sparkline": "▄▄▄▄▄▄▄▄▄▄▄▄▄▄▄▄▄▄▄▄▄▄▄▄▅▅▅▅▅▅"
        },
        "rsd2xdr": {
            "current_rate": 0.0069344335150509605,
            "sparkline": "▄▄▄▅▅▅▅▅▅▅▅▅▅▄▅▅▅▅▅▅▄▄▄▄▄▄▅▅▄▄"
        }
    },
    "neer": {
        "rub": {
            "current_rate": 107.43969108253745,
            "sparkline": "▃▂▃▁▁▂▃▃▂▃▂▂▃▂▁▁▂▂▂▂▃▄▅▅▅▅▅▇██"
        },
        "usd": {
            "current_rate": 102.3731834392336,
            "sparkline": "▄▄▅▅▅▄▅▅▅▅▅▅▅▅▄▄▄▄▄▄▄▄▄▅▅▅▅▅▅▅"
        },
        "eur": {
            "current_rate": 109.10411746288429,
            "sparkline": "▅▅▅▅▅▅▅▅▅▅▅▅▅▅▅▅▅▅▅▅▅▅▄▄▄▄▄▄▄▄"
        },
        "cny": {
            "current_rate": 111.24809668929026,
            "sparkline": "▄▄▄▄▄▄▅▅▄▄▃▃▄▅▄▄▄▃▃▅▅▅▅▅▄▄▅▆▅▅"
        },
        "rsd": {
            "current_rate": 109.39864650571491,
            "sparkline": "▆▆▆▃▃▆▇▆▆▆▃▃▇▆▆▆▆▃▃▆▇▇▅▆▂▂▆▆▂▂"
        }
    },
    "specific_rates": {
        "rub_kzt_bank": 6.41,
        "rub_kzt_crypto": 6.65515236101419,
        "kzt_rsd_bank": 0.21133980135339264,
        "rsd_eur_cash": 0.00844880027036161,
        "eur_rsd_cash": 116.8,
        "rsd_usd_cash": 0.009758817788930714,
        "usd_rsd_cash": 99.02857142857144,
        "eur_usd_exch": 1.159475406946881,
        "usd_kzt_bank": 467.0
    },
    "update_time": "2026-05-21 18:05:47",
    "update_time_display": "21.05 18:05"
}