{
    "rub2rsd": {
        "bank": {
            "current": 1.2394984888439096,
            "sparkline_full": "                       1.26       \n  ▄▂▂▂▂▃▇▇▆▆▆▆▇▆▆▆▆▆▆▆▅▅▇▇▇▇▇▅▇▅  \n  1.21                            "
        },
        "korona": {
            "current": 1.2018575622241807,
            "diff_percent": -3.036786810029663
        },
        "crypto": {
            "current": 1.255608579538156,
            "diff_percent": 1.2997265296605902
        },
        "forex": {
            "current": 1.2912667564700913,
            "diff_percent": 4.176549474817544
        }
    },
    "rub2eur": {
        "bank": {
            "current": 0.010682619378271552,
            "sparkline_full": "                       92.1       \n  ▄▂▂▂▂▄▇▆▆▆▆▆▅▇▆▆▆▆▆▅▅▅▇▇▇▇▇▆▇▅  \n     96.1                         "
        },
        "korona": {
            "current": 0.01029428318821568,
            "diff_percent": -3.6352150751130146
        },
        "crypto": {
            "current": 0.010771947773545306,
            "diff_percent": 0.8362031081576142
        },
        "forex": {
            "current": 0.011017825861651693,
            "diff_percent": 3.1378678909214983
        }
    },
    "rub2usd": {
        "bank": {
            "current": 0.012215978499877841,
            "sparkline_full": "                             80.8 \n  ▄▂▁▁▁▂▄▄▄▄▄▄▄▄▅▆▆▆▆▆▅▅▇█▇▇▇▇█▆  \n     84.8                         "
        },
        "korona": {
            "current": 0.011310079902627229,
            "diff_percent": -7.415685917093512
        },
        "crypto": {
            "current": 0.012292816738651508,
            "diff_percent": 0.6289978226012357
        },
        "forex": {
            "current": 0.012738447820133118,
            "diff_percent": 4.276933855609694
        }
    },
    "xdr": {
        "rub2xdr": {
            "current_rate": 0.009009843709309314,
            "sparkline": "▂▂▁▁▁▂▂▃▃▂▅▅▃▃▃▃▃▃▄▃▂▂▄▅▅█▅▃▃▃"
        },
        "usd2xdr": {
            "current_rate": 0.716787,
            "sparkline": "▃▃▃▃▃▃▃▃▃▃▆▆▄▄▃▃▃▃▃▃▃▃▃▃▃▆▄▃▃▃"
        },
        "eur2xdr": {
            "current_rate": 0.8177515076426013,
            "sparkline": "▄▃▃▃▃▂▂▃▃▃▆▆▄▄▄▃▄▄▄▃▃▃▃▄▄▇▄▄▄▄"
        },
        "cny2xdr": {
            "current_rate": 0.09977408443646386,
            "sparkline": "▃▃▃▃▃▃▃▃▃▃▆▆▄▄▃▃▃▄▄▃▃▃▃▃▃▆▄▃▃▃"
        },
        "rsd2xdr": {
            "current_rate": 0.006977523167977572,
            "sparkline": "▄▄▄▄▄▃▂▂▂▃▆▆▄▄▄▄▄▄▄▄▃▃▃▄▄▇▅▄▄▄"
        }
    },
    "neer": {
        "rub": {
            "current_rate": 97.6854971497755,
            "sparkline": "▂▃▃▁▁▄▄▄▅▅▄▄▄▄▃▅▄▄▄▄▄▅▅▇██▆▅▅▅"
        },
        "usd": {
            "current_rate": 104.33400545825342,
            "sparkline": "▄▅▅▅▅▆▆▅▅▅▅▅▅▅▄▄▄▃▃▃▄▄▄▄▄▄▃▄▃▃"
        },
        "eur": {
            "current_rate": 108.43320900645409,
            "sparkline": "▅▅▅▅▅▄▄▄▄▄▄▄▅▄▅▅▄▅▅▅▅▅▄▅▅▅▅▅▅▅"
        },
        "cny": {
            "current_rate": 103.65730205739982,
            "sparkline": "▃▄▄▄▄▆▆▅▅▅▅▅▄▄▄▄▄▃▄▃▄▄▄▄▄▄▃▄▄▃"
        },
        "rsd": {
            "current_rate": 109.59877072071895,
            "sparkline": "▅▅▄▆▆▆▄▄▄▅▄▄▃▄▅▅▅▄▄▅▅▄▄▅▄▄▄▅▅▅"
        }
    },
    "update_time": "2025-06-05 11:20:43",
    "update_time_display": "05.06 11:20"
}