{
    "rub2rsd": {
        "bank": {
            "current": 1.190573607276531,
            "sparkline_full": "      1.24                        \n  ‚Ėá‚Ėá‚Ėá‚Ėá‚Ėą‚Ėą‚Ėá‚Ėá‚Ėá‚Ėá‚Ėá‚Ėá‚ĖÜ‚Ėá‚ĖÜ‚Ėá‚Ėá‚ĖÜ‚ĖÖ‚ĖĄ‚Ėā‚Ėā‚ĖĀ‚ĖĀ‚ĖĀ‚ĖĀ‚ĖĀ‚ĖĄ‚ĖÖ‚ĖÖ  \n                          1.12    "
        },
        "korona": {
            "current": 1.1593684595867222,
            "diff_percent": -2.621017927752604
        },
        "crypto": {
            "current": 1.2145557514683825,
            "diff_percent": 2.014335278833479
        },
        "forex": {
            "current": 1.2526529176847017,
            "diff_percent": 5.214235392818661
        }
    },
    "rub2eur": {
        "bank": {
            "current": 0.010267994660642776,
            "sparkline_full": "       93.5                       \n  ‚Ėá‚Ėá‚Ėá‚Ėá‚Ėą‚Ėą‚Ėą‚Ėá‚Ėá‚Ėá‚Ėá‚Ėá‚ĖÜ‚Ėá‚ĖÜ‚ĖÜ‚ĖÜ‚ĖÜ‚ĖÖ‚ĖÉ‚Ėā‚Ėā‚ĖĀ‚ĖĀ‚ĖĀ‚ĖĀ‚Ėā‚ĖÉ‚ĖÖ‚ĖÖ  \n                         104      "
        },
        "korona": {
            "current": 0.009927516422891868,
            "diff_percent": -3.315917557456088
        },
        "crypto": {
            "current": 0.010411991911938968,
            "diff_percent": 1.4023892303736147
        },
        "forex": {
            "current": 0.010638887803631628,
            "diff_percent": 3.612128319568433
        }
    },
    "rub2usd": {
        "bank": {
            "current": 0.011806375442739079,
            "sparkline_full": " 80.0                             \n  ‚Ėą‚Ėą‚Ėą‚Ėą‚Ėą‚Ėą‚Ėá‚Ėá‚Ėá‚Ėá‚Ėá‚Ėá‚Ėá‚Ėá‚ĖÜ‚ĖÖ‚ĖÖ‚ĖÖ‚ĖĄ‚ĖÉ‚Ėā‚ĖĀ‚ĖĀ‚ĖĀ‚ĖĀ‚ĖĀ‚ĖĀ‚ĖÉ‚ĖĄ‚ĖÖ  \n                         89.9     "
        },
        "korona": {
            "current": 0.011225643844120692,
            "diff_percent": -4.918796640297736
        },
        "crypto": {
            "current": 0.011948187439929963,
            "diff_percent": 1.201147616206788
        },
        "forex": {
            "current": 0.01232372452532094,
            "diff_percent": 4.381946729468369
        }
    },
    "xdr": {
        "rub2xdr": {
            "current_rate": 0.008680868087300012,
            "sparkline": "‚Ėą‚Ėą‚Ėá‚Ėá‚Ėą‚Ėą‚Ėą‚Ėá‚ĖÜ‚ĖÜ‚Ėą‚Ėá‚ĖÜ‚Ėá‚ĖÜ‚Ėá‚Ėá‚ĖÜ‚ĖĄ‚Ėā‚ĖĀ‚ĖĀ‚Ėā‚Ėā‚ĖÉ‚ĖĄ‚ĖÖ‚ĖĄ‚ĖĄ‚ĖĄ"
        },
        "usd2xdr": {
            "current_rate": 0.706792,
            "sparkline": "‚ĖÉ‚ĖÉ‚ĖÉ‚ĖÉ‚ĖĄ‚ĖÖ‚ĖÖ‚ĖÖ‚ĖÖ‚ĖÖ‚ĖÖ‚ĖÖ‚ĖÖ‚ĖÖ‚ĖÜ‚ĖÜ‚ĖÜ‚ĖÜ‚ĖÜ‚ĖÖ‚ĖÜ‚ĖÖ‚ĖÖ‚ĖÖ‚ĖÖ‚ĖÖ‚ĖÖ‚ĖÖ‚ĖÖ‚ĖÖ"
        },
        "eur2xdr": {
            "current_rate": 0.8159563525368472,
            "sparkline": "‚ĖÖ‚ĖÖ‚ĖÖ‚ĖĄ‚ĖĄ‚ĖÖ‚ĖÖ‚ĖĄ‚ĖÖ‚ĖÖ‚ĖÖ‚ĖÖ‚ĖĄ‚ĖĄ‚ĖĄ‚ĖĄ‚ĖÖ‚ĖÖ‚ĖÖ‚ĖĄ‚ĖÖ‚ĖÖ‚ĖÖ‚ĖÖ‚ĖÖ‚ĖÖ‚ĖÖ‚ĖĄ‚ĖĄ‚ĖÖ"
        },
        "cny2xdr": {
            "current_rate": 0.1022572664535077,
            "sparkline": "‚ĖÉ‚ĖÉ‚ĖÉ‚ĖÉ‚ĖĄ‚ĖĄ‚ĖĄ‚ĖĄ‚ĖĄ‚ĖĄ‚ĖÖ‚ĖÖ‚ĖÖ‚ĖÖ‚ĖÖ‚ĖÜ‚ĖÜ‚ĖÜ‚ĖÜ‚ĖÖ‚ĖÜ‚ĖÖ‚ĖÖ‚ĖÖ‚ĖÖ‚ĖÖ‚ĖĄ‚ĖÖ‚ĖÖ‚ĖÖ"
        },
        "rsd2xdr": {
            "current_rate": 0.0069299867223755795,
            "sparkline": "‚ĖÖ‚ĖÖ‚ĖÖ‚ĖĄ‚ĖĄ‚ĖÖ‚ĖĄ‚ĖĄ‚ĖÖ‚ĖÖ‚ĖÖ‚ĖÖ‚ĖĄ‚ĖĄ‚ĖĄ‚ĖĄ‚ĖÖ‚ĖÖ‚ĖÖ‚ĖĄ‚ĖÖ‚ĖÖ‚ĖĄ‚ĖĄ‚ĖÖ‚ĖÖ‚ĖĄ‚ĖĄ‚ĖĄ‚ĖĄ"
        }
    },
    "neer": {
        "rub": {
            "current_rate": 95.0104533106126,
            "sparkline": "‚Ėá‚ĖÜ‚ĖÜ‚Ėá‚Ėą‚Ėá‚Ėá‚Ėá‚ĖÖ‚ĖÜ‚Ėá‚Ėá‚ĖÜ‚ĖÜ‚ĖÜ‚ĖÖ‚ĖÖ‚ĖÜ‚ĖĄ‚ĖĄ‚ĖÉ‚ĖĀ‚ĖÉ‚Ėā‚ĖĀ‚ĖĄ‚ĖĄ‚ĖĄ‚ĖĄ‚ĖĄ"
        },
        "usd": {
            "current_rate": 104.02156995238154,
            "sparkline": "‚ĖÉ‚ĖĄ‚ĖĄ‚ĖĄ‚ĖĄ‚ĖĄ‚ĖĄ‚ĖÖ‚ĖÖ‚ĖÖ‚ĖÖ‚ĖĄ‚ĖĄ‚ĖĄ‚ĖÖ‚ĖÖ‚ĖÖ‚ĖÖ‚ĖÖ‚ĖÖ‚ĖÖ‚ĖÖ‚ĖÖ‚ĖÖ‚ĖÖ‚ĖÖ‚ĖÖ‚ĖÖ‚ĖÖ‚ĖÜ"
        },
        "eur": {
            "current_rate": 110.01230475792873,
            "sparkline": "‚ĖÖ‚ĖÖ‚ĖÖ‚ĖÖ‚ĖÖ‚ĖÖ‚ĖÖ‚ĖĄ‚ĖÖ‚ĖÖ‚ĖĄ‚ĖĄ‚ĖĄ‚ĖĄ‚ĖĄ‚ĖĄ‚ĖĄ‚ĖĄ‚ĖĄ‚ĖĄ‚ĖĄ‚ĖÖ‚ĖÖ‚ĖÖ‚ĖÖ‚ĖÖ‚ĖÖ‚ĖÖ‚ĖÖ‚ĖÖ"
        },
        "cny": {
            "current_rate": 110.45341806263781,
            "sparkline": "‚ĖĄ‚ĖĄ‚ĖĄ‚ĖĄ‚ĖÖ‚ĖĄ‚ĖÖ‚ĖÖ‚ĖĄ‚ĖĄ‚ĖÖ‚ĖÖ‚ĖÖ‚ĖÖ‚ĖÖ‚ĖÖ‚ĖÖ‚ĖÖ‚ĖÖ‚ĖÖ‚ĖÖ‚ĖÖ‚ĖÖ‚ĖÖ‚ĖÖ‚ĖÖ‚ĖÖ‚ĖÖ‚ĖÖ‚ĖÖ"
        },
        "rsd": {
            "current_rate": 110.15186042816836,
            "sparkline": "‚ĖÜ‚ĖÉ‚ĖÉ‚ĖÜ‚ĖÜ‚ĖÖ‚ĖÖ‚ĖÜ‚ĖÉ‚ĖÉ‚ĖÜ‚ĖÖ‚ĖÜ‚ĖÖ‚ĖÖ‚ĖÉ‚ĖÉ‚ĖÖ‚ĖÖ‚ĖÖ‚ĖÜ‚ĖÖ‚ĖÉ‚ĖÉ‚ĖÜ‚ĖÜ‚ĖÉ‚ĖÉ‚ĖÉ‚ĖÉ"
        }
    },
    "specific_rates": {
        "rub_kzt_bank": 5.75,
        "rub_kzt_crypto": 5.8307154706858215,
        "kzt_rsd_bank": 0.20830303889370266,
        "rsd_eur_cash": 0.008449514152936205,
        "eur_rsd_cash": 116.78333333333335,
        "rsd_usd_cash": 0.009682550660488277,
        "usd_rsd_cash": 99.77857142857144,
        "eur_usd_exch": 1.1544504642622542,
        "usd_kzt_bank": 481.0
    },
    "update_time": "2026-03-28 05:20:47",
    "update_time_display": "28.03 05:20"
}