{
    "rub2rsd": {
        "bank": {
            "current": 1.2439384921844256,
            "sparkline_full": "                              1.24\n  ▅▃ ▆▇▇  ▅▆▅▄▄▂▁▁▂▂▂▁▃▄▅▅▆▆▆▅▆█  \n               1.22               "
        },
        "korona": {
            "current": 1.2041418952857388,
            "diff_percent": -3.199241533944481
        },
        "crypto": {
            "current": 1.2484878202510197,
            "diff_percent": 0.36571969556188844
        },
        "forex": {
            "current": 1.3051366763897152,
            "diff_percent": 4.91971143185883
        }
    },
    "rub2eur": {
        "bank": {
            "current": 0.010703200256876806,
            "sparkline_full": "                              93.4\n  ▅▃▅▆▅▅▅▆▅▇▆▅▅▂▁▁▂▂▂▂▄▅▆▆▆▆▆▅▇█  \n                95.4              "
        },
        "korona": {
            "current": 0.010308173250581107,
            "diff_percent": -3.690737319820718
        },
        "crypto": {
            "current": 0.01059594354910325,
            "diff_percent": -1.002099420728325
        },
        "forex": {
            "current": 0.011115885919901425,
            "diff_percent": 3.8557221496390155
        }
    },
    "rub2usd": {
        "bank": {
            "current": 0.01262945188178833,
            "sparkline_full": "    78.6                          \n  ▅▆▇█▇▇▅▄▄▅▃▃▃▁▂▂▂▂▂▂▃▄▅▄▃▃▃▃▄▆  \n              80.4                "
        },
        "korona": {
            "current": 0.011890243006065978,
            "diff_percent": -5.8530558779695845
        },
        "crypto": {
            "current": 0.012476880273796136,
            "diff_percent": -1.2080619920821898
        },
        "forex": {
            "current": 0.01304900423048717,
            "diff_percent": 3.3220154969974214
        }
    },
    "xdr": {
        "rub2xdr": {
            "current_rate": 0.009077020723762284,
            "sparkline": "▅▅▅▇▇▆▅▅▅▆▅▅▅▄▃▁▂▃▆▄▄▅▆▅▆▆▆▅▇█"
        },
        "usd2xdr": {
            "current_rate": 0.692606,
            "sparkline": "▄▄▂▃▅▅▄▆▆▆▆▆▆▆▅▄▄▄▄▄▅▅▅▅▇▇▆▆▇▇"
        },
        "eur2xdr": {
            "current_rate": 0.8165809535262646,
            "sparkline": "▅▆▄▄▄▄▃▄▄▄▅▄▄▅▆▄▄▄▄▄▄▄▄▃▄▄▄▄▄▄"
        },
        "cny2xdr": {
            "current_rate": 0.10086593073719163,
            "sparkline": "▂▂▁▁▃▃▃▄▄▅▅▄▄▅▅▄▄▅▄▄▅▅▅▅▇▇▆▆▇█"
        },
        "rsd2xdr": {
            "current_rate": 0.006954843035191723,
            "sparkline": "▅▆▄▄▅▄▃▄▄▄▅▄▄▅▆▄▄▄▄▄▄▄▄▃▄▄▄▄▄▄"
        }
    },
    "neer": {
        "rub": {
            "current_rate": 99.02193414597214,
            "sparkline": "▇▄▅▇▇██▅▅▅▇▆▅▅▁▂▁▂▆▄▂▅▆▅▆▆▆▆▅▆"
        },
        "usd": {
            "current_rate": 101.4965315499748,
            "sparkline": "▄▃▃▄▅▅▅▅▅▆▆▅▅▄▄▃▃▄▃▃▄▄▄▅▅▄▄▄▅▄"
        },
        "eur": {
            "current_rate": 109.84192539135256,
            "sparkline": "▆▆▆▆▅▅▅▄▄▄▄▄▄▅▅▅▄▅▄▄▄▄▄▃▃▃▃▄▃▃"
        },
        "cny": {
            "current_rate": 108.45701814741633,
            "sparkline": "▃▂▂▃▄▄▅▅▅▆▆▅▅▅▅▅▅▅▄▄▅▅▅▆▆▆▆▅▆▇"
        },
        "rsd": {
            "current_rate": 109.92405230529509,
            "sparkline": "▃▆▅▅▅▅▅▄▅▄▄▄▄▃▅▅▄▄▄▄▄▅▄▄▄▄▄▄▄▃"
        }
    },
    "specific_rates": {
        "rub_kzt_bank": 6.38,
        "rub_kzt_crypto": 6.325778298814641,
        "kzt_rsd_bank": 0.19736509268511165,
        "rsd_eur_cash": 0.008449004224502113,
        "eur_rsd_cash": 116.81428571428572,
        "rsd_usd_cash": 0.009874453378473692,
        "usd_rsd_cash": 97.58571428571429,
        "eur_usd_exch": 1.1789978047060876,
        "usd_kzt_bank": 500.0
    },
    "update_time": "2026-02-25 11:50:46",
    "update_time_display": "25.02 11:50"
}