{
    "rub2rsd": {
        "bank": {
            "current": 1.1233837068526287,
            "sparkline_full": "  1.24                            \n  ██▇▇▇▇▇▇█▇▇▇▇▇▇▆▇▆▆▆▆▅▄▂▂▁▁▁▁▁  \n                             1.12 "
        },
        "korona": {
            "current": 1.1587972724055189,
            "diff_percent": 3.152401564743003
        },
        "crypto": {
            "current": 1.2120270974044514,
            "diff_percent": 7.890749172442056
        },
        "forex": {
            "current": 1.2509460643660668,
            "diff_percent": 11.355190282297055
        }
    },
    "rub2eur": {
        "bank": {
            "current": 0.009732360097323601,
            "sparkline_full": "          93.5                    \n  ██▇▇▇▇▇█▇█▇▇▇▇▇▆▇▆▆▆▆▅▄▂▂▁▁▁▁▂  \n                            104   "
        },
        "korona": {
            "current": 0.009921209524019854,
            "diff_percent": 1.9404278593039954
        },
        "crypto": {
            "current": 0.010385722781439993,
            "diff_percent": 6.713301579295922
        },
        "forex": {
            "current": 0.01065146612364557,
            "diff_percent": 9.443814420458224
        }
    },
    "rub2usd": {
        "bank": {
            "current": 0.011199462425803561,
            "sparkline_full": "  79.3                            \n  ████████▇▇▆▆▆▆▆▆▆▅▅▅▅▄▃▁▁▁▁▁▁▁  \n                            89.9  "
        },
        "korona": {
            "current": 0.011206936870459564,
            "diff_percent": 0.066739316333454
        },
        "crypto": {
            "current": 0.011927104361080524,
            "diff_percent": 6.497114840088002
        },
        "forex": {
            "current": 0.012388626250012389,
            "diff_percent": 10.618043786360625
        }
    },
    "xdr": {
        "rub2xdr": {
            "current_rate": 0.008669201351991231,
            "sparkline": "█████▇▇███▇▆▆█▇▆▇▆▇▇▆▄▂▁▁▂▂▃▄▄"
        },
        "usd2xdr": {
            "current_rate": 0.702492,
            "sparkline": "▃▃▃▃▃▃▃▄▅▅▅▅▅▅▅▅▅▆▆▆▆▆▅▆▅▅▅▅▅▅"
        },
        "eur2xdr": {
            "current_rate": 0.8138974720809713,
            "sparkline": "▅▅▅▅▅▅▄▄▅▅▄▅▅▅▅▄▄▄▄▅▅▅▄▅▅▅▅▅▅▄"
        },
        "cny2xdr": {
            "current_rate": 0.10178683203894749,
            "sparkline": "▃▃▄▃▃▃▃▄▄▄▄▄▄▅▅▅▅▅▆▆▆▆▅▆▅▅▅▅▅▄"
        },
        "rsd2xdr": {
            "current_rate": 0.00693011601294294,
            "sparkline": "▅▅▅▅▅▅▄▄▅▄▄▅▅▅▅▄▄▄▄▅▅▅▄▅▅▄▄▅▅▄"
        }
    },
    "neer": {
        "rub": {
            "current_rate": 95.54502907437693,
            "sparkline": "███▇▇▇██▇▇▇▆▆▇▇▇▆▇▆▆▇▅▄▃▁▄▃▃▄▅"
        },
        "usd": {
            "current_rate": 103.17155369490517,
            "sparkline": "▄▄▄▄▄▄▄▅▄▅▅▅▅▅▄▅▅▅▅▅▅▅▅▅▅▅▅▅▅▅"
        },
        "eur": {
            "current_rate": 109.84665331349271,
            "sparkline": "▅▅▅▅▅▅▅▅▅▅▄▄▅▄▄▄▄▄▄▄▄▄▄▄▅▅▅▅▅▅"
        },
        "cny": {
            "current_rate": 110.13974241255293,
            "sparkline": "▄▄▄▄▄▄▄▄▄▄▅▄▄▅▅▅▅▅▅▅▅▅▅▅▅▅▅▅▅▅"
        },
        "rsd": {
            "current_rate": 110.1157500304366,
            "sparkline": "▅▅▅▅▅▅▅▅▄▄▅▅▅▅▅▅▅▄▅▄▅▄▅▅▅▅▅▅▅▅"
        }
    },
    "specific_rates": {
        "rub_kzt_bank": 5.46,
        "rub_kzt_crypto": 5.826390480387836,
        "kzt_rsd_bank": 0.2080236643054127,
        "rsd_eur_cash": 0.008447135013374631,
        "eur_rsd_cash": 116.8,
        "rsd_usd_cash": 0.009671179883945842,
        "usd_rsd_cash": 99.21666666666665,
        "eur_usd_exch": 1.1585861078574151,
        "usd_kzt_bank": 478.5
    },
    "update_time": "2026-03-25 18:05:48",
    "update_time_display": "25.03 18:05"
}