{
    "rub2rsd": {
        "bank": {
            "current": 1.242479525366264,
            "sparkline_full": "                       1.26       \n  ▃▄▁▁▁▁▁▁▃▃▄▃▂▂▃▅▅▃▃▃▃▄███▇███▇  \n   1.19                           "
        },
        "korona": {
            "current": 1.2020222368129494,
            "diff_percent": -3.2561734601935073
        },
        "crypto": {
            "current": 1.2760524108038078,
            "diff_percent": 2.7020876201277533
        },
        "forex": {
            "current": 1.2918543616169764,
            "diff_percent": 3.973895363479534
        }
    },
    "rub2eur": {
        "bank": {
            "current": 0.010655301012253596,
            "sparkline_full": "                       92.5       \n  ▂▃▁▁▁▂▂▂▃▃▄▃▂▂▄▅▆▃▃▃▃▆███▇▇▇▇▆  \n    97.7                          "
        },
        "korona": {
            "current": 0.010317787440454501,
            "diff_percent": -3.167564871334509
        },
        "crypto": {
            "current": 0.010893084791190149,
            "diff_percent": 2.2316007653195453
        },
        "forex": {
            "current": 0.011040373609720306,
            "diff_percent": 3.613906327225073
        }
    },
    "rub2usd": {
        "bank": {
            "current": 0.012035142616440004,
            "sparkline_full": "                        82.8      \n  ▄▆▃▂▂▃▃▃▄▅▅▃▃▃▄▆▆▄▃▃▃▅▆▇▇▆▆▆▇▆  \n     85.5                         "
        },
        "korona": {
            "current": 0.011479718934942613,
            "diff_percent": -4.615015369561821
        },
        "crypto": {
            "current": 0.012279862349640984,
            "diff_percent": 2.0333762631669425
        },
        "forex": {
            "current": 0.012435691928116726,
            "diff_percent": 3.328164230721889
        }
    },
    "xdr": {
        "rub2xdr": {
            "current_rate": 0.009062864919256782,
            "sparkline": "▃▂▁▁▁▂▂▁▂▂▂▂▂▁▃▄▄▃▁▂▂▃▄▅▅▄██▅▆"
        },
        "usd2xdr": {
            "current_rate": 0.729334,
            "sparkline": "▂▁▂▂▃▃▃▃▂▂▂▃▃▃▃▃▃▃▃▃▃▃▃▃▃▃██▄▄"
        },
        "eur2xdr": {
            "current_rate": 0.8208838975591859,
            "sparkline": "▅▄▃▃▄▄▄▄▄▃▃▄▄▄▄▄▄▃▃▃▃▂▂▃▃▃▇▇▄▄"
        },
        "cny2xdr": {
            "current_rate": 0.10102278551146202,
            "sparkline": "▂▁▁▂▂▂▂▂▂▂▂▂▂▂▂▂▃▃▃▃▃▃▃▃▃▃██▅▅"
        },
        "rsd2xdr": {
            "current_rate": 0.007015392128190874,
            "sparkline": "▄▄▄▄▄▄▄▄▄▄▃▄▄▄▄▄▄▄▄▄▄▃▂▂▂▂▇▇▄▄"
        }
    },
    "neer": {
        "rub": {
            "current_rate": 97.06334233457991,
            "sparkline": "▃▅▄▂▂▂▂▂▂▃▄▄▂▂▃▃▄▅▅▂▂▆▆▇▆▇▅▅▅▆"
        },
        "usd": {
            "current_rate": 105.5152298084909,
            "sparkline": "▅▄▄▅▅▅▅▅▅▄▄▄▄▄▄▄▄▄▄▄▄▅▅▅▄▄▅▅▄▄"
        },
        "eur": {
            "current_rate": 107.69816065897221,
            "sparkline": "▅▆▆▆▅▆▆▅▅▅▅▅▄▅▄▄▅▄▄▄▄▃▃▃▃▃▃▃▃▃"
        },
        "cny": {
            "current_rate": 104.2334645868512,
            "sparkline": "▄▃▄▄▄▄▄▄▄▄▄▃▄▄▃▄▄▄▄▄▄▆▆▅▅▅▅▅▅▅"
        },
        "rsd": {
            "current_rate": 109.21013991360122,
            "sparkline": "▅▆▄▄▄▄▄▅▅▅▅▅▄▄▄▄▄▄▄▅▅▅▄▄▄▄▄▄▃▄"
        }
    },
    "update_time": "2025-05-20 12:20:44",
    "update_time_display": "20.05 12:20"
}