{
    "rub2rsd": {
        "bank": {
            "current": 1.2574915479980153,
            "sparkline_full": "                             1.26 \n  ▄▃▂▂▁▁▁▁▁▃▄▅▅▅▅▅▅▅▆▆▆▆▇▆▇▇▇▇██  \n        1.12                      "
        },
        "korona": {
            "current": 1.2216881794943897,
            "diff_percent": -2.847205498965481
        },
        "crypto": {
            "current": 1.2351902013979177,
            "diff_percent": -1.7734788464862774
        },
        "forex": {
            "current": 1.322017217972413,
            "diff_percent": 5.131300490816462
        }
    },
    "rub2eur": {
        "bank": {
            "current": 0.010814318157240186,
            "sparkline_full": "                              92.5\n  ▄▃▂▂▁▁▁▁▂▃▄▅▅▅▅▅▅▅▆▆▆▆▆▆▇▇▇▇██  \n       104                        "
        },
        "korona": {
            "current": 0.010458379914957475,
            "diff_percent": -3.2913609263882315
        },
        "crypto": {
            "current": 0.010585788842426011,
            "diff_percent": -2.113210574086673
        },
        "forex": {
            "current": 0.01125922972533127,
            "diff_percent": 4.114097270138252
        }
    },
    "rub2usd": {
        "bank": {
            "current": 0.01278118609406953,
            "sparkline_full": "                              78.2\n  ▃▃▁▁▁▁▁▁▁▃▄▄▄▄▄▄▅▅▅▅▅▆▆▆▇▇▇███  \n       89.9                       "
        },
        "korona": {
            "current": 0.011944546142886094,
            "diff_percent": -6.545870978059202
        },
        "crypto": {
            "current": 0.012486368885116277,
            "diff_percent": -2.3066498428502538
        },
        "forex": {
            "current": 0.013183359436385017,
            "diff_percent": 3.1466042302763717
        }
    },
    "xdr": {
        "rub2xdr": {
            "current_rate": 0.00917959826464626,
            "sparkline": "▄▂▁▁▂▂▂▄▄▃▄▄▄▄▄▅▅▅▅▅▅▆▇▆▇▇▇███"
        },
        "usd2xdr": {
            "current_rate": 0.691898,
            "sparkline": "▆▅▆▅▅▅▅▅▅▅▅▅▅▅▆▆▅▅▅▅▅▅▅▄▄▄▄▄▄▃"
        },
        "eur2xdr": {
            "current_rate": 0.8152954055101826,
            "sparkline": "▄▄▄▄▄▄▄▄▄▄▄▄▄▄▄▅▄▄▄▄▄▄▅▄▄▄▄▄▄▄"
        },
        "cny2xdr": {
            "current_rate": 0.10147959108842639,
            "sparkline": "▅▅▅▅▄▄▄▄▄▄▄▄▄▅▅▅▄▅▅▅▅▅▅▄▄▄▄▄▄▄"
        },
        "rsd2xdr": {
            "current_rate": 0.006943629886095639,
            "sparkline": "▄▄▄▄▄▄▄▄▄▄▄▄▄▄▄▅▄▄▄▄▄▄▅▄▄▄▄▄▄▄"
        }
    },
    "neer": {
        "rub": {
            "current_rate": 100.82869301863602,
            "sparkline": "▄▄▃▂▃▂▂▄▄▅▄▄▄▄▄▄▅▅▅▅▅▆▅▆▆▇▇▆▇▇"
        },
        "usd": {
            "current_rate": 101.86399585205726,
            "sparkline": "▄▅▅▅▅▅▄▅▄▅▅▅▅▅▅▅▅▅▅▅▅▅▄▄▄▄▄▄▄▄"
        },
        "eur": {
            "current_rate": 110.03181720189073,
            "sparkline": "▄▄▄▄▄▄▄▄▄▄▄▄▄▄▄▄▄▄▄▄▄▄▄▅▅▅▅▄▄▄"
        },
        "cny": {
            "current_rate": 110.19879822880257,
            "sparkline": "▄▅▅▅▄▄▄▅▄▅▅▄▄▅▅▅▅▅▄▄▅▅▄▄▄▄▄▄▄▄"
        },
        "rsd": {
            "current_rate": 109.86577060745894,
            "sparkline": "▅▅▅▅▃▃▅▅▅▅▆▄▃▆▅▆▅▅▄▃▅▆▃▄▄▄▄▄▃▃"
        }
    },
    "specific_rates": {
        "rub_kzt_bank": 6.11,
        "rub_kzt_crypto": 5.980970695970696,
        "kzt_rsd_bank": 0.2065200222816757,
        "rsd_eur_cash": 0.0084530853761623,
        "eur_rsd_cash": 116.81428571428572,
        "rsd_usd_cash": 0.009777082518576457,
        "usd_rsd_cash": 97.6,
        "eur_usd_exch": 1.1783462381885519,
        "usd_kzt_bank": 472.0
    },
    "update_time": "2026-04-15 06:50:44",
    "update_time_display": "15.04 06:50"
}