{
    "rub2rsd": {
        "bank": {
            "current": 1.2600030595266276,
            "sparkline_full": "                  1.26            \n  ▂▆▆▆▅▆▆▆▅▅▅▆▆▆▅▄▄▇▇▆▆▇▅▇▆▅▅▅▆▇  \n 1.22                             "
        },
        "korona": {
            "current": 1.2080182613042314,
            "diff_percent": -4.125767618526773
        },
        "crypto": {
            "current": 1.2462173613786007,
            "diff_percent": -1.0941003709313253
        },
        "forex": {
            "current": 1.307954396513692,
            "diff_percent": 3.8056524247710346
        }
    },
    "rub2eur": {
        "bank": {
            "current": 0.010847163466753445,
            "sparkline_full": "                  92.1            \n  ▂▆▅▅▄▄▄▄▆▅▅▅▅▅▄▄▄▇▆▆▆▅▅▆▅▄▄▄▅▆  \n 94.3                             "
        },
        "korona": {
            "current": 0.010347051488687206,
            "diff_percent": -4.610532325792651
        },
        "crypto": {
            "current": 0.01070200025480953,
            "diff_percent": -1.3382596509109435
        },
        "forex": {
            "current": 0.01115988965198061,
            "diff_percent": 2.883022701609229
        }
    },
    "rub2usd": {
        "bank": {
            "current": 0.012419274714356682,
            "sparkline_full": "                              80.5\n  ▁▃▃▃▃▃▃▃▃▄▅▅▆▆▅▅▄▆▇▆▆▇▆█▇▇▇▇▇█  \n 84.1                             "
        },
        "korona": {
            "current": 0.011483063320382427,
            "diff_percent": -7.538374144280703
        },
        "crypto": {
            "current": 0.01222936295002184,
            "diff_percent": -1.5291695264241547
        },
        "forex": {
            "current": 0.01272259775089917,
            "diff_percent": 2.442357090240107
        }
    },
    "xdr": {
        "rub2xdr": {
            "current_rate": 0.00913978046966139,
            "sparkline": "▁▁▂▂▁▅▅▂▂▂▂▃▃▃▂▁▁▃▄▅█▄▃▃▂▃▃▃▃▃"
        },
        "usd2xdr": {
            "current_rate": 0.716787,
            "sparkline": "▃▃▃▃▃▇▇▄▄▃▃▃▃▃▃▂▂▃▃▃▇▄▃▃▃▃▃▃▃▃"
        },
        "eur2xdr": {
            "current_rate": 0.8189848425642186,
            "sparkline": "▂▂▂▂▂▆▆▄▄▄▃▃▄▄▃▃▃▃▃▃▇▄▃▃▄▄▃▃▃▄"
        },
        "cny2xdr": {
            "current_rate": 0.09974770386863345,
            "sparkline": "▃▃▃▃▃▆▆▄▄▃▃▃▃▃▃▂▂▃▃▃▇▄▃▃▃▃▃▃▃▃"
        },
        "rsd2xdr": {
            "current_rate": 0.006987843378961196,
            "sparkline": "▃▂▂▂▃▆▆▄▄▄▃▄▄▄▃▃▃▃▄▄▇▅▄▄▄▄▄▄▄▄"
        }
    },
    "neer": {
        "rub": {
            "current_rate": 98.12977276468312,
            "sparkline": "▂▂▂▃▃▁▁▂▂▁▃▃▃▂▂▂▃▃▅██▅▃▄▃▆▅▄▄▄"
        },
        "usd": {
            "current_rate": 104.45609214653963,
            "sparkline": "▆▆▅▅▅▅▅▅▅▄▄▄▃▃▃▄▄▄▄▄▄▃▃▃▃▃▃▃▃▃"
        },
        "eur": {
            "current_rate": 108.33407606505907,
            "sparkline": "▃▃▄▄▄▄▄▄▄▅▅▄▅▅▅▅▅▄▅▅▅▆▅▅▅▆▅▅▆▅"
        },
        "cny": {
            "current_rate": 103.87562306418815,
            "sparkline": "▆▆▅▅▅▅▅▄▄▄▄▄▃▃▃▃▄▄▄▃▃▃▃▃▃▃▃▃▃▃"
        },
        "rsd": {
            "current_rate": 109.53598789277729,
            "sparkline": "▆▄▄▄▅▄▄▃▄▅▅▅▄▄▅▅▄▄▅▄▄▄▅▅▅▅▅▅▄▅"
        }
    },
    "update_time": "2025-06-10 19:20:42",
    "update_time_display": "10.06 19:20"
}