{
    "rub2rsd": {
        "bank": {
            "current": 1.1819741653993288,
            "sparkline_full": "                             1.22 \n                ▅▄▃▄▄▄▆▆▆ ▆▅▅▅▆▃  \n                              1.18"
        },
        "korona": {
            "current": 1.15163119014588,
            "diff_percent": -2.5671436941430454
        },
        "crypto": {
            "current": 1.2333066740140677,
            "diff_percent": 4.342946751073556
        },
        "forex": {
            "current": 1.2466745510511796,
            "diff_percent": 5.473925534573078
        }
    },
    "rub2eur": {
        "bank": {
            "current": 0.01025220422390814,
            "sparkline_full": "                           95.8   \n                ▅▃▄▃▃▃▅▆▅▅▆▆▆▅▆▄  \n                98.5              "
        },
        "korona": {
            "current": 0.009864078716452934,
            "diff_percent": -3.7857761997180788
        },
        "crypto": {
            "current": 0.01063882020424984,
            "diff_percent": 3.771052272252943
        },
        "forex": {
            "current": 0.010647446410702801,
            "diff_percent": 3.8551922899951316
        }
    },
    "rub2usd": {
        "bank": {
            "current": 0.011709601873536299,
            "sparkline_full": "                             83.5 \n                ▁▁▁▄▄▄▇▇▆▆███▇█▆  \n                89.1              "
        },
        "korona": {
            "current": 0.010645649826373272,
            "diff_percent": -9.08615048277225
        },
        "crypto": {
            "current": 0.012126624562315431,
            "diff_percent": 3.5613737621737895
        },
        "forex": {
            "current": 0.012275662271979572,
            "diff_percent": 4.8341558027055544
        }
    },
    "xdr": {
        "rub2xdr": {
            "current_rate": 0.008674911880075641,
            "sparkline": "                     ▃▁▁▄▄▄█▃▁"
        },
        "usd2xdr": {
            "current_rate": 0.715671,
            "sparkline": "                     ▇▇▇▇▇▇▇▂▆"
        },
        "eur2xdr": {
            "current_rate": 0.8147410698733951,
            "sparkline": "                     ▁▄▄▄▄▄█▃▃"
        },
        "cny2xdr": {
            "current_rate": 0.09787221530845287,
            "sparkline": "                     ▆▆▇▇▇▇▇▂▄"
        },
        "rsd2xdr": {
            "current_rate": 0.006958441457524796,
            "sparkline": "                     ▄▄▄▄▅▅▅▄▄"
        }
    },
    "neer": {
        "rub": {
            "current_rate": 95.75152146473948,
            "sparkline": "▇▆▆▇▇▇▇▅▅▄▅▅▅▆▃▄▂▂▂▂▂▆▅▅▆▆▇▆▇▇"
        },
        "usd": {
            "current_rate": 105.87467441904775,
            "sparkline": "▆▆▆▆▆▆▆▆▆▅▅▆▆▆▆▆▅▄▄▄▄▄▄▃▃▃▃▃▃▃"
        },
        "eur": {
            "current_rate": 109.5488476688905,
            "sparkline": "▂▂▂▂▂▂▂▂▂▄▄▄▄▄▄▅▅▇▇▇▇▆▆▆▆▆▆▇▇▆"
        },
        "cny": {
            "current_rate": 103.32914925059585,
            "sparkline": "▆▇▇▇▇▇▇▇▆▅▅▅▅▆▅▅▅▃▃▃▃▃▃▃▃▃▃▂▂▃"
        },
        "rsd": {
            "current_rate": 109.9505934004932,
            "sparkline": "▄▄▄▄▄▄▄▅▄▃▅▅▅▅▅▅▄▆▆▆▆▅▆▆▆▆▅▅▆▆"
        }
    },
    "update_time": "2025-04-23 13:20:39",
    "update_time_display": "23.04 13:20"
}