{
    "rub2rsd": {
        "bank": {
            "current": 1.121584510669587,
            "sparkline_full": "       1.24                       \n  ▇▇▇▇▇▇█▇▇▇▇▇▇█▇▇▇▇▇▇▆▇▆▆▆▆▅▄▂▁  \n                              1.12"
        },
        "korona": {
            "current": 1.0902724593676316,
            "diff_percent": -2.7917692339797058
        },
        "crypto": {
            "current": 1.1659240750724658,
            "diff_percent": 3.9532967851355245
        },
        "forex": {
            "current": 1.178666223766728,
            "diff_percent": 5.089381366640238
        }
    },
    "rub2eur": {
        "bank": {
            "current": 0.009581297307655456,
            "sparkline_full": "               93.5               \n  ████▇███▇▇▇▇███▇▇▇▇▇▇▇▆▆▆▆▅▄▃▁  \n                              104 "
        },
        "korona": {
            "current": 0.009334524480887257,
            "diff_percent": -2.575567992979686
        },
        "crypto": {
            "current": 0.009890106039272354,
            "diff_percent": 3.2230367318855646
        },
        "forex": {
            "current": 0.010036916505429407,
            "diff_percent": 4.755297567166726
        }
    },
    "rub2usd": {
        "bank": {
            "current": 0.01110370863868532,
            "sparkline_full": "       79.3                       \n  █████████████▇▇▆▆▆▆▆▆▆▅▅▅▅▄▃▂▁  \n                              90.1"
        },
        "korona": {
            "current": 0.01046829053641509,
            "diff_percent": -5.7225754290457
        },
        "crypto": {
            "current": 0.011438299775595111,
            "diff_percent": 3.01332777900958
        },
        "forex": {
            "current": 0.011787184737010226,
            "diff_percent": 6.155385741514104
        }
    },
    "xdr": {
        "rub2xdr": {
            "current_rate": 0.008252811049121475,
            "sparkline": "██████████▇▇███▇▇▇█▇▇▇▇▇▇▆▅▃▁▁"
        },
        "usd2xdr": {
            "current_rate": 0.710958,
            "sparkline": "▃▄▃▃▃▃▃▃▃▃▃▃▄▅▅▅▅▅▅▅▅▅▅▆▆▆▆▅▆▆"
        },
        "eur2xdr": {
            "current_rate": 0.8222456612702884,
            "sparkline": "▄▄▄▄▄▄▅▄▄▄▄▄▄▅▄▄▄▄▅▅▄▄▄▄▄▅▅▄▅▅"
        },
        "cny2xdr": {
            "current_rate": 0.1032378822641071,
            "sparkline": "▃▃▃▃▃▄▄▄▄▄▄▄▄▅▅▅▅▅▅▅▅▅▆▆▆▆▆▆▆▆"
        },
        "rsd2xdr": {
            "current_rate": 0.007001821960035061,
            "sparkline": "▄▄▄▄▄▄▅▄▄▄▄▄▄▅▄▄▄▄▅▅▄▄▄▄▄▅▅▄▅▅"
        }
    },
    "neer": {
        "rub": {
            "current_rate": 89.38383940438845,
            "sparkline": "██▇▇▇▇▇▇▇▇▇▇█▇▇▇▆▆▇▇▆▆▇▆▆▇▅▄▃▁"
        },
        "usd": {
            "current_rate": 103.17089848583888,
            "sparkline": "▄▄▄▄▄▄▄▄▄▄▄▄▅▄▅▅▅▅▅▄▅▅▅▅▅▅▅▅▅▅"
        },
        "eur": {
            "current_rate": 109.60238925854654,
            "sparkline": "▅▅▅▅▅▅▅▅▅▅▅▅▅▅▅▄▄▅▄▄▄▄▄▄▄▄▄▄▄▅"
        },
        "cny": {
            "current_rate": 110.205836553628,
            "sparkline": "▄▄▄▄▄▄▄▄▄▄▄▄▅▄▅▅▅▅▅▅▅▅▅▅▅▅▅▅▅▅"
        },
        "rsd": {
            "current_rate": 110.24481544697159,
            "sparkline": "▅▅▅▅▅▅▅▅▅▅▅▅▅▄▄▅▅▅▅▅▅▅▄▅▄▅▄▅▅▅"
        }
    },
    "specific_rates": {
        "rub_kzt_bank": 5.38,
        "rub_kzt_crypto": 5.553294541051427,
        "kzt_rsd_bank": 0.20995178023669472,
        "rsd_eur_cash": 0.008447135013374631,
        "eur_rsd_cash": 116.8,
        "rsd_usd_cash": 0.009601536245799328,
        "usd_rsd_cash": 99.67,
        "eur_usd_exch": 1.1565319769526308,
        "usd_kzt_bank": 478.5
    },
    "update_time": "2026-03-20 06:52:14",
    "update_time_display": "20.03 06:52"
}