{
    "rub2rsd": {
        "bank": {
            "current": 1.194271304928042,
            "sparkline_full": "                  1.23            \n  ▇▅▄▄▅▅▄▄▄▄▄▆▇▇▇████▇▃  ▁▁▂▃▃▄▄  \n                         1.16     "
        },
        "korona": {
            "current": 1.1591658082949547,
            "diff_percent": -2.9394909254059707
        },
        "crypto": {
            "current": 1.2001172913266733,
            "diff_percent": 0.4895023747542486
        },
        "forex": {
            "current": 1.2508323596420234,
            "diff_percent": 4.736030622236996
        }
    },
    "rub2eur": {
        "bank": {
            "current": 0.010283833813245578,
            "sparkline_full": "                  94.7            \n  ▇▅▅▅▅▅▅▅▄▃▃▅▇▆▇████▇▄  ▁▁▃▃▃▄▄  \n                        99.8      "
        },
        "korona": {
            "current": 0.009927197901469781,
            "diff_percent": -3.467927606107845
        },
        "crypto": {
            "current": 0.01026898913335578,
            "diff_percent": -0.14434966724838805
        },
        "forex": {
            "current": 0.010663741263563805,
            "diff_percent": 3.694220046894446
        }
    },
    "rub2usd": {
        "bank": {
            "current": 0.01199616122840691,
            "sparkline_full": "                  80.3            \n  ▆▄▄▄▅▅▄▄▄▃▃▅▇▇▇████▇▃  ▁▁▂▂▂▃▃  \n                         85.0     "
        },
        "korona": {
            "current": 0.01123585597701087,
            "diff_percent": -6.337904575637393
        },
        "crypto": {
            "current": 0.011955538369057557,
            "diff_percent": -0.33863215553620385
        },
        "forex": {
            "current": 0.012783359134413187,
            "diff_percent": 6.5620817444683235
        }
    },
    "xdr": {
        "rub2xdr": {
            "current_rate": 0.0086803339597529,
            "sparkline": "▇▅▄▄▅▅▃▂▂▁▂▅█▇▅▅▅▅█▆▅▆▄▂▂▁▁▂▃▃"
        },
        "usd2xdr": {
            "current_rate": 0.69877,
            "sparkline": "▆▅▅▄▅▄▄▄▅▅▅▅▅▃▃▄▄▄▄▄▄▅▄▄▅▅▅▅▆▆"
        },
        "eur2xdr": {
            "current_rate": 0.8140045548003053,
            "sparkline": "▅▅▅▄▄▄▄▄▄▄▄▅▅▄▄▄▄▄▄▄▄▄▄▄▄▄▄▄▄▄"
        },
        "cny2xdr": {
            "current_rate": 0.10007017242366957,
            "sparkline": "▄▃▃▃▃▃▃▃▃▃▄▄▄▃▂▃▄▄▄▄▅▅▄▅▅▆▆▆▇▇"
        },
        "rsd2xdr": {
            "current_rate": 0.006939646142699035,
            "sparkline": "▅▅▅▄▄▄▄▄▄▄▄▄▅▄▄▄▄▄▄▄▄▄▄▄▄▄▄▄▄▄"
        }
    },
    "neer": {
        "rub": {
            "current_rate": 95.55199207393237,
            "sparkline": "▇▄▄▃▄▄▄▂▃▂▂▃▄▅▅▆▅▆▆▇▆▆▆▂▂▆▆▂▂▃"
        },
        "usd": {
            "current_rate": 103.43825109650358,
            "sparkline": "▅▅▅▅▅▄▅▅▅▅▅▅▄▄▄▄▄▄▄▄▄▄▄▄▄▅▄▄▅▅"
        },
        "eur": {
            "current_rate": 110.07144272348599,
            "sparkline": "▅▅▅▅▅▅▅▅▅▅▅▅▅▅▅▅▅▅▅▅▅▅▄▄▄▄▄▄▄▄"
        },
        "cny": {
            "current_rate": 108.08190502036557,
            "sparkline": "▄▄▄▄▄▄▄▄▄▄▄▄▄▄▄▄▄▄▄▄▄▄▅▄▅▅▅▅▅▅"
        },
        "rsd": {
            "current_rate": 110.19792500679002,
            "sparkline": "▄▅▅▅▄▄▅▅▅▅▅▄▅▅▅▅▅▅▄▅▄▄▄▅▄▅▅▄▄▄"
        }
    },
    "specific_rates": {
        "rub_kzt_bank": 6.16,
        "rub_kzt_crypto": 6.151124490880113,
        "kzt_rsd_bank": 0.1951053491286044,
        "rsd_eur_cash": 0.008450704225352114,
        "eur_rsd_cash": 116.76666666666667,
        "rsd_usd_cash": 0.009693053311793215,
        "usd_rsd_cash": 98.0,
        "eur_usd_exch": 1.1649105639914497,
        "usd_kzt_bank": 507.5
    },
    "update_time": "2026-01-09 10:05:46",
    "update_time_display": "09.01 10:05"
}