{
    "rub2rsd": {
        "bank": {
            "current": 1.151061384841113,
            "sparkline_full": "   1.21                           \n  ▇▇██▆▆▆▇▇▇▆▆▆▆▆▆▆▆▄▄▄▃▂▁▁▂▂▂▃▃  \n                        1.13      "
        },
        "korona": {
            "current": 1.0997238124887914,
            "diff_percent": -4.460020380182254
        },
        "crypto": {
            "current": 1.1170134125028353,
            "diff_percent": -2.9579632143578207
        },
        "forex": {
            "current": 1.186378989703576,
            "diff_percent": 3.068264240949921
        }
    },
    "rub2eur": {
        "bank": {
            "current": 0.009937394415184339,
            "sparkline_full": "   96.5                           \n  ▇███▇▇▇▇██▇▇▇▇▇▇▆▆▅▅▅▃▂▁▁▂▂▃▃▃  \n                        103       "
        },
        "korona": {
            "current": 0.009419475909968235,
            "diff_percent": -5.211813917989656
        },
        "crypto": {
            "current": 0.009627169586438321,
            "diff_percent": -3.121792451671175
        },
        "forex": {
            "current": 0.010124081843993438,
            "diff_percent": 1.8786355961059629
        }
    },
    "rub2usd": {
        "bank": {
            "current": 0.011755025273304338,
            "sparkline_full": "   82.0                           \n  ▇▇██▇▇▇▇▇▆▆▇▇▇▆▆▆▅▅▅▅▃▂▁▁▂▂▃▄▄  \n                        87.6      "
        },
        "korona": {
            "current": 0.010720297116056456,
            "diff_percent": -8.802432433707729
        },
        "crypto": {
            "current": 0.011364669806458496,
            "diff_percent": -3.3207539564575757
        },
        "forex": {
            "current": 0.01207206054379804,
            "diff_percent": 2.6970190460899253
        }
    },
    "xdr": {
        "rub2xdr": {
            "current_rate": 0.008356837734476609,
            "sparkline": "▇▇████▇███████▇▇▆▆▆▆▅▂▁▁▁▂▂▃▃▂"
        },
        "usd2xdr": {
            "current_rate": 0.695295,
            "sparkline": "▄▄▅▅▅▄▄▅▅▅▅▅▅▄▄▄▄▅▄▄▄▄▄▅▄▄▄▄▄▄"
        },
        "eur2xdr": {
            "current_rate": 0.825441542576493,
            "sparkline": "▄▃▄▄▅▄▄▄▄▄▄▄▄▄▄▃▃▅▄▄▄▄▄▄▄▄▄▄▅▆"
        },
        "cny2xdr": {
            "current_rate": 0.09773134580109216,
            "sparkline": "▄▄▄▅▅▄▄▅▅▅▅▅▅▅▅▅▅▅▅▄▄▄▅▅▅▄▄▅▅▅"
        },
        "rsd2xdr": {
            "current_rate": 0.007043986624008417,
            "sparkline": "▄▃▄▄▅▄▄▄▄▄▄▄▄▄▄▃▃▅▄▄▄▄▄▄▄▄▄▄▅▆"
        }
    },
    "neer": {
        "rub": {
            "current_rate": 91.39648208877415,
            "sparkline": "▇▇██▇▇▇▇▇▇▇▇█▇▇▇▇▆▆▆▆▄▂▁▁▂▂▃▃▂"
        },
        "usd": {
            "current_rate": 102.77925377879272,
            "sparkline": "▅▅▅▅▅▅▅▅▅▅▅▅▅▅▅▅▅▅▅▅▅▄▅▅▄▄▄▄▄▄"
        },
        "eur": {
            "current_rate": 111.19885233896632,
            "sparkline": "▄▄▄▄▅▅▄▄▄▄▄▄▄▄▄▄▄▄▄▅▅▅▄▄▄▄▅▄▅▅"
        },
        "cny": {
            "current_rate": 104.09128209908417,
            "sparkline": "▄▄▄▅▄▄▄▅▅▅▅▅▅▅▅▅▅▅▅▅▅▅▅▅▅▅▅▅▄▄"
        },
        "rsd": {
            "current_rate": 110.92747007029999,
            "sparkline": "▄▄▅▄▅▅▅▄▅▄▅▄▄▅▄▅▄▅▄▅▄▄▅▅▅▅▅▅▅▅"
        }
    },
    "update_time": "2025-09-17 04:50:42",
    "update_time_display": "17.09 04:50"
}