{
    "rub2rsd": {
        "bank": {
            "current": 1.227586921621752,
            "sparkline_full": "                 1.24             \n  ‚ĖÉ‚Ėā‚Ėā‚ĖÉ‚ĖÉ‚Ėā‚Ėā‚ĖĄ‚ĖĄ‚ĖÖ‚ĖÖ‚ĖÜ‚ĖÜ‚ĖÜ‚ĖÖ‚ĖÜ‚Ėá‚ĖÖ‚ĖÖ‚ĖĄ‚ĖĄ‚ĖĄ‚ĖÖ‚Ėá‚ĖĄ‚ĖÉ‚ĖÉ‚ĖÉ‚ĖÉ‚ĖĄ  \n  1.22                            "
        },
        "korona": {
            "current": 1.1851700924559507,
            "diff_percent": -3.4553014877158303
        },
        "crypto": {
            "current": 1.2411797693029354,
            "diff_percent": 1.1072818911451034
        },
        "forex": {
            "current": 1.284565305526797,
            "diff_percent": 4.641494862927612
        }
    },
    "rub2eur": {
        "bank": {
            "current": 0.01052853232259423,
            "sparkline_full": "                         93.5     \n  ‚ĖÉ‚Ėā‚Ėā‚ĖÉ‚ĖÉ‚ĖÉ‚ĖÉ‚ĖĄ‚ĖÖ‚ĖÜ‚ĖÖ‚ĖÜ‚ĖÜ‚ĖÜ‚ĖÖ‚ĖÜ‚Ėá‚ĖÖ‚ĖĄ‚ĖĄ‚ĖĄ‚ĖÖ‚ĖÜ‚ĖÜ‚Ėá‚ĖÉ‚ĖÉ‚ĖÉ‚ĖÉ‚ĖÉ  \n   95.4                           "
        },
        "korona": {
            "current": 0.010147004216232455,
            "diff_percent": -3.623753954224133
        },
        "crypto": {
            "current": 0.010637946772930609,
            "diff_percent": 1.0392184492949343
        },
        "forex": {
            "current": 0.010939386868329843,
            "diff_percent": 3.9022964753968563
        }
    },
    "rub2usd": {
        "bank": {
            "current": 0.012250398137939484,
            "sparkline_full": "                 79.3             \n  ‚ĖÖ‚ĖÜ‚ĖÜ‚ĖÜ‚ĖÜ‚ĖÜ‚ĖÜ‚Ėá‚Ėą‚Ėą‚Ėá‚Ėá‚Ėá‚Ėá‚Ėá‚Ėą‚Ėą‚Ėá‚ĖÜ‚ĖÜ‚ĖÜ‚ĖÜ‚ĖÖ‚ĖĄ‚Ėā‚ĖĀ‚ĖĀ‚ĖĀ‚ĖĀ‚ĖĀ  \n                             81.9 "
        },
        "korona": {
            "current": 0.011544132257972108,
            "diff_percent": -5.765248378173691
        },
        "crypto": {
            "current": 0.01235201674641389,
            "diff_percent": 0.8295127009765744
        },
        "forex": {
            "current": 0.012634238787113075,
            "diff_percent": 3.133291219204027
        }
    },
    "xdr": {
        "rub2xdr": {
            "current_rate": 0.008955143384660882,
            "sparkline": "‚ĖÖ‚ĖĄ‚Ėā‚ĖÉ‚ĖĄ‚ĖÜ‚ĖÖ‚ĖÖ‚ĖÜ‚ĖÜ‚ĖÜ‚Ėá‚Ėá‚Ėá‚ĖÜ‚Ėá‚Ėá‚ĖÖ‚ĖÖ‚ĖÖ‚ĖĄ‚ĖĄ‚ĖÜ‚Ėá‚ĖÖ‚ĖÉ‚Ėā‚Ėā‚ĖÖ‚ĖÖ"
        },
        "usd2xdr": {
            "current_rate": 0.702035,
            "sparkline": "‚Ėā‚Ėā‚ĖĀ‚ĖĀ‚ĖĀ‚ĖĀ‚ĖĀ‚ĖĀ‚Ėā‚Ėā‚Ėā‚ĖÉ‚ĖÉ‚ĖÉ‚Ėā‚ĖÉ‚ĖÉ‚Ėā‚ĖÉ‚Ėā‚Ėā‚ĖÉ‚ĖÖ‚Ėá‚ĖÜ‚ĖÜ‚ĖÜ‚ĖÜ‚Ėą‚ĖÜ"
        },
        "eur2xdr": {
            "current_rate": 0.8186147443588944,
            "sparkline": "‚ĖÜ‚ĖÜ‚ĖÖ‚ĖĄ‚ĖÖ‚ĖÖ‚ĖÖ‚ĖÖ‚ĖĄ‚ĖĄ‚ĖĄ‚ĖÖ‚ĖÖ‚ĖĄ‚ĖĄ‚ĖÖ‚ĖÖ‚ĖÖ‚ĖÖ‚ĖÖ‚ĖĄ‚ĖÉ‚ĖÉ‚ĖÖ‚ĖĄ‚ĖĄ‚ĖÖ‚ĖĄ‚ĖÜ‚ĖÜ"
        },
        "cny2xdr": {
            "current_rate": 0.1021587601862631,
            "sparkline": "‚Ėā‚Ėā‚ĖĀ‚ĖĀ‚ĖĀ‚ĖĀ‚ĖĀ‚ĖĀ‚Ėā‚Ėā‚Ėā‚ĖÉ‚ĖÉ‚ĖÉ‚Ėā‚ĖĄ‚ĖĄ‚ĖÖ‚ĖÖ‚ĖĄ‚ĖĄ‚ĖĄ‚ĖÖ‚Ėá‚Ėá‚Ėá‚Ėá‚Ėá‚Ėą‚Ėą"
        },
        "rsd2xdr": {
            "current_rate": 0.006971341469469629,
            "sparkline": "‚ĖÜ‚ĖÜ‚ĖÖ‚ĖÖ‚ĖÖ‚ĖĄ‚ĖÖ‚ĖĄ‚ĖĄ‚ĖĄ‚ĖÉ‚ĖÖ‚ĖÖ‚ĖÖ‚ĖĄ‚ĖÖ‚ĖÖ‚ĖĄ‚ĖÖ‚ĖÖ‚ĖÖ‚ĖÉ‚ĖÉ‚ĖÖ‚ĖĄ‚ĖĄ‚ĖÖ‚ĖÖ‚ĖÜ‚ĖÖ"
        }
    },
    "neer": {
        "rub": {
            "current_rate": 97.77474308441823,
            "sparkline": "‚ĖÜ‚Ėā‚ĖÉ‚Ėā‚ĖĄ‚ĖÜ‚ĖÖ‚ĖĄ‚ĖÜ‚ĖÖ‚Ėą‚Ėá‚ĖÜ‚ĖÜ‚ĖÜ‚ĖÜ‚ĖÜ‚ĖÜ‚ĖĄ‚ĖĄ‚ĖĄ‚ĖÜ‚Ėá‚ĖÜ‚ĖÖ‚Ėā‚ĖĀ‚ĖĀ‚ĖĀ‚ĖÉ"
        },
        "usd": {
            "current_rate": 102.55632037432734,
            "sparkline": "‚ĖÉ‚Ėā‚Ėā‚Ėā‚Ėā‚Ėā‚Ėā‚Ėā‚ĖÉ‚Ėā‚ĖĄ‚ĖÉ‚ĖÉ‚ĖÉ‚ĖÉ‚ĖÉ‚ĖÉ‚Ėā‚ĖÉ‚Ėā‚Ėā‚ĖĄ‚ĖÜ‚ĖÜ‚ĖÖ‚ĖÜ‚ĖÜ‚ĖÜ‚Ėá‚ĖÖ"
        },
        "eur": {
            "current_rate": 109.36847670858198,
            "sparkline": "‚ĖÜ‚ĖÜ‚ĖÜ‚ĖÜ‚ĖÜ‚ĖÖ‚ĖÖ‚ĖÖ‚ĖÖ‚ĖÖ‚ĖĄ‚ĖÖ‚ĖĄ‚ĖĄ‚ĖÖ‚ĖÖ‚ĖĄ‚ĖĄ‚ĖÖ‚ĖĄ‚ĖÖ‚ĖĄ‚ĖĄ‚ĖÉ‚ĖÉ‚ĖÉ‚ĖÉ‚ĖÉ‚ĖÉ‚ĖÉ"
        },
        "cny": {
            "current_rate": 109.5896122346387,
            "sparkline": "‚ĖÉ‚ĖÉ‚Ėā‚Ėā‚Ėā‚Ėā‚Ėā‚Ėā‚ĖÉ‚ĖÉ‚ĖĄ‚ĖĄ‚ĖÉ‚ĖÉ‚ĖÉ‚ĖĄ‚ĖĄ‚ĖÖ‚ĖÖ‚ĖÖ‚ĖÖ‚ĖÜ‚ĖÜ‚ĖÜ‚ĖÜ‚ĖÜ‚ĖÜ‚ĖÜ‚Ėá‚Ėá"
        },
        "rsd": {
            "current_rate": 109.87119330887471,
            "sparkline": "‚ĖĄ‚ĖÖ‚ĖÖ‚ĖĄ‚ĖÖ‚ĖĄ‚ĖĄ‚ĖÖ‚ĖÖ‚ĖĄ‚ĖÖ‚ĖĄ‚ĖĄ‚ĖĄ‚ĖÖ‚ĖĄ‚ĖĄ‚ĖĄ‚ĖĄ‚ĖĄ‚ĖĄ‚ĖÖ‚ĖĄ‚ĖĄ‚ĖĄ‚ĖĄ‚ĖÖ‚ĖĄ‚ĖÖ‚ĖĄ"
        }
    },
    "specific_rates": {
        "rub_kzt_bank": 6.07,
        "rub_kzt_crypto": 6.132776314594496,
        "kzt_rsd_bank": 0.20238464695821914,
        "rsd_eur_cash": 0.00844475721323012,
        "eur_rsd_cash": 116.8,
        "rsd_usd_cash": 0.009740485632783692,
        "usd_rsd_cash": 99.11428571428571,
        "eur_usd_exch": 1.1660597325758608,
        "usd_kzt_bank": 489.5
    },
    "update_time": "2026-03-10 09:22:09",
    "update_time_display": "10.03 09:22"
}