{
    "rub2rsd": {
        "bank": {
            "current": 1.2518549200353157,
            "sparkline_full": "                        1.26      \n  ▄▄▂▂▂▂▃▇▇▆▆▆▆▇▆▆▆▆▆▆▆▅▅▇▇▇▇▇▅▆  \n   1.21                           "
        },
        "korona": {
            "current": 1.2057916377384257,
            "diff_percent": -3.6796022893444054
        },
        "crypto": {
            "current": 1.2880311637714865,
            "diff_percent": 2.8898112039332986
        },
        "forex": {
            "current": 1.304707524085211,
            "diff_percent": 4.221943230322914
        }
    },
    "rub2eur": {
        "bank": {
            "current": 0.010757314974182445,
            "sparkline_full": "                        92.1      \n  ▄▄▂▂▂▂▄▇▆▆▆▆▆▅▇▆▆▆▆▆▅▅▅▇▇▇▇▇▆▆  \n      96.1                        "
        },
        "korona": {
            "current": 0.01032797976649615,
            "diff_percent": -3.991100090651795
        },
        "crypto": {
            "current": 0.011030708642909193,
            "diff_percent": 2.5414675444838477
        },
        "forex": {
            "current": 0.011130793583220042,
            "diff_percent": 3.471857149613496
        }
    },
    "rub2usd": {
        "bank": {
            "current": 0.012285012285012284,
            "sparkline_full": "                         81.0     \n  ▄▄▂▁▁▁▂▄▅▄▄▄▄▄▄▅▆▆▆▆▆▆▅▇█▇▇▇▇▇  \n      84.8                        "
        },
        "korona": {
            "current": 0.011337956161151158,
            "diff_percent": -7.709036848229567
        },
        "crypto": {
            "current": 0.012571370179843165,
            "diff_percent": 2.330953263923367
        },
        "forex": {
            "current": 0.01268152010845236,
            "diff_percent": 3.2275736828022157
        }
    },
    "xdr": {
        "rub2xdr": {
            "current_rate": 0.00907632590299083,
            "sparkline": "▂▂▂▁▁▁▂▂▃▃▂▅▅▃▃▃▃▃▃▄▃▂▂▄▅▅█▅▃▃"
        },
        "usd2xdr": {
            "current_rate": 0.716787,
            "sparkline": "▃▃▃▃▃▃▃▃▃▃▃▆▆▄▄▃▃▃▃▃▃▃▃▃▃▃▆▄▃▃"
        },
        "eur2xdr": {
            "current_rate": 0.8154248693169214,
            "sparkline": "▃▄▃▃▃▃▂▂▃▃▃▆▆▄▄▄▃▄▄▄▃▃▃▃▄▄▇▄▄▃"
        },
        "cny2xdr": {
            "current_rate": 0.09974631580412184,
            "sparkline": "▂▃▃▃▃▃▃▃▃▃▃▆▆▄▄▄▃▄▄▄▃▃▃▃▃▃▇▄▃▃"
        },
        "rsd2xdr": {
            "current_rate": 0.0069565981152401556,
            "sparkline": "▄▄▄▄▄▄▃▂▂▂▃▆▆▄▄▄▄▄▄▄▄▃▃▃▄▄▇▅▄▄"
        }
    },
    "neer": {
        "rub": {
            "current_rate": 98.25399727024661,
            "sparkline": "▁▂▃▃▁▁▄▄▄▅▅▄▄▄▄▃▅▄▄▄▄▄▄▅███▇▅▅"
        },
        "usd": {
            "current_rate": 104.56446399488208,
            "sparkline": "▄▄▅▅▅▅▆▆▅▅▅▅▅▅▅▄▄▄▃▃▃▃▄▄▄▄▄▄▃▃"
        },
        "eur": {
            "current_rate": 108.32643898012124,
            "sparkline": "▅▅▅▅▅▅▄▄▄▄▄▄▄▄▄▅▅▄▅▅▅▅▅▄▅▅▅▅▅▅"
        },
        "cny": {
            "current_rate": 103.91961613522778,
            "sparkline": "▃▃▄▄▄▄▆▆▅▅▅▅▅▄▄▄▄▄▃▄▃▃▄▄▄▄▄▄▃▄"
        },
        "rsd": {
            "current_rate": 109.51147187280549,
            "sparkline": "▅▅▅▄▆▆▆▄▃▄▄▄▄▄▅▅▄▅▄▄▅▅▄▄▄▄▄▄▅▅"
        }
    },
    "update_time": "2025-06-04 07:05:46",
    "update_time_display": "04.06 07:05"
}