{
    "rub2rsd": {
        "bank": {
            "current": 1.2320689493112311,
            "sparkline_full": "                             1.26 \n  ▁▁▂▁▁▁▁▁▁▂▄▆▆▆▅▅▅▆▆▆▇▇▇▇█████▆  \n       1.19                       "
        },
        "korona": {
            "current": 1.2011794131161877,
            "diff_percent": -2.507127236045656
        },
        "crypto": {
            "current": 1.2649091284786915,
            "diff_percent": 2.665449785567536
        },
        "forex": {
            "current": 1.280348493408779,
            "diff_percent": 3.918574859348398
        }
    },
    "rub2eur": {
        "bank": {
            "current": 0.01059322033898305,
            "sparkline_full": "                             92.8 \n  ▁▂▂▂▂▂▁▁▂▂▄▆▆▆▆▅▆▆▆▆▆▇▆▇▇████▆  \n       97.7                       "
        },
        "korona": {
            "current": 0.010288474630545505,
            "diff_percent": -2.876799487650426
        },
        "crypto": {
            "current": 0.010764630159056567,
            "diff_percent": 1.6181087014939994
        },
        "forex": {
            "current": 0.010900238320964152,
            "diff_percent": 2.8982497499016033
        }
    },
    "rub2usd": {
        "bank": {
            "current": 0.012330456226880395,
            "sparkline_full": "                             79.4 \n  ▁▁▁▁▁▁▁▁▁▁▃▄▄▄▄▄▅▆▆▆▆▇▇▇█████▆  \n 84.2                             "
        },
        "korona": {
            "current": 0.011706586692395842,
            "diff_percent": -5.0595819246697245
        },
        "crypto": {
            "current": 0.012505512931191074,
            "diff_percent": 1.419709871959607
        },
        "forex": {
            "current": 0.012837003432614718,
            "diff_percent": 4.108097838505361
        }
    },
    "xdr": {
        "rub2xdr": {
            "current_rate": 0.008908937030441266,
            "sparkline": "▁▁▁▁▁▃▁▁▁▂▄▅▅▆▆▅▆▆▇▇▇▇▇██████▄"
        },
        "usd2xdr": {
            "current_rate": 0.701561,
            "sparkline": "▄▄▄▄▄▆▄▄▄▄▅▅▅▅▅▄▄▄▄▄▄▄▄▃▃▃▃▃▃▃"
        },
        "eur2xdr": {
            "current_rate": 0.8173158024725876,
            "sparkline": "▄▄▄▄▄▆▄▄▃▃▄▄▄▄▄▄▄▄▄▄▄▄▄▄▄▄▄▄▄▄"
        },
        "cny2xdr": {
            "current_rate": 0.09930654247940435,
            "sparkline": "▄▄▄▄▄▆▃▃▄▄▄▄▄▅▅▄▄▄▄▄▄▄▄▄▄▄▄▄▄▄"
        },
        "rsd2xdr": {
            "current_rate": 0.006958212608757994,
            "sparkline": "▄▄▄▄▄▆▄▄▃▃▄▃▄▄▄▄▄▄▃▃▄▄▄▄▃▃▃▃▃▄"
        }
    },
    "neer": {
        "rub": {
            "current_rate": 100.54140667163566,
            "sparkline": "▁▁▁▁▂▂▂▁▁▂▂▅▅▂▅▅▅▆▇▇▅▆▇▆▇█████"
        },
        "usd": {
            "current_rate": 104.003248671418,
            "sparkline": "▅▅▄▄▄▄▅▅▅▅▅▅▅▅▅▅▅▅▄▄▄▄▄▄▄▄▄▄▄▄"
        },
        "eur": {
            "current_rate": 110.4592816125434,
            "sparkline": "▄▄▅▅▅▅▄▅▅▄▄▄▄▄▄▄▄▄▄▄▅▅▅▅▅▅▅▅▅▅"
        },
        "cny": {
            "current_rate": 106.7766091384628,
            "sparkline": "▄▄▄▄▄▄▄▄▄▅▅▅▅▅▅▅▅▅▅▅▅▅▅▄▄▅▅▄▅▅"
        },
        "rsd": {
            "current_rate": 110.09992656774222,
            "sparkline": "▅▅▄▅▅▅▅▅▅▅▅▄▄▄▄▅▅▅▄▄▄▄▄▄▄▄▄▄▄▄"
        }
    },
    "specific_rates": {
        "rub_kzt_bank": 6.43,
        "rub_kzt_crypto": 6.534130506547336,
        "kzt_rsd_bank": 0.19358491955604898,
        "rsd_eur_cash": 0.008483563096500531,
        "eur_rsd_cash": 116.75,
        "rsd_usd_cash": 0.009745910198398886,
        "usd_rsd_cash": 98.72142857142856,
        "eur_usd_exch": 1.1649960623133093,
        "usd_kzt_bank": 515.5
    },
    "update_time": "2025-12-10 20:51:22",
    "update_time_display": "10.12 20:51"
}