{
    "rub2rsd": {
        "bank": {
            "current": 1.2207505490785489,
            "sparkline_full": "                       1.24       \n           ▁▁▂▁▁▃▅▆▇▆▆▅▆██▇▆▆▇▅▂  \n          1.21                    "
        },
        "korona": {
            "current": 1.1752798235560202,
            "diff_percent": -3.7248171263859757
        },
        "crypto": {
            "current": 1.1770306883705466,
            "diff_percent": -3.581391852823908
        },
        "forex": {
            "current": 1.2710482804662084,
            "diff_percent": 4.120230085141103
        }
    },
    "rub2eur": {
        "bank": {
            "current": 0.010536297545042672,
            "sparkline_full": "                        93.4      \n           ▂▁▂▂▂▂▄▅▆▇▇▅▆▇█▆▆▆▆▅▃  \n           95.5                   "
        },
        "korona": {
            "current": 0.01006663660433422,
            "diff_percent": -4.457551988263921
        },
        "crypto": {
            "current": 0.010071736977833735,
            "diff_percent": -4.409144343380022
        },
        "forex": {
            "current": 0.01084730704462796,
            "diff_percent": 2.9517911605639617
        }
    },
    "rub2usd": {
        "bank": {
            "current": 0.012371644191513053,
            "sparkline_full": "                    80.1          \n           ▃▃▄▄▄▄▅▆▆▆▆▅▅▆▆▄▄▄▅▄▃  \n           81.0                   "
        },
        "korona": {
            "current": 0.011606064421093519,
            "diff_percent": -6.188181284301096
        },
        "crypto": {
            "current": 0.011803107659790367,
            "diff_percent": -4.595480785914474
        },
        "forex": {
            "current": 0.01280603215338553,
            "diff_percent": 3.5111578958152325
        }
    },
    "xdr": {
        "rub2xdr": {
            "current_rate": 0.008839161141045538,
            "sparkline": "         ▂█████▁▃▂▁▁▁▂▂▂▂▂▂▂▂▁"
        },
        "usd2xdr": {
            "current_rate": 0.694528,
            "sparkline": "         ▃█████▁▁▁▁▁▁▁▂▂▂▂▂▂▁▁"
        },
        "eur2xdr": {
            "current_rate": 0.8148714795920762,
            "sparkline": "         ▃█████▁▁▁▁▁▁▁▁▁▁▁▁▁▁▁"
        },
        "cny2xdr": {
            "current_rate": 0.09696184506275392,
            "sparkline": "         ▃█████▁▁▁▁▁▁▁▂▂▂▂▂▂▁▁"
        },
        "rsd2xdr": {
            "current_rate": 0.006954229258548241,
            "sparkline": "         ▃█████▁▁▁▁▁▁▁▁▁▁▁▁▁▁▁"
        }
    },
    "neer": {
        "rub": {
            "current_rate": 97.49619750812039,
            "sparkline": "▆▆▅▄▄▄▄▁▃▁▁▂▁▂▂▅▅▇▆▆▇▇█▇█▆▆▅▆▃"
        },
        "usd": {
            "current_rate": 103.32575792102865,
            "sparkline": "▆▆▅▄▄▄▄▂▄▃▃▃▃▄▄▅▅▅▅▅▅▆▇▆▆▆▆▆▅▄"
        },
        "eur": {
            "current_rate": 110.66350420065537,
            "sparkline": "▃▃▄▄▄▅▅▆▅▆▆▆▆▅▅▅▅▅▅▅▅▅▅▅▅▅▅▅▅▆"
        },
        "cny": {
            "current_rate": 103.32622648920409,
            "sparkline": "▅▅▄▄▄▄▄▂▃▃▃▃▃▄▄▅▅▅▅▅▆▆▆▆▆▆▇▇▆▅"
        },
        "rsd": {
            "current_rate": 110.57014175586373,
            "sparkline": "▃▄▄▃▄▄▄▄▆▅▅▄▄▆▅▅▅▄▄▄▄▄▄▄▄▄▄▄▄▅"
        }
    },
    "update_time": "2025-07-23 13:06:37",
    "update_time_display": "23.07 13:06"
}