{
    "rub2rsd": {
        "bank": {
            "current": 1.224194519955315,
            "sparkline_full": "                1.26              \n  ▇▆▆▆▆▇▅▅▅▆▆▆▅▄▄█▇▇▇▇▅█▆▅▆▆▆▆▅▁  \n                              1.22"
        },
        "korona": {
            "current": 1.1977790150552872,
            "diff_percent": -2.15778656654925
        },
        "crypto": {
            "current": 1.2377196743713832,
            "diff_percent": 1.1048206960248321
        },
        "forex": {
            "current": 1.2801606597988895,
            "diff_percent": 4.571670509162001
        }
    },
    "rub2eur": {
        "bank": {
            "current": 0.01052188552188552,
            "sparkline_full": "                92.1              \n  ▆▆▅▅▅▅▇▆▆▅▆▆▅▄▅██▇▇▇▆█▆▅▅▅▆▇▅▁  \n                              95.0"
        },
        "korona": {
            "current": 0.010259349165355779,
            "diff_percent": -2.49514553245867
        },
        "crypto": {
            "current": 0.010549557735483094,
            "diff_percent": 0.26299671803133456
        },
        "forex": {
            "current": 0.010924373732993596,
            "diff_percent": 3.8252479583711447
        }
    },
    "rub2usd": {
        "bank": {
            "current": 0.012137395314965408,
            "sparkline_full": "                      80.8        \n  ▂▂▂▁▁▂▂▃▄▄▅▅▄▄▄▆▇▆▆▇▆█▇▆▆▆▆▇▆▃  \n     83.1                         "
        },
        "korona": {
            "current": 0.011370420204622615,
            "diff_percent": -6.319107934114276
        },
        "crypto": {
            "current": 0.012144258323404955,
            "diff_percent": 0.056544326533427614
        },
        "forex": {
            "current": 0.01265777921795177,
            "diff_percent": 4.287442976704637
        }
    },
    "xdr": {
        "rub2xdr": {
            "current_rate": 0.008908019116625704,
            "sparkline": "▁▁▁▄▄▂▂▁▂▂▂▂▂▁▁▃▄▄█▄▂▂▂▂▂▂▂▂▂▁"
        },
        "usd2xdr": {
            "current_rate": 0.708169,
            "sparkline": "▃▃▃▇▇▄▄▄▃▃▃▃▃▃▃▃▃▃▇▄▃▃▃▃▃▃▃▃▃▂"
        },
        "eur2xdr": {
            "current_rate": 0.8154260678323249,
            "sparkline": "▂▂▂▆▆▃▃▃▃▃▃▃▃▃▂▃▃▃▇▄▃▃▃▃▃▃▃▃▃▃"
        },
        "cny2xdr": {
            "current_rate": 0.09861979166666669,
            "sparkline": "▃▃▃▇▇▄▄▃▃▃▄▄▃▃▃▃▃▃▇▄▃▃▃▃▃▃▃▃▃▂"
        },
        "rsd2xdr": {
            "current_rate": 0.006958516533405373,
            "sparkline": "▂▂▂▆▆▄▄▄▃▃▄▄▃▃▃▃▃▃▇▅▄▃▄▄▃▃▄▄▄▃"
        }
    },
    "neer": {
        "rub": {
            "current_rate": 97.02783684847141,
            "sparkline": "▁▂▂▁▁▁▁▁▂▂▂▂▁▂▂▃▅██▅▃▄▂▆▅▄▄▃▅▁"
        },
        "usd": {
            "current_rate": 103.98566854791939,
            "sparkline": "▆▆▆▇▇▆▆▅▅▅▄▄▄▄▅▅▄▅▅▄▄▄▃▃▃▄▃▃▃▂"
        },
        "eur": {
            "current_rate": 109.09806282746224,
            "sparkline": "▃▃▃▃▃▄▃▄▄▃▄▄▄▄▄▃▄▄▄▅▅▅▅▅▅▅▅▅▅▆"
        },
        "cny": {
            "current_rate": 103.42426415329768,
            "sparkline": "▆▆▆▆▆▅▅▄▄▅▄▄▄▄▄▅▄▄▄▃▄▄▄▄▄▄▄▄▄▃"
        },
        "rsd": {
            "current_rate": 109.82425865891744,
            "sparkline": "▄▅▅▅▅▃▅▅▅▅▄▄▆▅▅▄▅▅▅▄▅▅▅▅▅▅▅▅▅▆"
        }
    },
    "update_time": "2025-06-12 09:05:45",
    "update_time_display": "12.06 09:05"
}