{
    "rub2rsd": {
        "bank": {
            "current": 1.234895535522005,
            "sparkline_full": " 1.26                             \n  ██▇▇▃▂ ▄▅▅  ▄▄▃▃▃▂▁▁▁▁▁▁▂▃▃▄▄▄  \n                   1.22           "
        },
        "korona": {
            "current": 1.198154758113098,
            "diff_percent": -2.9752133967652785
        },
        "crypto": {
            "current": 1.2285287487674696,
            "diff_percent": -0.5155729024353526
        },
        "forex": {
            "current": 1.2991901310117897,
            "diff_percent": 5.20648051922923
        }
    },
    "rub2eur": {
        "bank": {
            "current": 0.01063264221158958,
            "sparkline_full": " 92.2                             \n  ███▆▃▂▃▄▄▄▄▄▄▅▄▃▃▁▁▁▁▁▁▁▂▃▄▄▄▄  \n                    95.4          "
        },
        "korona": {
            "current": 0.010252688057444417,
            "diff_percent": -3.573468819735264
        },
        "crypto": {
            "current": 0.01050927973766997,
            "diff_percent": -1.1602240672139346
        },
        "forex": {
            "current": 0.011069767137348394,
            "diff_percent": 4.111159926761645
        }
    },
    "rub2usd": {
        "bank": {
            "current": 0.0125250501002004,
            "sparkline_full": " 78.6                             \n  ▇▇▇▆▅▅▆▇▆▆▅▄▄▅▄▃▃▂▃▃▃▃▃▃▄▄▅▄▄▃  \n                  80.4            "
        },
        "korona": {
            "current": 0.011807388599291431,
            "diff_percent": -5.729809423257205
        },
        "crypto": {
            "current": 0.012354659215415589,
            "diff_percent": -1.3604008241219296
        },
        "forex": {
            "current": 0.013028993419055423,
            "diff_percent": 4.02348345773851
        }
    },
    "xdr": {
        "rub2xdr": {
            "current_rate": 0.009021531301441546,
            "sparkline": "███▅▃▃▃▅▅▄▃▄▄▄▄▃▃▃▂▁▁▂▄▂▂▃▄▃▄▄"
        },
        "usd2xdr": {
            "current_rate": 0.691737,
            "sparkline": "▇▆▅▄▄▄▂▃▄▄▄▅▅▅▆▅▅▅▅▄▄▄▄▄▄▅▅▅▆▆"
        },
        "eur2xdr": {
            "current_rate": 0.8149702870445861,
            "sparkline": "▅▆▅▅▅▆▄▄▄▄▄▄▄▄▅▄▄▅▅▄▄▄▄▄▄▄▄▃▄▄"
        },
        "cny2xdr": {
            "current_rate": 0.10012476931427539,
            "sparkline": "▆▆▅▄▃▃▂▃▄▄▄▅▅▅▆▅▅▅▅▄▅▅▅▅▅▅▆▆▇▆"
        },
        "rsd2xdr": {
            "current_rate": 0.006943965387433872,
            "sparkline": "▅▅▅▄▅▆▄▄▅▄▄▄▄▄▅▄▄▅▅▄▄▄▄▄▄▄▄▃▄▄"
        }
    },
    "neer": {
        "rub": {
            "current_rate": 99.1288705524395,
            "sparkline": "███▇▆▃▄▆▆▇▇▄▄▄▆▅▄▄▁▂▁▂▅▃▂▄▅▄▅▅"
        },
        "usd": {
            "current_rate": 101.64579024406004,
            "sparkline": "▆▅▅▅▄▃▃▄▅▅▅▅▄▅▅▅▅▄▄▃▃▃▃▃▃▄▃▄▅▄"
        },
        "eur": {
            "current_rate": 110.03648680218745,
            "sparkline": "▄▄▄▅▆▆▆▅▅▄▅▄▄▄▄▄▄▅▅▅▄▄▄▄▄▄▄▃▃▃"
        },
        "cny": {
            "current_rate": 108.0015270494938,
            "sparkline": "▆▄▄▄▃▃▃▄▄▄▅▅▅▆▆▅▅▅▅▅▅▅▅▅▅▅▅▆▆▆"
        },
        "rsd": {
            "current_rate": 110.08710734686633,
            "sparkline": "▄▄▄▅▄▅▅▅▅▅▅▄▅▄▄▄▄▄▅▅▄▄▄▄▄▅▄▄▄▄"
        }
    },
    "specific_rates": {
        "rub_kzt_bank": 6.3,
        "rub_kzt_crypto": 6.226748244569457,
        "kzt_rsd_bank": 0.19729860603227506,
        "rsd_eur_cash": 0.008455765775288024,
        "eur_rsd_cash": 116.8625,
        "rsd_usd_cash": 0.009854644000985464,
        "usd_rsd_cash": 97.58333333333333,
        "eur_usd_exch": 1.1781504922312758,
        "usd_kzt_bank": 497.0
    },
    "update_time": "2026-02-21 08:35:45",
    "update_time_display": "21.02 08:35"
}