{
    "rub2rsd": {
        "bank": {
            "current": 1.1958810827958561,
            "sparkline_full": "         1.22                     \n  ▁▃▄▃▃▃▆██▄▂▂▂▃▃▅▄▂▂▂▅▆▅▄▄▄▄▄▄▄  \n 1.18                             "
        },
        "korona": {
            "current": 1.1599493791136226,
            "diff_percent": -3.0046217971964757
        },
        "crypto": {
            "current": 1.2566249404339354,
            "diff_percent": 5.079422905165943
        },
        "forex": {
            "current": 1.2522127369431049,
            "diff_percent": 4.710472885443649
        }
    },
    "rub2eur": {
        "bank": {
            "current": 0.010278548668927946,
            "sparkline_full": "        95.0                      \n  ▁▂▃▄▄▄▆██▃▂▂▂▃▃▃▃▂▂▂▅▆▅▄▃▃▄▄▄▃  \n 98.5                             "
        },
        "korona": {
            "current": 0.009935326587696983,
            "diff_percent": -3.3392076282960454
        },
        "crypto": {
            "current": 0.010722677428862785,
            "diff_percent": 4.320928705406051
        },
        "forex": {
            "current": 0.010684281542204513,
            "diff_percent": 3.947375124107714
        }
    },
    "rub2usd": {
        "bank": {
            "current": 0.011842728564661299,
            "sparkline_full": "         81.4                     \n  ▁▃▂▃▃▃▅██▄▂▂▃▃▂▄▄▁▁▁▅▆▅▃▂▂▂▂▂▁  \n                              84.4"
        },
        "korona": {
            "current": 0.01139532750664222,
            "diff_percent": -3.777854533913104
        },
        "crypto": {
            "current": 0.012329563113301223,
            "diff_percent": 4.110830928715515
        },
        "forex": {
            "current": 0.012317015340842606,
            "diff_percent": 4.004877538074961
        }
    },
    "xdr": {
        "rub2xdr": {
            "current_rate": 0.00871368041185667,
            "sparkline": "▁▂▃▂▃▄▆█▇▃▂▂▂▂▁▂▄▇▆▅▆▆▅▅▅▅▅▅▅▄"
        },
        "usd2xdr": {
            "current_rate": 0.70875,
            "sparkline": "▃▃▅▄▄▄▅▄▃▃▃▃▃▃▃▄▄▄▄▄▄▃▃▄▄▄▅▆▆▆"
        },
        "eur2xdr": {
            "current_rate": 0.8155607260475424,
            "sparkline": "▄▄▅▅▅▄▅▅▅▅▅▅▄▄▄▄▅▅▅▅▅▄▄▄▅▄▄▄▄▅"
        },
        "cny2xdr": {
            "current_rate": 0.09947926901159364,
            "sparkline": "▃▃▅▄▄▄▄▄▃▃▃▃▃▃▃▄▄▄▄▄▄▄▄▅▅▄▆▆▆▆"
        },
        "rsd2xdr": {
            "current_rate": 0.006958626241998193,
            "sparkline": "▄▄▅▄▅▄▅▅▅▅▅▅▄▄▄▄▅▄▄▄▅▄▄▄▄▄▅▄▄▄"
        }
    },
    "neer": {
        "rub": {
            "current_rate": 95.39167898225573,
            "sparkline": "▁▂▃▃▂▃▄▆█▇▃▂▇▂▃▂▃▇▆▂▂▇▆▆▅▄▄▅▅▄"
        },
        "usd": {
            "current_rate": 104.87483648727647,
            "sparkline": "▄▄▄▄▄▄▅▄▄▄▄▄▄▄▄▄▄▄▄▄▄▃▄▄▅▅▅▅▆▅"
        },
        "eur": {
            "current_rate": 109.97445677451404,
            "sparkline": "▅▄▄▅▅▄▄▅▅▅▅▅▅▄▄▄▅▅▅▅▅▅▅▄▄▅▄▄▄▄"
        },
        "cny": {
            "current_rate": 106.27067232311003,
            "sparkline": "▄▄▄▄▄▄▄▄▄▄▄▄▄▄▄▅▅▄▄▅▅▄▅▅▅▅▅▅▅▅"
        },
        "rsd": {
            "current_rate": 110.22546649044143,
            "sparkline": "▅▅▄▅▅▅▅▄▆▅▄▄▃▄▅▅▄▄▄▄▄▄▄▄▄▃▄▄▄▄"
        }
    },
    "update_time": "2025-11-06 07:50:52",
    "update_time_display": "06.11 07:50"
}