{
    "rub2rsd": {
        "bank": {
            "current": 1.214118110781083,
            "sparkline_full": "                        1.23      \n  ▃▅▄▄ ▅▄▄▄▅▂▂▂▃▃▃▄▄▅▄▃▃▅▇▇▄▅▅▅▅  \n           1.19                   "
        },
        "korona": {
            "current": 1.1841273062327775,
            "diff_percent": -2.4701719117764744
        },
        "crypto": {
            "current": 1.2760299502431387,
            "diff_percent": 5.099325915023681
        },
        "forex": {
            "current": 1.2630481689190916,
            "diff_percent": 4.030090458541155
        }
    },
    "rub2eur": {
        "bank": {
            "current": 0.01040907671489539,
            "sparkline_full": "                         94.4     \n  ▁▄▅▄▄▅▅▅▄▄▃▂▃▃▃▃▅▅▆▄▄▄▅▇█▅▅▅▅▅  \n 98.0                             "
        },
        "korona": {
            "current": 0.010135183790865428,
            "diff_percent": -2.6312893211558395
        },
        "crypto": {
            "current": 0.010906803035994374,
            "diff_percent": 4.781656766797945
        },
        "forex": {
            "current": 0.010800496162247257,
            "diff_percent": 3.7603666307093944
        }
    },
    "rub2usd": {
        "bank": {
            "current": 0.011796626164916835,
            "sparkline_full": "                        83.2      \n  ▂▄▅▄▄▆▆▆▅▇▄▃▃▄▄▄▆▆▆▄▄▄▅▇▇▅▄▄▄▄  \n 86.2                             "
        },
        "korona": {
            "current": 0.011274181721725007,
            "diff_percent": -4.42876154493712
        },
        "crypto": {
            "current": 0.012335825399091904,
            "diff_percent": 4.570791908102058
        },
        "forex": {
            "current": 0.012366870637586383,
            "diff_percent": 4.833962394819763
        }
    },
    "xdr": {
        "rub2xdr": {
            "current_rate": 0.008734164114111495,
            "sparkline": "  ▃▂▂▄▄▄▆▃▂▁▂▃▄▃▄▄▄▃▃▃▅██▆▂▄▄▄"
        },
        "usd2xdr": {
            "current_rate": 0.720178,
            "sparkline": "  ▅▅▅▅▅▅▅▃▄▅▆▆▆▅▅▅▅▆▆▆▆▆▆▆▆▆▆▆"
        },
        "eur2xdr": {
            "current_rate": 0.8086817478479784,
            "sparkline": "  ▃▅▅▅▅▅▇▄▃▃▄▅▅▅▄▄▃▄▄▄▄▄▅▃▃▃▃▂"
        },
        "cny2xdr": {
            "current_rate": 0.0996737874289827,
            "sparkline": "  ▄▄▄▄▄▄▄▂▃▄▅▅▅▅▄▄▄▅▅▅▅▅▆▇▇▇▇▇"
        },
        "rsd2xdr": {
            "current_rate": 0.006915147283405775,
            "sparkline": "  ▅▅▅▅▆▅▅▅▅▅▅▅▅▅▅▅▄▅▅▅▅▅▅▅▅▅▅▃"
        }
    },
    "neer": {
        "rub": {
            "current_rate": 93.80135826039549,
            "sparkline": "▁▁▅▆▅▆▆▆▆█▇▅▄▅▅▅▅▇▇▇▅▅▆▆▇█▆▅▅▃"
        },
        "usd": {
            "current_rate": 105.76652810710068,
            "sparkline": "▆▅▅▅▅▅▅▄▅▄▄▄▅▄▄▅▄▄▄▄▄▄▄▃▃▄▄▄▄▄"
        },
        "eur": {
            "current_rate": 107.87908411223712,
            "sparkline": "▆▆▅▅▅▅▅▅▅▆▅▅▅▆▅▅▅▅▅▄▄▄▄▄▄▄▃▃▃▃"
        },
        "cny": {
            "current_rate": 104.36622539646274,
            "sparkline": "▅▅▅▅▅▅▄▄▅▃▄▅▅▅▅▅▅▅▅▄▄▄▃▅▅▅▅▅▅▆"
        },
        "rsd": {
            "current_rate": 109.73296774405128,
            "sparkline": "▅▅▅▄▄▄▄▄▄▅▄▄▄▄▄▅▄▄▄▄▄▄▄▄▄▄▄▅▅▄"
        }
    },
    "update_time": "2025-05-12 05:35:45",
    "update_time_display": "12.05 05:35"
}