{
    "rub2rsd": {
        "bank": {
            "current": 1.2153376879174664,
            "sparkline_full": "                       1.24       \n           ▁▁▂▁▁▃▅▆▇▆▆▅▆██▇▆▆▇▅▁  \n          1.21                    "
        },
        "korona": {
            "current": 1.1750970257735667,
            "diff_percent": -3.3110684004915436
        },
        "crypto": {
            "current": 1.181090747036268,
            "diff_percent": -2.8178950773658733
        },
        "forex": {
            "current": 1.2697361421302276,
            "diff_percent": 4.47599500563298
        }
    },
    "rub2eur": {
        "bank": {
            "current": 0.010488777008600797,
            "sparkline_full": "                        93.4      \n           ▂▁▂▂▂▂▄▅▆▇▇▅▆▇█▆▆▆▆▅▁  \n           95.5                   "
        },
        "korona": {
            "current": 0.010065070884570164,
            "diff_percent": -4.039614186508049
        },
        "crypto": {
            "current": 0.010106478504456404,
            "diff_percent": -3.6448339385126394
        },
        "forex": {
            "current": 0.01083602173707259,
            "diff_percent": 3.3106312412500776
        }
    },
    "rub2usd": {
        "bank": {
            "current": 0.01231678778174652,
            "sparkline_full": "                    80.1          \n           ▃▃▄▄▄▄▅▇▇▇▇▅▆▆▆▅▅▅▅▅▂  \n                              81.2"
        },
        "korona": {
            "current": 0.01160425926559211,
            "diff_percent": -5.785019022657665
        },
        "crypto": {
            "current": 0.011843821389695674,
            "diff_percent": -3.8400141370608236
        },
        "forex": {
            "current": 0.01274734632117959,
            "diff_percent": 3.4957047816570843
        }
    },
    "xdr": {
        "rub2xdr": {
            "current_rate": 0.00885926672490374,
            "sparkline": "         ▂█████▁▂▂▁▁▁▂▂▂▂▂▂▂▁▁"
        },
        "usd2xdr": {
            "current_rate": 0.694528,
            "sparkline": "         ▃█████▁▁▁▁▁▁▁▂▂▂▂▂▂▁▁"
        },
        "eur2xdr": {
            "current_rate": 0.8175755770767879,
            "sparkline": "         ▃█████▁▁▁▁▁▁▁▁▁▁▁▁▁▁▁"
        },
        "cny2xdr": {
            "current_rate": 0.09700111731843575,
            "sparkline": "         ▃█████▁▁▁▁▁▁▁▂▂▂▂▂▂▁▁"
        },
        "rsd2xdr": {
            "current_rate": 0.006977250178954984,
            "sparkline": "         ▃█████▁▁▁▁▁▁▁▁▁▁▁▁▁▁▁"
        }
    },
    "neer": {
        "rub": {
            "current_rate": 97.49619750812039,
            "sparkline": "▆▆▅▄▄▄▄▁▃▁▁▂▁▂▂▅▅▇▆▆▇▇█▇█▆▆▅▆▃"
        },
        "usd": {
            "current_rate": 103.32575792102865,
            "sparkline": "▆▆▅▄▄▄▄▂▄▃▃▃▃▄▄▅▅▅▅▅▅▆▇▆▆▆▆▆▅▄"
        },
        "eur": {
            "current_rate": 110.66350420065537,
            "sparkline": "▃▃▄▄▄▅▅▆▅▆▆▆▆▅▅▅▅▅▅▅▅▅▅▅▅▅▅▅▅▆"
        },
        "cny": {
            "current_rate": 103.32622648920409,
            "sparkline": "▅▅▄▄▄▄▄▂▃▃▃▃▃▄▄▅▅▅▅▅▆▆▆▆▆▆▇▇▆▅"
        },
        "rsd": {
            "current_rate": 110.57014175586373,
            "sparkline": "▃▄▄▃▄▄▄▄▆▅▅▄▄▆▅▅▅▄▄▄▄▄▄▄▄▄▄▄▄▅"
        }
    },
    "update_time": "2025-07-23 21:35:49",
    "update_time_display": "23.07 21:35"
}