{
    "rub2rsd": {
        "bank": {
            "current": 1.1926301178039462,
            "sparkline_full": "  1.24                            \n  ██▇▅▄▃▄▄▃▁▁▅▆▅▅▅▄▄▅▅▄▃▃▄▄▃▄▃▃▁  \n          1.19                    "
        },
        "korona": {
            "current": 1.1553479005864051,
            "diff_percent": -3.126050286755364
        },
        "crypto": {
            "current": 1.1446158725027673,
            "diff_percent": -4.0259125259716
        },
        "forex": {
            "current": 1.246625670906177,
            "diff_percent": 4.5274349772128515
        }
    },
    "rub2eur": {
        "bank": {
            "current": 0.010295480284155256,
            "sparkline_full": "  93.9                            \n  ██▇▆▄▄▄▄▄▁▁▅▆▅▅▅▅▄▅▅▄▄▄▄▄▃▃▃▃▂  \n          97.6                    "
        },
        "korona": {
            "current": 0.009895913495386767,
            "diff_percent": -3.880992219308329
        },
        "crypto": {
            "current": 0.009888852087145322,
            "diff_percent": -3.9495796775574847
        },
        "forex": {
            "current": 0.01064033699700717,
            "diff_percent": 3.3495932519306404
        }
    },
    "rub2usd": {
        "bank": {
            "current": 0.012054001928640309,
            "sparkline_full": "  80.4                            \n  ███▇▆▆▆▆▅▁▁▃▄▄▄▄▄▄▅▅▄▄▄▅▅▅▄▄▄▃  \n           84.1                   "
        },
        "korona": {
            "current": 0.011203761590503339,
            "diff_percent": -7.053593845184304
        },
        "crypto": {
            "current": 0.011554631045736407,
            "diff_percent": -4.142780844570769
        },
        "forex": {
            "current": 0.012496500979725676,
            "diff_percent": 3.670972127804209
        }
    },
    "xdr": {
        "rub2xdr": {
            "current_rate": 0.008659969515913512,
            "sparkline": "███▇▆▅▅▅▃▁▁▂▂▄▄▇▆▆▇▆▅▅▆▆▆▆▆▆▅▃"
        },
        "usd2xdr": {
            "current_rate": 0.697125,
            "sparkline": "▅▅▄▄▃▃▃▃▃▃▃▃▃▃▃▆▆▆▆▅▅▅▅▅▅▅▅▆▅▄"
        },
        "eur2xdr": {
            "current_rate": 0.81388113161729,
            "sparkline": "▆▆▆▆▆▆▆▆▅▃▂▁▂▄▄▆▆▆▇▆▆▆▆▆▇▇▇█▇▅"
        },
        "cny2xdr": {
            "current_rate": 0.09710884827547779,
            "sparkline": "▅▆▅▄▄▄▄▄▄▄▄▃▃▃▃▆▆▆▆▅▅▅▅▅▆▆▆▆▅▄"
        },
        "rsd2xdr": {
            "current_rate": 0.006946728049983558,
            "sparkline": "▆▆▆▆▆▆▆▆▅▃▃▂▂▄▄▆▆▆▇▆▆▆▆▆▇▇▇▇▇▅"
        }
    },
    "neer": {
        "rub": {
            "current_rate": 95.72959804085016,
            "sparkline": "████▇▆▅▅▇▆▁▂▆▆▅▅▆▅▄▆▅▅▆▆▅▅▅▄▄▄"
        },
        "usd": {
            "current_rate": 103.85591254449018,
            "sparkline": "▄▄▃▃▃▃▃▃▄▅▅▆▆▅▅▅▅▄▄▄▄▄▄▄▄▃▄▄▄▄"
        },
        "eur": {
            "current_rate": 110.69998917907435,
            "sparkline": "▅▅▅▅▅▅▆▆▅▄▄▃▃▅▅▄▄▅▅▅▅▅▅▅▅▅▅▅▅▅"
        },
        "cny": {
            "current_rate": 103.63056686787309,
            "sparkline": "▄▄▄▄▃▄▄▄▄▅▅▆▆▄▄▅▅▄▄▄▄▄▄▄▄▄▄▄▄▄"
        },
        "rsd": {
            "current_rate": 110.6042437519506,
            "sparkline": "▄▄▅▅▅▅▅▅▄▅▄▃▅▄▄▅▅▅▄▄▅▅▄▆▅▅▅▅▅▅"
        }
    },
    "update_time": "2025-08-18 15:05:46",
    "update_time_display": "18.08 15:05"
}