{
    "rub2rsd": {
        "bank": {
            "current": 1.187647616691991,
            "sparkline_full": "                        1.22      \n  ▁▁▁▂▂▂▂▃▄▄▄▃▃▂▃▄▅▆▅▅▆▇██▆▅▅▅▅▅  \n  1.14                            "
        },
        "korona": {
            "current": 1.143885332758888,
            "diff_percent": -3.684786911373255
        },
        "crypto": {
            "current": 1.2980093566416326,
            "diff_percent": 9.292465071166252
        },
        "forex": {
            "current": 1.242276293117553,
            "diff_percent": 4.599737805875607
        }
    },
    "rub2eur": {
        "bank": {
            "current": 0.010238558410975734,
            "sparkline_full": "                       95.0       \n  ▁▁▁▁▂▂▂▃▃▄▃▃▃▃▃▄▅▆▆▆▆▇██▅▅▅▅▆▅  \n 102                              "
        },
        "korona": {
            "current": 0.009794736794265707,
            "diff_percent": -4.334805730406837
        },
        "crypto": {
            "current": 0.011162104387737083,
            "diff_percent": 9.02027355502809
        },
        "forex": {
            "current": 0.010596876623482946,
            "diff_percent": 3.4996939815579333
        }
    },
    "rub2usd": {
        "bank": {
            "current": 0.011897679952409281,
            "sparkline_full": "                        81.4      \n  ▂▁▁▁▁▁▂▃▄▅▄▃▃▃▃▄▅▄▅▅▅▆▇█▅▄▄▅▅▄  \n    86.2                          "
        },
        "korona": {
            "current": 0.011261484939787231,
            "diff_percent": -5.347219081088331
        },
        "crypto": {
            "current": 0.012945155227144761,
            "diff_percent": 8.804029684151708
        },
        "forex": {
            "current": 0.012292940778757798,
            "diff_percent": 3.3221672454592857
        }
    },
    "xdr": {
        "rub2xdr": {
            "current_rate": 0.008593199639818307,
            "sparkline": "▁▁▁▁▁▁▂▂▃▃▃▃▃▂▃▄▅▆▅▅▆▇█▇▅▅▅▅▅▅"
        },
        "usd2xdr": {
            "current_rate": 0.700107,
            "sparkline": "▄▄▄▄▄▄▄▄▄▄▄▄▄▄▄▅▅▅▅▅▅▅▅▅▅▅▅▅▅▅"
        },
        "eur2xdr": {
            "current_rate": 0.8109181549566747,
            "sparkline": "▅▅▄▄▅▅▅▅▅▅▄▅▅▄▄▄▄▅▅▅▄▅▅▅▅▅▅▅▄▄"
        },
        "cny2xdr": {
            "current_rate": 0.09824960004490725,
            "sparkline": "▄▄▄▄▄▄▄▄▄▄▄▄▄▄▄▅▅▅▅▅▅▅▅▅▅▅▅▅▅▅"
        },
        "rsd2xdr": {
            "current_rate": 0.006917301479088241,
            "sparkline": "▅▅▄▄▅▅▅▅▅▅▄▅▅▄▄▄▄▅▅▅▄▅▅▅▅▅▅▅▄▄"
        }
    },
    "neer": {
        "rub": {
            "current_rate": 94.8121206003908,
            "sparkline": "▁▂▁▂▂▂▁▂▃▄▅▃▃▅▃▄▅▅▅▅▅▆██▆▅▅▅▆▅"
        },
        "usd": {
            "current_rate": 104.24928253060388,
            "sparkline": "▄▄▄▅▄▄▄▄▄▄▄▄▄▄▄▅▅▅▅▅▅▅▅▄▄▅▅▅▅▅"
        },
        "eur": {
            "current_rate": 110.17378391768123,
            "sparkline": "▅▅▅▅▅▅▅▅▅▅▅▅▅▄▄▄▄▄▄▄▄▄▄▄▅▄▄▄▄▄"
        },
        "cny": {
            "current_rate": 105.64771038745555,
            "sparkline": "▄▄▄▄▄▄▄▄▄▄▄▄▄▅▅▅▅▅▅▅▅▅▅▅▄▅▅▅▅▅"
        },
        "rsd": {
            "current_rate": 110.37313343397275,
            "sparkline": "▅▅▅▄▅▄▅▄▅▄▄▄▄▅▅▄▄▄▄▄▅▅▄▄▄▄▄▄▄▄"
        }
    },
    "update_time": "2025-10-22 16:35:45",
    "update_time_display": "22.10 16:35"
}