{
    "rub2rsd": {
        "bank": {
            "current": 1.2397259440395227,
            "sparkline_full": "                     1.26         \n  ▁▁▂▂▂▃▄▅▅▅▅▆▆▇▇▇▇▇▆█████▆▆ ▇▇▇  \n  1.16                            "
        },
        "korona": {
            "current": 1.2122271876487003,
            "diff_percent": -2.218131880117028
        },
        "crypto": {
            "current": 1.239078202381112,
            "diff_percent": -0.05224877816948386
        },
        "forex": {
            "current": 1.2966644182309373,
            "diff_percent": 4.592827508786837
        }
    },
    "rub2eur": {
        "bank": {
            "current": 0.010620220900594732,
            "sparkline_full": "                     92.2         \n  ▁▁▂▂▂▃▄▅▅▅▅▅▆▆▇▇▇▆▆████▇▆▆▆▇▆▆  \n 99.8                             "
        },
        "korona": {
            "current": 0.010378657428499147,
            "diff_percent": -2.2745616532520287
        },
        "crypto": {
            "current": 0.010554149393103856,
            "diff_percent": -0.622129314534094
        },
        "forex": {
            "current": 0.011046235926644134,
            "diff_percent": 4.011357485281172
        }
    },
    "rub2usd": {
        "bank": {
            "current": 0.012675877804537964,
            "sparkline_full": "                     78.6         \n  ▁▁▂▂▂▂▃▄▄▄▅▅▅▅▆▆▆▆▆█████▇█████  \n  85.0                            "
        },
        "korona": {
            "current": 0.012073975972596617,
            "diff_percent": -4.748403552185291
        },
        "crypto": {
            "current": 0.012571395681046859,
            "diff_percent": -0.824259472221333
        },
        "forex": {
            "current": 0.013204335775695308,
            "diff_percent": 4.169004934460281
        }
    },
    "xdr": {
        "rub2xdr": {
            "current_rate": 0.009010375528395271,
            "sparkline": "▁▁▁▁▁▂▃▃▄▄▅▅▅▆▆▆▆▆▆████▇▅▆▆▆▆▆"
        },
        "usd2xdr": {
            "current_rate": 0.688177,
            "sparkline": "▅▅▅▅▅▆▆▆▆▆▆▆▆▆▆▆▆▆▆▅▅▅▄▄▄▃▃▃▄▄"
        },
        "eur2xdr": {
            "current_rate": 0.8156964587965884,
            "sparkline": "▄▄▄▄▄▄▄▄▄▄▄▄▄▄▄▄▄▅▅▄▄▅▅▄▅▅▄▄▄▄"
        },
        "cny2xdr": {
            "current_rate": 0.09899334699895711,
            "sparkline": "▄▄▅▅▅▅▅▅▆▆▅▆▆▆▆▆▆▆▆▅▅▅▄▄▄▄▃▃▄▄"
        },
        "rsd2xdr": {
            "current_rate": 0.006948887778295243,
            "sparkline": "▄▄▄▄▄▄▄▄▄▅▄▄▄▄▄▄▄▅▅▄▄▅▅▄▅▅▄▄▄▄"
        }
    },
    "neer": {
        "rub": {
            "current_rate": 99.92792800548415,
            "sparkline": "▄▄▄▄▄▄▄▃▃▄▃▃▄▄▅▅▄▄▄▅▆▆▆▆▅▄▄▅▅▆"
        },
        "usd": {
            "current_rate": 101.92745941425439,
            "sparkline": "▅▅▅▅▅▅▆▆▆▅▆▆▆▅▅▅▅▅▅▅▅▄▄▄▄▃▃▄▄▄"
        },
        "eur": {
            "current_rate": 110.58408938313471,
            "sparkline": "▅▄▄▄▄▄▄▄▄▄▄▄▄▄▄▄▄▅▅▄▄▅▅▅▅▅▅▅▅▅"
        },
        "cny": {
            "current_rate": 107.34686087657823,
            "sparkline": "▅▅▅▅▅▅▅▅▅▅▅▅▅▅▅▅▅▅▅▅▅▄▄▄▄▄▄▄▄▄"
        },
        "rsd": {
            "current_rate": 110.29726234725248,
            "sparkline": "▅▅▅▄▄▄▄▄▄▄▄▄▄▄▄▄▄▅▄▅▄▄▄▅▅▅▅▅▅▅"
        }
    },
    "specific_rates": {
        "rub_kzt_bank": 6.42,
        "rub_kzt_crypto": 6.379983308131281,
        "kzt_rsd_bank": 0.19421339250243935,
        "rsd_eur_cash": 0.008443908323281062,
        "eur_rsd_cash": 116.8,
        "rsd_usd_cash": 0.009960159362549802,
        "usd_rsd_cash": 96.55714285714285,
        "eur_usd_exch": 1.1853003788220011,
        "usd_kzt_bank": 500.5
    },
    "update_time": "2026-02-01 13:37:10",
    "update_time_display": "01.02 13:37"
}