{
    "rub2rsd": {
        "bank": {
            "current": 1.2383300109535023,
            "sparkline_full": "  1.26                            \n  ▇█▇▇▇         ▁▁▁▁▁▂▄▅▅▅▅▄▄▆▅▅  \n               1.21               "
        },
        "korona": {
            "current": 1.19368642821241,
            "diff_percent": -3.6051442140788565
        },
        "crypto": {
            "current": 1.17235652115479,
            "diff_percent": -5.327617776776108
        },
        "forex": {
            "current": 1.2791372377672485,
            "diff_percent": 3.2953434426034054
        }
    },
    "rub2eur": {
        "bank": {
            "current": 0.010641694157709908,
            "sparkline_full": "    92.8                          \n  ████▇         ▂▁▂▂▂▂▄▄▅▅▅▄▅▆▆▅  \n                95.5              "
        },
        "korona": {
            "current": 0.010221168192644488,
            "diff_percent": -3.9516824937197486
        },
        "crypto": {
            "current": 0.010062563519959447,
            "diff_percent": -5.442090602941079
        },
        "forex": {
            "current": 0.010920270797890737,
            "diff_percent": 2.6177846877792534
        }
    },
    "rub2usd": {
        "bank": {
            "current": 0.012405408758218583,
            "sparkline_full": "                         80.1     \n  ▄▄▅▅▄         ▃▃▄▄▄▄▅▆▆▆▆▅▅▅▅▄  \n                81.0              "
        },
        "korona": {
            "current": 0.01167011871157384,
            "diff_percent": -5.927173066003275
        },
        "crypto": {
            "current": 0.011706773245443019,
            "diff_percent": -5.631700868483827
        },
        "forex": {
            "current": 0.012769288329253546,
            "diff_percent": 2.9332332221128397
        }
    },
    "xdr": {
        "rub2xdr": {
            "current_rate": 0.008939706132442308,
            "sparkline": "▂▃▃▃▃         ▂▇████▁▂▂▁▁▁▂▂▂▂"
        },
        "usd2xdr": {
            "current_rate": 0.701779,
            "sparkline": "▃▃▃▃▃         ▃█████▁▁▁▁▁▁▁▂▂▂"
        },
        "eur2xdr": {
            "current_rate": 0.8186341069645474,
            "sparkline": "▁▁▁▁▁         ▃█████▁▁▁▁▁▁▁▁▁▁"
        },
        "cny2xdr": {
            "current_rate": 0.09776940330737403,
            "sparkline": "▂▂▂▂▂         ▃█████▁▁▁▁▁▁▁▂▂▂"
        },
        "rsd2xdr": {
            "current_rate": 0.006988856135598622,
            "sparkline": "▁▁▁▁▁         ▃█████▁▁▁▁▁▁▁▁▁▁"
        }
    },
    "neer": {
        "rub": {
            "current_rate": 98.76591915987257,
            "sparkline": "▆▆▆▆▇▅▅▅▄▄▄▄▂▃▂▂▃▂▃▃▅▅▆▆▆▆▆▇▆▇"
        },
        "usd": {
            "current_rate": 104.01384162403414,
            "sparkline": "▆▅▆▆▇▅▅▄▃▃▃▃▂▃▃▃▂▂▃▃▄▄▄▄▄▄▄▅▅▅"
        },
        "eur": {
            "current_rate": 110.22159291136002,
            "sparkline": "▃▃▄▄▃▄▄▅▅▅▅▅▆▆▆▆▆▆▆▆▅▆▅▆▆▆▆▅▅▅"
        },
        "cny": {
            "current_rate": 103.78383543876288,
            "sparkline": "▅▅▅▅▆▄▅▄▃▃▃▃▃▃▃▃▃▃▄▄▄▄▅▄▄▅▅▅▅▅"
        },
        "rsd": {
            "current_rate": 110.36977588894588,
            "sparkline": "▃▄▄▄▄▄▄▄▄▄▅▅▅▆▅▅▅▅▆▅▅▅▅▅▄▄▅▄▄▄"
        }
    },
    "update_time": "2025-07-18 19:05:48",
    "update_time_display": "18.07 19:05"
}