{
    "rub2rsd": {
        "bank": {
            "current": 1.2532212080305423,
            "sparkline_full": "         1.26                     \n  ▅▆▆▆▆▅▅▅█▇▇▇▇▅█▆▅▆▆▆▆▅▂▁▂▂▃▄▅▆  \n                        1.22      "
        },
        "korona": {
            "current": 1.2045138182960107,
            "diff_percent": -3.8865756039251886
        },
        "crypto": {
            "current": 1.220929901069728,
            "diff_percent": -2.5766645787586446
        },
        "forex": {
            "current": 1.2999579730869635,
            "diff_percent": 3.7293308441427357
        }
    },
    "rub2eur": {
        "bank": {
            "current": 0.010806137886319428,
            "sparkline_full": "         92.1                     \n  ▆▆▅▆▆▄▄▅█▇▇▇▆▅▇▆▅▅▅▆▆▅▁▁▃▃▃▄▅▇  \n                       95.0       "
        },
        "korona": {
            "current": 0.010317034846218508,
            "diff_percent": -4.526159533093916
        },
        "crypto": {
            "current": 0.010493182072554367,
            "diff_percent": -2.896093100581872
        },
        "forex": {
            "current": 0.011089001711796869,
            "diff_percent": 2.6176218409682406
        }
    },
    "rub2usd": {
        "bank": {
            "current": 0.012453300124533002,
            "sparkline_full": "                              80.3\n  ▂▃▃▄▄▃▃▂▅▆▅▅▅▅▆▅▅▅▅▅▆▅▃▃▃▃▅▆▆▇  \n 82.7                             "
        },
        "korona": {
            "current": 0.01146973958066349,
            "diff_percent": -7.897991167272191
        },
        "crypto": {
            "current": 0.012068162555719793,
            "diff_percent": -3.092654677570068
        },
        "forex": {
            "current": 0.012703671615170217,
            "diff_percent": 2.010483069816829
        }
    },
    "xdr": {
        "rub2xdr": {
            "current_rate": 0.009030572882803706,
            "sparkline": "▂▂▂▃▃▂▁▁▃▄▅█▄▃▂▂▃▃▃▃▃▃▁▁▁▁▁▂▂▂"
        },
        "usd2xdr": {
            "current_rate": 0.709327,
            "sparkline": "▄▃▄▄▄▃▃▃▃▃▃▇▄▃▃▃▃▃▃▃▃▃▃▂▂▂▂▂▂▂"
        },
        "eur2xdr": {
            "current_rate": 0.8143720343371095,
            "sparkline": "▃▃▃▃▃▃▃▂▃▃▃▇▄▃▃▃▃▃▃▃▃▃▄▃▃▃▃▃▃▃"
        },
        "cny2xdr": {
            "current_rate": 0.09868897391304349,
            "sparkline": "▄▃▄▄▄▃▃▃▃▃▃▇▄▃▃▃▃▃▃▃▃▃▃▂▂▂▂▂▂▂"
        },
        "rsd2xdr": {
            "current_rate": 0.006946819104743154,
            "sparkline": "▃▃▃▃▃▃▃▂▃▃▃▇▄▃▃▃▃▃▃▃▃▃▄▃▃▃▃▃▃▃"
        }
    },
    "neer": {
        "rub": {
            "current_rate": 98.64996846243479,
            "sparkline": "▁▃▃▃▃▂▃▃▃▆██▅▄▄▅▃▅▄▃▃▅▂▃▁▁▂▄▄▅"
        },
        "usd": {
            "current_rate": 104.46196260518397,
            "sparkline": "▆▆▅▅▅▅▅▅▆▅▆▅▅▅▅▄▄▅▅▄▄▄▃▄▃▃▃▃▄▅"
        },
        "eur": {
            "current_rate": 109.02176541303226,
            "sparkline": "▃▃▃▃▄▄▄▃▃▃▄▄▄▄▄▄▄▄▄▄▄▅▆▆▆▆▆▆▆▅"
        },
        "cny": {
            "current_rate": 103.83445883251295,
            "sparkline": "▅▅▅▅▅▅▅▅▅▅▅▅▄▅▅▄▅▄▅▅▅▅▄▄▄▄▄▄▄▅"
        },
        "rsd": {
            "current_rate": 109.7867770567834,
            "sparkline": "▄▄▄▃▃▄▄▃▃▄▃▃▃▅▄▄▃▄▄▄▄▄▃▆▅▅▅▃▄▄"
        }
    },
    "update_time": "2025-06-19 15:50:40",
    "update_time_display": "19.06 15:50"
}