{
    "rub2rsd": {
        "bank": {
            "current": 1.2239298743398275,
            "sparkline_full": "       1.24                       \n  ▇▇▇▇▆▇█▇▇▇▇▇▆▅▄▃▄▄▃▁▁▄▆▄▄▅▄▄▄▅  \n                    1.19          "
        },
        "korona": {
            "current": 1.1744660463072654,
            "diff_percent": -4.041393961336411
        },
        "crypto": {
            "current": 1.2177519104471204,
            "diff_percent": -0.5047645312227876
        },
        "forex": {
            "current": 1.2662588105975905,
            "diff_percent": 3.45844456820655
        }
    },
    "rub2eur": {
        "bank": {
            "current": 0.010538518284329224,
            "sparkline_full": "        93.4                      \n  ▇▇▇▇▇▇▇█▇▇▇▇▇▅▄▃▃▃▃▁▁▄▆▅▅▄▄▄▄▅  \n                    97.6          "
        },
        "korona": {
            "current": 0.01005535998550741,
            "diff_percent": -4.58468909752019
        },
        "crypto": {
            "current": 0.01045982944192186,
            "diff_percent": -0.7466784256034673
        },
        "forex": {
            "current": 0.010806571950723645,
            "diff_percent": 2.5435612404166634
        }
    },
    "rub2usd": {
        "bank": {
            "current": 0.012294074256208506,
            "sparkline_full": "    80.1                          \n  ████████▇▇▇█▇▆▆▅▅▅▅▁▁▃▃▃▃▄▄▃▅▆  \n                     84.1         "
        },
        "korona": {
            "current": 0.011491839983437039,
            "diff_percent": -6.525373574723117
        },
        "crypto": {
            "current": 0.012177402911167331,
            "diff_percent": -0.9490047205649171
        },
        "forex": {
            "current": 0.012596885797893045,
            "diff_percent": 2.4630690800620427
        }
    },
    "xdr": {
        "rub2xdr": {
            "current_rate": 0.008834042380508795,
            "sparkline": "██▇▇▇████▇▇█▇▆▅▄▄▄▃▁▁▂▂▃▄▆▅▅▆▆"
        },
        "usd2xdr": {
            "current_rate": 0.700098,
            "sparkline": "▄▄▄▄▄▄▅▅▅▅▅▅▄▄▃▄▄▄▃▃▃▃▄▄▄▆▆▆▅▅"
        },
        "eur2xdr": {
            "current_rate": 0.8174694455180338,
            "sparkline": "▆▅▅▅▅▆▆▆▆▆▆▆▆▆▆▆▆▆▅▄▃▂▃▄▄▆▆▆▇▆"
        },
        "cny2xdr": {
            "current_rate": 0.09748631901413353,
            "sparkline": "▄▄▄▄▄▅▅▅▅▅▅▅▅▄▄▄▄▄▄▄▄▃▃▃▃▆▆▆▆▅"
        },
        "rsd2xdr": {
            "current_rate": 0.006976490356137945,
            "sparkline": "▆▆▆▆▅▆▆▆▆▆▆▆▆▆▆▆▆▆▅▄▃▂▃▄▄▆▆▆▇▆"
        }
    },
    "neer": {
        "rub": {
            "current_rate": 97.05069558287599,
            "sparkline": "▇█▇▇█▇██▇▇▇▇▇▇▆▆▄▄▆▆▁▂▅▅▅▄▅▅▄▅"
        },
        "usd": {
            "current_rate": 103.83869392707751,
            "sparkline": "▃▄▃▃▄▄▄▅▄▄▄▄▄▃▃▃▃▃▄▅▅▆▆▅▅▅▅▅▄▄"
        },
        "eur": {
            "current_rate": 110.46746381876822,
            "sparkline": "▅▅▅▅▅▅▄▄▅▅▅▅▅▅▅▅▆▆▅▄▄▄▃▅▅▄▄▄▅▅"
        },
        "cny": {
            "current_rate": 103.69189728869623,
            "sparkline": "▃▄▄▄▄▄▄▅▄▄▄▄▄▄▄▄▄▄▄▅▅▆▆▄▄▅▅▅▄▄"
        },
        "rsd": {
            "current_rate": 110.48129598615334,
            "sparkline": "▅▅▅▅▅▅▅▅▅▅▅▄▅▅▅▅▅▅▄▆▄▃▅▅▅▅▆▅▅▅"
        }
    },
    "update_time": "2025-08-08 05:05:50",
    "update_time_display": "08.08 05:05"
}