{
    "rub2rsd": {
        "bank": {
            "current": 1.2586858678490944,
            "sparkline_full": "                              1.26\n  ▃▃ ▃▃▃▃▄▁▁▁▂▂▂▃▃▃▃▂▂▃▅▅▃▃▃▃▄██  \n         1.19                     "
        },
        "korona": {
            "current": 1.2045213338924923,
            "diff_percent": -4.303260673702583
        },
        "crypto": {
            "current": 1.321292695897238,
            "diff_percent": 4.973983552792981
        },
        "forex": {
            "current": 1.3223694247656599,
            "diff_percent": 5.059527443919834
        }
    },
    "rub2eur": {
        "bank": {
            "current": 0.010867202782003912,
            "sparkline_full": "                              92.0\n  ▃▂▂▃▃▃▂▂▁▁▁▂▂▂▃▃▃▂▂▂▃▅▅▃▃▃▃▅██  \n          97.7                    "
        },
        "korona": {
            "current": 0.01030974037568467,
            "diff_percent": -5.129769062949665
        },
        "crypto": {
            "current": 0.011345765894226091,
            "diff_percent": 4.403737758668491
        },
        "forex": {
            "current": 0.011195723268001664,
            "diff_percent": 3.023045512151307
        }
    },
    "rub2usd": {
        "bank": {
            "current": 0.012121212121212121,
            "sparkline_full": "                              82.5\n  ▄▃▃▄▄▄▄▅▃▂▂▃▃▃▄▄▅▃▃▃▄▆▆▄▃▃▃▄▆▇  \n           85.5                   "
        },
        "korona": {
            "current": 0.011443295970857803,
            "diff_percent": -5.592808240423125
        },
        "crypto": {
            "current": 0.012629774522255582,
            "diff_percent": 4.195639808608555
        },
        "forex": {
            "current": 0.012414649286157667,
            "diff_percent": 2.4208566108007514
        }
    },
    "xdr": {
        "rub2xdr": {
            "current_rate": 0.009019332644677108,
            "sparkline": "▃▂▂▃▃▃▅▃▂▁▂▃▃▂▃▃▃▃▂▂▄▆▆▅▂▃▃▅▇█"
        },
        "usd2xdr": {
            "current_rate": 0.720178,
            "sparkline": "▅▅▅▅▅▅▅▃▄▅▅▅▅▅▅▅▅▆▆▆▆▆▆▆▆▆▆▆▆▆"
        },
        "eur2xdr": {
            "current_rate": 0.8056051787609946,
            "sparkline": "▄▅▅▅▅▅▇▅▄▅▅▆▆▅▅▅▄▅▅▅▅▅▅▄▄▄▄▂▂▃"
        },
        "cny2xdr": {
            "current_rate": 0.09997889856038206,
            "sparkline": "▄▄▄▄▄▄▄▂▃▄▅▄▄▄▄▄▄▅▅▅▅▅▅▆▆▆▆▆▇▇"
        },
        "rsd2xdr": {
            "current_rate": 0.006820584683644999,
            "sparkline": "▆▆▆▆▆▆▆▆▆▆▆▆▆▆▆▆▆▆▆▆▆▆▆▆▆▆▆▅▃▃"
        }
    },
    "neer": {
        "rub": {
            "current_rate": 98.22263738492832,
            "sparkline": "▃▃▃▄▃▄▄▅▄▃▂▃▃▂▃▄▄▄▃▂▄▃▄▆▃▃▃▁▆█"
        },
        "usd": {
            "current_rate": 105.84898461844914,
            "sparkline": "▅▅▅▅▅▅▅▄▄▅▅▄▄▅▄▄▄▄▄▄▄▄▄▄▅▄▄▄▅▄"
        },
        "eur": {
            "current_rate": 107.53367079676981,
            "sparkline": "▅▆▅▅▆▆▅▆▆▅▅▆▆▅▅▅▅▅▄▅▄▄▄▄▄▄▄▄▃▃"
        },
        "cny": {
            "current_rate": 104.81139880624629,
            "sparkline": "▄▄▄▄▄▄▄▃▄▄▄▄▄▄▄▄▄▃▄▄▃▄▄▄▅▄▄▅▆▅"
        },
        "rsd": {
            "current_rate": 109.14610003056725,
            "sparkline": "▅▅▅▅▄▄▅▆▄▄▄▄▄▅▅▅▅▅▄▄▄▄▄▄▄▅▅▄▃▄"
        }
    },
    "update_time": "2025-05-14 04:20:43",
    "update_time_display": "14.05 04:20"
}