{
    "rub2rsd": {
        "bank": {
            "current": 1.2063897863525133,
            "sparkline_full": "  1.24                            \n  ▇█▇▇▇▇▇▆▅▄▃▄▄▃▁▁▄▆▄▄▅▄▄▄▄▃▃▃▄▃  \n               1.19               "
        },
        "korona": {
            "current": 1.1635219995096102,
            "diff_percent": -3.5533943778248185
        },
        "crypto": {
            "current": 1.1599910889653677,
            "diff_percent": -3.846078432695516
        },
        "forex": {
            "current": 1.2604595620639183,
            "diff_percent": 4.481949061827151
        }
    },
    "rub2eur": {
        "bank": {
            "current": 0.010362694300518135,
            "sparkline_full": "   93.4                           \n  ▇▇█▇▇▇▇▇▅▄▃▃▃▃▁▁▄▆▅▅▄▄▄▄▄▃▃▄▄▃  \n               97.6               "
        },
        "korona": {
            "current": 0.009962879506504306,
            "diff_percent": -3.858212762233447
        },
        "crypto": {
            "current": 0.009988585496115771,
            "diff_percent": -3.6101499624828115
        },
        "forex": {
            "current": 0.010756757590823198,
            "diff_percent": 3.802710751443858
        }
    },
    "rub2usd": {
        "bank": {
            "current": 0.012156576707999026,
            "sparkline_full": "   80.2                           \n  ███▇▇▇██▇▆▅▅▅▅▁▁▃▄▃▃▄▄▄▅▅▄▄▄▄▄  \n                84.1              "
        },
        "korona": {
            "current": 0.011437514389225209,
            "diff_percent": -5.915006634233424
        },
        "crypto": {
            "current": 0.011694853563319296,
            "diff_percent": -3.798134588135465
        },
        "forex": {
            "current": 0.012562309052902395,
            "diff_percent": 3.337554269175111
        }
    },
    "xdr": {
        "rub2xdr": {
            "current_rate": 0.008839494982947836,
            "sparkline": "███████▇▆▅▄▅▅▃▁▁▂▂▄▄▆▆▆▆▅▅▅▅▆▆"
        },
        "usd2xdr": {
            "current_rate": 0.702337,
            "sparkline": "▄▅▅▅▅▅▅▄▄▃▃▃▃▃▃▃▃▃▃▃▆▆▆▆▅▅▅▅▅▅"
        },
        "eur2xdr": {
            "current_rate": 0.8217620326862235,
            "sparkline": "▆▆▆▆▆▆▆▆▆▆▆▆▆▅▃▃▂▂▄▄▆▆▆▇▆▆▆▆▆▇"
        },
        "cny2xdr": {
            "current_rate": 0.09788532564006078,
            "sparkline": "▅▅▅▅▅▅▅▅▄▄▄▄▄▄▄▄▃▃▃▃▆▆▆▆▅▅▅▅▅▆"
        },
        "rsd2xdr": {
            "current_rate": 0.007012914375827935,
            "sparkline": "▆▆▆▆▆▆▆▆▆▆▆▆▆▅▃▃▂▃▄▄▆▆▆▇▆▆▆▆▆▇"
        }
    },
    "neer": {
        "rub": {
            "current_rate": 96.59455827568316,
            "sparkline": "▇██▇▇▇▇▇▇▆▆▄▄▆▆▁▂▅▅▅▄▅▅▄▅▄▄▄▅▅"
        },
        "usd": {
            "current_rate": 103.83683184013076,
            "sparkline": "▄▄▅▄▄▄▄▄▃▃▃▃▃▄▅▅▆▆▅▅▅▅▅▄▄▄▄▄▄▄"
        },
        "eur": {
            "current_rate": 110.55470435473157,
            "sparkline": "▅▄▄▅▅▅▅▅▅▅▅▆▆▅▄▄▄▃▅▅▄▄▄▅▅▅▅▅▅▅"
        },
        "cny": {
            "current_rate": 103.6914563295839,
            "sparkline": "▄▄▅▄▄▄▄▄▄▄▄▄▄▄▅▅▅▅▄▄▅▅▅▄▄▄▄▄▄▄"
        },
        "rsd": {
            "current_rate": 110.54436519990472,
            "sparkline": "▅▅▅▅▅▅▄▅▅▅▅▅▅▄▆▄▃▅▅▅▅▆▅▅▅▅▅▅▅▅"
        }
    },
    "update_time": "2025-08-13 21:35:40",
    "update_time_display": "13.08 21:35"
}