{
    "rub2rsd": {
        "bank": {
            "current": 1.1469999423802766,
            "sparkline_full": "  1.21                            \n  █████▇▇▇▆▇██▆▆▅▇▆▇▆▆▆▆▅▆▅▅▃▃▃▁  \n                              1.15"
        },
        "korona": {
            "current": 1.1094832038640086,
            "diff_percent": -3.270857925102643
        },
        "crypto": {
            "current": 1.1625087940757812,
            "diff_percent": 1.3521231451259164
        },
        "forex": {
            "current": 1.1940563995084255,
            "diff_percent": 4.102568395120962
        }
    },
    "rub2eur": {
        "bank": {
            "current": 0.009881422924901186,
            "sparkline_full": "  95.8                            \n  ████▇▇▇▇▇▇▇▇▆▆▆▇▇▇▆▆▆▆▆▆▅▄▃▃▃▁  \n                              101 "
        },
        "korona": {
            "current": 0.009503068127314848,
            "diff_percent": -3.828950551573742
        },
        "crypto": {
            "current": 0.009964206390509269,
            "diff_percent": 0.837768671953798
        },
        "forex": {
            "current": 0.01019305739527217,
            "diff_percent": 3.153740840154352
        }
    },
    "rub2usd": {
        "bank": {
            "current": 0.01162655505173817,
            "sparkline_full": "           82.0                   \n  ▇▇██▇▇▇▇▆▇█▇▆▆▆▆▆▆▆▆▆▆▆▅▅▄▄▄▄▁  \n                              86.0"
        },
        "korona": {
            "current": 0.010801832336512192,
            "diff_percent": -7.093440073658631
        },
        "crypto": {
            "current": 0.011700323908040077,
            "diff_percent": 0.6344859330527104
        },
        "forex": {
            "current": 0.012013094272757305,
            "diff_percent": 3.3246238399855828
        }
    },
    "xdr": {
        "rub2xdr": {
            "current_rate": 0.008293017008697013,
            "sparkline": "███████▇▆▆▆▇▆▆▆▆▇▇▆▇▇▇▆▅▅▅▅▅▄▁"
        },
        "usd2xdr": {
            "current_rate": 0.693539,
            "sparkline": "▅▅▅▅▅▆▅▄▄▄▅▅▅▄▄▅▅▅▅▄▄▄▄▄▄▅▄▄▄▃"
        },
        "eur2xdr": {
            "current_rate": 0.8135946543912871,
            "sparkline": "▄▄▅▅▅▆▅▄▄▄▄▄▅▄▄▄▄▄▄▄▄▄▄▃▄▅▄▄▄▄"
        },
        "cny2xdr": {
            "current_rate": 0.09738664607175455,
            "sparkline": "▄▅▅▅▅▅▄▄▄▄▄▅▅▄▄▅▅▅▅▅▅▅▅▅▅▅▅▄▄▄"
        },
        "rsd2xdr": {
            "current_rate": 0.006945247320068901,
            "sparkline": "▄▄▅▅▅▅▅▄▄▄▄▄▅▄▄▄▄▄▄▄▄▄▄▄▄▅▄▄▄▄"
        }
    },
    "neer": {
        "rub": {
            "current_rate": 92.60918407454983,
            "sparkline": "█▇▆▇▇▆▆▇▆▆▆▆▅▅▆▅▆▅▆▆▆▅▆▆▅▄▄▄▄▁"
        },
        "usd": {
            "current_rate": 103.45713142476674,
            "sparkline": "▅▅▄▄▄▅▄▅▅▅▅▅▄▄▄▅▅▄▄▄▄▄▅▅▅▅▄▄▄▄"
        },
        "eur": {
            "current_rate": 110.94346612479137,
            "sparkline": "▄▄▅▄▅▅▅▄▅▄▄▄▅▅▅▄▄▄▄▄▄▅▄▄▄▄▅▅▅▅"
        },
        "cny": {
            "current_rate": 104.35196725611736,
            "sparkline": "▄▄▄▄▄▄▄▄▄▄▄▅▄▄▄▅▅▅▅▅▅▅▅▅▅▅▅▅▅▅"
        },
        "rsd": {
            "current_rate": 110.82014570553432,
            "sparkline": "▅▅▄▅▄▅▅▅▄▄▅▄▅▅▅▄▅▄▅▄▄▅▄▄▄▄▅▅▅▅"
        }
    },
    "update_time": "2025-09-09 17:35:49",
    "update_time_display": "09.09 17:35"
}