{
    "rub2rsd": {
        "bank": {
            "current": 1.2373240237156147,
            "sparkline_full": "                1.26              \n  ▁▂▂▃▂▁▁▃▅▅▂▂▃▃▄███▇███▇▇▇███▇▆  \n 1.20                             "
        },
        "korona": {
            "current": 1.191757713631342,
            "diff_percent": -3.682649751472506
        },
        "crypto": {
            "current": 1.2645767106339392,
            "diff_percent": 2.20255053615513
        },
        "forex": {
            "current": 1.285573666282815,
            "diff_percent": 3.8995155385659896
        }
    },
    "rub2eur": {
        "bank": {
            "current": 0.010649627263045794,
            "sparkline_full": "                92.5              \n  ▁▂▂▃▂▁▁▃▅▅▃▂▂▂▅██▇▇▇▇▇███▇▇▇▇▆  \n 96.9                             "
        },
        "korona": {
            "current": 0.010229679945333407,
            "diff_percent": -3.943305313319307
        },
        "crypto": {
            "current": 0.01082546117158617,
            "diff_percent": 1.6510804011941387
        },
        "forex": {
            "current": 0.010998301967242096,
            "diff_percent": 3.2740554724032775
        }
    },
    "rub2usd": {
        "bank": {
            "current": 0.012109469605231292,
            "sparkline_full": "                            81.8  \n  ▁▃▃▃▂▁▁▃▅▅▃▂▂▂▃▅▆▆▅▅▅▅▆▆▇▇██▇▆  \n 85.1                             "
        },
        "korona": {
            "current": 0.011318632816443295,
            "diff_percent": -6.530730201811273
        },
        "crypto": {
            "current": 0.012284955936717575,
            "diff_percent": 1.44916612541373
        },
        "forex": {
            "current": 0.01255354085173264,
            "diff_percent": 3.66714035360813
        }
    },
    "xdr": {
        "rub2xdr": {
            "current_rate": 0.008944745788066793,
            "sparkline": "▁▁▁▁▁▁▁▂▃▃▂▁▁▁▂▄▄▄▄██▅▅▅▅▅▆▆▅▄"
        },
        "usd2xdr": {
            "current_rate": 0.715608,
            "sparkline": "▂▂▂▂▂▂▂▂▂▂▂▂▂▂▂▂▂▂▂▇▇▄▄▃▂▂▃▃▂▂"
        },
        "eur2xdr": {
            "current_rate": 0.8132842519425526,
            "sparkline": "▄▄▃▃▄▃▃▄▄▄▃▃▃▃▂▂▂▂▂▇▇▄▄▄▃▄▄▄▄▃"
        },
        "cny2xdr": {
            "current_rate": 0.09949363920750783,
            "sparkline": "▁▁▁▁▂▂▂▂▂▂▃▃▃▃▃▃▃▃▃██▄▄▃▃▃▄▄▃▂"
        },
        "rsd2xdr": {
            "current_rate": 0.006957785479481832,
            "sparkline": "▄▄▄▃▄▄▄▄▄▄▄▄▄▃▃▁▁▂▂██▄▄▄▄▄▄▄▄▄"
        }
    },
    "neer": {
        "rub": {
            "current_rate": 97.11115849776027,
            "sparkline": "▂▂▄▄▄▂▂▄▃▅▅▆▂▂▇▇▆▇▇▆▆▇▇▅▇▇▇▇▆▆"
        },
        "usd": {
            "current_rate": 104.46091966384938,
            "sparkline": "▆▅▅▅▅▅▅▅▅▅▅▅▅▅▆▆▅▅▅▅▅▅▅▄▄▄▃▃▃▃"
        },
        "eur": {
            "current_rate": 108.20875049543767,
            "sparkline": "▆▆▆▆▅▅▅▅▅▅▅▄▄▄▃▃▄▃▄▃▃▄▄▄▄▄▄▄▅▅"
        },
        "cny": {
            "current_rate": 103.57658161178773,
            "sparkline": "▄▄▄▄▃▃▃▂▄▄▄▄▄▄▆▇▅▅▅▅▅▅▅▄▄▄▄▄▄▃"
        },
        "rsd": {
            "current_rate": 109.49017880472636,
            "sparkline": "▆▅▅▅▅▅▅▅▅▅▅▄▆▆▆▄▃▃▃▄▄▄▅▄▄▄▄▄▄▅"
        }
    },
    "update_time": "2025-05-27 10:05:42",
    "update_time_display": "27.05 10:05"
}