{
    "rub2rsd": {
        "bank": {
            "current": 1.2154686754286166,
            "sparkline_full": "                             1.23 \n  ▇█▇▇▇▇▅▄▂▂▁▁▁▁▁▄▅▆▆▆▆▆▆▇▇▇███▇  \n              1.12                "
        },
        "korona": {
            "current": 1.1924532355902204,
            "diff_percent": -1.8935444659057226
        },
        "crypto": {
            "current": 1.1728295151765586,
            "diff_percent": -3.508042709288406
        },
        "forex": {
            "current": 1.2815648172265712,
            "diff_percent": 5.437914043703911
        }
    },
    "rub2eur": {
        "bank": {
            "current": 0.01046134532900931,
            "sparkline_full": "                            94.9  \n  ██▇▇▇▇▅▄▂▂▁▁▁▁▂▄▅▆▆▆▆▆▆▇▇▇███▇  \n             104                  "
        },
        "korona": {
            "current": 0.010210816916713746,
            "diff_percent": -2.3948010931332955
        },
        "crypto": {
            "current": 0.01002395341717867,
            "diff_percent": -4.181029285189082
        },
        "forex": {
            "current": 0.010919793077432823,
            "diff_percent": 4.382302027180362
        }
    },
    "rub2usd": {
        "bank": {
            "current": 0.012244398187829068,
            "sparkline_full": "                             81.6 \n  ██▇▇▇▆▅▄▂▁▁▁▁▁▁▄▅▅▅▅▅▆▆▇▇▇████  \n             89.9                 "
        },
        "korona": {
            "current": 0.011640179401940514,
            "diff_percent": -4.934654824351821
        },
        "crypto": {
            "current": 0.011708476709277162,
            "diff_percent": -4.376870715333419
        },
        "forex": {
            "current": 0.012770690753892188,
            "diff_percent": 4.298231387037496
        }
    },
    "xdr": {
        "rub2xdr": {
            "current_rate": 0.008897582300952816,
            "sparkline": "▇▇▇▇▇▆▅▂▁▁▂▂▃▅▅▄▅▅▅▅▅▆▆▆▆▆▇██▇"
        },
        "usd2xdr": {
            "current_rate": 0.698977,
            "sparkline": "▄▄▅▅▅▆▅▅▅▅▄▄▅▄▄▄▅▅▅▅▅▅▄▅▅▅▅▅▄▃"
        },
        "eur2xdr": {
            "current_rate": 0.8148123538476961,
            "sparkline": "▄▄▄▄▄▄▄▄▄▄▄▄▄▄▄▄▄▄▄▄▄▅▄▄▄▄▄▄▅▄"
        },
        "cny2xdr": {
            "current_rate": 0.10233774029662815,
            "sparkline": "▄▅▅▅▅▅▅▅▅▅▄▄▄▄▄▄▄▄▄▅▅▅▄▅▅▅▅▅▅▄"
        },
        "rsd2xdr": {
            "current_rate": 0.006942748569056409,
            "sparkline": "▄▄▄▄▄▄▅▄▄▄▄▄▄▄▄▄▄▄▄▄▄▅▄▄▄▄▄▄▅▄"
        }
    },
    "neer": {
        "rub": {
            "current_rate": 97.49076605121893,
            "sparkline": "▇▇█▆▆█▅▅▃▂▃▃▁▄▅▆▅▅▅▅▅▅▆▆▆▆▆▆▇▇"
        },
        "usd": {
            "current_rate": 102.57776794134544,
            "sparkline": "▄▄▄▅▅▄▄▄▅▄▅▅▄▄▄▅▅▅▅▅▅▅▅▅▅▅▅▅▄▄"
        },
        "eur": {
            "current_rate": 109.84635623106554,
            "sparkline": "▄▄▄▄▄▄▄▄▄▅▅▅▅▅▅▅▅▅▅▅▅▅▅▅▅▅▅▅▅▅"
        },
        "cny": {
            "current_rate": 110.57413268327164,
            "sparkline": "▄▄▅▄▄▅▄▅▅▅▄▄▄▅▄▅▅▄▄▅▅▄▄▄▄▄▄▄▄▄"
        },
        "rsd": {
            "current_rate": 110.0368052324098,
            "sparkline": "▆▆▆▃▃▅▅▆▆▆▃▃▆▆▆▆▆▃▃▆▆▃▃▃▃▃▃▃▃▃"
        }
    },
    "specific_rates": {
        "rub_kzt_bank": 5.89,
        "rub_kzt_crypto": 5.643485773871592,
        "kzt_rsd_bank": 0.20782005345110743,
        "rsd_eur_cash": 0.008447135013374631,
        "eur_rsd_cash": 116.78333333333335,
        "rsd_usd_cash": 0.009761539534235112,
        "usd_rsd_cash": 98.30714285714285,
        "eur_usd_exch": 1.1657212667193573,
        "usd_kzt_bank": 475.0
    },
    "update_time": "2026-04-09 03:51:27",
    "update_time_display": "09.04 03:51"
}