{
    "rub2rsd": {
        "bank": {
            "current": 1.1643685798205847,
            "sparkline_full": "                          1.18    \n  ▆▆▄▃▁▂▃▃▄▅▃▃▃▃▃▃▃▃▃▄▄▄▄▅▇█▇▆▆▆  \n     1.13                         "
        },
        "korona": {
            "current": 1.1289771110763005,
            "diff_percent": -3.0395417188033047
        },
        "crypto": {
            "current": 1.1145385765865004,
            "diff_percent": -4.279572988972494
        },
        "forex": {
            "current": 1.2109721517872958,
            "diff_percent": 4.002475914790839
        }
    },
    "rub2eur": {
        "bank": {
            "current": 0.010039152695512499,
            "sparkline_full": "                          98.6    \n  ▇▆▄▃▂▂▃▃▄▄▃▄▄▄▄▃▃▃▃▄▄▄▄▅▆▇▆▆▆▆  \n     103                          "
        },
        "korona": {
            "current": 0.009664245087110944,
            "diff_percent": -3.734454687287895
        },
        "crypto": {
            "current": 0.00958196733128799,
            "diff_percent": -4.554023413040332
        },
        "forex": {
            "current": 0.010359250439350957,
            "diff_percent": 3.1884936263748798
        }
    },
    "rub2usd": {
        "bank": {
            "current": 0.011804981702278363,
            "sparkline_full": "                          83.7    \n  ▇▇▅▃▁▂▃▃▄▅▅▄▄▄▄▃▄▄▄▃▄▄▄▅▇█▇▆▆▆  \n     87.6                         "
        },
        "korona": {
            "current": 0.01110378274970544,
            "diff_percent": -5.939856327245233
        },
        "crypto": {
            "current": 0.01124574529517527,
            "diff_percent": -4.737291604570306
        },
        "forex": {
            "current": 0.012210474389140491,
            "diff_percent": 3.434928550409088
        }
    },
    "xdr": {
        "rub2xdr": {
            "current_rate": 0.008430675487035123,
            "sparkline": "█▇▃▁▁▁▂▃▄▄▃▁▂▂▂▂▂▂▂▂▃▃▄▄▆▆▅▆▆▅"
        },
        "usd2xdr": {
            "current_rate": 0.69486,
            "sparkline": "▅▅▅▅▆▅▅▅▅▅▅▃▄▄▅▅▄▄▅▅▆▆▅▅▅▅▅▅▅▅"
        },
        "eur2xdr": {
            "current_rate": 0.8138306469558945,
            "sparkline": "▄▄▄▄▄▄▄▄▄▅▆▃▄▄▄▄▄▄▄▃▄▄▄▄▄▄▄▄▄▄"
        },
        "cny2xdr": {
            "current_rate": 0.09759955053023386,
            "sparkline": "▅▅▄▅▆▅▅▅▅▅▅▃▄▄▄▅▄▄▄▄▅▅▅▅▅▅▅▅▅▅"
        },
        "rsd2xdr": {
            "current_rate": 0.006961906989018812,
            "sparkline": "▄▄▄▄▄▄▄▄▄▅▆▄▄▄▄▄▄▄▄▃▄▄▄▄▄▄▄▄▄▄"
        }
    },
    "neer": {
        "rub": {
            "current_rate": 93.10589199314089,
            "sparkline": "██▆▅▂▁▄▃▁▅▅▅▅▄▄▅▃▅▄▅▅▅▄▆▆▆▇▇▇▇"
        },
        "usd": {
            "current_rate": 103.5778815924127,
            "sparkline": "▅▅▅▅▅▅▅▄▄▄▄▄▅▄▄▄▄▅▅▅▅▅▅▅▅▅▅▅▅▅"
        },
        "eur": {
            "current_rate": 110.83106668717235,
            "sparkline": "▄▄▄▄▄▄▄▄▅▅▅▅▄▅▅▅▅▅▅▄▅▅▅▅▅▅▅▅▅▅"
        },
        "cny": {
            "current_rate": 104.74474747453515,
            "sparkline": "▄▄▄▅▅▅▄▄▄▄▄▄▅▅▅▄▅▅▅▅▅▅▅▅▅▅▅▅▅▅"
        },
        "rsd": {
            "current_rate": 110.72905884047724,
            "sparkline": "▄▄▅▄▄▅▄▄▄▅▄▅▄▄▄▅▅▄▄▅▄▄▄▄▄▄▄▄▄▄"
        }
    },
    "update_time": "2025-10-06 02:51:24",
    "update_time_display": "06.10 02:51"
}