{
    "rub2rsd": {
        "bank": {
            "current": 1.1884037959544975,
            "sparkline_full": "                 1.26             \n  ▆▆▅▅▅▆▆▆▆▇▇▇█████▇▄▂▁▁▂▂▁▁▁▁▁▁  \n                            1.19  "
        },
        "korona": {
            "current": 1.153602270326036,
            "diff_percent": -2.92842599013324
        },
        "crypto": {
            "current": 1.2154285248926042,
            "diff_percent": 2.2740358984128863
        },
        "forex": {
            "current": 1.2454269697791227,
            "diff_percent": 4.7982995357925065
        }
    },
    "rub2eur": {
        "bank": {
            "current": 0.010221813349688235,
            "sparkline_full": "                 92.8             \n  ▆▆▆▅▆▆▇▇▇▇▇▇█████▇▄▂▂▂▃▂▂▂▁▁▁▁  \n                             97.9 "
        },
        "korona": {
            "current": 0.009848624960097065,
            "diff_percent": -3.6509020153704173
        },
        "crypto": {
            "current": 0.01042661611370019,
            "diff_percent": 2.0035854403289544
        },
        "forex": {
            "current": 0.010610170099246504,
            "diff_percent": 3.7992940809285463
        }
    },
    "rub2usd": {
        "bank": {
            "current": 0.011993283761093787,
            "sparkline_full": "                 79.4             \n  ▄▄▄▃▅▅▅▅▆▆▆▇▇▇▇▇█▆▄▂▂▂▃▃▂▂▂▁▁▁  \n                             83.4 "
        },
        "korona": {
            "current": 0.011329819979631074,
            "diff_percent": -5.531961009836105
        },
        "crypto": {
            "current": 0.012209457293564391,
            "diff_percent": 1.802454913739897
        },
        "forex": {
            "current": 0.012388196526349695,
            "diff_percent": 3.2927826367037607
        }
    },
    "xdr": {
        "rub2xdr": {
            "current_rate": 0.008655781881726287,
            "sparkline": "▅▆▆▅▆▇▇▇▇▇▇██████▆▃▂▂▂▂▂▁▁▁▁▁▁"
        },
        "usd2xdr": {
            "current_rate": 0.696218,
            "sparkline": "▆▆▆▅▅▅▅▅▅▅▅▄▄▄▄▄▄▄▄▄▃▃▃▃▃▃▃▃▄▄"
        },
        "eur2xdr": {
            "current_rate": 0.8158004820621104,
            "sparkline": "▄▅▅▄▅▄▄▄▅▄▅▅▄▄▄▄▄▅▅▅▅▄▅▅▄▄▄▄▄▄"
        },
        "cny2xdr": {
            "current_rate": 0.09888898358047839,
            "sparkline": "▅▅▅▅▅▅▅▅▅▅▅▄▄▄▄▄▄▅▄▄▄▄▄▄▄▄▄▄▄▄"
        },
        "rsd2xdr": {
            "current_rate": 0.006950051742705875,
            "sparkline": "▄▅▅▅▅▄▄▄▅▄▅▅▄▄▄▄▄▄▅▅▅▄▅▅▄▄▄▅▄▄"
        }
    },
    "neer": {
        "rub": {
            "current_rate": 94.99096565530324,
            "sparkline": "▅▂▅▅▅▆▇▇▅▆▆▆▇██▇▇█▅▃▂▂▃▂▃▁▂▁▁▁"
        },
        "usd": {
            "current_rate": 103.58523001329242,
            "sparkline": "▆▅▅▅▅▅▅▅▄▅▄▄▄▄▄▄▄▄▄▄▄▄▄▃▄▄▄▄▄▄"
        },
        "eur": {
            "current_rate": 110.85582451599899,
            "sparkline": "▄▄▄▄▄▄▄▄▄▄▄▄▄▄▄▄▄▄▅▅▅▅▅▅▅▅▅▅▅▅"
        },
        "cny": {
            "current_rate": 107.24598813989431,
            "sparkline": "▄▅▅▅▄▅▄▄▄▅▄▄▄▄▄▄▄▅▄▄▄▄▄▄▄▅▅▅▅▅"
        },
        "rsd": {
            "current_rate": 110.42413881948059,
            "sparkline": "▅▅▅▅▅▅▅▅▄▅▃▅▅▅▅▅▅▅▅▆▅▅▅▅▅▆▅▅▅▅"
        }
    },
    "specific_rates": {
        "rub_kzt_bank": 6.23,
        "rub_kzt_crypto": 6.355022521300266,
        "kzt_rsd_bank": 0.19125479427001654,
        "rsd_eur_cash": 0.008436445444319459,
        "eur_rsd_cash": 117.13333333333333,
        "rsd_usd_cash": 0.009821253191907287,
        "usd_rsd_cash": 98.05,
        "eur_usd_exch": 1.1717601125827117,
        "usd_kzt_bank": 514.5
    },
    "update_time": "2025-12-22 05:50:44",
    "update_time_display": "22.12 05:50"
}