{
    "rub2rsd": {
        "bank": {
            "current": 1.2308972143319548,
            "sparkline_full": "           1.26                   \n  █▇▃▂▂▂▄▅▆▇█▇▇▇         ▁▁▁▁▁▂▄  \n                        1.21      "
        },
        "korona": {
            "current": 1.1853077796069478,
            "diff_percent": -3.7037564302028056
        },
        "crypto": {
            "current": 1.216300442245138,
            "diff_percent": -1.1858644179919495
        },
        "forex": {
            "current": 1.2722390541410693,
            "diff_percent": 3.358675227123007
        }
    },
    "rub2eur": {
        "bank": {
            "current": 0.01060332944544587,
            "sparkline_full": " 92.7                             \n  █▆▂▂▄▄▅▆▇█▇██▇         ▂▁▂▂▂▂▄  \n                         95.5     "
        },
        "korona": {
            "current": 0.010152529161515612,
            "diff_percent": -4.251497477746256
        },
        "crypto": {
            "current": 0.01044870780803532,
            "diff_percent": -1.4582366624188836
        },
        "forex": {
            "current": 0.010861336263902574,
            "diff_percent": 2.4332623048651856
        }
    },
    "rub2usd": {
        "bank": {
            "current": 0.012465719272001994,
            "sparkline_full": "                              80.2\n  ▅▄▂▂▂▂▄▆▆▆▆▆▆▆         ▅▅▆▆▆▆▇  \n   82.2                           "
        },
        "korona": {
            "current": 0.011427013437885462,
            "diff_percent": -8.332498201282819
        },
        "crypto": {
            "current": 0.012258483992967754,
            "diff_percent": -1.662441408412675
        },
        "forex": {
            "current": 0.012792926023625976,
            "diff_percent": 2.6248525615275824
        }
    },
    "xdr": {
        "rub2xdr": {
            "current_rate": 0.00884914963617258,
            "sparkline": "▃▃▂▁▁▁▂▂▂▃▃▃▃▃         ▂█████▁"
        },
        "usd2xdr": {
            "current_rate": 0.694629,
            "sparkline": "▄▄▃▂▂▂▂▂▂▃▃▃▃▃         ▃█████▁"
        },
        "eur2xdr": {
            "current_rate": 0.8147385755454921,
            "sparkline": "▁▁▂▁▁▁▁▁▁▁▁▁▁▁         ▃█████▁"
        },
        "cny2xdr": {
            "current_rate": 0.09682522424571895,
            "sparkline": "▃▃▃▂▂▂▂▂▂▂▂▂▂▂         ▃█████▁"
        },
        "rsd2xdr": {
            "current_rate": 0.006955571444980467,
            "sparkline": "▁▁▂▁▁▁▁▁▁▁▁▁▁▁         ▃█████▁"
        }
    },
    "neer": {
        "rub": {
            "current_rate": 97.60932617030507,
            "sparkline": "▅▇▄▅▂▂▄▆▆▆▆▇▆▇▆▆▅▅▅▅▅▄▃▂▂▃▂▃▃▄"
        },
        "usd": {
            "current_rate": 103.37999789714767,
            "sparkline": "▆▆▄▅▄▄▄▄▅▆▅▆▆▇▄▅▃▃▃▃▃▂▂▂▂▂▂▂▃▃"
        },
        "eur": {
            "current_rate": 110.50007898751507,
            "sparkline": "▂▂▄▃▄▄▄▄▄▃▄▄▄▄▄▄▅▅▆▆▆▆▇▇▆▇▇▇▆▆"
        },
        "cny": {
            "current_rate": 103.13399093683744,
            "sparkline": "▅▅▄▅▄▄▄▄▅▅▅▅▅▆▄▅▃▃▃▃▃▃▃▃▃▃▃▃▄▄"
        },
        "rsd": {
            "current_rate": 110.47074689868562,
            "sparkline": "▃▃▃▅▄▄▄▅▄▄▅▄▄▅▅▅▅▅▅▅▆▆▆▆▆▆▆▆▆▆"
        }
    },
    "update_time": "2025-07-09 04:20:50",
    "update_time_display": "09.07 04:20"
}