{
    "rub2rsd": {
        "bank": {
            "current": 1.2154069151845324,
            "sparkline_full": "                             1.22 \n  ▁▁▁▁▁▁▁▁▁▂▂▂▂▃▄▄▄▃▃▂▃▄▆▆▅▅▆▇██  \n        1.14                      "
        },
        "korona": {
            "current": 1.1766885670935212,
            "diff_percent": -3.1856284185393697
        },
        "crypto": {
            "current": 1.284956621735219,
            "diff_percent": 5.722339216749243
        },
        "forex": {
            "current": 1.2483608156304897,
            "diff_percent": 2.711347124510481
        }
    },
    "rub2eur": {
        "bank": {
            "current": 0.010429703796412183,
            "sparkline_full": "                             95.0 \n  ▁▁▁▁▁▁▁▁▁▁▂▂▂▃▃▄▃▃▃▃▃▄▅▆▆▆▆▇█▇  \n       102                        "
        },
        "korona": {
            "current": 0.010075620757987337,
            "diff_percent": -3.3949481724174273
        },
        "crypto": {
            "current": 0.01104572774480407,
            "diff_percent": 5.90643761718142
        },
        "forex": {
            "current": 0.010653215475910395,
            "diff_percent": 2.143029983028857
        }
    },
    "rub2usd": {
        "bank": {
            "current": 0.012195121951219513,
            "sparkline_full": "                             81.7 \n  ▂▂▂▂▂▂▂▂▂▂▂▂▂▃▄▅▄▃▃▃▃▄▅▅▅▅▅▆▇▇  \n          86.2                    "
        },
        "korona": {
            "current": 0.011550722156295958,
            "diff_percent": -5.284078318373147
        },
        "crypto": {
            "current": 0.012890097869168386,
            "diff_percent": 5.698802527180764
        },
        "forex": {
            "current": 0.012644798751705467,
            "diff_percent": 3.68734976398483
        }
    },
    "xdr": {
        "rub2xdr": {
            "current_rate": 0.008702734679344338,
            "sparkline": "▂▁▁▁▁▁▁▁▁▁▁▂▂▂▃▃▃▃▃▂▃▄▅▆▅▆▆▇█▆"
        },
        "usd2xdr": {
            "current_rate": 0.700567,
            "sparkline": "▄▃▄▄▄▄▄▄▄▄▅▄▄▄▄▄▄▄▄▄▄▅▅▆▅▅▅▆▅▅"
        },
        "eur2xdr": {
            "current_rate": 0.8169115417803589,
            "sparkline": "▅▄▄▄▄▄▄▄▄▄▄▄▄▄▄▄▄▄▄▄▄▄▄▄▄▄▄▄▄▄"
        },
        "cny2xdr": {
            "current_rate": 0.09832381299911581,
            "sparkline": "▄▃▄▄▄▄▄▄▄▄▄▄▄▄▄▄▄▄▄▄▄▅▅▆▅▅▅▅▅▅"
        },
        "rsd2xdr": {
            "current_rate": 0.00697132957906003,
            "sparkline": "▅▄▄▄▄▄▄▄▄▄▄▄▄▄▄▄▄▄▄▄▄▄▄▄▄▄▄▄▄▄"
        }
    },
    "neer": {
        "rub": {
            "current_rate": 97.73442462643979,
            "sparkline": "▂▂▂▁▁▂▁▂▁▂▂▂▁▂▃▄▅▃▃▅▃▄▅▅▅▅▅▆██"
        },
        "usd": {
            "current_rate": 103.97122751421608,
            "sparkline": "▃▄▄▄▄▄▄▄▄▅▅▅▄▄▄▄▄▄▄▅▅▅▅▅▅▅▅▆▅▅"
        },
        "eur": {
            "current_rate": 110.45843056587957,
            "sparkline": "▅▅▅▅▅▅▅▅▅▅▅▅▅▅▅▅▅▅▅▄▄▄▄▄▄▄▄▄▄▄"
        },
        "cny": {
            "current_rate": 105.20766652097659,
            "sparkline": "▄▄▄▄▄▄▄▄▄▅▄▄▄▄▄▄▄▄▄▅▅▅▅▅▅▅▅▅▅▅"
        },
        "rsd": {
            "current_rate": 110.45887605028723,
            "sparkline": "▅▄▅▄▄▄▅▅▅▄▅▄▅▄▅▄▄▄▄▅▅▄▄▄▄▄▅▅▄▄"
        }
    },
    "update_time": "2025-10-16 17:05:49",
    "update_time_display": "16.10 17:05"
}