{
    "rub2rsd": {
        "bank": {
            "current": 1.1634245848245928,
            "sparkline_full": "       1.26                       \n  ▇▇█████▇▅▃▃▃▄▄▃▃▃▃▃▄▅▅▅▆▆▆▆▅▂▁  \n                              1.16"
        },
        "korona": {
            "current": 1.162671800632752,
            "diff_percent": -0.0647041674776158
        },
        "crypto": {
            "current": 1.0839957746790037,
            "diff_percent": -6.827155896620875
        },
        "forex": {
            "current": 1.2637955954126878,
            "diff_percent": 8.6272038512258
        }
    },
    "rub2eur": {
        "bank": {
            "current": 0.010017028949213663,
            "sparkline_full": "       92.8                       \n  ▇▇█████▇▅▄▄▄▄▄▄▄▃▃▃▄▅▅▅▆▆▆▆▅▃▁  \n                              99.8"
        },
        "korona": {
            "current": 0.009947284762293616,
            "diff_percent": -0.6962562180228312
        },
        "crypto": {
            "current": 0.009294592857913982,
            "diff_percent": -7.212079499444718
        },
        "forex": {
            "current": 0.010775028308196969,
            "diff_percent": 7.567107600730338
        }
    },
    "rub2usd": {
        "bank": {
            "current": 0.011764705882352941,
            "sparkline_full": "       79.4                       \n  ▇▇█████▇▅▄▄▄▄▄▄▄▃▃▃▄▆▆▆▇▇▇▇▆▃▁  \n                              85.0"
        },
        "korona": {
            "current": 0.011402469440661187,
            "diff_percent": -3.0790097543799133
        },
        "crypto": {
            "current": 0.010895227244404062,
            "diff_percent": -7.390568422565474
        },
        "forex": {
            "current": 0.012783359134413187,
            "diff_percent": 8.658552642512086
        }
    },
    "xdr": {
        "rub2xdr": {
            "current_rate": 0.008785635554261033,
            "sparkline": "▇██████▆▃▂▂▂▂▂▁▁▁▁▁▂▄▃▂▃▃▃▄▃▂▃"
        },
        "usd2xdr": {
            "current_rate": 0.694966,
            "sparkline": "▆▅▅▅▅▅▅▅▅▅▄▄▄▄▄▄▄▄▄▄▄▄▃▄▄▄▄▄▄▄"
        },
        "eur2xdr": {
            "current_rate": 0.8153700670630692,
            "sparkline": "▅▅▄▄▄▄▄▅▅▅▅▄▄▄▄▄▄▄▄▅▅▄▄▄▄▄▄▄▄▄"
        },
        "cny2xdr": {
            "current_rate": 0.09934472160674719,
            "sparkline": "▅▅▅▅▅▅▅▅▄▄▄▄▄▄▄▄▄▄▄▄▅▄▄▄▄▄▄▅▅▅"
        },
        "rsd2xdr": {
            "current_rate": 0.006951785230262743,
            "sparkline": "▅▅▄▄▄▄▄▄▅▅▅▄▄▄▄▄▄▄▄▄▅▄▄▄▄▄▄▄▄▄"
        }
    },
    "neer": {
        "rub": {
            "current_rate": 96.22469504723422,
            "sparkline": "▆▅▇██▇▆▇▅▃▃▃▃▃▃▂▂▂▂▁▄▅▄▄▄▅▄▄▃▃"
        },
        "usd": {
            "current_rate": 103.07480981474667,
            "sparkline": "▅▅▅▅▅▅▅▅▅▅▄▅▄▄▅▅▅▅▅▅▄▄▄▄▄▄▄▄▄▄"
        },
        "eur": {
            "current_rate": 110.60599768287501,
            "sparkline": "▄▄▄▄▄▄▄▄▅▅▅▅▅▅▅▅▅▅▅▅▅▅▅▅▅▅▅▅▄▄"
        },
        "cny": {
            "current_rate": 107.53156638965683,
            "sparkline": "▄▄▄▄▄▄▄▄▄▄▄▄▄▄▅▅▅▅▅▅▄▄▄▄▅▄▄▅▅▅"
        },
        "rsd": {
            "current_rate": 110.39904100012312,
            "sparkline": "▄▅▅▅▅▅▅▅▅▅▅▅▅▅▅▅▅▅▅▅▅▅▅▅▅▅▅▅▅▅"
        }
    },
    "specific_rates": {
        "rub_kzt_bank": 6.0,
        "rub_kzt_crypto": 5.567461121890475,
        "kzt_rsd_bank": 0.19470199269409974,
        "rsd_eur_cash": 0.008451894633046908,
        "eur_rsd_cash": 116.88333333333333,
        "rsd_usd_cash": 0.009807126511932005,
        "usd_rsd_cash": 97.56666666666666,
        "eur_usd_exch": 1.1732517375858234,
        "usd_kzt_bank": 504.0
    },
    "update_time": "2026-01-01 02:06:27",
    "update_time_display": "01.01 02:06"
}