{
    "rub2rsd": {
        "bank": {
            "current": 1.2098590231750437,
            "sparkline_full": "                      1.22        \n         ▅▄▃▄▄▄▆▅▅ ▆▅▅▅▆▃▄▃▄▄▄▅▅  \n          1.19                    "
        },
        "korona": {
            "current": 1.171978421388815,
            "diff_percent": -3.1309930380829307
        },
        "crypto": {
            "current": 1.2372443707975787,
            "diff_percent": 2.2635155913180167
        },
        "forex": {
            "current": 1.2593256781535351,
            "diff_percent": 4.088629669320949
        }
    },
    "rub2eur": {
        "bank": {
            "current": 0.010467915837956662,
            "sparkline_full": "                              95.5\n         ▄▃▄▃▃▃▅▆▅▅▆▆▆▅▅▄▄▄▅▅▅▆▆  \n         98.5                     "
        },
        "korona": {
            "current": 0.010034061826959031,
            "diff_percent": -4.144607367060367
        },
        "crypto": {
            "current": 0.010609957018501287,
            "diff_percent": 1.356919397742804
        },
        "forex": {
            "current": 0.010779346318764458,
            "diff_percent": 2.975095383156876
        }
    },
    "rub2usd": {
        "bank": {
            "current": 0.011907597046915932,
            "sparkline_full": "                      83.5        \n         ▁▁▁▄▄▄▇▇▆▆███▇█▇▅▅▆▆▆▇█  \n         89.1                     "
        },
        "korona": {
            "current": 0.010934674579108182,
            "diff_percent": -8.170602884649487
        },
        "crypto": {
            "current": 0.01204512028670436,
            "diff_percent": 1.154920167743214
        },
        "forex": {
            "current": 0.01226067168863779,
            "diff_percent": 2.965120841180164
        }
    },
    "xdr": {
        "rub2xdr": {
            "current_rate": 0.008764911265164661,
            "sparkline": "              ▅▃▃▅▅▅█▅▃▁▃▅▅▃▅▆"
        },
        "usd2xdr": {
            "current_rate": 0.715661,
            "sparkline": "              ▆▆▆▆▆▆▆▂▅▅▇▇▇▆▅▅"
        },
        "eur2xdr": {
            "current_rate": 0.8131208522270864,
            "sparkline": "              ▂▄▄▄▄▄▇▃▂▂▄▅▅▄▃▂"
        },
        "cny2xdr": {
            "current_rate": 0.0981029472241261,
            "sparkline": "              ▅▅▆▆▆▆▆▂▄▅▇▇▇▆▅▅"
        },
        "rsd2xdr": {
            "current_rate": 0.006960003609245913,
            "sparkline": "              ▄▄▄▄▅▅▅▄▄▄▅▅▅▄▄▄"
        }
    },
    "neer": {
        "rub": {
            "current_rate": 95.17059726632002,
            "sparkline": "▄▅▄▄▅▅▅▃▃▂▂▂▂▂▅▆▅▆▆▆▆▇▆▅▅▅▅▅▅▆"
        },
        "usd": {
            "current_rate": 105.70858273062952,
            "sparkline": "▆▆▅▅▅▆▆▆▆▅▄▄▄▄▄▃▃▃▃▃▃▃▃▃▃▃▃▃▃▃"
        },
        "eur": {
            "current_rate": 109.00352612484245,
            "sparkline": "▂▂▄▄▄▄▄▄▅▅▇▇▇▇▆▆▆▆▆▆▆▇▆▆▆▇▆▆▆▆"
        },
        "cny": {
            "current_rate": 103.7569369353178,
            "sparkline": "▇▇▅▅▅▅▆▅▅▅▄▃▃▃▃▃▃▃▃▃▃▂▃▃▃▃▃▃▃▃"
        },
        "rsd": {
            "current_rate": 109.81810064816506,
            "sparkline": "▄▃▂▅▅▅▅▅▅▄▅▅▅▆▄▅▅▅▅▅▇▆▅▅▅▅▅▅▅▅"
        }
    },
    "update_time": "2025-04-30 16:05:41",
    "update_time_display": "30.04 16:05"
}