{
    "rub2rsd": {
        "bank": {
            "current": 1.208256413933496,
            "sparkline_full": "                1.26              \n  ▆▅▅▅▆▆▆▆▇▇▇█████▇▄▂▁▁▂▂▁▁▁▁▁▂▃  \n                           1.19   "
        },
        "korona": {
            "current": 1.168553376424712,
            "diff_percent": -3.2859777983325658
        },
        "crypto": {
            "current": 1.2030045307479074,
            "diff_percent": -0.43466627820256937
        },
        "forex": {
            "current": 1.2675507211638006,
            "diff_percent": 4.907427475370998
        }
    },
    "rub2eur": {
        "bank": {
            "current": 0.010370216737529813,
            "sparkline_full": "                92.8              \n  ▆▆▅▆▆▇▇▇▇▇▇█████▇▄▂▂▂▃▂▂▂▁▁▁▂▃  \n                            97.9  "
        },
        "korona": {
            "current": 0.00997910654504451,
            "diff_percent": -3.771475586135785
        },
        "crypto": {
            "current": 0.010336996037545084,
            "diff_percent": -0.3203472099527383
        },
        "forex": {
            "current": 0.010792160377247981,
            "diff_percent": 4.068802517802298
        }
    },
    "rub2usd": {
        "bank": {
            "current": 0.012193634922570418,
            "sparkline_full": "                79.4              \n  ▄▄▃▅▅▅▅▆▆▆▇▇▇▇▇█▆▄▂▂▂▃▃▂▂▂▁▁▃▃  \n                            83.4  "
        },
        "korona": {
            "current": 0.011432867394821562,
            "diff_percent": -6.239054495068366
        },
        "crypto": {
            "current": 0.01213126728803507,
            "diff_percent": -0.5114769708243935
        },
        "forex": {
            "current": 0.012608019204534852,
            "diff_percent": 3.3983654963903294
        }
    },
    "xdr": {
        "rub2xdr": {
            "current_rate": 0.008830870084798582,
            "sparkline": "▆▆▅▆▇▇▇▇▇▇██████▆▃▂▂▂▂▂▁▁▁▁▁▂▄"
        },
        "usd2xdr": {
            "current_rate": 0.695829,
            "sparkline": "▆▆▅▅▅▅▅▅▅▅▄▄▄▄▄▄▄▄▄▃▃▃▃▃▃▃▃▄▄▃"
        },
        "eur2xdr": {
            "current_rate": 0.8182671287405819,
            "sparkline": "▅▅▄▅▄▄▄▅▄▅▅▄▄▄▄▄▅▅▅▅▄▅▅▄▄▄▄▄▅▅"
        },
        "cny2xdr": {
            "current_rate": 0.09888148358675573,
            "sparkline": "▅▅▅▅▅▅▅▅▅▅▄▄▄▄▄▄▅▄▄▄▄▄▄▄▄▄▄▄▄▄"
        },
        "rsd2xdr": {
            "current_rate": 0.00696687709403102,
            "sparkline": "▅▅▅▅▄▄▄▅▄▅▅▄▄▄▄▄▄▅▅▅▄▅▅▄▄▄▅▄▅▅"
        }
    },
    "neer": {
        "rub": {
            "current_rate": 94.99096565530324,
            "sparkline": "▂▅▅▅▆▇▇▅▆▆▆▇██▇▇█▅▃▂▂▃▂▃▁▂▁▁▁▁"
        },
        "usd": {
            "current_rate": 103.58523001329242,
            "sparkline": "▅▅▅▅▅▅▅▅▅▄▄▄▄▄▄▅▄▄▄▄▄▄▄▄▄▄▄▄▄▄"
        },
        "eur": {
            "current_rate": 110.85582451599899,
            "sparkline": "▄▄▄▄▄▄▄▄▄▄▄▄▄▄▄▄▄▅▅▅▅▅▅▅▅▅▅▅▅▅"
        },
        "cny": {
            "current_rate": 107.24598813989431,
            "sparkline": "▅▅▅▄▅▄▄▄▅▄▄▄▄▄▄▄▅▄▄▄▄▄▄▄▅▅▅▅▅▅"
        },
        "rsd": {
            "current_rate": 110.42413881948059,
            "sparkline": "▅▅▅▅▅▅▅▄▅▃▅▅▅▅▅▅▅▅▆▅▅▅▅▅▆▅▅▅▅▅"
        }
    },
    "specific_rates": {
        "rub_kzt_bank": 6.31,
        "rub_kzt_crypto": 6.290062088846184,
        "kzt_rsd_bank": 0.19125479427001654,
        "rsd_eur_cash": 0.008436445444319459,
        "eur_rsd_cash": 117.10000000000001,
        "rsd_usd_cash": 0.009783778495254867,
        "usd_rsd_cash": 98.0,
        "eur_usd_exch": 1.1759600832109354,
        "usd_kzt_bank": 512.5
    },
    "update_time": "2025-12-23 00:51:28",
    "update_time_display": "23.12 00:51"
}