{
    "rub2rsd": {
        "bank": {
            "current": 0.00012757590259089948,
            "sparkline_full": "     1.35                         \n  ████████████████████████ █   ▁  \n                              128μ"
        },
        "korona": {
            "current": 1.2787775727244801,
            "diff_percent": 1002266.0791373469
        },
        "crypto": {
            "current": 32.28717115568256,
            "diff_percent": 25308105.154713705
        },
        "forex": {
            "current": 1.4032323961532893,
            "diff_percent": 1099819.6303184829
        }
    },
    "rub2eur": {
        "bank": {
            "current": 0.011398609369656901,
            "sparkline_full": " 85.8                             \n  ▅▅▅▅▅▅▅▅▅▅▄▄▄▄▄▄▅▅▅▅▅▅▅▅ ▅▅▅▅▄  \n            89.4                  "
        },
        "korona": {
            "current": 0.010948438122641097,
            "diff_percent": -3.9493523500696543
        },
        "crypto": {
            "current": 0.012076241058913348,
            "diff_percent": 5.944862809846808
        },
        "forex": {
            "current": 0.011959365767340491,
            "diff_percent": 4.919515876878135
        }
    },
    "rub2usd": {
        "bank": {
            "current": 0.01305994514823038,
            "sparkline_full": "      73.7                        \n  ▅▅▅▅▅▅▅▅▅▅▄▄▄▄▄▄▅▅▅▅▅▅▅▅ ▄▄▄▄▄  \n            76.9                  "
        },
        "korona": {
            "current": 0.012278229214829383,
            "diff_percent": -5.985598902051425
        },
        "crypto": {
            "current": 0.013810202351486446,
            "diff_percent": 5.744719405331706
        },
        "forex": {
            "current": 0.013616743147374013,
            "diff_percent": 4.263402279442802
        }
    },
    "xdr": {
        "rub2xdr": {
            "current_rate": 0.009749174743433309,
            "sparkline": "▄▅▄▅▆▆▅▅▄▃▁▁▁▁▁▂▄▅▅▄▃▃▃▄ ▂▂██▄"
        },
        "usd2xdr": {
            "current_rate": 0.71169,
            "sparkline": "▁▁▁▁▁▁▁▁▁▁▁▁▁▁▁▃▃▃▂▂▂▂▂▂ ▂▂██▃"
        },
        "eur2xdr": {
            "current_rate": 0.8151916191121996,
            "sparkline": "▃▃▃▃▃▃▃▃▃▃▃▃▃▂▂▃▃▃▃▃▃▃▃▃ ▁▁█▇▃"
        },
        "cny2xdr": {
            "current_rate": 0.10504029282403991,
            "sparkline": "▁▁▁▁▁▁▁▁▁▁▁▁▁▁▁▃▃▃▂▂▂▂▂▂ ▂▂██▃"
        },
        "rsd2xdr": {
            "current_rate": 0.006947655121246437,
            "sparkline": "▃▃▃▃▃▃▃▃▃▃▃▃▃▂▂▃▃▃▃▃▃▃▃▃ ▁▁█▇▃"
        }
    },
    "neer": {
        "rub": {
            "current_rate": 105.691080557776,
            "sparkline": "▅▅▅▅▅▅▅▅▅▅▅▄▄▄▄▄▄▅▅▅▄▄▅▅▄▄▄▄▄▄"
        },
        "usd": {
            "current_rate": 103.39818702163524,
            "sparkline": "▄▄▄▄▄▄▄▄▄▄▄▄▄▅▅▄▄▅▅▄▄▄▄▄▄▅▅▅▅▅"
        },
        "eur": {
            "current_rate": 108.54992497580722,
            "sparkline": "▅▅▅▅▅▅▅▅▅▅▅▅▅▄▄▅▅▅▅▅▄▅▅▅▅▄▄▄▄▄"
        },
        "cny": {
            "current_rate": 112.84370025383511,
            "sparkline": "▄▄▄▄▅▅▄▄▅▅▅▅▅▅▅▅▅▅▅▅▄▄▅▅▄▅▅▅▅▅"
        },
        "rsd": {
            "current_rate": 109.29177934178807,
            "sparkline": "▄▅▅▅▅▅▄▄▅▅▅▅▅▄▄▅▅▅▅▅▄▄▅▅▄▄▄▄▄▄"
        }
    },
    "specific_rates": {
        "rub_kzt_bank": 6.4,
        "rub_kzt_crypto": 6.780809354579845,
        "kzt_rsd_bank": 4.7615512348648155,
        "rsd_eur_cash": 0.00844880027036161,
        "eur_rsd_cash": 116.8,
        "rsd_usd_cash": 0.009601536245799328,
        "usd_rsd_cash": 100.35000000000001,
        "eur_usd_exch": 1.1454307621467206,
        "usd_kzt_bank": 484.0
    },
    "conversion_rates": {
        "rub_usd": {
            "rub_to_usd": [
                0.01305994514823038,
                0.0129366106080207
            ],
            "usd_to_rub": [
                71.78,
                73.3
            ]
        },
        "rub_eur": {
            "rub_to_eur": [
                0.011398609369656901,
                0.011299435028248588
            ],
            "eur_to_rub": [
                82.15,
                83.6
            ]
        },
        "rub_kzt": {
            "rub_to_kzt": [
                6.4,
                6.289308176100628
            ],
            "kzt_to_rub": [
                0.14814814814814814,
                0.149
            ]
        },
        "rub_rsd": {
            "rub_to_rsd": [
                1.370188990856714
            ],
            "rsd_to_rub": [
                0.7298263280999999
            ]
        },
        "usd_eur": {
            "usd_to_eur": [
                0.8656509695290858
            ],
            "eur_to_usd": [
                1.1352
            ]
        },
        "usd_kzt": {
            "usd_to_kzt": [
                484.0
            ],
            "kzt_to_usd": [
                0.002036659877800407
            ]
        },
        "usd_rsd": {
            "usd_to_rsd": [
                0.009768486861385171
            ],
            "rsd_to_usd": [
                102.37
            ]
        },
        "eur_kzt": {
            "eur_to_kzt": [
                554.5
            ],
            "kzt_to_eur": [
                0.0017809439002671415
            ]
        },
        "eur_rsd": {
            "eur_to_rsd": [
                114.98601988471638
            ],
            "rsd_to_eur": [
                0.0086967094
            ]
        },
        "kzt_rsd": {
            "kzt_to_rsd": [
                4.7615512348648155
            ],
            "rsd_to_kzt": [
                0.21001559170000003
            ]
        },
        "eur_usd_forex": {
            "eur_to_usd": [
                1.1454307621467206
            ],
            "usd_to_eur": [
                0.873034
            ]
        }
    },
    "update_time": "2026-06-22 11:20:45",
    "update_time_display": "22.06 11:20"
}