{
    "rub2rsd": {
        "bank": {
            "current": 1.2141255326136458,
            "sparkline_full": "           1.24                   \n  ▅▅▅▆▇▇▇▇▆▇██▇▇▇▇▆▅▄▃▃▃▃▁▁▄▆▄▄▄  \n                        1.19      "
        },
        "korona": {
            "current": 1.1596921983209743,
            "diff_percent": -4.48333659333339
        },
        "crypto": {
            "current": 1.2111623902856627,
            "diff_percent": -0.2440556802725541
        },
        "forex": {
            "current": 1.2792001094642074,
            "diff_percent": 5.359789832479323
        }
    },
    "rub2eur": {
        "bank": {
            "current": 0.010493179433368312,
            "sparkline_full": "            93.4                  \n  ▅▅▅▆▇▇▇▇▇▇██▇▇▇▇▇▅▄▃▃▃▃▁▁▄▆▅▅▅  \n                        97.6      "
        },
        "korona": {
            "current": 0.00993312375435524,
            "diff_percent": -5.337330620994573
        },
        "crypto": {
            "current": 0.010440797928521884,
            "diff_percent": -0.4991957411864537
        },
        "forex": {
            "current": 0.010903587043294251,
            "diff_percent": 3.911184522594202
        }
    },
    "rub2usd": {
        "bank": {
            "current": 0.012093360744951022,
            "sparkline_full": "        80.1                      \n  ▇▇▇█████████▇▇▇██▇▆▅▅▅▅▁▁▂▃▃▃▃  \n                         84.1     "
        },
        "korona": {
            "current": 0.011376037259749604,
            "diff_percent": -5.931547899130525
        },
        "crypto": {
            "current": 0.012008829851853009,
            "diff_percent": -0.6989859550274717
        },
        "forex": {
            "current": 0.012448819789639843,
            "diff_percent": 2.939290840531861
        }
    },
    "xdr": {
        "rub2xdr": {
            "current_rate": 0.00889601438707109,
            "sparkline": "███▃▄▄▃▃▃▄▄▄▄▄▄▄▄▃▃▂▂▂▂▁▁▁▁▂▂▃"
        },
        "usd2xdr": {
            "current_rate": 0.703852,
            "sparkline": "▇▇▇▂▂▂▂▂▂▂▃▃▃▃▃▃▂▂▂▂▂▂▂▂▂▂▂▂▂▃"
        },
        "eur2xdr": {
            "current_rate": 0.8158796139057902,
            "sparkline": "███▂▂▂▂▂▂▂▃▂▃▃▃▃▃▃▃▂▃▃▂▁▁▁▁▂▂▃"
        },
        "cny2xdr": {
            "current_rate": 0.0975972711389667,
            "sparkline": "▇▇▇▂▂▂▂▂▂▂▃▃▃▃▃▃▂▂▂▂▂▂▂▂▂▂▂▂▂▂"
        },
        "rsd2xdr": {
            "current_rate": 0.006954357118369215,
            "sparkline": "███▃▃▂▂▂▂▂▃▂▃▃▃▃▃▃▃▂▃▃▂▁▁▁▁▂▂▃"
        }
    },
    "neer": {
        "rub": {
            "current_rate": 96.55837867602675,
            "sparkline": "▄▄▅▆▆▇▇▆▇▆▇█▇▆▆▆▆▆▅▅▃▃▅▅▁▃▃▄▄▄"
        },
        "usd": {
            "current_rate": 104.43173162061906,
            "sparkline": "▃▃▃▄▄▄▄▄▄▄▅▅▄▄▄▄▄▃▃▄▄▄▄▅▅▆▆▅▅▅"
        },
        "eur": {
            "current_rate": 110.35977344600975,
            "sparkline": "▅▅▅▅▅▅▅▅▅▅▄▄▅▅▅▅▅▅▅▅▆▆▅▄▄▃▃▅▅▅"
        },
        "cny": {
            "current_rate": 103.66340657269119,
            "sparkline": "▃▃▄▄▄▄▄▄▄▄▅▅▅▅▅▄▄▄▄▄▄▄▅▅▅▆▆▄▄▄"
        },
        "rsd": {
            "current_rate": 110.39962388929726,
            "sparkline": "▅▅▅▅▅▄▄▄▄▅▅▅▄▄▄▄▅▅▅▅▅▅▄▅▄▄▄▄▄▄"
        }
    },
    "update_time": "2025-08-04 03:06:23",
    "update_time_display": "04.08 03:06"
}