{
    "rub2rsd": {
        "bank": {
            "current": 1.190672216643491,
            "sparkline_full": "                     1.26         \n  ▁▁▄▆▆▆▅▄▅▆▆▆▆▆▇▇█████▆▄▁▁▁▂▂▁▁  \n                              1.19"
        },
        "korona": {
            "current": 1.1482701494610064,
            "diff_percent": -3.561187251182891
        },
        "crypto": {
            "current": 1.2092614908399946,
            "diff_percent": 1.561241955313839
        },
        "forex": {
            "current": 1.2420955999952794,
            "diff_percent": 4.318853050653269
        }
    },
    "rub2eur": {
        "bank": {
            "current": 0.010280662074637606,
            "sparkline_full": "                     92.8         \n  ▁▂▄▅▅▅▅▅▆▆▆▆▆▇▆▇▇████▇▄▂▂▂▂▂▂▁  \n 97.5                             "
        },
        "korona": {
            "current": 0.009835290359409048,
            "diff_percent": -4.33213067402819
        },
        "crypto": {
            "current": 0.010427189138865617,
            "diff_percent": 1.4252687537458584
        },
        "forex": {
            "current": 0.010581377509982788,
            "diff_percent": 2.9250590396025835
        }
    },
    "rub2usd": {
        "bank": {
            "current": 0.012051096649795132,
            "sparkline_full": "                     79.4         \n  ▁▁▃▄▄▄▄▄▅▆▆▆▆▇▇▇█████▇▄▃▃▃▃▃▃▂  \n 84.1                             "
        },
        "korona": {
            "current": 0.011190937760149035,
            "diff_percent": -7.137598466283306
        },
        "crypto": {
            "current": 0.012198603509947033,
            "diff_percent": 1.2240119255404782
        },
        "forex": {
            "current": 0.012440797355584114,
            "diff_percent": 3.233736456636977
        }
    },
    "xdr": {
        "rub2xdr": {
            "current_rate": 0.008626906108678084,
            "sparkline": "▂▃▅▅▅▆▆▅▆▇▇▇▇▇▇██████▆▃▂▂▂▂▂▁▁"
        },
        "usd2xdr": {
            "current_rate": 0.694475,
            "sparkline": "▅▅▆▆▆▆▆▅▅▅▅▅▅▅▅▄▄▄▄▄▄▄▄▄▃▃▃▃▃▃"
        },
        "eur2xdr": {
            "current_rate": 0.8152914023282132,
            "sparkline": "▄▄▅▅▅▅▅▅▅▅▅▅▅▅▅▅▄▄▅▄▄▅▅▅▅▄▅▅▄▄"
        },
        "cny2xdr": {
            "current_rate": 0.09859379880178312,
            "sparkline": "▄▄▅▅▅▅▅▅▅▅▅▅▅▅▅▄▄▄▄▄▄▅▄▄▄▄▄▄▄▄"
        },
        "rsd2xdr": {
            "current_rate": 0.006945444544454445,
            "sparkline": "▅▄▅▄▅▅▅▅▅▅▅▄▅▅▅▅▄▄▄▄▄▅▅▅▅▅▅▅▄▄"
        }
    },
    "neer": {
        "rub": {
            "current_rate": 97.01488921291416,
            "sparkline": "▁▁▂▅▅▁▄▄▅▅▇▇▅▆▆▅▇██▇▇█▄▁▂▁▂▂▃▃"
        },
        "usd": {
            "current_rate": 103.36406218173899,
            "sparkline": "▅▅▆▅▅▅▅▅▅▅▅▅▄▅▄▄▄▄▄▄▄▄▄▄▄▄▄▃▃▃"
        },
        "eur": {
            "current_rate": 110.96687819173516,
            "sparkline": "▄▄▄▄▄▄▄▄▄▄▄▄▄▄▄▄▄▄▄▄▄▄▅▅▅▅▅▅▅▅"
        },
        "cny": {
            "current_rate": 106.93575339770095,
            "sparkline": "▄▄▅▅▅▅▅▅▅▅▅▅▄▅▄▄▄▄▄▄▅▄▄▄▄▄▄▄▅▅"
        },
        "rsd": {
            "current_rate": 110.48751282438114,
            "sparkline": "▅▅▅▄▄▄▄▅▅▅▄▄▄▄▄▄▄▄▄▄▄▄▄▅▅▅▅▅▅▅"
        }
    },
    "specific_rates": {
        "rub_kzt_bank": 6.23,
        "rub_kzt_crypto": 6.318876618152563,
        "kzt_rsd_bank": 0.19137286006915954,
        "rsd_eur_cash": 0.008483563096500531,
        "eur_rsd_cash": 116.75,
        "rsd_usd_cash": 0.009745910198398886,
        "usd_rsd_cash": 98.72142857142856,
        "eur_usd_exch": 1.1739679647621775,
        "usd_kzt_bank": 512.0
    },
    "update_time": "2025-12-18 01:22:10",
    "update_time_display": "18.12 01:22"
}