{
    "rub2rsd": {
        "bank": {
            "current": 1.1631916160107476,
            "sparkline_full": "    1.26                          \n  ████▇▅▃▃▃▄▄▃▃▃▃▃▄▅▅▅▆▆▆▆▅▂  ▁▁  \n                              1.16"
        },
        "korona": {
            "current": 1.1649329746436101,
            "diff_percent": 0.14970522559598823
        },
        "crypto": {
            "current": 1.1879639423058765,
            "diff_percent": 2.1296857675167464
        },
        "forex": {
            "current": 1.2418667416443132,
            "diff_percent": 6.76372874001515
        }
    },
    "rub2eur": {
        "bank": {
            "current": 0.010017028949213663,
            "sparkline_full": "    92.8                          \n  ████▇▅▄▄▄▄▄▄▄▃▃▃▄▅▅▅▆▆▆▆▅▃  ▁▁  \n                              99.8"
        },
        "korona": {
            "current": 0.009966630326339172,
            "diff_percent": -0.5031294521560504
        },
        "crypto": {
            "current": 0.010184485019618552,
            "diff_percent": 1.6717139508520007
        },
        "forex": {
            "current": 0.01059781057122203,
            "diff_percent": 5.797942932509532
        }
    },
    "rub2usd": {
        "bank": {
            "current": 0.011764705882352941,
            "sparkline_full": "    79.4                          \n  ████▇▅▄▄▄▄▄▄▄▃▃▃▄▆▆▆▇▇▇▇▆▃  ▁▁  \n                              85.0"
        },
        "korona": {
            "current": 0.011428381046209387,
            "diff_percent": -2.8587611072202126
        },
        "crypto": {
            "current": 0.011938368936891415,
            "diff_percent": 1.4761359635770264
        },
        "forex": {
            "current": 0.012783359134413187,
            "diff_percent": 8.658552642512086
        }
    },
    "xdr": {
        "rub2xdr": {
            "current_rate": 0.008639871798560586,
            "sparkline": "████▆▃▂▂▂▂▂▁▁▁▁▁▂▄▃▂▃▃▃▄▃▂▃▂▁▁"
        },
        "usd2xdr": {
            "current_rate": 0.695452,
            "sparkline": "▅▅▅▅▅▅▅▄▄▄▄▄▄▄▄▅▄▄▄▄▄▄▄▄▄▄▄▄▄▄"
        },
        "eur2xdr": {
            "current_rate": 0.8152506350719123,
            "sparkline": "▄▄▄▄▅▅▅▅▄▄▄▄▄▄▄▄▅▅▄▄▄▄▄▄▄▄▄▄▄▄"
        },
        "cny2xdr": {
            "current_rate": 0.0994376487914382,
            "sparkline": "▅▅▅▅▅▄▄▄▄▄▄▄▄▄▄▄▄▅▄▄▄▄▄▄▅▅▅▅▅▅"
        },
        "rsd2xdr": {
            "current_rate": 0.006957164974980187,
            "sparkline": "▄▄▄▄▄▅▅▅▄▄▄▄▄▄▄▄▄▅▄▄▄▄▄▄▄▄▄▄▄▄"
        }
    },
    "neer": {
        "rub": {
            "current_rate": 95.31969192856133,
            "sparkline": "██▇▆▇▅▃▃▃▃▃▃▂▃▂▂▁▄▅▄▄▄▅▄▄▃▃▃▂▂"
        },
        "usd": {
            "current_rate": 103.065992139204,
            "sparkline": "▅▅▅▅▅▅▅▄▅▄▄▅▅▅▅▅▅▄▄▄▄▄▄▄▄▄▄▄▄▄"
        },
        "eur": {
            "current_rate": 110.50858750008469,
            "sparkline": "▄▄▄▄▄▅▅▅▅▅▅▅▅▅▅▅▅▅▅▅▅▅▅▅▅▄▄▄▄▄"
        },
        "cny": {
            "current_rate": 107.52979571591419,
            "sparkline": "▄▄▄▄▄▄▄▄▄▄▄▅▅▅▅▅▅▄▄▄▄▅▄▄▅▅▅▅▅▅"
        },
        "rsd": {
            "current_rate": 110.2878206221066,
            "sparkline": "▄▄▄▄▄▄▅▅▅▅▄▅▅▅▅▅▅▅▅▅▅▅▅▅▅▅▅▅▅▄"
        }
    },
    "specific_rates": {
        "rub_kzt_bank": 6.0,
        "rub_kzt_crypto": 6.100506526751513,
        "kzt_rsd_bank": 0.1947320172671729,
        "rsd_eur_cash": 0.008451894633046908,
        "eur_rsd_cash": 116.88333333333333,
        "rsd_usd_cash": 0.009810333551340745,
        "usd_rsd_cash": 97.53333333333335,
        "eur_usd_exch": 1.172260105761307,
        "usd_kzt_bank": 504.0
    },
    "update_time": "2026-01-04 23:50:50",
    "update_time_display": "04.01 23:50"
}