{
    "rub2rsd": {
        "bank": {
            "current": 1.1464789186706692,
            "sparkline_full": "     1.20                         \n  ▇▇█▇█▇▇▇▇▇▇▆▆▅▅▅▄▂▁▂▃▃▃▄▃▃▃▃▃▃  \n                   1.13           "
        },
        "korona": {
            "current": 1.1088935667048205,
            "diff_percent": -3.2783290956128965
        },
        "crypto": {
            "current": 1.113702285307319,
            "diff_percent": -2.8588954257749726
        },
        "forex": {
            "current": 1.193570616783295,
            "diff_percent": 4.107506675066302
        }
    },
    "rub2eur": {
        "bank": {
            "current": 0.009874592673052237,
            "sparkline_full": "    96.8                          \n  ▇▇▇█▇▇▇▇▇▇▇▆▆▅▅▅▃▂▁▂▂▂▃▃▃▃▃▃▃▃  \n                   103            "
        },
        "korona": {
            "current": 0.009498017701968484,
            "diff_percent": -3.8135747321651627
        },
        "crypto": {
            "current": 0.009565081394709343,
            "diff_percent": -3.1344207157784876
        },
        "forex": {
            "current": 0.010186120873159807,
            "diff_percent": 3.154846082489357
        }
    },
    "rub2usd": {
        "bank": {
            "current": 0.01163061177017911,
            "sparkline_full": "   83.0                           \n  ▇▇▇▇▇▇▇▇▇▇▇▆▆▆▆▆▄▃▂▂▃▃▄▅▄▄▄▄▄▄  \n                   87.6           "
        },
        "korona": {
            "current": 0.010793902336516748,
            "diff_percent": -7.194027710628995
        },
        "crypto": {
            "current": 0.011242703567702442,
            "diff_percent": -3.3352347248943954
        },
        "forex": {
            "current": 0.011963096240716637,
            "diff_percent": 2.8587014776816537
        }
    },
    "xdr": {
        "rub2xdr": {
            "current_rate": 0.008310859769545167,
            "sparkline": "█▇███████▇▇▆▆▆▆▅▂▁▁▁▂▂▃▃▂▁▂▂▂▂"
        },
        "usd2xdr": {
            "current_rate": 0.694505,
            "sparkline": "▅▅▅▆▆▅▅▅▅▅▅▅▅▅▅▅▄▅▅▅▄▄▅▅▅▃▄▄▄▄"
        },
        "eur2xdr": {
            "current_rate": 0.8159003680629878,
            "sparkline": "▄▄▄▄▄▄▄▄▄▄▄▄▅▄▄▄▄▄▄▄▄▄▄▅▅▄▄▄▄▄"
        },
        "cny2xdr": {
            "current_rate": 0.09762328030696081,
            "sparkline": "▄▄▅▅▅▅▅▅▅▅▅▅▅▅▄▅▄▅▅▅▄▄▅▅▅▄▄▄▄▅"
        },
        "rsd2xdr": {
            "current_rate": 0.006963023094471913,
            "sparkline": "▄▄▄▄▄▄▄▄▄▄▄▄▅▄▄▄▄▄▄▄▄▄▄▅▅▄▄▄▄▄"
        }
    },
    "neer": {
        "rub": {
            "current_rate": 91.61294492092395,
            "sparkline": "████████████▇▇▇▇▅▄▂▁▃▃▁▁▃▃▄▄▄▄"
        },
        "usd": {
            "current_rate": 103.34646232726143,
            "sparkline": "▅▅▅▅▅▅▅▅▅▅▅▅▅▅▅▅▄▅▅▅▄▄▄▄▄▄▄▄▄▄"
        },
        "eur": {
            "current_rate": 110.83442469418362,
            "sparkline": "▅▄▄▄▄▄▄▄▄▄▄▄▄▄▅▅▅▄▄▄▄▅▅▅▅▅▅▅▅▅"
        },
        "cny": {
            "current_rate": 104.66470032652259,
            "sparkline": "▄▄▅▅▅▅▅▅▅▅▅▅▅▅▅▅▅▅▅▅▅▅▅▄▄▄▅▅▅▅"
        },
        "rsd": {
            "current_rate": 110.77364372420092,
            "sparkline": "▄▅▄▄▄▄▄▄▄▅▄▄▄▄▄▄▅▅▅▅▅▄▄▅▅▅▅▅▅▅"
        }
    },
    "update_time": "2025-09-22 01:51:25",
    "update_time_display": "22.09 01:51"
}