{
    "rub2rsd": {
        "bank": {
            "current": 1.190672216643491,
            "sparkline_full": "                      1.26        \n  ▁▁▂▄▆▆▆▅▅▅▆▆▆▇▇▇▇█████▇▄▁▁▁▂▂▁  \n 1.19                             "
        },
        "korona": {
            "current": 1.147479083299158,
            "diff_percent": -3.627625868863788
        },
        "crypto": {
            "current": 1.232528150355802,
            "diff_percent": 3.515319592347843
        },
        "forex": {
            "current": 1.2473619626911496,
            "diff_percent": 4.761154686842959
        }
    },
    "rub2eur": {
        "bank": {
            "current": 0.010280662074637606,
            "sparkline_full": "                      92.8        \n  ▁▁▂▄▆▆▆▆▅▆▆▇▇▇▇▇▇█████▇▄▂▂▂▂▂▂  \n 97.7                             "
        },
        "korona": {
            "current": 0.009828514632112702,
            "diff_percent": -4.39803817343974
        },
        "crypto": {
            "current": 0.010627812297081289,
            "diff_percent": 3.376730213709699
        },
        "forex": {
            "current": 0.010625869123357503,
            "diff_percent": 3.357828962898432
        }
    },
    "rub2usd": {
        "bank": {
            "current": 0.012051096649795132,
            "sparkline_full": "                      79.4        \n  ▁▁▁▃▄▄▄▄▄▅▆▆▆▆▇▇▇█████▇▄▃▃▃▃▃▂  \n  84.1                            "
        },
        "korona": {
            "current": 0.011183228100374669,
            "diff_percent": -7.201573223091002
        },
        "crypto": {
            "current": 0.012433309366855716,
            "diff_percent": 3.1716011261687287
        },
        "forex": {
            "current": 0.012440797355584114,
            "diff_percent": 3.233736456636977
        }
    },
    "xdr": {
        "rub2xdr": {
            "current_rate": 0.008664176542176952,
            "sparkline": "▁▁▂▄▅▅▆▆▅▆▆▇▇▇▇▇█████▇▆▃▂▂▁▂▂▁"
        },
        "usd2xdr": {
            "current_rate": 0.694475,
            "sparkline": "▅▅▅▆▆▆▆▆▅▅▅▅▅▅▅▅▄▄▄▄▄▄▄▄▄▃▃▃▃▃"
        },
        "eur2xdr": {
            "current_rate": 0.8153852114676993,
            "sparkline": "▄▄▄▅▅▅▅▅▅▅▅▅▅▅▅▅▅▄▄▅▄▄▅▅▅▅▄▅▅▄"
        },
        "cny2xdr": {
            "current_rate": 0.09859659833039923,
            "sparkline": "▄▄▄▅▅▅▅▅▅▅▅▅▅▅▅▅▄▄▄▄▄▄▅▄▄▄▄▄▄▄"
        },
        "rsd2xdr": {
            "current_rate": 0.006946000280050409,
            "sparkline": "▅▅▄▅▄▅▅▅▅▅▅▅▄▅▅▅▅▄▄▄▄▄▅▅▅▅▅▅▅▄"
        }
    },
    "neer": {
        "rub": {
            "current_rate": 97.01488921291416,
            "sparkline": "▁▁▁▂▅▅▂▅▄▅▆▇▇▅▆▆▅▇██▇▇█▄▁▂▂▂▂▃"
        },
        "usd": {
            "current_rate": 103.36406218173899,
            "sparkline": "▅▅▅▆▅▅▅▅▅▅▅▅▅▄▅▄▄▄▄▄▄▄▄▄▄▄▄▄▃▃"
        },
        "eur": {
            "current_rate": 110.96687819173516,
            "sparkline": "▄▄▄▄▄▄▄▄▄▄▄▄▄▄▄▄▄▄▄▄▄▄▄▅▅▅▅▅▅▅"
        },
        "cny": {
            "current_rate": 106.93575339770095,
            "sparkline": "▄▄▅▅▅▅▅▅▅▅▅▅▅▄▅▄▄▄▄▄▄▅▄▅▄▄▄▄▅▅"
        },
        "rsd": {
            "current_rate": 110.48751282438114,
            "sparkline": "▅▅▅▅▄▄▄▄▅▅▅▄▄▄▄▄▄▄▄▄▄▄▄▄▅▅▅▅▅▅"
        }
    },
    "specific_rates": {
        "rub_kzt_bank": 6.23,
        "rub_kzt_crypto": 6.440454252031261,
        "kzt_rsd_bank": 0.19137286006915954,
        "rsd_eur_cash": 0.008483563096500531,
        "eur_rsd_cash": 116.75,
        "rsd_usd_cash": 0.009745910198398886,
        "usd_rsd_cash": 98.72142857142856,
        "eur_usd_exch": 1.174103043979552,
        "usd_kzt_bank": 512.0
    },
    "update_time": "2025-12-17 16:36:32",
    "update_time_display": "17.12 16:36"
}