{
    "rub2rsd": {
        "bank": {
            "current": 1.2345407631754324,
            "sparkline_full": "                          1.23    \n  ▃▃▃▃▃▂▃▃▂▂▂▂▂▁▂▁▁▁▁▁▂▃▆████▇██  \n                   1.19           "
        },
        "korona": {
            "current": 1.2020864833452085,
            "diff_percent": -2.6288544532742986
        },
        "crypto": {
            "current": 1.272631046087079,
            "diff_percent": 3.0853807381517764
        },
        "forex": {
            "current": 1.2987202655909402,
            "diff_percent": 5.19865397157305
        }
    },
    "rub2eur": {
        "bank": {
            "current": 0.0106315118009781,
            "sparkline_full": "                              94.1\n  ▄▃▂▂▂▃▃▂▂▂▂▂▁▂▂▂▂▂▁▁▂▂▆▇▇▇▇▆██  \n                   97.7           "
        },
        "korona": {
            "current": 0.010293095270234202,
            "diff_percent": -3.183145888177103
        },
        "crypto": {
            "current": 0.01091075833947906,
            "diff_percent": 2.6265929411400406
        },
        "forex": {
            "current": 0.01106451032029581,
            "diff_percent": 4.072784072702388
        }
    },
    "rub2usd": {
        "bank": {
            "current": 0.012331976815883586,
            "sparkline_full": "                              81.1\n  ▄▂▂▂▂▁▁▁▂▂▂▂▁▁▂▂▂▂▁▁▁▂▅▆▆▆▆▆██  \n             84.2                 "
        },
        "korona": {
            "current": 0.011619975672742469,
            "diff_percent": -5.773617269731321
        },
        "crypto": {
            "current": 0.012631301000704604,
            "diff_percent": 2.427219814713635
        },
        "forex": {
            "current": 0.012779503720752509,
            "diff_percent": 3.6289956715820972
        }
    },
    "xdr": {
        "rub2xdr": {
            "current_rate": 0.009014137670403264,
            "sparkline": "▃▃▃▂▂▃▂▂▃▂▂▁▁▁▂▂▂▄▁▁▂▃▆▇▇██▇██"
        },
        "usd2xdr": {
            "current_rate": 0.702676,
            "sparkline": "▃▄▄▃▅▅▅▅▅▄▄▄▄▄▄▄▄▆▃▄▄▄▅▅▅▅▅▄▄▃"
        },
        "eur2xdr": {
            "current_rate": 0.8146892550561848,
            "sparkline": "▂▃▃▃▃▃▃▃▄▄▄▃▄▃▄▄▄▇▃▃▃▂▃▃▃▄▄▃▄▃"
        },
        "cny2xdr": {
            "current_rate": 0.0992508262945281,
            "sparkline": "▃▃▃▃▄▄▄▄▅▄▄▃▄▃▄▄▄▆▃▃▄▄▅▅▅▅▅▄▄▄"
        },
        "rsd2xdr": {
            "current_rate": 0.006940784639486375,
            "sparkline": "▂▃▂▃▃▃▃▃▄▄▄▃▄▃▄▄▄▇▃▃▃▂▃▃▃▃▄▃▃▃"
        }
    },
    "neer": {
        "rub": {
            "current_rate": 99.16959769486054,
            "sparkline": "▅▃▃▃▃▃▃▂▁▁▁▁▂▁▁▂▂▂▂▁▂▂▃▇▇▃▇▆▇█"
        },
        "usd": {
            "current_rate": 104.4289588428871,
            "sparkline": "▅▅▅▅▅▅▅▅▅▅▄▄▄▄▄▄▄▄▄▄▄▅▅▅▅▅▅▄▄▄"
        },
        "eur": {
            "current_rate": 110.13522474180607,
            "sparkline": "▄▄▄▄▄▄▄▄▅▅▅▅▅▅▅▅▅▅▅▅▅▄▄▄▄▄▄▅▅▄"
        },
        "cny": {
            "current_rate": 106.89820402655724,
            "sparkline": "▄▄▄▄▄▄▄▄▄▄▄▄▄▄▄▄▄▄▄▄▄▅▅▅▅▅▅▅▅▅"
        },
        "rsd": {
            "current_rate": 109.98292936513195,
            "sparkline": "▆▅▅▅▅▅▄▄▄▅▅▅▅▅▅▄▄▅▅▅▃▄▄▄▄▄▅▄▄▄"
        }
    },
    "specific_rates": {
        "rub_kzt_bank": 6.4,
        "rub_kzt_crypto": 6.568276520366394,
        "kzt_rsd_bank": 0.19375418226394778,
        "rsd_eur_cash": 0.00849514563106796,
        "eur_rsd_cash": 116.78571428571429,
        "rsd_usd_cash": 0.009666505558240696,
        "usd_rsd_cash": 99.51428571428572,
        "eur_usd_exch": 1.1594095359115508,
        "usd_kzt_bank": 514.0
    },
    "update_time": "2025-11-28 04:05:49",
    "update_time_display": "28.11 04:05"
}