{
    "rub2rsd": {
        "bank": {
            "current": 1.1874042728553014,
            "sparkline_full": "                        1.22      \n           ▅▄▃▄▄▄▆▅▅ ▆▅▅▅▆▃▄▃▄▄▃  \n                              1.19"
        },
        "korona": {
            "current": 1.1542598637212418,
            "diff_percent": -2.791333153480963
        },
        "crypto": {
            "current": 1.2357572155796193,
            "diff_percent": 4.0721550216461315
        },
        "forex": {
            "current": 1.2438426736834454,
            "diff_percent": 4.753090595878431
        }
    },
    "rub2eur": {
        "bank": {
            "current": 0.010230179028132993,
            "sparkline_full": "                      95.8        \n           ▅▃▄▃▃▃▅▆▅▅▆▆▆▅▆▅▄▄▅▅▄  \n           98.5                   "
        },
        "korona": {
            "current": 0.00988236184692844,
            "diff_percent": -3.399912946274509
        },
        "crypto": {
            "current": 0.010637059989993553,
            "diff_percent": 3.977261402186974
        },
        "forex": {
            "current": 0.010623810482839157,
            "diff_percent": 3.8477474697527483
        }
    },
    "rub2usd": {
        "bank": {
            "current": 0.011640088464672332,
            "sparkline_full": "                        83.5      \n           ▁▁▁▄▄▄▇▇▆▆███▇█▇▅▅▆▆▅  \n           89.1                   "
        },
        "korona": {
            "current": 0.010673590479043617,
            "diff_percent": -8.303184194536284
        },
        "crypto": {
            "current": 0.012078675090283096,
            "diff_percent": 3.767897700622074
        },
        "forex": {
            "current": 0.01209849627789762,
            "diff_percent": 3.9381815234184527
        }
    },
    "xdr": {
        "rub2xdr": {
            "current_rate": 0.00865420244473675,
            "sparkline": "                ▅▃▃▅▅▅█▅▃▁▃▅▅▂"
        },
        "usd2xdr": {
            "current_rate": 0.717831,
            "sparkline": "                ▆▆▆▆▆▆▆▂▅▅▇▇▇▆"
        },
        "eur2xdr": {
            "current_rate": 0.81460436994015,
            "sparkline": "                ▂▄▄▄▄▄▇▃▂▂▄▅▅▃"
        },
        "cny2xdr": {
            "current_rate": 0.09849897772959919,
            "sparkline": "                ▅▅▆▆▆▆▆▂▄▅▇▇▇▆"
        },
        "rsd2xdr": {
            "current_rate": 0.006957634295588754,
            "sparkline": "                ▄▄▄▄▅▅▅▄▄▄▅▅▅▄"
        }
    },
    "neer": {
        "rub": {
            "current_rate": 94.62169559939032,
            "sparkline": "▆▆▄▅▄▄▅▅▅▃▃▂▂▂▂▂▅▆▅▆▆▆▆▇▆▄▄▅▅▅"
        },
        "usd": {
            "current_rate": 106.06794102495171,
            "sparkline": "▆▆▆▆▅▅▅▆▆▆▆▅▄▄▄▄▄▃▃▃▃▃▃▃▃▃▃▃▃▃"
        },
        "eur": {
            "current_rate": 109.25907999753774,
            "sparkline": "▂▂▂▂▄▄▄▄▄▄▅▅▆▇▇▇▆▆▆▆▆▆▆▇▆▆▆▆▆▆"
        },
        "cny": {
            "current_rate": 103.88896607497252,
            "sparkline": "▇▇▇▆▅▅▅▅▆▅▅▅▄▃▃▃▃▃▃▃▃▃▃▂▃▃▃▃▃▃"
        },
        "rsd": {
            "current_rate": 109.96450419332139,
            "sparkline": "▄▄▄▃▂▅▅▅▅▅▅▄▅▅▅▆▄▅▅▅▅▅▇▆▅▅▅▅▅▅"
        }
    },
    "update_time": "2025-04-28 10:35:54",
    "update_time_display": "28.04 10:35"
}