{
    "rub2rsd": {
        "bank": {
            "current": 1.2239298743398275,
            "sparkline_full": "       1.24                       \n  ▇▇▇▇▆▇█▇▇▇▇▇▆▅▄▃▄▄▃▁▁▄▆▄▄▅▄▄▄▅  \n                    1.19          "
        },
        "korona": {
            "current": 1.1745638622137637,
            "diff_percent": -4.033402007830811
        },
        "crypto": {
            "current": 1.197384924041599,
            "diff_percent": -2.1688293467423096
        },
        "forex": {
            "current": 1.2676066521661176,
            "diff_percent": 3.5685686526647458
        }
    },
    "rub2eur": {
        "bank": {
            "current": 0.01052188552188552,
            "sparkline_full": "        93.4                      \n  ▇▇▇▇▇▇▇█▇▇▇▇▇▅▄▃▃▃▃▁▁▄▆▅▅▄▄▄▄▅  \n                    97.6          "
        },
        "korona": {
            "current": 0.010056197450460306,
            "diff_percent": -4.425899430825246
        },
        "crypto": {
            "current": 0.01026861450130647,
            "diff_percent": -2.407087779583291
        },
        "forex": {
            "current": 0.010822098810567251,
            "diff_percent": 2.8532270956311634
        }
    },
    "rub2usd": {
        "bank": {
            "current": 0.012294074256208506,
            "sparkline_full": "    80.1                          \n  ████████▇▇▇█▇▆▆▅▅▅▅▁▁▃▃▃▃▄▄▃▅▆  \n                     84.1         "
        },
        "korona": {
            "current": 0.011511570031497192,
            "diff_percent": -6.364889363801826
        },
        "crypto": {
            "current": 0.011973734990453302,
            "diff_percent": -2.6056395876528264
        },
        "forex": {
            "current": 0.012596885797893045,
            "diff_percent": 2.4630690800620427
        }
    },
    "xdr": {
        "rub2xdr": {
            "current_rate": 0.008834160875286264,
            "sparkline": "██▇▇▇████▇▇█▇▆▅▄▄▄▃▁▁▂▂▃▄▆▅▅▆▆"
        },
        "usd2xdr": {
            "current_rate": 0.700098,
            "sparkline": "▄▄▄▄▄▄▅▅▅▅▅▅▄▄▃▄▄▄▃▃▃▃▄▄▄▆▆▆▅▅"
        },
        "eur2xdr": {
            "current_rate": 0.8163075416258572,
            "sparkline": "▆▅▅▅▅▆▆▆▆▆▆▆▆▆▆▆▆▆▅▄▃▂▃▄▄▆▆▆▇▆"
        },
        "cny2xdr": {
            "current_rate": 0.09748088945822136,
            "sparkline": "▄▄▄▄▄▅▅▅▅▅▅▅▅▄▄▄▄▄▄▄▄▃▃▃▃▆▆▆▆▅"
        },
        "rsd2xdr": {
            "current_rate": 0.0069691657583132996,
            "sparkline": "▆▆▆▆▅▆▆▆▆▆▆▆▆▆▆▆▆▆▅▄▃▂▃▄▄▆▆▆▇▆"
        }
    },
    "neer": {
        "rub": {
            "current_rate": 97.05069558287599,
            "sparkline": "▇█▇▇█▇██▇▇▇▇▇▇▆▆▄▄▆▆▁▂▅▅▅▄▅▅▄▅"
        },
        "usd": {
            "current_rate": 103.83869392707751,
            "sparkline": "▃▄▃▃▄▄▄▅▄▄▄▄▄▃▃▃▃▃▄▅▅▆▆▅▅▅▅▅▄▄"
        },
        "eur": {
            "current_rate": 110.46746381876822,
            "sparkline": "▅▅▅▅▅▅▄▄▅▅▅▅▅▅▅▅▆▆▅▄▄▄▃▅▅▄▄▄▅▅"
        },
        "cny": {
            "current_rate": 103.69189728869623,
            "sparkline": "▃▄▄▄▄▄▄▅▄▄▄▄▄▄▄▄▄▄▄▅▅▆▆▄▄▅▅▅▄▄"
        },
        "rsd": {
            "current_rate": 110.48129598615334,
            "sparkline": "▅▅▅▅▅▅▅▅▅▅▅▄▅▅▅▅▅▅▄▆▄▃▅▅▅▅▆▅▅▅"
        }
    },
    "update_time": "2025-08-08 07:20:41",
    "update_time_display": "08.08 07:20"
}