{
    "rub2rsd": {
        "bank": {
            "current": 1.2291805772776518,
            "sparkline_full": "                              1.23\n  ▂▂▅▇▇▃▁▁▂▂▂▄▃▁▁▁▄▅▄▃▃▃▃▃▃▄▃▃▃█  \n        1.18                      "
        },
        "korona": {
            "current": 1.160587212949356,
            "diff_percent": -5.580413943752201
        },
        "crypto": {
            "current": 1.2551427792619032,
            "diff_percent": 2.1121552409940927
        },
        "forex": {
            "current": 1.249348597379835,
            "diff_percent": 1.6407695073453465
        }
    },
    "rub2eur": {
        "bank": {
            "current": 0.010615711252653927,
            "sparkline_full": "                              94.2\n  ▃▃▅▇▇▂▁▁▁▂▂▂▂▁▁▁▄▅▄▃▂▂▃▃▃▃▃▂▂█  \n        98.2                      "
        },
        "korona": {
            "current": 0.009937749835651977,
            "diff_percent": -6.386396548158367
        },
        "crypto": {
            "current": 0.010808353523954062,
            "diff_percent": 1.8146901956472714
        },
        "forex": {
            "current": 0.010662207423862211,
            "diff_percent": 0.43799393278203247
        }
    },
    "rub2usd": {
        "bank": {
            "current": 0.012269938650306749,
            "sparkline_full": "     81.4                         \n  ▃▃▅▇█▄▂▂▃▃▂▄▃▁▁▁▅▆▅▃▂▂▂▂▁▂▂▂▂█  \n                84.3              "
        },
        "korona": {
            "current": 0.011310978754814467,
            "diff_percent": -7.815523148262095
        },
        "crypto": {
            "current": 0.012501970173006693,
            "diff_percent": 1.8910569100045491
        },
        "forex": {
            "current": 0.012311374355653444,
            "diff_percent": 0.3377009985755673
        }
    },
    "xdr": {
        "rub2xdr": {
            "current_rate": 0.00869311828978212,
            "sparkline": "▂▃▆█▆▂▂▁▁▂▁▁▃▇▆▅▆▆▅▅▅▄▄▅▄▄▅▄▄▃"
        },
        "usd2xdr": {
            "current_rate": 0.704795,
            "sparkline": "▄▄▄▄▃▃▃▃▃▃▃▄▄▄▄▃▃▃▃▄▄▄▅▆▆▆▆▅▅▄"
        },
        "eur2xdr": {
            "current_rate": 0.8153206877524035,
            "sparkline": "▄▄▄▅▅▅▄▄▄▄▃▄▄▄▄▄▅▄▃▄▄▄▄▄▄▅▆▅▅▄"
        },
        "cny2xdr": {
            "current_rate": 0.09899640419136445,
            "sparkline": "▄▄▄▄▃▃▃▃▃▃▃▄▄▄▄▄▄▄▄▄▄▄▅▆▆▆▆▅▅▅"
        },
        "rsd2xdr": {
            "current_rate": 0.006958120662250348,
            "sparkline": "▄▄▄▅▅▅▅▄▄▄▃▄▄▄▄▄▅▄▃▄▃▄▄▄▄▅▆▅▅▄"
        }
    },
    "neer": {
        "rub": {
            "current_rate": 95.54088679628204,
            "sparkline": "▂▂▄▅█▇▂▂▇▂▂▁▂▆▅▂▇▅▇▅▅▄▅▅▄▃▃▄▃▃"
        },
        "usd": {
            "current_rate": 104.54897724156217,
            "sparkline": "▄▄▅▄▄▄▄▄▄▄▄▄▄▄▄▄▄▄▅▅▅▄▅▅▅▅▅▄▅▅"
        },
        "eur": {
            "current_rate": 110.1617327158939,
            "sparkline": "▅▄▄▅▅▅▅▅▅▄▄▄▅▅▅▅▅▅▄▄▄▅▄▄▄▄▄▅▅▄"
        },
        "cny": {
            "current_rate": 106.17936576116148,
            "sparkline": "▄▄▄▄▄▄▄▄▄▄▄▅▅▄▄▅▅▅▅▅▅▅▅▅▅▅▅▅▅▅"
        },
        "rsd": {
            "current_rate": 110.49278618211117,
            "sparkline": "▅▅▅▅▅▅▄▅▅▅▅▅▄▄▄▄▅▄▅▄▄▄▄▄▄▄▄▄▄▅"
        }
    },
    "update_time": "2025-11-10 12:05:46",
    "update_time_display": "10.11 12:05"
}