{
    "rub2rsd": {
        "bank": {
            "current": 1.2372532089111787,
            "sparkline_full": "    1.26                          \n  ▅▆▇█▇▇▇         ▁▁▁▁▁▂▄▅▅▅▅▄▄▅  \n                 1.21             "
        },
        "korona": {
            "current": 1.200322519207088,
            "diff_percent": -2.9848934266730085
        },
        "crypto": {
            "current": 1.1772213743969104,
            "diff_percent": -4.852024959959342
        },
        "forex": {
            "current": 1.2931623233613607,
            "diff_percent": 4.518809411646929
        }
    },
    "rub2eur": {
        "bank": {
            "current": 0.010656436487638534,
            "sparkline_full": "      92.8                        \n  ▆▇████▇         ▂▁▂▂▂▂▄▄▅▅▅▄▅▅  \n                  95.5            "
        },
        "korona": {
            "current": 0.01028113506815493,
            "diff_percent": -3.5218285204341386
        },
        "crypto": {
            "current": 0.010084584241669262,
            "diff_percent": -5.36626147617565
        },
        "forex": {
            "current": 0.011038880661256412,
            "diff_percent": 3.5888561252301665
        }
    },
    "rub2usd": {
        "bank": {
            "current": 0.0124750499001996,
            "sparkline_full": "                           80.1   \n  ▄▄▄▄▅▅▄         ▃▃▄▄▄▄▅▆▆▆▆▅▅▆  \n                  81.0            "
        },
        "korona": {
            "current": 0.01176786783536361,
            "diff_percent": -5.6687714317253075
        },
        "crypto": {
            "current": 0.011782839676879412,
            "diff_percent": -5.5487571501346356
        },
        "forex": {
            "current": 0.012827354076020031,
            "diff_percent": 2.824070273376572
        }
    },
    "xdr": {
        "rub2xdr": {
            "current_rate": 0.00895260115180479,
            "sparkline": "▂▂▃▃▃▃▃         ▂▇████▁▂▂▁▁▁▂▂"
        },
        "usd2xdr": {
            "current_rate": 0.698956,
            "sparkline": "▂▂▃▃▃▃▃         ▃█████▁▁▁▁▁▁▁▁"
        },
        "eur2xdr": {
            "current_rate": 0.811006244793105,
            "sparkline": "▁▁▁▁▁▁▁         ▃█████▁▁▁▁▁▁▁▁"
        },
        "cny2xdr": {
            "current_rate": 0.09744263209256936,
            "sparkline": "▂▂▂▂▃▃▃         ▃█████▁▁▁▁▁▁▁▁"
        },
        "rsd2xdr": {
            "current_rate": 0.006923029684729747,
            "sparkline": "▁▁▁▁▁▁▁         ▃█████▁▁▁▁▁▁▁▁"
        }
    },
    "neer": {
        "rub": {
            "current_rate": 98.42698616179244,
            "sparkline": "▅▅▅▆▆▆▇▅▅▄▄▄▄▄▂▃▂▂▂▂▂▃▄▄▇▆▅▅▆▆"
        },
        "usd": {
            "current_rate": 103.74546872526308,
            "sparkline": "▄▅▆▅▆▆▇▅▅▄▃▃▃▃▂▃▃▂▂▂▃▃▃▃▄▄▄▄▄▄"
        },
        "eur": {
            "current_rate": 110.36806652538665,
            "sparkline": "▃▃▃▃▄▄▃▄▄▅▅▅▅▅▆▆▆▆▆▆▆▆▆▆▅▆▆▆▆▆"
        },
        "cny": {
            "current_rate": 103.68193483274722,
            "sparkline": "▄▅▅▅▅▅▆▄▅▄▃▃▃▃▃▃▃▃▃▃▄▄▄▄▄▄▄▅▅▅"
        },
        "rsd": {
            "current_rate": 110.42443353736806,
            "sparkline": "▃▃▃▄▃▃▄▄▄▄▄▄▄▅▃▆▃▄▄▄▄▄▄▄▄▄▄▄▄▄"
        }
    },
    "update_time": "2025-07-16 00:36:26",
    "update_time_display": "16.07 00:36"
}