{
    "rub2rsd": {
        "bank": {
            "current": 1.1903317252286802,
            "sparkline_full": "  1.22                            \n  ██▇▆██▆▆▅▇▆▅▆▄▄▃▃▄▇▇▁▁▁▃▂▃▁▁▁▁  \n                       1.19       "
        },
        "korona": {
            "current": 1.1459667485110745,
            "diff_percent": -3.7271103321288517
        },
        "crypto": {
            "current": 1.1970927945744323,
            "diff_percent": 0.5679987521506364
        },
        "forex": {
            "current": 1.2421956189980674,
            "diff_percent": 4.3570958137256515
        }
    },
    "rub2eur": {
        "bank": {
            "current": 0.010300782859497322,
            "sparkline_full": " 95.3                             \n  █▇▇▆▇▇▅▅▆▇▅▅▄▄▄▃▂▄▄▄▁▁▁▃▃▃▂▂▂▂  \n                       97.5       "
        },
        "korona": {
            "current": 0.009812559314467915,
            "diff_percent": -4.739674175145478
        },
        "crypto": {
            "current": 0.010323997761853831,
            "diff_percent": 0.22537027207699448
        },
        "forex": {
            "current": 0.010600387274084378,
            "diff_percent": 2.9085596568111383
        }
    },
    "rub2usd": {
        "bank": {
            "current": 0.01201634222542658,
            "sparkline_full": "      81.9                        \n  ▄▅▅▄▇▇▆▆▅▆▆▆▅▅▅▄▃▄▇▆▂▂▂▃▂▂▂▂▂▂  \n                           83.3   "
        },
        "korona": {
            "current": 0.011198111592905034,
            "diff_percent": -6.809315323844299
        },
        "crypto": {
            "current": 0.012019266767029092,
            "diff_percent": 0.024338035216108805
        },
        "forex": {
            "current": 0.012448401376295257,
            "diff_percent": 3.595596253529132
        }
    },
    "xdr": {
        "rub2xdr": {
            "current_rate": 0.008656061426707143,
            "sparkline": "▃█▇▇█▆▅▅▆▇█▇▆▆▅▃▁▁▂▃▃▂▁▂▃▃▂▄▃▁"
        },
        "usd2xdr": {
            "current_rate": 0.697453,
            "sparkline": "▂▇▇▇▇▅▅▅▅▆▆▆▆▇▅▃▃▄▅▅▅▃▃▅▅▅▄▄▄▄"
        },
        "eur2xdr": {
            "current_rate": 0.8165797345790673,
            "sparkline": "▁▅▄▆▇▅▅▅▅▅▇▇▇█▇▄▄▄▄▅▇▅▄▄▄▅▅▅▄▅"
        },
        "cny2xdr": {
            "current_rate": 0.09780852078308183,
            "sparkline": "▁▇▇▇▇▅▅▅▅▆▇▇▇█▆▄▄▄▅▆▆▄▅▆▇█▇▇▇▆"
        },
        "rsd2xdr": {
            "current_rate": 0.006968356106173492,
            "sparkline": "▁▅▅▆▇▅▅▅▅▆▇▇▇█▇▅▄▄▄▅▇▅▅▅▅▆▅▅▅▅"
        }
    },
    "neer": {
        "rub": {
            "current_rate": 95.330650485606,
            "sparkline": "▆▅█▅▄▇▅▅█▇▄▅▅▄▃▅▂▃▅▄▂▁▃▂▃▃▂▃▃▂"
        },
        "usd": {
            "current_rate": 103.65363801671009,
            "sparkline": "▆▅▆▅▄▄▄▄▅▅▃▄▄▄▄▄▄▅▅▅▃▃▄▄▄▄▃▃▃▃"
        },
        "eur": {
            "current_rate": 110.5958811718088,
            "sparkline": "▄▃▃▄▄▄▄▄▄▄▅▅▅▅▆▅▅▅▅▄▆▆▅▅▄▄▄▅▅▅"
        },
        "cny": {
            "current_rate": 104.58083099241409,
            "sparkline": "▃▅▅▄▄▄▃▄▄▄▃▃▃▃▃▄▄▅▅▅▄▄▅▅▆▅▆▆▆▆"
        },
        "rsd": {
            "current_rate": 110.54401306158023,
            "sparkline": "▄▄▄▄▅▄▄▄▅▄▄▅▅▄▄▂▂▆▃▇▅▅▂▃▄▄▄▄▄▄"
        }
    },
    "update_time": "2025-09-01 16:20:42",
    "update_time_display": "01.09 16:20"
}