{
    "rub2rsd": {
        "bank": {
            "current": 1.2508808164257075,
            "sparkline_full": "         1.34                     \n  ▇▅▅▅▆▆▆▇█▇▇▇▇▇▇ ▆   ▇▇▇▆▄▂▂▃▃▁  \n                              1.25"
        },
        "korona": {
            "current": 1.2098138399989502,
            "diff_percent": -3.2830447063776145
        },
        "crypto": {
            "current": 1.3396437869213764,
            "diff_percent": 7.096037394617824
        },
        "forex": {
            "current": 1.3047806526024817,
            "diff_percent": 4.3089505785841915
        }
    },
    "rub2eur": {
        "bank": {
            "current": 0.010646225912913872,
            "sparkline_full": "          86.5                    \n  ▇▆▅▅▅▅▆▇███▇▇▇▇ ▇▇▇▇▇▆▆▆▃▁▁▂▂▁  \n                              93.9"
        },
        "korona": {
            "current": 0.010357995205470464,
            "diff_percent": -2.7073510350159324
        },
        "crypto": {
            "current": 0.011342446772383078,
            "diff_percent": 6.53960253299426
        },
        "forex": {
            "current": 0.011119491799519222,
            "diff_percent": 4.445386472884056
        }
    },
    "rub2usd": {
        "bank": {
            "current": 0.012149192078726764,
            "sparkline_full": "         74.8                     \n  █▇▆▇▇▇▇████████ ▇▇▇▇▇▆▅▅▃▁▁▁▂▁  \n                              82.3"
        },
        "korona": {
            "current": 0.011559651309807628,
            "diff_percent": -4.852510068973411
        },
        "crypto": {
            "current": 0.012917460106579277,
            "diff_percent": 6.323614137254033
        },
        "forex": {
            "current": 0.012776352504676146,
            "diff_percent": 5.16215746598936
        }
    },
    "xdr": {
        "rub2xdr": {
            "current_rate": 0.009068315775106257,
            "sparkline": "▅▄▄▅▄▄▅▆▇▆▆▆▆▆▆ ▅▅██▅▅▅▄▂▁▁▁▁▁"
        },
        "usd2xdr": {
            "current_rate": 0.715018,
            "sparkline": "▃▃▃▃▃▃▃▃▃▃▃▃▃▃▃ ▃▃▆▆▄▄▄▄▄▄▄▄▄▄"
        },
        "eur2xdr": {
            "current_rate": 0.815533294021436,
            "sparkline": "▄▃▄▃▃▃▄▄▄▄▄▄▄▄▄ ▃▃▆▆▄▃▃▄▄▄▄▄▄▄"
        },
        "cny2xdr": {
            "current_rate": 0.10525186210145142,
            "sparkline": "▃▃▃▃▃▃▃▃▃▃▃▃▃▃▃ ▃▃▆▆▄▄▄▄▄▄▄▄▄▄"
        },
        "rsd2xdr": {
            "current_rate": 0.006950069160681399,
            "sparkline": "▄▃▄▃▃▃▄▄▄▄▄▄▄▄▄ ▃▃▆▆▄▄▃▄▄▄▄▄▄▄"
        }
    },
    "neer": {
        "rub": {
            "current_rate": 98.66765979339112,
            "sparkline": "█▇▆▅▆▆▅▆███▇▇█▇▇▇▇▇▇▇▆▆▅▅▂▁▂▃▁"
        },
        "usd": {
            "current_rate": 103.95857024415318,
            "sparkline": "▄▄▄▄▅▅▄▄▄▄▄▄▄▄▄▄▄▄▅▅▅▅▅▅▅▅▅▅▅▅"
        },
        "eur": {
            "current_rate": 108.72732023776055,
            "sparkline": "▅▅▅▅▄▄▅▅▅▅▅▅▅▅▅▅▄▄▄▄▄▄▄▄▄▄▄▄▄▄"
        },
        "cny": {
            "current_rate": 113.26943304233947,
            "sparkline": "▄▄▄▄▄▄▅▅▅▅▅▄▄▄▄▅▅▅▄▄▅▅▄▄▄▄▄▄▄▅"
        },
        "rsd": {
            "current_rate": 109.54812083566426,
            "sparkline": "▆▆▆▆▃▃▆▆▆▆▆▃▃▆▆▆▆▆▃▃▅▆▃▃▃▃▃▃▃▃"
        }
    },
    "specific_rates": {
        "rub_kzt_bank": 5.85,
        "rub_kzt_crypto": 6.232674501424501,
        "kzt_rsd_bank": 0.2149388335,
        "rsd_eur_cash": 0.00844880027036161,
        "eur_rsd_cash": 116.8,
        "rsd_usd_cash": 0.009554900867903494,
        "usd_rsd_cash": 100.8,
        "eur_usd_exch": 1.1405772917904669,
        "usd_kzt_bank": 475.5
    },
    "conversion_rates": {
        "rub_usd": {
            "rub_to_usd": [
                0.012149192078726764,
                0.01218026796589525
            ],
            "usd_to_rub": [
                76.77,
                77.3
            ]
        },
        "rub_eur": {
            "rub_to_eur": [
                0.010646225912913872,
                0.010672358591248666
            ],
            "eur_to_rub": [
                87.5,
                88.4
            ]
        },
        "rub_kzt": {
            "rub_to_kzt": [
                5.85,
                5.9171597633136095
            ],
            "kzt_to_rub": [
                0.16129032258064516,
                0.159
            ]
        },
        "rub_rsd": {
            "rub_to_rsd": [
                1.3302312279
            ],
            "rsd_to_rub": [
                0.751749003501198
            ]
        },
        "usd_eur": {
            "usd_to_eur": [
                0.8692628650904033
            ],
            "eur_to_usd": [
                1.1304
            ]
        },
        "usd_kzt": {
            "usd_to_kzt": [
                475.5
            ],
            "kzt_to_usd": [
                0.002072538860103627
            ]
        },
        "usd_rsd": {
            "usd_to_rsd": [
                102.95999999999998
            ],
            "rsd_to_usd": [
                0.009712509712509714
            ]
        },
        "eur_kzt": {
            "eur_to_kzt": [
                542.5
            ],
            "kzt_to_eur": [
                0.0018198362147406734
            ]
        },
        "eur_rsd": {
            "eur_to_rsd": [
                117.77582621380002
            ],
            "rsd_to_eur": [
                0.008490706727751473
            ]
        },
        "kzt_rsd": {
            "kzt_to_rsd": [
                0.2149388335
            ],
            "rsd_to_kzt": [
                4.652486401439412
            ]
        },
        "eur_usd_forex": {
            "eur_to_usd": [
                1.1405772917904669
            ],
            "usd_to_eur": [
                0.876749
            ]
        }
    },
    "update_time": "2026-07-01 08:50:48",
    "update_time_display": "01.07 08:50"
}