{
    "rub2rsd": {
        "bank": {
            "current": 1.2148737590719285,
            "sparkline_full": "           1.24                   \n  鈻勨杽鈻呪枀鈻呪枂鈻嗏枂鈻呪枂鈻嗏枀鈻呪杽鈻勨杽鈻呪枂鈻呪杽鈻勨杽鈻勨杽鈻冣杽鈻冣杻鈻冣杻  \n                           1.21   "
        },
        "korona": {
            "current": 1.1827585481161431,
            "diff_percent": -2.643501904289956
        },
        "crypto": {
            "current": 1.2303828509609127,
            "diff_percent": 1.276601109635619
        },
        "forex": {
            "current": 1.270261459386749,
            "diff_percent": 4.5591321650681165
        }
    },
    "rub2eur": {
        "bank": {
            "current": 0.010424267695194412,
            "sparkline_full": "                   93.5           \n  鈻勨枀鈻呪枂鈻呪枂鈻嗏枂鈻呪枂鈻嗏枀鈻呪杽鈻勨枀鈻嗏枂鈻嗏杽鈻勨杽鈻勨杽鈻冣杽鈻冣杻鈻冣杻  \n                              95.9"
        },
        "korona": {
            "current": 0.010124912667565785,
            "diff_percent": -2.8717127800414115
        },
        "crypto": {
            "current": 0.01047607159592021,
            "diff_percent": 0.49695481966259053
        },
        "forex": {
            "current": 0.010821433101333518,
            "diff_percent": 3.810007741092448
        }
    },
    "rub2usd": {
        "bank": {
            "current": 0.011967448539971278,
            "sparkline_full": "           79.3                   \n  鈻団枅鈻堚枅鈻堚枅鈻団枃鈻団枅鈻堚枅鈻団枃鈻団枃鈻嗏枂鈻呪杽鈻冣杻鈻冣杽鈻冣杻鈻佲杹鈻佲杹  \n                              83.6"
        },
        "korona": {
            "current": 0.011414384753099239,
            "diff_percent": -4.6214010031027595
        },
        "crypto": {
            "current": 0.012002948427714249,
            "diff_percent": 0.29663706198026357
        },
        "forex": {
            "current": 0.012464880200036398,
            "diff_percent": 4.156538951504144
        }
    },
    "xdr": {
        "rub2xdr": {
            "current_rate": 0.008829172409414277,
            "sparkline": "鈻呪枀鈻嗏枂鈻嗏枃鈻団枃鈻嗏枃鈻団枀鈻呪枀鈻呪枀鈻嗏枃鈻呪杽鈻冣杺鈻呪杽鈻冣杻鈻冣杽鈻勨杺"
        },
        "usd2xdr": {
            "current_rate": 0.71253,
            "sparkline": "鈻佲杹鈻佲杹鈻佲杺鈻傗杺鈻傗杺鈻傗杺鈻傗杺鈻傗杺鈻勨枀鈻呪枀鈻呪枀鈻団枀鈻呪枂鈻団枅鈻堚枅"
        },
        "eur2xdr": {
            "current_rate": 0.8158967788033789,
            "sparkline": "鈻呪枀鈻呪枀鈻勨枀鈻呪枀鈻呪枀鈻呪枀鈻呪枀鈻呪杽鈻冣枀鈻呪杽鈻呪枀鈻嗏枀鈻勨杽鈻勨杽鈻呪枀"
        },
        "cny2xdr": {
            "current_rate": 0.10326072779444373,
            "sparkline": "鈻佲杹鈻佲杹鈻佲杺鈻傗杺鈻佲杻鈻冣杽鈻冣杻鈻冣杻鈻勨枀鈻呪枀鈻呪枀鈻団枂鈻嗏枃鈻堚枅鈻堚枅"
        },
        "rsd2xdr": {
            "current_rate": 0.006950673299713261,
            "sparkline": "鈻呪枀鈻呪杽鈻勨枀鈻呪枀鈻勨枀鈻呪枀鈻呪枀鈻呪杽鈻冣枀鈻勨杽鈻呪枀鈻嗏枀鈻勨杽鈻勨杻鈻呪枀"
        }
    },
    "neer": {
        "rub": {
            "current_rate": 96.15466630135174,
            "sparkline": "鈻呪枀鈻嗏枂鈻団枂鈻嗏枂鈻嗏枂鈻嗏枂鈻呪枀鈻呪枂鈻団枀鈻呪枀鈻冣杻鈻呪杽鈻冣杻鈻冣杻鈻傗杺"
        },
        "usd": {
            "current_rate": 103.59784589510932,
            "sparkline": "鈻冣杻鈻冣杻鈻勨杻鈻冣杻鈻冣杻鈻冣杻鈻冣杻鈻冣杽鈻呪枀鈻呪枀鈻呪枀鈻嗏杽鈻勨枀鈻嗏枂鈻嗏枂"
        },
        "eur": {
            "current_rate": 108.85919280208257,
            "sparkline": "鈻呪枂鈻呪枂鈻呪枀鈻呪枀鈻呪枀鈻呪枀鈻呪枀鈻呪枀鈻呪枀鈻勨杽鈻勨杽鈻勨杽鈻勨杽鈻勨杽鈻勨杻"
        },
        "cny": {
            "current_rate": 110.44599893261653,
            "sparkline": "鈻傗杻鈻冣杻鈻冣杻鈻冣杻鈻冣杽鈻勨杽鈻勨杽鈻勨枀鈻呪枀鈻呪枀鈻呪枀鈻呪枀鈻嗏枂鈻嗏枃鈻団枂"
        },
        "rsd": {
            "current_rate": 109.79707539772252,
            "sparkline": "鈻呪枀鈻呪枀鈻呪杽鈻呪枀鈻呪杽鈻勨杽鈻呪枀鈻勨枀鈻勨杽鈻勨枀鈻呪枀鈻呪杽鈻勨杽鈻勨杽鈻勨杽"
        }
    },
    "specific_rates": {
        "rub_kzt_bank": 5.9,
        "rub_kzt_crypto": 5.929456523290839,
        "kzt_rsd_bank": 0.20750347795417382,
        "rsd_eur_cash": 0.008440005626670417,
        "eur_rsd_cash": 116.81666666666666,
        "rsd_usd_cash": 0.009650646593321752,
        "usd_rsd_cash": 99.92999999999999,
        "eur_usd_exch": 1.1450700725630905,
        "usd_kzt_bank": 487.0
    },
    "update_time": "2026-03-16 05:07:10",
    "update_time_display": "16.03 05:07"
}