{
    "rub2rsd": {
        "bank": {
            "current": 1.2286697773835544,
            "sparkline_full": "                     1.24         \n  ‚ĖÜ‚ĖÖ‚ĖÖ‚ĖÖ‚ĖÉ‚Ėā‚Ėā‚Ėā‚Ėā‚Ėā‚Ėā‚ĖÉ‚ĖĄ‚ĖÖ‚ĖÜ‚ĖÜ‚ĖÜ‚ĖÜ‚ĖÜ‚ĖÜ‚Ėá‚ĖÖ‚ĖÖ‚ĖĄ‚ĖĄ‚ĖĄ‚ĖÖ‚Ėá‚ĖĄ‚ĖĄ  \n      1.22                        "
        },
        "korona": {
            "current": 1.1877716875130686,
            "diff_percent": -3.3286478290023602
        },
        "crypto": {
            "current": 1.226329774161467,
            "diff_percent": -0.19045013275011277
        },
        "forex": {
            "current": 1.2851301075362846,
            "diff_percent": 4.595240413006836
        }
    },
    "rub2eur": {
        "bank": {
            "current": 0.010538518284329224,
            "sparkline_full": "                             93.5 \n  ‚Ėá‚ĖÜ‚ĖÖ‚ĖÖ‚ĖÉ‚Ėā‚Ėā‚Ėā‚Ėā‚Ėā‚Ėā‚ĖĄ‚ĖÖ‚ĖÜ‚ĖÜ‚ĖÜ‚ĖÜ‚ĖÜ‚ĖÖ‚Ėá‚Ėá‚ĖÖ‚ĖĄ‚ĖĄ‚ĖĄ‚ĖÖ‚Ėá‚ĖÜ‚Ėá‚ĖÉ  \n       95.4                       "
        },
        "korona": {
            "current": 0.010173633297756477,
            "diff_percent": -3.462393637588791
        },
        "crypto": {
            "current": 0.01059936056192829,
            "diff_percent": 0.5773323721375485
        },
        "forex": {
            "current": 0.010947001179708366,
            "diff_percent": 3.876094194252681
        }
    },
    "rub2usd": {
        "bank": {
            "current": 0.012262415695892091,
            "sparkline_full": "                     79.3         \n  ‚Ėą‚Ėá‚ĖÜ‚ĖÜ‚ĖÖ‚ĖÖ‚ĖÜ‚ĖÜ‚ĖÖ‚ĖÜ‚ĖÜ‚Ėá‚Ėá‚Ėą‚Ėá‚Ėá‚Ėá‚Ėá‚ĖÜ‚Ėą‚Ėą‚Ėá‚ĖÜ‚ĖÖ‚ĖÖ‚ĖÖ‚ĖĄ‚ĖÉ‚ĖĀ‚ĖĀ  \n                              81.5"
        },
        "korona": {
            "current": 0.011534163574379525,
            "diff_percent": -5.938896050934976
        },
        "crypto": {
            "current": 0.012308934846110273,
            "diff_percent": 0.3793636700292719
        },
        "forex": {
            "current": 0.01278935925310142,
            "diff_percent": 4.29722470904208
        }
    },
    "xdr": {
        "rub2xdr": {
            "current_rate": 0.008917591646013466,
            "sparkline": "‚Ėá‚ĖÜ‚ĖÜ‚ĖÜ‚ĖÖ‚ĖÉ‚Ėā‚ĖÉ‚ĖĄ‚ĖÜ‚ĖĄ‚ĖĄ‚ĖÜ‚ĖÜ‚ĖÜ‚Ėá‚Ėá‚Ėá‚ĖÜ‚Ėá‚Ėá‚ĖÖ‚ĖÖ‚ĖÖ‚ĖĄ‚ĖĄ‚ĖÜ‚Ėá‚ĖÖ‚ĖÉ"
        },
        "usd2xdr": {
            "current_rate": 0.70161,
            "sparkline": "‚ĖÉ‚ĖĄ‚ĖÉ‚ĖÉ‚ĖÉ‚Ėā‚ĖĀ‚ĖĀ‚Ėā‚Ėā‚ĖĀ‚Ėā‚Ėā‚Ėā‚Ėā‚ĖĄ‚ĖĄ‚ĖÉ‚ĖÉ‚ĖĄ‚ĖĄ‚ĖÉ‚ĖÉ‚ĖÉ‚ĖÉ‚ĖÉ‚ĖÜ‚Ėą‚Ėą‚Ėą"
        },
        "eur2xdr": {
            "current_rate": 0.8146150255782685,
            "sparkline": "‚ĖĄ‚ĖÖ‚ĖÖ‚ĖÖ‚ĖÜ‚ĖÜ‚ĖÖ‚ĖĄ‚ĖÖ‚ĖÖ‚ĖÖ‚ĖÖ‚ĖĄ‚ĖĄ‚ĖÉ‚ĖÖ‚ĖÖ‚ĖĄ‚ĖĄ‚ĖÖ‚ĖÖ‚ĖÖ‚ĖÖ‚ĖÖ‚ĖĄ‚ĖÉ‚ĖÉ‚ĖÖ‚ĖĄ‚ĖĄ"
        },
        "cny2xdr": {
            "current_rate": 0.10180802437785678,
            "sparkline": "‚Ėā‚Ėā‚ĖĀ‚ĖĀ‚Ėā‚Ėā‚ĖĀ‚ĖĀ‚Ėā‚ĖĀ‚ĖĀ‚Ėā‚Ėā‚Ėā‚Ėā‚ĖĄ‚ĖĄ‚ĖÉ‚ĖÉ‚ĖĄ‚ĖÖ‚ĖÜ‚ĖÜ‚ĖÖ‚ĖÖ‚ĖÖ‚ĖÜ‚Ėą‚Ėą‚Ėą"
        },
        "rsd2xdr": {
            "current_rate": 0.006939057449295409,
            "sparkline": "‚ĖĄ‚ĖÖ‚ĖÖ‚ĖÖ‚ĖÜ‚ĖÜ‚ĖÖ‚ĖÖ‚ĖÖ‚ĖĄ‚ĖÖ‚ĖĄ‚ĖĄ‚ĖĄ‚ĖÉ‚ĖÖ‚ĖÖ‚ĖÖ‚ĖĄ‚ĖÖ‚ĖÖ‚ĖĄ‚ĖÖ‚ĖÖ‚ĖÖ‚ĖÉ‚ĖÉ‚ĖÖ‚ĖĄ‚ĖĄ"
        }
    },
    "neer": {
        "rub": {
            "current_rate": 97.54481096207459,
            "sparkline": "‚ĖÖ‚Ėá‚ĖÜ‚ĖÖ‚ĖÖ‚ĖĀ‚Ėā‚ĖĀ‚ĖÉ‚ĖÜ‚ĖĄ‚ĖÉ‚ĖÖ‚ĖÖ‚Ėą‚ĖÜ‚ĖÜ‚ĖÜ‚ĖÜ‚ĖÜ‚ĖÖ‚ĖÖ‚ĖÉ‚ĖÉ‚ĖÉ‚ĖÖ‚Ėá‚ĖÜ‚ĖĄ‚ĖĀ"
        },
        "usd": {
            "current_rate": 102.748700135403,
            "sparkline": "‚ĖÖ‚ĖÖ‚ĖĄ‚ĖĄ‚ĖÉ‚ĖÉ‚Ėā‚Ėā‚ĖÉ‚Ėā‚Ėā‚Ėā‚ĖÉ‚ĖÉ‚ĖĄ‚ĖĄ‚ĖÉ‚ĖÉ‚ĖÉ‚ĖĄ‚ĖÉ‚Ėā‚ĖÉ‚ĖÉ‚ĖÉ‚ĖÖ‚ĖÜ‚Ėá‚ĖÜ‚ĖÜ"
        },
        "eur": {
            "current_rate": 109.54773028754687,
            "sparkline": "‚ĖÜ‚ĖÖ‚ĖÖ‚ĖÖ‚ĖÜ‚ĖÜ‚ĖÜ‚ĖÜ‚ĖÜ‚ĖÖ‚ĖÖ‚ĖÖ‚ĖÖ‚ĖÖ‚ĖĄ‚ĖÖ‚ĖĄ‚ĖĄ‚ĖÖ‚ĖĄ‚ĖĄ‚ĖĄ‚ĖÖ‚ĖĄ‚ĖĄ‚ĖĄ‚ĖÉ‚ĖÉ‚ĖÉ‚ĖÉ"
        },
        "cny": {
            "current_rate": 109.33987795429594,
            "sparkline": "‚ĖĄ‚ĖĄ‚ĖÉ‚ĖÉ‚ĖÉ‚ĖÉ‚Ėā‚ĖÉ‚ĖÉ‚Ėā‚Ėā‚ĖÉ‚ĖÉ‚ĖÉ‚ĖĄ‚ĖĄ‚ĖÉ‚ĖÉ‚ĖÉ‚ĖÖ‚ĖÖ‚ĖÜ‚ĖÜ‚ĖÖ‚ĖÖ‚Ėá‚Ėá‚Ėá‚Ėá‚Ėá"
        },
        "rsd": {
            "current_rate": 109.96449654721323,
            "sparkline": "‚ĖĄ‚ĖĄ‚ĖĄ‚ĖĄ‚ĖĄ‚ĖÖ‚ĖÖ‚ĖĄ‚ĖÖ‚ĖĄ‚ĖĄ‚ĖÖ‚ĖÖ‚ĖĄ‚ĖÖ‚ĖĄ‚ĖĄ‚ĖĄ‚ĖÖ‚ĖĄ‚ĖĄ‚ĖĄ‚ĖĄ‚ĖĄ‚ĖĄ‚ĖÖ‚ĖĄ‚ĖĄ‚ĖĄ‚ĖĄ"
        }
    },
    "specific_rates": {
        "rub_kzt_bank": 6.07,
        "rub_kzt_crypto": 6.105231683670695,
        "kzt_rsd_bank": 0.20086539507443416,
        "rsd_eur_cash": 0.008447135013374631,
        "eur_rsd_cash": 116.75,
        "rsd_usd_cash": 0.009710758132759937,
        "usd_rsd_cash": 99.23571428571428,
        "eur_usd_exch": 1.1610653006346383,
        "usd_kzt_bank": 489.0
    },
    "update_time": "2026-03-06 04:05:56",
    "update_time_display": "06.03 04:05"
}