{
    "rub2rsd": {
        "bank": {
            "current": 1.279006211180124,
            "sparkline_full": "       1.34                       \n  ▅▅▆▆▆▇▇▇▇▇▇▇▇ ▆   ▇▇▆▆▄▂▂▂▂▂ ▃  \n                        1.26      "
        },
        "korona": {
            "current": 1.2264252815307535,
            "diff_percent": -4.111076958794019
        },
        "crypto": {
            "current": 1.325458704758001,
            "diff_percent": 3.6319208751156893
        },
        "forex": {
            "current": 1.3241744928140888,
            "diff_percent": 3.53151386124143
        }
    },
    "rub2eur": {
        "bank": {
            "current": 0.010871928680147858,
            "sparkline_full": "        86.5                      \n  ▅▅▅▅▆▇███▇▇▇▇ ▇▇▇▇▇▆▆▆▃▁▁▂▂▂▃▃  \n                         93.7     "
        },
        "korona": {
            "current": 0.01050021645146193,
            "diff_percent": -3.4190090794531622
        },
        "crypto": {
            "current": 0.011325396877054356,
            "diff_percent": 4.171000475145972
        },
        "forex": {
            "current": 0.011285713246146209,
            "diff_percent": 3.805990438052833
        }
    },
    "rub2usd": {
        "bank": {
            "current": 0.012422360248447204,
            "sparkline_full": "       74.8                       \n  ▆▆▇▇▇████████ ▇▇▇▇▇▆▅▅▂▁▁▁▁▁▂▂  \n                         82.1     "
        },
        "korona": {
            "current": 0.011736929346797832,
            "diff_percent": -5.517718758277447
        },
        "crypto": {
            "current": 0.012914510156138422,
            "diff_percent": 3.961806756914306
        },
        "forex": {
            "current": 0.01283214400745291,
            "diff_percent": 3.298759259995933
        }
    },
    "xdr": {
        "rub2xdr": {
            "current_rate": 0.009225477324502422,
            "sparkline": "▄▄▄▄▅▆▇▆▆▆▆▆▆ ▅▅██▅▅▅▄▂▁▁▁▁▁▂▂"
        },
        "usd2xdr": {
            "current_rate": 0.715018,
            "sparkline": "▃▃▃▃▃▃▃▃▃▃▃▃▃ ▃▃▆▆▄▄▄▄▄▄▄▄▄▄▄▄"
        },
        "eur2xdr": {
            "current_rate": 0.8174474331653512,
            "sparkline": "▄▃▃▃▄▄▄▄▄▄▄▄▄ ▃▃▆▆▄▃▃▄▄▄▄▄▄▄▄▄"
        },
        "cny2xdr": {
            "current_rate": 0.10532100740321759,
            "sparkline": "▃▃▃▃▃▃▃▃▃▃▃▃▃ ▃▃▆▆▄▄▄▄▄▄▄▄▄▄▄▄"
        },
        "rsd2xdr": {
            "current_rate": 0.0069669649842724005,
            "sparkline": "▄▃▃▃▄▄▄▄▄▄▄▄▄ ▃▃▆▆▄▃▃▄▄▄▄▄▄▄▄▄"
        }
    },
    "neer": {
        "rub": {
            "current_rate": 100.25081392412676,
            "sparkline": "▆▅▆▆▅▆███▇▇█▇█▇▇▇▇▇▇▆▆▄▂▁▄▂▁▂▂"
        },
        "usd": {
            "current_rate": 103.9713975175439,
            "sparkline": "▄▄▅▅▄▄▄▄▄▄▄▄▄▄▄▄▅▅▄▅▅▅▅▅▅▅▅▅▅▅"
        },
        "eur": {
            "current_rate": 108.41960239007298,
            "sparkline": "▅▅▄▅▅▅▅▅▅▅▅▅▅▅▄▄▄▄▄▄▄▄▄▄▄▄▄▅▄▄"
        },
        "cny": {
            "current_rate": 113.23941604133717,
            "sparkline": "▄▄▄▄▄▄▄▅▄▄▄▄▄▄▅▅▄▄▅▅▅▅▅▄▄▅▅▄▄▄"
        },
        "rsd": {
            "current_rate": 109.32744709541221,
            "sparkline": "▆▆▃▃▆▆▆▆▆▃▃▆▆▆▆▆▃▃▅▆▆▆▆▃▃▆▆▃▃▃"
        }
    },
    "specific_rates": {
        "rub_kzt_bank": 5.92,
        "rub_kzt_crypto": 6.166678599556096,
        "kzt_rsd_bank": 0.2149388335,
        "rsd_eur_cash": 0.00844880027036161,
        "eur_rsd_cash": 116.8,
        "rsd_usd_cash": 0.009570032127965,
        "usd_rsd_cash": 100.87142857142858,
        "eur_usd_exch": 1.1432543420799912,
        "usd_kzt_bank": 470.5
    },
    "conversion_rates": {
        "rub_usd": {
            "rub_to_usd": [
                0.012422360248447204,
                0.012285012285012284
            ],
            "usd_to_rub": [
                75.11,
                76.8
            ]
        },
        "rub_eur": {
            "rub_to_eur": [
                0.010871928680147858,
                0.01076426264800861
            ],
            "eur_to_rub": [
                85.73,
                87.8
            ]
        },
        "rub_kzt": {
            "rub_to_kzt": [
                5.92,
                5.813953488372094
            ],
            "kzt_to_rub": [
                0.1594896331738437,
                0.161
            ]
        },
        "rub_rsd": {
            "rub_to_rsd": [
                1.3311436005
            ],
            "rsd_to_rub": [
                0.7512337509074026
            ]
        },
        "usd_eur": {
            "usd_to_eur": [
                0.865276455827637
            ],
            "eur_to_usd": [
                1.1357
            ]
        },
        "usd_kzt": {
            "usd_to_kzt": [
                470.5
            ],
            "kzt_to_usd": [
                0.0020942408376963353
            ]
        },
        "usd_rsd": {
            "usd_to_rsd": [
                102.95999999999998
            ],
            "rsd_to_usd": [
                0.009712509712509714
            ]
        },
        "eur_kzt": {
            "eur_to_kzt": [
                537.5
            ],
            "kzt_to_eur": [
                0.0018365472910927456
            ]
        },
        "eur_rsd": {
            "eur_to_rsd": [
                117.77582621380002
            ],
            "rsd_to_eur": [
                0.008490706727751473
            ]
        },
        "kzt_rsd": {
            "kzt_to_rsd": [
                0.2149388335
            ],
            "rsd_to_kzt": [
                4.652486401439412
            ]
        },
        "eur_usd_forex": {
            "eur_to_usd": [
                1.1432543420799912
            ],
            "usd_to_eur": [
                0.874696
            ]
        }
    },
    "update_time": "2026-07-03 01:51:26",
    "update_time_display": "03.07 01:51"
}