{
    "rub2rsd": {
        "bank": {
            "current": 1.213628129608264,
            "sparkline_full": "                 1.22             \n    ▅▄▃▄▄▄▆▅▅ ▆▅▅▅▆▃▄▃▄▄▄▅▅▆▅▄▄▅  \n     1.19                         "
        },
        "korona": {
            "current": 1.1706212316494848,
            "diff_percent": -3.543663574497158
        },
        "crypto": {
            "current": 1.2387099608202685,
            "diff_percent": 2.066681761908436
        },
        "forex": {
            "current": 1.2500620911771945,
            "diff_percent": 3.002069635670904
        }
    },
    "rub2eur": {
        "bank": {
            "current": 0.010424267695194412,
            "sparkline_full": "                          95.5    \n    ▄▃▄▃▃▃▅▆▅▅▆▆▆▅▅▄▄▄▅▅▅▆▆▆▅▅▅▆  \n    98.5                          "
        },
        "korona": {
            "current": 0.010022442051793534,
            "diff_percent": -3.854713397144618
        },
        "crypto": {
            "current": 0.010593291641218559,
            "diff_percent": 1.6214467142096418
        },
        "forex": {
            "current": 0.010669616413981687,
            "diff_percent": 2.3536302593263354
        }
    },
    "rub2usd": {
        "bank": {
            "current": 0.011851149561507467,
            "sparkline_full": "                 83.5             \n    ▁▁▁▄▄▄▇▇▆▆███▇█▇▅▅▆▆▆▇██▆▆▆▇  \n    89.1                          "
        },
        "korona": {
            "current": 0.011071449227454145,
            "diff_percent": -6.5791114187419355
        },
        "crypto": {
            "current": 0.012019311669844133,
            "diff_percent": 1.4189518701447834
        },
        "forex": {
            "current": 0.012270947427579936,
            "diff_percent": 3.542254393919489
        }
    },
    "xdr": {
        "rub2xdr": {
            "current_rate": 0.008702710029592414,
            "sparkline": "         ▅▃▃▅▅▅█▅▃▁▃▅▅▃▅▅▆▅▄▃▄"
        },
        "usd2xdr": {
            "current_rate": 0.720178,
            "sparkline": "         ▆▆▆▆▆▆▅▂▄▅▆▆▆▆▅▅▆▇▇▇▇"
        },
        "eur2xdr": {
            "current_rate": 0.8156535054238877,
            "sparkline": "         ▂▄▄▄▄▄▇▄▂▂▄▅▅▄▃▃▂▃▃▃▄"
        },
        "cny2xdr": {
            "current_rate": 0.09872213845099383,
            "sparkline": "         ▅▅▆▆▆▆▆▂▄▅▇▇▇▆▅▅▆▇▇▇▇"
        },
        "rsd2xdr": {
            "current_rate": 0.0069618222094848066,
            "sparkline": "         ▄▄▄▄▅▅▅▄▅▄▅▅▅▄▅▅▄▅▅▅▅"
        }
    },
    "neer": {
        "rub": {
            "current_rate": 94.2195436505408,
            "sparkline": "▅▅▃▃▂▂▂▂▂▅▆▅▆▆▆▆▇▆▅▅▅▅▅▅▆▆▆▅▅▄"
        },
        "usd": {
            "current_rate": 105.44966567980015,
            "sparkline": "▆▆▆▇▆▄▄▄▄▄▄▄▄▃▃▃▃▃▃▃▃▃▃▃▃▃▃▃▃▂"
        },
        "eur": {
            "current_rate": 108.53863931513665,
            "sparkline": "▃▃▃▄▄▆▆▆▆▅▅▅▅▅▅▅▆▅▅▅▆▅▅▅▅▄▄▄▄▄"
        },
        "cny": {
            "current_rate": 103.03156030335128,
            "sparkline": "▆▆▆▅▅▄▄▄▄▄▄▄▄▃▄▄▃▃▄▄▄▄▄▄▄▄▄▃▄▃"
        },
        "rsd": {
            "current_rate": 109.33698002829921,
            "sparkline": "▄▄▄▄▃▅▅▅▅▄▅▅▅▄▄▆▅▄▅▅▄▄▅▅▄▄▄▅▅▄"
        }
    },
    "update_time": "2025-05-05 13:50:51",
    "update_time_display": "05.05 13:50"
}