{
    "rub2rsd": {
        "bank": {
            "current": 1.2360252407866212,
            "sparkline_full": "   1.26                           \n  ▆▇█▇▇▇         ▁▁▁▁▁▂▄▅▅▅▅▄▄▆▅  \n                1.21              "
        },
        "korona": {
            "current": 1.1996644707969062,
            "diff_percent": -2.941749795220575
        },
        "crypto": {
            "current": 1.1921602101380013,
            "diff_percent": -3.548878226847833
        },
        "forex": {
            "current": 1.2890730299501916,
            "diff_percent": 4.2918046827110174
        }
    },
    "rub2eur": {
        "bank": {
            "current": 0.010699764605178687,
            "sparkline_full": "     92.8                         \n  ▇████▇         ▂▁▂▂▂▂▄▄▅▅▅▄▅▆▆  \n                 95.5             "
        },
        "korona": {
            "current": 0.010272356324866474,
            "diff_percent": -3.9945577877979455
        },
        "crypto": {
            "current": 0.010199771099451721,
            "diff_percent": -4.672939304524226
        },
        "forex": {
            "current": 0.011004208497994576,
            "diff_percent": 2.845332622257295
        }
    },
    "rub2usd": {
        "bank": {
            "current": 0.012419274714356682,
            "sparkline_full": "                          80.1    \n  ▄▄▄▅▅▄         ▃▃▄▄▄▄▅▆▆▆▆▅▅▅▅  \n                 81.0             "
        },
        "korona": {
            "current": 0.011761416380361826,
            "diff_percent": -5.297075305326587
        },
        "crypto": {
            "current": 0.011815764656680793,
            "diff_percent": -4.859462984406266
        },
        "forex": {
            "current": 0.012827337621939877,
            "diff_percent": 3.2857225318598866
        }
    },
    "xdr": {
        "rub2xdr": {
            "current_rate": 0.008951259625979997,
            "sparkline": "▂▂▃▃▃▃         ▂▇████▁▂▂▁▁▁▂▂▂"
        },
        "usd2xdr": {
            "current_rate": 0.701791,
            "sparkline": "▂▃▃▃▃▃         ▃█████▁▁▁▁▁▁▁▂▂"
        },
        "eur2xdr": {
            "current_rate": 0.8134396606181433,
            "sparkline": "▁▁▁▁▁▁         ▃█████▁▁▁▁▁▁▁▁▁"
        },
        "cny2xdr": {
            "current_rate": 0.09775200924881258,
            "sparkline": "▂▂▂▂▂▂         ▃█████▁▁▁▁▁▁▁▂▂"
        },
        "rsd2xdr": {
            "current_rate": 0.006943950744455388,
            "sparkline": "▁▁▁▁▁▁         ▃█████▁▁▁▁▁▁▁▁▁"
        }
    },
    "neer": {
        "rub": {
            "current_rate": 98.57333904808723,
            "sparkline": "▅▆▆▆▆▇▅▅▅▄▄▄▄▂▃▂▂▃▂▃▃▅▅▆▆▆▆▆▇▆"
        },
        "usd": {
            "current_rate": 103.9751523030883,
            "sparkline": "▅▆▅▆▆▇▅▅▄▃▃▃▃▂▃▃▃▂▂▃▃▄▄▄▄▄▄▄▅▅"
        },
        "eur": {
            "current_rate": 110.20635934898763,
            "sparkline": "▃▃▃▄▄▃▄▄▅▅▅▅▅▆▆▆▆▆▆▆▆▅▆▅▆▆▆▆▅▅"
        },
        "cny": {
            "current_rate": 103.86455232475183,
            "sparkline": "▅▅▅▅▅▆▄▅▄▃▃▃▃▃▃▃▃▃▃▄▄▄▄▅▄▄▅▅▅▅"
        },
        "rsd": {
            "current_rate": 110.33379018934946,
            "sparkline": "▄▃▄▄▄▄▄▄▄▄▄▅▅▅▆▅▅▅▅▆▅▅▅▅▅▄▄▅▄▄"
        }
    },
    "update_time": "2025-07-17 14:05:45",
    "update_time_display": "17.07 14:05"
}