{
    "rub2rsd": {
        "bank": {
            "current": 1.2681963977300765,
            "sparkline_full": "          1.34                    \n  ▇▆▅▅▅▅▆▆▇▇▇▇▇▇▇▇ ▆   ▇▆▆▆▄▂▂▃▃  \n                           1.26   "
        },
        "korona": {
            "current": 1.233120970476339,
            "diff_percent": -2.7657725031011275
        },
        "crypto": {
            "current": 1.3693091566497484,
            "diff_percent": 7.972957429988911
        },
        "forex": {
            "current": 1.3365438541917967,
            "diff_percent": 5.389343210882329
        }
    },
    "rub2eur": {
        "bank": {
            "current": 0.010802635843145728,
            "sparkline_full": " 86.2                             \n  █▇▆▅▅▅▅▆▇▇▇▇▇▇▇▇ ▇▇▇▇▇▆▆▅▃▁▁▂▂  \n                            93.7  "
        },
        "korona": {
            "current": 0.010557542555448109,
            "diff_percent": -2.2688285642168613
        },
        "crypto": {
            "current": 0.011647485041211655,
            "diff_percent": 7.820769026496281
        },
        "forex": {
            "current": 0.011388019097928938,
            "diff_percent": 5.418892789528177
        }
    },
    "rub2usd": {
        "bank": {
            "current": 0.01233654083395016,
            "sparkline_full": " 74.0                             \n  █▇▆▅▆▆▆▆▇██▇▇▇▇█ ▆▆▆▆▆▅▅▄▂▁▁▁▁  \n                            82.1  "
        },
        "korona": {
            "current": 0.011788919411819684,
            "diff_percent": -4.43901924778964
        },
        "crypto": {
            "current": 0.013275499394351208,
            "diff_percent": 7.611198090610887
        },
        "forex": {
            "current": 0.012861091212144985,
            "diff_percent": 4.25200536564725
        }
    },
    "xdr": {
        "rub2xdr": {
            "current_rate": 0.009280208932689089,
            "sparkline": "▆▅▄▄▄▄▄▅▆▇▆▆▆▆▆▆ ▅▅██▅▅▅▄▂▁▁▁▂"
        },
        "usd2xdr": {
            "current_rate": 0.71457,
            "sparkline": "▃▃▃▃▃▃▃▃▃▃▃▃▃▃▃▃ ▃▃▆▆▄▄▄▄▄▄▄▄▄"
        },
        "eur2xdr": {
            "current_rate": 0.8149098498066989,
            "sparkline": "▃▄▃▄▃▃▃▄▄▄▄▄▄▄▄▄ ▃▃▆▆▄▃▃▄▄▄▄▄▄"
        },
        "cny2xdr": {
            "current_rate": 0.1051843674100243,
            "sparkline": "▃▃▃▃▃▃▃▃▃▃▃▃▃▃▃▃ ▃▃▆▆▄▄▄▄▄▄▄▄▄"
        },
        "rsd2xdr": {
            "current_rate": 0.006943437660936909,
            "sparkline": "▃▄▃▄▃▃▃▄▄▄▄▄▄▄▄▄ ▃▃▆▆▄▃▃▄▄▄▄▄▄"
        }
    },
    "neer": {
        "rub": {
            "current_rate": 99.76780032997972,
            "sparkline": "██▇▆▅▆▆▅▆███▇▇▇▇▇▇▆▆▆▇▆▅▅▅▂▁▂▂"
        },
        "usd": {
            "current_rate": 103.86730362473503,
            "sparkline": "▄▄▄▄▄▅▅▄▄▄▄▄▄▄▄▄▄▄▄▅▅▅▅▅▅▅▅▅▅▅"
        },
        "eur": {
            "current_rate": 108.47078803686485,
            "sparkline": "▅▅▅▅▅▄▄▅▅▅▅▅▅▅▅▅▅▄▄▄▄▄▄▄▄▄▄▄▄▄"
        },
        "cny": {
            "current_rate": 113.01654717305335,
            "sparkline": "▄▄▄▄▄▄▄▅▅▅▅▅▄▄▄▄▅▅▅▄▄▅▅▄▄▄▄▄▄▄"
        },
        "rsd": {
            "current_rate": 109.40028743346348,
            "sparkline": "▆▆▆▆▆▃▃▆▆▆▆▆▃▃▆▆▆▆▆▃▃▅▆▃▃▃▃▃▃▃"
        }
    },
    "specific_rates": {
        "rub_kzt_bank": 5.99,
        "rub_kzt_crypto": 6.4585304553518625,
        "kzt_rsd_bank": 0.2120155918,
        "rsd_eur_cash": 0.00844880027036161,
        "eur_rsd_cash": 116.8,
        "rsd_usd_cash": 0.00956022944550669,
        "usd_rsd_cash": 100.89999999999999,
        "eur_usd_exch": 1.1404199026081403,
        "usd_kzt_bank": 479.5
    },
    "conversion_rates": {
        "rub_usd": {
            "rub_to_usd": [
                0.01233654083395016,
                0.012391573729863692
            ],
            "usd_to_rub": [
                75.71,
                75.8
            ]
        },
        "rub_eur": {
            "rub_to_eur": [
                0.010802635843145728,
                0.010810810810810811
            ],
            "eur_to_rub": [
                86.36,
                86.9
            ]
        },
        "rub_kzt": {
            "rub_to_kzt": [
                5.99,
                6.024096385542168
            ],
            "kzt_to_rub": [
                0.15772870662460567,
                0.156
            ]
        },
        "rub_rsd": {
            "rub_to_rsd": [
                1.3351416277
            ],
            "rsd_to_rub": [
                0.7489842120514687
            ]
        },
        "usd_eur": {
            "usd_to_eur": [
                0.8691117677733357
            ],
            "eur_to_usd": [
                1.1306
            ]
        },
        "usd_kzt": {
            "usd_to_kzt": [
                479.5
            ],
            "kzt_to_usd": [
                0.0020554984583761563
            ]
        },
        "usd_rsd": {
            "usd_to_rsd": [
                102.8
            ],
            "rsd_to_usd": [
                0.009727626459143969
            ]
        },
        "eur_kzt": {
            "eur_to_kzt": [
                547.5
            ],
            "kzt_to_eur": [
                0.0018034265103697023
            ]
        },
        "eur_rsd": {
            "eur_to_rsd": [
                117.52084249959998
            ],
            "rsd_to_eur": [
                0.008509128923266558
            ]
        },
        "kzt_rsd": {
            "kzt_to_rsd": [
                0.2120155918
            ],
            "rsd_to_kzt": [
                4.716634241425635
            ]
        },
        "eur_usd_forex": {
            "eur_to_usd": [
                1.1404199026081403
            ],
            "usd_to_eur": [
                0.87687
            ]
        }
    },
    "update_time": "2026-06-30 05:51:28",
    "update_time_display": "30.06 05:51"
}