{
    "rub2rsd": {
        "bank": {
            "current": 1.2219270792222379,
            "sparkline_full": "          1.26                    \n  ▂▂▄▅▅▅▅▃▇█▇▇▇▃▂ ▄▅▅  ▄▄▃▃▃▂▁▁▂  \n                            1.22  "
        },
        "korona": {
            "current": 1.1866162773409425,
            "diff_percent": -2.889763430381689
        },
        "crypto": {
            "current": 1.2299197504021016,
            "diff_percent": 0.6541037772033875
        },
        "forex": {
            "current": 1.281064169111457,
            "diff_percent": 4.839657856413183
        }
    },
    "rub2eur": {
        "bank": {
            "current": 0.010489877268435959,
            "sparkline_full": "          92.2                    \n  ▂▃▄▅▅▄▄▃▇███▆▃▂▃▄▄▄▄▄▄▅▄▃▃▁▁▁▁  \n                             95.4 "
        },
        "korona": {
            "current": 0.010158143501756875,
            "diff_percent": -3.1624179977517057
        },
        "crypto": {
            "current": 0.010505749824865105,
            "diff_percent": 0.15131308043904806
        },
        "forex": {
            "current": 0.010918542117100449,
            "diff_percent": 4.086462002318582
        }
    },
    "rub2usd": {
        "bank": {
            "current": 0.012507817385866166,
            "sparkline_full": "          78.6                    \n  ▁▁▂▂▂▃▃▃▇███▇▆▇████▆▆▅▆▅▅▅▃▄▄▅  \n 81.4                             "
        },
        "korona": {
            "current": 0.011778803315486235,
            "diff_percent": -5.828467492687549
        },
        "crypto": {
            "current": 0.012501314364462598,
            "diff_percent": -0.05199165612152513
        },
        "forex": {
            "current": 0.012909089031405233,
            "diff_percent": 3.208166806084837
        }
    },
    "xdr": {
        "rub2xdr": {
            "current_rate": 0.008905226488410387,
            "sparkline": "▂▂▃▄▄▄▄▄▇███▅▃▃▃▅▅▄▃▄▄▄▄▃▃▃▂▁▁"
        },
        "usd2xdr": {
            "current_rate": 0.686599,
            "sparkline": "▇▇▇███▇▇▆▅▅▄▃▃▃▁▂▃▃▃▄▄▄▄▄▄▄▃▂▃"
        },
        "eur2xdr": {
            "current_rate": 0.8156058192478977,
            "sparkline": "▄▄▄▄▄▄▅▅▄▄▆▅▄▅▆▄▄▄▄▃▄▄▄▄▄▄▅▅▄▄"
        },
        "cny2xdr": {
            "current_rate": 0.09947826716893654,
            "sparkline": "▇▇▇▇▇▇▇▇▆▅▅▄▃▃▃▂▂▃▃▃▄▄▅▅▄▄▅▅▄▄"
        },
        "rsd2xdr": {
            "current_rate": 0.00695142890038602,
            "sparkline": "▄▄▄▄▄▄▅▅▄▄▅▅▄▅▆▄▄▄▄▃▄▄▄▄▄▄▅▅▄▄"
        }
    },
    "neer": {
        "rub": {
            "current_rate": 98.10681388142794,
            "sparkline": "▁▂▂▄▄▂▃▃▄███▇▆▃▄▆▆▇▇▄▄▅▅▅▄▄▃▂▂"
        },
        "usd": {
            "current_rate": 101.24461769358581,
            "sparkline": "▇▇▇▇▇▇▆▆▆▅▄▄▄▃▂▂▃▄▄▄▄▃▄▄▄▄▄▂▂▂"
        },
        "eur": {
            "current_rate": 110.41718513891793,
            "sparkline": "▄▄▄▃▃▄▅▅▄▄▅▅▅▆▆▆▆▅▅▅▄▄▄▄▄▅▄▅▅▄"
        },
        "cny": {
            "current_rate": 107.39956292293664,
            "sparkline": "▆▆▆▆▆▆▆▆▆▅▄▄▄▃▃▃▃▄▄▅▅▅▅▅▅▅▅▅▄▄"
        },
        "rsd": {
            "current_rate": 110.32492154089374,
            "sparkline": "▄▄▄▄▄▄▃▄▄▄▄▄▅▄▆▅▅▅▅▅▅▅▅▅▄▅▅▅▅▅"
        }
    },
    "specific_rates": {
        "rub_kzt_bank": 6.21,
        "rub_kzt_crypto": 6.219403896320142,
        "kzt_rsd_bank": 0.19775524646820455,
        "rsd_eur_cash": 0.008446965126101122,
        "eur_rsd_cash": 116.81428571428572,
        "rsd_usd_cash": 0.009926379353130945,
        "usd_rsd_cash": 96.60000000000001,
        "eur_usd_exch": 1.1878925242359772,
        "usd_kzt_bank": 490.5
    },
    "update_time": "2026-02-12 05:58:46",
    "update_time_display": "12.02 05:58"
}