{
    "rub2rsd": {
        "bank": {
            "current": 1.1553616023665743,
            "sparkline_full": "         1.24                     \n  ‚Ėá‚Ėá‚Ėá‚Ėá‚Ėá‚Ėá‚Ėá‚Ėá‚Ėą‚Ėá‚Ėá‚ĖÜ‚ĖÜ‚ĖÜ‚Ėá‚Ėá‚Ėá‚ĖÜ‚ĖÜ‚ĖÜ‚ĖÜ‚ĖÜ‚ĖÜ‚ĖÜ‚ĖÖ‚ĖÜ‚ĖÜ‚ĖÖ‚ĖĄ‚ĖĀ  \n                              1.16"
        },
        "korona": {
            "current": 1.134619185858666,
            "diff_percent": -1.79531814675342
        },
        "crypto": {
            "current": 1.1975079429529105,
            "diff_percent": 3.6478917509467337
        },
        "forex": {
            "current": 1.2153030553473334,
            "diff_percent": 5.188111917340738
        }
    },
    "rub2eur": {
        "bank": {
            "current": 0.009937394415184339,
            "sparkline_full": "                 93.5             \n  ‚Ėá‚Ėá‚Ėá‚Ėá‚Ėá‚Ėá‚Ėá‚Ėá‚Ėą‚Ėá‚Ėá‚ĖÜ‚ĖÜ‚Ėá‚Ėá‚Ėá‚Ėą‚ĖÜ‚ĖÜ‚ĖÜ‚ĖÜ‚ĖÜ‚ĖÜ‚ĖÜ‚ĖÜ‚ĖÖ‚ĖÖ‚ĖÖ‚ĖĄ‚ĖĀ  \n                              101 "
        },
        "korona": {
            "current": 0.00971420535837899,
            "diff_percent": -2.2459514786322266
        },
        "crypto": {
            "current": 0.010203060843345378,
            "diff_percent": 2.6734012665845364
        },
        "forex": {
            "current": 0.010349094395536015,
            "diff_percent": 4.142936902278919
        }
    },
    "rub2usd": {
        "bank": {
            "current": 0.011471836641046231,
            "sparkline_full": "         79.3                     \n  ‚Ėą‚Ėą‚Ėą‚Ėą‚Ėą‚Ėą‚Ėą‚Ėą‚Ėą‚Ėą‚Ėą‚Ėą‚Ėą‚Ėą‚Ėá‚Ėá‚ĖÜ‚ĖÜ‚ĖÜ‚ĖÜ‚ĖÜ‚ĖÜ‚ĖÖ‚ĖÖ‚ĖĄ‚ĖĄ‚ĖĄ‚ĖÉ‚Ėā‚ĖĀ  \n                              87.2"
        },
        "korona": {
            "current": 0.010920300152633938,
            "diff_percent": -4.807743569489961
        },
        "crypto": {
            "current": 0.011755016655077255,
            "diff_percent": 2.4684801823084346
        },
        "forex": {
            "current": 0.012208476833804783,
            "diff_percent": 6.421292560276301
        }
    },
    "xdr": {
        "rub2xdr": {
            "current_rate": 0.00844721603716775,
            "sparkline": "‚Ėą‚Ėą‚Ėą‚Ėą‚Ėą‚Ėą‚Ėą‚Ėą‚Ėą‚Ėá‚Ėá‚Ėá‚Ėá‚Ėá‚Ėą‚Ėą‚Ėá‚Ėá‚ĖÜ‚ĖÜ‚Ėą‚Ėá‚ĖÜ‚Ėá‚ĖÜ‚Ėá‚Ėá‚ĖÖ‚ĖĄ‚ĖĀ"
        },
        "usd2xdr": {
            "current_rate": 0.70688,
            "sparkline": "‚Ėā‚ĖÉ‚ĖÉ‚ĖÉ‚ĖÉ‚ĖÉ‚ĖÉ‚ĖÉ‚ĖÉ‚ĖÉ‚ĖÉ‚ĖÉ‚ĖÉ‚ĖÉ‚ĖĄ‚ĖÖ‚ĖÖ‚ĖÖ‚ĖÖ‚ĖÖ‚ĖÜ‚ĖÖ‚ĖÖ‚ĖÖ‚ĖÜ‚ĖÜ‚ĖÜ‚Ėá‚ĖÜ‚ĖÜ"
        },
        "eur2xdr": {
            "current_rate": 0.816227557148515,
            "sparkline": "‚ĖÖ‚ĖÖ‚ĖĄ‚ĖÖ‚ĖÖ‚ĖÖ‚ĖÖ‚ĖÖ‚ĖÖ‚ĖÖ‚ĖÖ‚ĖÖ‚ĖÖ‚ĖĄ‚ĖĄ‚ĖÖ‚ĖÖ‚ĖĄ‚ĖÖ‚ĖÖ‚ĖÖ‚ĖÖ‚ĖĄ‚ĖĄ‚ĖĄ‚ĖĄ‚ĖÖ‚ĖÖ‚ĖÖ‚ĖÖ"
        },
        "cny2xdr": {
            "current_rate": 0.10285032519023993,
            "sparkline": "‚Ėā‚Ėā‚ĖÉ‚ĖÉ‚ĖÉ‚ĖÉ‚ĖÉ‚ĖÉ‚ĖĄ‚ĖĄ‚ĖĄ‚ĖĄ‚ĖĄ‚ĖÉ‚ĖĄ‚ĖÖ‚ĖÖ‚ĖÖ‚ĖÖ‚ĖÖ‚ĖÜ‚ĖÖ‚ĖÖ‚ĖÜ‚ĖÜ‚ĖÜ‚ĖÜ‚Ėá‚ĖÜ‚ĖÜ"
        },
        "rsd2xdr": {
            "current_rate": 0.0069507074799162235,
            "sparkline": "‚ĖÖ‚ĖĄ‚ĖĄ‚ĖÖ‚ĖÖ‚ĖÖ‚ĖĄ‚ĖÖ‚ĖÖ‚ĖÖ‚ĖÖ‚ĖÖ‚ĖÖ‚ĖĄ‚ĖĄ‚ĖÖ‚ĖĄ‚ĖĄ‚ĖÖ‚ĖÖ‚ĖÖ‚ĖÖ‚ĖĄ‚ĖĄ‚ĖĄ‚ĖĄ‚ĖÖ‚ĖÖ‚ĖÖ‚ĖÖ"
        }
    },
    "neer": {
        "rub": {
            "current_rate": 93.50699019452829,
            "sparkline": "‚ĖÜ‚ĖÜ‚Ėá‚Ėá‚Ėá‚Ėá‚Ėá‚Ėá‚ĖÜ‚ĖÜ‚ĖÜ‚ĖÜ‚ĖÜ‚ĖÜ‚Ėá‚ĖÜ‚ĖÜ‚ĖÜ‚ĖÖ‚ĖÖ‚ĖÜ‚ĖÜ‚ĖÖ‚ĖÖ‚ĖÖ‚ĖÖ‚ĖĄ‚ĖĄ‚ĖÉ‚Ėā"
        },
        "usd": {
            "current_rate": 103.00331842125006,
            "sparkline": "‚ĖĄ‚ĖĄ‚ĖĄ‚ĖĄ‚ĖĄ‚ĖĄ‚ĖĄ‚ĖĄ‚ĖĄ‚ĖĄ‚ĖĄ‚ĖĄ‚ĖĄ‚ĖĄ‚ĖÖ‚ĖĄ‚ĖÖ‚ĖÖ‚ĖÖ‚ĖÖ‚ĖÖ‚ĖĄ‚ĖĄ‚ĖÖ‚ĖÖ‚ĖÖ‚ĖÖ‚ĖÖ‚ĖÖ‚ĖÖ"
        },
        "eur": {
            "current_rate": 109.14903393024768,
            "sparkline": "‚ĖÖ‚ĖÖ‚ĖÖ‚ĖÖ‚ĖÖ‚ĖÖ‚ĖÖ‚ĖÖ‚ĖÖ‚ĖÖ‚ĖÖ‚ĖÖ‚ĖÖ‚ĖÖ‚ĖÖ‚ĖÖ‚ĖĄ‚ĖĄ‚ĖĄ‚ĖĄ‚ĖĄ‚ĖĄ‚ĖĄ‚ĖĄ‚ĖĄ‚ĖĄ‚ĖĄ‚ĖĄ‚ĖĄ‚ĖĄ"
        },
        "cny": {
            "current_rate": 110.14827108549636,
            "sparkline": "‚ĖÉ‚ĖÉ‚ĖĄ‚ĖĄ‚ĖĄ‚ĖĄ‚ĖĄ‚ĖĄ‚ĖĄ‚ĖĄ‚ĖĄ‚ĖĄ‚ĖĄ‚ĖĄ‚ĖÖ‚ĖÖ‚ĖÖ‚ĖÖ‚ĖÖ‚ĖÖ‚ĖÖ‚ĖÖ‚ĖÖ‚ĖÖ‚ĖÖ‚ĖÜ‚ĖÖ‚ĖÖ‚ĖÖ‚ĖÖ"
        },
        "rsd": {
            "current_rate": 109.9221900541338,
            "sparkline": "‚ĖÖ‚ĖÖ‚ĖÖ‚ĖĄ‚ĖÖ‚ĖÖ‚ĖÖ‚ĖĄ‚ĖĄ‚ĖĄ‚ĖÖ‚ĖÖ‚ĖĄ‚ĖÖ‚ĖĄ‚ĖĄ‚ĖĄ‚ĖÖ‚ĖÖ‚ĖÖ‚ĖÖ‚ĖĄ‚ĖĄ‚ĖĄ‚ĖĄ‚ĖĄ‚ĖĄ‚ĖĄ‚ĖĄ‚ĖĄ"
        }
    },
    "specific_rates": {
        "rub_kzt_bank": 5.57,
        "rub_kzt_crypto": 5.718815602695084,
        "kzt_rsd_bank": 0.2093978939255474,
        "rsd_eur_cash": 0.00844475721323012,
        "eur_rsd_cash": 116.8,
        "rsd_usd_cash": 0.00962463907603465,
        "usd_rsd_cash": 99.65833333333335,
        "eur_usd_exch": 1.1546904101806743,
        "usd_kzt_bank": 479.5
    },
    "update_time": "2026-03-18 15:35:44",
    "update_time_display": "18.03 15:35"
}