{
    "rub2rsd": {
        "bank": {
            "current": 1.1752737730490066,
            "sparkline_full": "                        1.18      \n  ▄▂▁▁▃▃▄▅▃▃▃▃▃▃▃▂▃▄▄▄▄▅▇█▇▆▆▅▆▇  \n   1.13                           "
        },
        "korona": {
            "current": 1.1397426768947565,
            "diff_percent": -3.0232186720266854
        },
        "crypto": {
            "current": 1.1038648577151382,
            "diff_percent": -6.0759388128446545
        },
        "forex": {
            "current": 1.2278532182059618,
            "diff_percent": 4.473804007431277
        }
    },
    "rub2eur": {
        "bank": {
            "current": 0.010121457489878543,
            "sparkline_full": "                        98.6      \n  ▄▃▁▁▃▃▃▄▃▃▃▃▃▃▃▃▃▃▄▄▄▅▇█▇▆▆▅▇█  \n   103                            "
        },
        "korona": {
            "current": 0.00975640024734426,
            "diff_percent": -3.606765556238714
        },
        "crypto": {
            "current": 0.009484782171366337,
            "diff_percent": -6.290352146900595
        },
        "forex": {
            "current": 0.0104791625880977,
            "diff_percent": 3.534126370405267
        }
    },
    "rub2usd": {
        "bank": {
            "current": 0.011837121212121212,
            "sparkline_full": "                        83.7      \n  ▅▂▁▁▃▃▄▆▅▄▄▄▄▃▃▃▃▃▃▃▄▅▇█▇▆▆▅▆▇  \n   87.6                           "
        },
        "korona": {
            "current": 0.011255923727798104,
            "diff_percent": -4.909956347561616
        },
        "crypto": {
            "current": 0.011070516467883582,
            "diff_percent": -6.476276879319502
        },
        "forex": {
            "current": 0.012204811380742517,
            "diff_percent": 3.106246544512783
        }
    },
    "xdr": {
        "rub2xdr": {
            "current_rate": 0.008525226500388254,
            "sparkline": "▃▁▁▁▂▃▄▄▃▁▂▂▂▂▂▂▂▂▃▄▄▅▆▇▆▆▆▅▆█"
        },
        "usd2xdr": {
            "current_rate": 0.699711,
            "sparkline": "▄▅▆▅▅▅▅▅▅▃▄▄▄▄▄▄▄▅▅▅▅▅▅▅▄▄▅▅▅▆"
        },
        "eur2xdr": {
            "current_rate": 0.8135408176671731,
            "sparkline": "▄▄▄▄▄▄▄▅▆▃▃▄▄▄▄▄▃▃▄▄▄▄▄▄▄▄▄▄▃▃"
        },
        "cny2xdr": {
            "current_rate": 0.09828022838522098,
            "sparkline": "▄▅▅▅▄▄▅▅▅▃▄▄▄▄▄▄▄▄▅▅▅▅▅▅▄▄▄▅▅▆"
        },
        "rsd2xdr": {
            "current_rate": 0.006943196771389835,
            "sparkline": "▄▄▄▄▄▄▄▆▆▃▄▄▄▄▄▄▃▃▄▄▄▄▄▄▄▄▄▄▃▃"
        }
    },
    "neer": {
        "rub": {
            "current_rate": 93.39013601131322,
            "sparkline": "▇▆▃▁▅▄▁▅▅▅▆▅▅▅▄▆▄▆▅▆▅▇▇█████▇█"
        },
        "usd": {
            "current_rate": 104.13946292377035,
            "sparkline": "▅▅▅▅▄▄▄▄▃▄▄▄▄▄▄▅▅▅▅▅▅▅▅▅▅▅▅▅▅▆"
        },
        "eur": {
            "current_rate": 110.38472721244405,
            "sparkline": "▄▄▄▄▄▄▅▅▅▅▅▅▅▅▅▅▅▄▅▅▅▅▅▅▅▅▅▅▄▄"
        },
        "cny": {
            "current_rate": 105.60146255580347,
            "sparkline": "▄▄▄▄▄▄▄▃▃▄▄▄▄▄▄▄▄▅▄▄▅▄▄▄▄▄▄▅▅▆"
        },
        "rsd": {
            "current_rate": 110.5712846262922,
            "sparkline": "▅▄▄▅▄▄▄▅▄▅▄▄▄▅▅▄▄▅▄▄▄▄▄▄▄▄▄▄▄▄"
        }
    },
    "update_time": "2025-10-08 05:05:50",
    "update_time_display": "08.10 05:05"
}