{
    "rub2rsd": {
        "bank": {
            "current": 1.1601546244616154,
            "sparkline_full": "   1.19                           \n  ▇▇▇▇▇▅▅▅▄▃▂▂▃▃▄▄▃▃▃▃▃▃▃▃▃▄▄▄▄▅  \n           1.13                   "
        },
        "korona": {
            "current": 1.1155735646235045,
            "diff_percent": -3.84268259576169
        },
        "crypto": {
            "current": 1.0963493972866831,
            "diff_percent": -5.499717522958799
        },
        "forex": {
            "current": 1.2030014792479342,
            "diff_percent": 3.693202085558415
        }
    },
    "rub2eur": {
        "bank": {
            "current": 0.009953219866626855,
            "sparkline_full": " 97.1                             \n  █▇▇▇▆▅▅▅▄▂▁▂▃▃▃▄▃▃▃▃▃▂▂▂▃▃▃▃▃▄  \n           103                    "
        },
        "korona": {
            "current": 0.009555233958231301,
            "diff_percent": -3.998564421650123
        },
        "crypto": {
            "current": 0.009334833404395176,
            "diff_percent": -6.212928786041674
        },
        "forex": {
            "current": 0.010264177692914187,
            "diff_percent": 3.12419328070883
        }
    },
    "rub2usd": {
        "bank": {
            "current": 0.0117000117000117,
            "sparkline_full": " 83.2                             \n  ▇▇▇▆▆▆▆▆▄▃▂▂▃▃▄▅▄▄▄▄▄▃▄▃▃▃▃▃▄▄  \n           87.6                   "
        },
        "korona": {
            "current": 0.010969258255885,
            "diff_percent": -6.245749686950902
        },
        "crypto": {
            "current": 0.010951291410052001,
            "diff_percent": -6.399312318285541
        },
        "forex": {
            "current": 0.012067442522771265,
            "diff_percent": 3.1404312421260063
        }
    },
    "xdr": {
        "rub2xdr": {
            "current_rate": 0.008378051411554649,
            "sparkline": "██▇▇▇▆▆▅▂▁▁▁▂▂▃▃▂▁▂▂▂▂▁▁▁▂▂▂▃▃"
        },
        "usd2xdr": {
            "current_rate": 0.695998,
            "sparkline": "▅▅▅▅▆▅▅▅▄▅▅▅▅▅▅▅▅▃▄▄▄▄▄▄▄▅▅▅▅▅"
        },
        "eur2xdr": {
            "current_rate": 0.8162418522175806,
            "sparkline": "▄▄▃▄▅▄▄▄▄▄▄▄▄▄▄▅▆▄▄▄▄▄▄▄▄▃▄▄▄▄"
        },
        "cny2xdr": {
            "current_rate": 0.0977600797814438,
            "sparkline": "▅▅▅▅▅▅▄▅▄▅▅▅▄▄▅▅▅▄▄▄▄▄▄▄▄▄▅▅▅▅"
        },
        "rsd2xdr": {
            "current_rate": 0.006964290199204288,
            "sparkline": "▄▄▃▄▅▄▄▄▄▄▄▄▄▄▄▅▆▄▄▄▄▄▄▄▄▃▄▄▄▄"
        }
    },
    "neer": {
        "rub": {
            "current_rate": 92.04650026976496,
            "sparkline": "████▇▇▇▇▅▄▂▁▃▃▁▄▄▄▄▄▄▄▃▃▃▄▄▄▄▄"
        },
        "usd": {
            "current_rate": 103.64644846588538,
            "sparkline": "▅▅▅▅▅▅▅▅▅▅▅▅▄▄▄▄▄▄▄▄▄▄▄▄▅▅▅▅▅▅"
        },
        "eur": {
            "current_rate": 110.8699680437679,
            "sparkline": "▄▄▄▄▄▄▄▄▄▄▄▄▄▄▅▅▅▅▅▅▅▅▅▅▅▄▅▅▅▅"
        },
        "cny": {
            "current_rate": 104.86843807536306,
            "sparkline": "▄▅▅▅▄▄▄▄▄▄▅▅▄▄▄▄▄▄▅▅▅▄▅▄▅▅▅▅▅▅"
        },
        "rsd": {
            "current_rate": 110.67003160656371,
            "sparkline": "▄▅▄▄▄▄▄▄▅▄▅▅▄▄▄▅▅▅▄▄▄▅▅▅▄▄▅▄▄▄"
        }
    },
    "update_time": "2025-09-30 02:51:28",
    "update_time_display": "30.09 02:51"
}