{
    "rub2rsd": {
        "bank": {
            "current": 1.20549575160843,
            "sparkline_full": "                     1.24         \n         ▂▃▃▃▃▄▆▇▇▇▇▆▇██▇▇▇▇▆▃▂▁  \n                              1.21"
        },
        "korona": {
            "current": 1.1619069864347482,
            "diff_percent": -3.61583731137364
        },
        "crypto": {
            "current": 1.2102705974280106,
            "diff_percent": 0.3960898089611536
        },
        "forex": {
            "current": 1.256918598227547,
            "diff_percent": 4.265701189780743
        }
    },
    "rub2eur": {
        "bank": {
            "current": 0.01038961038961039,
            "sparkline_full": "                      93.4        \n         ▃▃▄▄▄▄▆▆▇▇▇▆▆██▇▇▇▇▆▄▂▁  \n                              96.2"
        },
        "korona": {
            "current": 0.009952094102224824,
            "diff_percent": -4.211094266086069
        },
        "crypto": {
            "current": 0.010327393818644314,
            "diff_percent": -0.5988344955484731
        },
        "forex": {
            "current": 0.010731381222223562,
            "diff_percent": 3.289544263901788
        }
    },
    "rub2usd": {
        "bank": {
            "current": 0.012221950623319483,
            "sparkline_full": "                  80.1            \n         ▅▄▅▅▅▅▆▇▇▇▇▆▆▇▇▆▆▆▆▆▄▃▂  \n                              81.8"
        },
        "korona": {
            "current": 0.011486969712651986,
            "diff_percent": -6.013613811081465
        },
        "crypto": {
            "current": 0.01212428468452565,
            "diff_percent": -0.7991027112111403
        },
        "forex": {
            "current": 0.012680330145075656,
            "diff_percent": 3.750461247009008
        }
    },
    "xdr": {
        "rub2xdr": {
            "current_rate": 0.00874811879471025,
            "sparkline": "       ▃█████▂▃▃▂▂▂▂▃▃▃▂▂▂▂▁▁▁"
        },
        "usd2xdr": {
            "current_rate": 0.693286,
            "sparkline": "       ▃█████▁▁▁▁▁▁▂▂▂▂▂▂▂▂▁▁▁"
        },
        "eur2xdr": {
            "current_rate": 0.8151903854271634,
            "sparkline": "       ▃█████▁▁▁▁▁▁▁▁▁▁▁▁▁▁▁▁▁"
        },
        "cny2xdr": {
            "current_rate": 0.0968276536312849,
            "sparkline": "       ▃█████▁▁▁▁▁▁▁▂▂▂▂▂▂▁▁▁▁"
        },
        "rsd2xdr": {
            "current_rate": 0.006959972433414919,
            "sparkline": "       ▃█████▁▁▁▁▁▁▁▁▁▁▁▁▁▁▁▁▁"
        }
    },
    "neer": {
        "rub": {
            "current_rate": 97.35683524178282,
            "sparkline": "▄▄▄▄▄▂▃▂▂▂▂▂▃▅▅▆▆▆▆▅▇▇▆▅▅▅▅▃▃▃"
        },
        "usd": {
            "current_rate": 103.05030656060391,
            "sparkline": "▄▄▄▄▄▃▄▃▃▃▃▄▄▄▄▅▄▄▅▅▆▆▅▆▆▅▅▄▃▃"
        },
        "eur": {
            "current_rate": 110.75896920613299,
            "sparkline": "▄▄▄▄▄▅▅▅▅▅▅▅▅▄▅▄▅▄▅▅▄▄▄▄▄▄▅▅▅▅"
        },
        "cny": {
            "current_rate": 103.29883601418139,
            "sparkline": "▄▄▄▄▄▃▃▃▃▃▃▄▄▄▄▅▅▅▅▅▆▆▆▆▆▅▅▄▄▄"
        },
        "rsd": {
            "current_rate": 110.61048276660905,
            "sparkline": "▄▄▄▅▅▅▆▅▅▅▅▆▅▅▅▅▅▄▄▃▄▅▃▄▄▆▅▅▅▅"
        }
    },
    "update_time": "2025-07-25 00:21:27",
    "update_time_display": "25.07 00:21"
}