{
    "rub2rsd": {
        "bank": {
            "current": 1.3173980174088369,
            "sparkline_full": "     1.35                         \n  █▇▇▇██▇▇▆▅▃▁▂▃▃▄▆▇▆▆▅▅▅▆ ▃   ▃  \n            1.30                  "
        },
        "korona": {
            "current": 1.29438931325865,
            "diff_percent": -1.7465263987145139
        },
        "crypto": {
            "current": 1.395074253510455,
            "diff_percent": 5.896185896377611
        },
        "forex": {
            "current": 1.398599942229431,
            "diff_percent": 6.1638110690578225
        }
    },
    "rub2eur": {
        "bank": {
            "current": 0.011466574934067195,
            "sparkline_full": " 85.8                             \n  █▇▆▆████▇▅▃▁▂▂▂▃▆▆▆▆▆▆▅▆ ▅▅▅▅▅  \n            89.4                  "
        },
        "korona": {
            "current": 0.011071267342143878,
            "diff_percent": -3.4474775091632464
        },
        "crypto": {
            "current": 0.01209937999705066,
            "diff_percent": 5.51869295427879
        },
        "forex": {
            "current": 0.011928877251214805,
            "diff_percent": 4.031738507844304
        }
    },
    "rub2usd": {
        "bank": {
            "current": 0.013149243918474688,
            "sparkline_full": "      73.7                        \n  ▇▇▇▇████▇▅▃▁▂▂▂▂▅▅▅▅▅▅▅▅ ▃▃▃▃▃  \n            76.9                  "
        },
        "korona": {
            "current": 0.012428125907428228,
            "diff_percent": -5.484102474008331
        },
        "crypto": {
            "current": 0.013847204981365201,
            "diff_percent": 5.307993883282348
        },
        "forex": {
            "current": 0.013616743147374013,
            "diff_percent": 3.555331635779363
        }
    },
    "xdr": {
        "rub2xdr": {
            "current_rate": 0.009731298487539163,
            "sparkline": "▄▅▄▅▆▆▅▅▄▃▁▁▁▁▁▂▄▅▅▄▃▃▃▄ ▂▂██▃"
        },
        "usd2xdr": {
            "current_rate": 0.71169,
            "sparkline": "▁▁▁▁▁▁▁▁▁▁▁▁▁▁▁▃▃▃▂▂▂▂▂▂ ▂▂██▃"
        },
        "eur2xdr": {
            "current_rate": 0.8157765632593924,
            "sparkline": "▃▃▃▃▃▃▃▃▃▃▃▃▃▂▂▃▃▃▃▃▃▃▃▃ ▁▁█▇▃"
        },
        "cny2xdr": {
            "current_rate": 0.10513028834790832,
            "sparkline": "▁▁▁▁▁▁▁▁▁▁▁▁▁▁▁▃▃▃▂▂▂▂▂▂ ▂▂██▃"
        },
        "rsd2xdr": {
            "current_rate": 0.00695788566387829,
            "sparkline": "▃▃▃▃▃▃▃▃▃▃▃▃▃▂▂▃▃▃▃▃▃▃▃▃ ▁▁█▇▃"
        }
    },
    "neer": {
        "rub": {
            "current_rate": 105.66283319675874,
            "sparkline": "▇█▇▆█▇▇▇▇▇▅▃▁▂▂▁▃▇▇▆▄▄▆▅▄▄▄▄▄▄"
        },
        "usd": {
            "current_rate": 103.26532796774949,
            "sparkline": "▄▃▃▃▄▃▄▄▃▃▄▄▄▅▅▄▄▅▅▄▄▄▄▄▄▅▆▆▆▆"
        },
        "eur": {
            "current_rate": 108.62904812170402,
            "sparkline": "▅▅▅▅▅▅▅▅▅▅▅▅▅▄▄▅▅▅▅▅▄▅▅▅▅▄▄▄▄▄"
        },
        "cny": {
            "current_rate": 112.74392505673006,
            "sparkline": "▃▄▄▄▅▅▃▃▅▅▅▅▆▅▅▆▆▆▆▆▄▄▆▆▄▅▅▅▅▅"
        },
        "rsd": {
            "current_rate": 109.14335715728022,
            "sparkline": "▂▇▇█▇▇▁▂█▇█▇▇▂▂▇▇▇▇▇▂▂██▂▁▁▁▁▁"
        }
    },
    "specific_rates": {
        "rub_kzt_bank": 6.45,
        "rub_kzt_crypto": 6.805901248340996,
        "kzt_rsd_bank": 0.20498009045466503,
        "rsd_eur_cash": 0.008462793930967782,
        "eur_rsd_cash": 116.91428571428571,
        "rsd_usd_cash": 0.009601536245799328,
        "usd_rsd_cash": 100.50714285714285,
        "eur_usd_exch": 1.1462526707687228,
        "usd_kzt_bank": 484.5
    },
    "conversion_rates": {
        "rub_usd": {
            "rub_to_usd": [
                0.013149243918474688,
                0.013054830287206267
            ],
            "usd_to_rub": [
                71.32,
                72.2
            ]
        },
        "rub_eur": {
            "rub_to_eur": [
                0.011466574934067195,
                0.011376564277588168
            ],
            "eur_to_rub": [
                81.69,
                82.9
            ]
        },
        "rub_kzt": {
            "rub_to_kzt": [
                6.45,
                6.369426751592357
            ],
            "kzt_to_rub": [
                0.14705882352941177,
                0.1485
            ]
        },
        "rub_rsd": {
            "rub_to_rsd": [
                1.370188990856714
            ],
            "rsd_to_rub": [
                0.7298263280999999
            ]
        },
        "usd_eur": {
            "usd_to_eur": [
                0.8650519031141869
            ],
            "eur_to_usd": [
                1.136
            ]
        },
        "usd_kzt": {
            "usd_to_kzt": [
                484.5
            ],
            "kzt_to_usd": [
                0.002034587995930824
            ]
        },
        "usd_rsd": {
            "usd_to_rsd": [
                100.18811922394204
            ],
            "rsd_to_usd": [
                0.0099812234
            ]
        },
        "eur_kzt": {
            "eur_to_kzt": [
                555.5
            ],
            "kzt_to_eur": [
                0.0017777777777777779
            ]
        },
        "eur_rsd": {
            "eur_to_rsd": [
                114.98601988471638
            ],
            "rsd_to_eur": [
                0.0086967094
            ]
        },
        "kzt_rsd": {
            "kzt_to_rsd": [
                0.20498009045466503
            ],
            "rsd_to_kzt": [
                4.8785225813
            ]
        },
        "eur_usd_forex": {
            "eur_to_usd": [
                1.1462526707687228
            ],
            "usd_to_eur": [
                0.872408
            ]
        }
    },
    "update_time": "2026-06-22 02:23:00",
    "update_time_display": "22.06 02:23"
}