{
    "rub2rsd": {
        "bank": {
            "current": 1.1903317252286802,
            "sparkline_full": "  1.22                            \n  ██▇▆██▆▆▅▇▆▅▆▄▄▃▃▄▇▇▁▁▁▃▂▃▁▁▁▁  \n                       1.19       "
        },
        "korona": {
            "current": 1.142467475125254,
            "diff_percent": -4.021084970597662
        },
        "crypto": {
            "current": 1.2090336742717593,
            "diff_percent": 1.5711543804720631
        },
        "forex": {
            "current": 1.2461661352783882,
            "diff_percent": 4.69065965951477
        }
    },
    "rub2eur": {
        "bank": {
            "current": 0.010300782859497322,
            "sparkline_full": " 95.3                             \n  █▇▇▆▇▇▅▅▆▇▅▅▄▄▄▃▂▄▄▄▁▁▁▃▃▃▂▂▂▂  \n                       97.5       "
        },
        "korona": {
            "current": 0.009785588652036437,
            "diff_percent": -5.001505366030274
        },
        "crypto": {
            "current": 0.01042697859661326,
            "diff_percent": 1.2251082159215314
        },
        "forex": {
            "current": 0.010626032082855019,
            "diff_percent": 3.1575194603565184
        }
    },
    "rub2usd": {
        "bank": {
            "current": 0.01201634222542658,
            "sparkline_full": "      81.9                        \n  ▄▅▅▄▇▇▆▆▅▆▆▆▅▅▅▄▃▄▇▆▂▂▂▃▂▂▂▂▂▂  \n                           83.3   "
        },
        "korona": {
            "current": 0.011149909133324193,
            "diff_percent": -7.210456192476059
        },
        "crypto": {
            "current": 0.012139157738861562,
            "diff_percent": 1.0220707028059213
        },
        "forex": {
            "current": 0.012448401376295257,
            "diff_percent": 3.595596253529132
        }
    },
    "xdr": {
        "rub2xdr": {
            "current_rate": 0.008677215803276314,
            "sparkline": "▃█▇▇█▆▅▅▆▇█▇▆▆▅▃▁▁▂▃▃▂▁▂▃▃▂▄▃▂"
        },
        "usd2xdr": {
            "current_rate": 0.697453,
            "sparkline": "▂▇▇▇▇▅▅▅▅▆▆▆▆▇▅▃▃▄▅▅▅▃▃▅▅▅▄▄▄▄"
        },
        "eur2xdr": {
            "current_rate": 0.8165998121986573,
            "sparkline": "▁▅▄▆▇▅▅▅▅▅▇▇▇█▇▄▄▄▄▅▇▅▄▄▄▅▅▅▄▅"
        },
        "cny2xdr": {
            "current_rate": 0.09780852078308183,
            "sparkline": "▁▇▇▇▇▅▅▅▅▆▇▇▇█▆▄▄▄▅▆▆▄▅▆▇█▇▇▇▆"
        },
        "rsd2xdr": {
            "current_rate": 0.006963129198931298,
            "sparkline": "▁▅▅▆▇▅▅▅▅▆▇▇▇█▇▅▄▄▄▅▇▅▅▅▅▆▅▅▅▅"
        }
    },
    "neer": {
        "rub": {
            "current_rate": 95.330650485606,
            "sparkline": "▆▅█▅▄▇▅▅█▇▄▅▅▄▃▅▂▃▅▄▂▁▃▂▃▃▂▃▃▂"
        },
        "usd": {
            "current_rate": 103.65363801671009,
            "sparkline": "▆▅▆▅▄▄▄▄▅▅▃▄▄▄▄▄▄▅▅▅▃▃▄▄▄▄▃▃▃▃"
        },
        "eur": {
            "current_rate": 110.5958811718088,
            "sparkline": "▄▃▃▄▄▄▄▄▄▄▅▅▅▅▆▅▅▅▅▄▆▆▅▅▄▄▄▅▅▅"
        },
        "cny": {
            "current_rate": 104.58083099241409,
            "sparkline": "▃▅▅▄▄▄▃▄▄▄▃▃▃▃▃▄▄▅▅▅▄▄▅▅▆▅▆▆▆▆"
        },
        "rsd": {
            "current_rate": 110.54401306158023,
            "sparkline": "▄▄▄▄▅▄▄▄▅▄▄▅▅▄▄▂▂▆▃▇▅▅▂▃▄▄▄▄▄▄"
        }
    },
    "update_time": "2025-09-01 07:20:45",
    "update_time_display": "01.09 07:20"
}