{
    "rub2rsd": {
        "bank": {
            "current": 1.2202481886562317,
            "sparkline_full": "          1.26                    \n  ▂▂▄▅▅▅▅▃▇█▇▇▇▃▂ ▄▅▅  ▄▄▃▃▃▂▁▁▁  \n                            1.22  "
        },
        "korona": {
            "current": 1.183329806546459,
            "diff_percent": -3.025481410501267
        },
        "crypto": {
            "current": 1.2201174530055223,
            "diff_percent": -0.010713857387765773
        },
        "forex": {
            "current": 1.2785821263120076,
            "diff_percent": 4.780497787094828
        }
    },
    "rub2eur": {
        "bank": {
            "current": 0.010506408909434755,
            "sparkline_full": "          92.2                    \n  ▂▃▄▅▅▄▄▃▇███▆▃▂▃▄▄▄▄▄▄▅▄▃▃▁▁▁▁  \n                             95.4 "
        },
        "korona": {
            "current": 0.010130009350403832,
            "diff_percent": -3.5825710028563296
        },
        "crypto": {
            "current": 0.01042202039119781,
            "diff_percent": -0.8032099165792345
        },
        "forex": {
            "current": 0.010894207267493131,
            "diff_percent": 3.6910647719996255
        }
    },
    "rub2usd": {
        "bank": {
            "current": 0.012490632025980514,
            "sparkline_full": "          78.6                    \n  ▁▁▂▂▂▃▃▃▇███▇▆▇████▆▆▅▆▅▅▅▃▄▄▄  \n 81.4                             "
        },
        "korona": {
            "current": 0.01174229527706732,
            "diff_percent": -5.991184011799032
        },
        "crypto": {
            "current": 0.012364400945068346,
            "diff_percent": -1.0106060337828213
        },
        "forex": {
            "current": 0.012909089031405233,
            "diff_percent": 3.3501667854302966
        }
    },
    "xdr": {
        "rub2xdr": {
            "current_rate": 0.00889055374440149,
            "sparkline": "▂▂▃▄▄▄▄▄▇███▅▃▃▃▅▅▄▃▄▄▄▄▃▃▃▂▁▁"
        },
        "usd2xdr": {
            "current_rate": 0.686599,
            "sparkline": "▇▇▇███▇▇▆▅▅▄▃▃▃▁▂▃▃▃▄▄▄▄▄▄▄▃▂▃"
        },
        "eur2xdr": {
            "current_rate": 0.81608083324518,
            "sparkline": "▄▄▄▄▄▄▅▅▄▄▆▅▄▅▆▄▄▄▄▃▄▄▄▄▄▄▅▅▄▄"
        },
        "cny2xdr": {
            "current_rate": 0.09948691569826412,
            "sparkline": "▇▇▇▇▇▇▇▇▆▅▅▄▃▃▃▂▂▃▃▃▄▄▅▅▄▄▅▅▄▄"
        },
        "rsd2xdr": {
            "current_rate": 0.006953447542744674,
            "sparkline": "▄▄▄▄▄▄▅▅▄▄▅▅▄▅▆▄▄▄▄▃▄▄▄▄▄▄▅▅▄▄"
        }
    },
    "neer": {
        "rub": {
            "current_rate": 98.10681388142794,
            "sparkline": "▁▂▂▄▄▂▃▃▄███▇▆▃▄▆▆▇▇▄▄▄▆▅▄▄▁▂▂"
        },
        "usd": {
            "current_rate": 101.24461769358581,
            "sparkline": "▇▇▇▇▇▇▆▆▆▅▄▄▄▃▂▂▃▄▄▄▄▄▄▄▄▄▃▃▂▂"
        },
        "eur": {
            "current_rate": 110.41718513891793,
            "sparkline": "▄▄▄▃▃▄▅▅▄▄▅▅▅▆▆▆▆▅▅▅▄▅▅▅▄▅▅▅▅▄"
        },
        "cny": {
            "current_rate": 107.39956292293664,
            "sparkline": "▆▆▆▆▆▆▆▆▆▅▄▄▄▃▃▃▃▄▄▅▅▅▅▅▅▅▅▅▄▄"
        },
        "rsd": {
            "current_rate": 110.32492154089374,
            "sparkline": "▄▄▄▄▄▄▃▄▄▄▄▄▅▄▆▅▅▅▅▅▅▅▃▆▅▅▄▄▅▅"
        }
    },
    "specific_rates": {
        "rub_kzt_bank": 6.22,
        "rub_kzt_crypto": 6.1698360715891045,
        "kzt_rsd_bank": 0.19775524646820455,
        "rsd_eur_cash": 0.008446965126101122,
        "eur_rsd_cash": 116.81428571428572,
        "rsd_usd_cash": 0.009923096005953858,
        "usd_rsd_cash": 96.83333333333333,
        "eur_usd_exch": 1.1885843603692694,
        "usd_kzt_bank": 492.0
    },
    "update_time": "2026-02-12 17:43:44",
    "update_time_display": "12.02 17:43"
}