{
    "rub2rsd": {
        "bank": {
            "current": 1.1555578108930693,
            "sparkline_full": "    1.19                          \n  ▇▇▇▇▇▇▅▅▅▄▃▂▂▃▃▄▄▃▃▃▃▃▃▃▃▃▄▄▄▄  \n            1.13                  "
        },
        "korona": {
            "current": 1.1129710093311491,
            "diff_percent": -3.6853890961116957
        },
        "crypto": {
            "current": 1.0941466718262356,
            "diff_percent": -5.314415123841558
        },
        "forex": {
            "current": 1.1962135886189598,
            "diff_percent": 3.5182815902970503
        }
    },
    "rub2eur": {
        "bank": {
            "current": 0.009938382031405287,
            "sparkline_full": "  97.1                            \n  ██▇▇▇▆▅▅▅▄▂▁▂▃▃▃▄▃▃▃▃▃▃▂▃▃▃▃▃▄  \n            103                   "
        },
        "korona": {
            "current": 0.009532942264078364,
            "diff_percent": -4.079534938843499
        },
        "crypto": {
            "current": 0.009330499539787467,
            "diff_percent": -6.116513630658504
        },
        "forex": {
            "current": 0.010206509607397442,
            "diff_percent": 2.6978996696330633
        }
    },
    "rub2usd": {
        "bank": {
            "current": 0.011653653420347278,
            "sparkline_full": "  83.2                            \n  ▇▇▇▇▆▆▆▆▆▄▃▂▂▃▃▄▅▄▄▄▄▄▃▄▃▃▃▄▄▄  \n            87.6                  "
        },
        "korona": {
            "current": 0.010943667741702547,
            "diff_percent": -6.092387108450432
        },
        "crypto": {
            "current": 0.010919388954171565,
            "diff_percent": -6.300723384253791
        },
        "forex": {
            "current": 0.01196003434921865,
            "diff_percent": 2.6290547506452464
        }
    },
    "xdr": {
        "rub2xdr": {
            "current_rate": 0.008325297882645787,
            "sparkline": "██▇▇▆▇▆▆▅▂▁▁▁▂▂▃▃▂▁▂▂▂▁▁▁▁▂▂▂▂"
        },
        "usd2xdr": {
            "current_rate": 0.695998,
            "sparkline": "▅▅▅▅▅▆▅▅▅▄▅▅▅▅▅▅▅▅▃▄▄▄▄▄▄▄▅▅▅▅"
        },
        "eur2xdr": {
            "current_rate": 0.8156851071410155,
            "sparkline": "▄▄▄▃▄▅▄▄▄▄▄▄▄▄▄▄▅▆▄▄▄▄▄▄▄▄▃▄▄▄"
        },
        "cny2xdr": {
            "current_rate": 0.09775115518040478,
            "sparkline": "▅▅▅▅▅▅▅▄▅▄▅▅▅▄▄▅▅▅▄▄▄▄▄▄▄▄▄▅▅▅"
        },
        "rsd2xdr": {
            "current_rate": 0.006959708501771346,
            "sparkline": "▄▄▄▃▄▅▄▄▄▄▄▄▄▄▄▄▅▆▄▄▄▄▄▄▄▄▃▄▄▄"
        }
    },
    "neer": {
        "rub": {
            "current_rate": 92.04650026976496,
            "sparkline": "█████▇▇▇▇▅▄▂▁▃▃▁▄▄▄▄▃▃▄▃▃▃▃▄▄▄"
        },
        "usd": {
            "current_rate": 103.64644846588538,
            "sparkline": "▅▅▅▅▅▅▅▅▅▅▅▅▅▄▄▄▄▄▄▄▄▄▄▄▄▅▅▅▅▅"
        },
        "eur": {
            "current_rate": 110.8699680437679,
            "sparkline": "▄▄▄▄▄▄▄▄▄▄▄▄▄▄▄▅▅▅▅▅▅▅▅▅▅▅▄▅▅▅"
        },
        "cny": {
            "current_rate": 104.86843807536306,
            "sparkline": "▄▄▅▅▅▄▄▄▄▄▄▅▅▄▄▄▄▄▄▅▅▅▄▅▄▅▅▅▅▅"
        },
        "rsd": {
            "current_rate": 110.67003160656371,
            "sparkline": "▄▄▅▄▄▄▄▄▄▅▄▅▅▄▄▄▅▅▅▄▄▄▅▅▅▄▄▅▄▄"
        }
    },
    "update_time": "2025-09-29 11:05:42",
    "update_time_display": "29.09 11:05"
}