{
    "rub2rsd": {
        "bank": {
            "current": 1.176828212727777,
            "sparkline_full": "                          1.22    \n  ▁▁▁▁▁▂▂▂▂▃▄▄▄▃▃▂▃▄▅▆▅▅▆▇██▆▅▅▄  \n    1.14                          "
        },
        "korona": {
            "current": 1.1453628577344388,
            "diff_percent": -2.673742408027796
        },
        "crypto": {
            "current": 1.3506600853820125,
            "diff_percent": 14.771219008363992
        },
        "forex": {
            "current": 1.234879753324743,
            "diff_percent": 4.932881449401026
        }
    },
    "rub2eur": {
        "bank": {
            "current": 0.010134792743488396,
            "sparkline_full": "                         95.0     \n  ▁▁▁▁▁▁▂▂▂▃▃▄▃▃▃▃▃▄▅▆▆▆▆▇██▅▅▅▄  \n   102                            "
        },
        "korona": {
            "current": 0.009807388384270423,
            "diff_percent": -3.2304988124037393
        },
        "crypto": {
            "current": 0.01158929208144424,
            "diff_percent": 14.351544967610309
        },
        "forex": {
            "current": 0.010537310420694087,
            "diff_percent": 3.9716419209885494
        }
    },
    "rub2usd": {
        "bank": {
            "current": 0.011853959222380275,
            "sparkline_full": "                          81.4    \n  ▂▁▂▁▁▁▁▁▂▃▄▅▄▃▃▃▃▄▅▄▅▅▅▆▇█▅▄▄▄  \n      86.2                        "
        },
        "korona": {
            "current": 0.011263753869262535,
            "diff_percent": -4.978972358901253
        },
        "crypto": {
            "current": 0.013527981422240366,
            "diff_percent": 14.122051278019729
        },
        "forex": {
            "current": 0.012348209633085298,
            "diff_percent": 4.1694964647075805
        }
    },
    "xdr": {
        "rub2xdr": {
            "current_rate": 0.008597889363293911,
            "sparkline": "▁▁▁▁▁▁▁▁▂▂▃▃▃▃▃▂▃▄▅▆▅▅▆▇█▇▅▅▅▅"
        },
        "usd2xdr": {
            "current_rate": 0.699288,
            "sparkline": "▄▄▄▄▄▄▄▄▄▄▄▄▄▄▄▄▄▅▅▅▅▅▅▅▅▅▅▅▅▅"
        },
        "eur2xdr": {
            "current_rate": 0.8159472408071635,
            "sparkline": "▄▅▅▅▄▄▅▅▅▅▅▅▄▄▅▄▄▄▄▅▅▅▄▅▅▅▅▅▅▅"
        },
        "cny2xdr": {
            "current_rate": 0.09815394980629948,
            "sparkline": "▄▄▄▄▄▄▄▄▄▄▄▄▄▄▄▄▄▅▅▅▅▅▅▅▅▅▅▅▅▅"
        },
        "rsd2xdr": {
            "current_rate": 0.006962531647429866,
            "sparkline": "▄▅▅▅▄▄▅▅▅▅▅▅▄▅▅▄▄▄▄▅▅▅▄▅▅▅▅▅▅▅"
        }
    },
    "neer": {
        "rub": {
            "current_rate": 94.81653299907215,
            "sparkline": "▁▂▁▂▁▂▂▂▁▂▃▄▅▃▃▅▃▄▅▅▅▅▅▆██▆▅▅▅"
        },
        "usd": {
            "current_rate": 104.03218117664431,
            "sparkline": "▄▄▄▄▄▅▄▄▄▄▄▄▄▄▄▄▄▅▅▅▅▅▅▅▅▄▄▅▅▅"
        },
        "eur": {
            "current_rate": 110.48096074640661,
            "sparkline": "▅▅▅▅▅▅▅▅▅▅▅▅▅▅▅▄▄▄▄▄▄▄▄▄▄▄▅▄▄▄"
        },
        "cny": {
            "current_rate": 105.32246178086895,
            "sparkline": "▄▄▄▄▄▄▄▄▄▄▄▄▄▄▄▅▅▅▅▅▅▅▅▅▅▅▄▅▅▅"
        },
        "rsd": {
            "current_rate": 110.54123710719966,
            "sparkline": "▄▄▅▅▅▄▅▄▅▄▅▄▄▄▄▅▅▄▄▄▄▄▅▅▄▄▄▄▄▄"
        }
    },
    "update_time": "2025-10-20 08:05:43",
    "update_time_display": "20.10 08:05"
}