{
    "rub2rsd": {
        "bank": {
            "current": 1.2345224062582125,
            "sparkline_full": " 1.25                             \n  ███         ▁▁▁▁▁▂▄▅▅▅▅▄▅▇▆▆▅▅  \n             1.21                 "
        },
        "korona": {
            "current": 1.1930923815622714,
            "diff_percent": -3.3559556704615736
        },
        "crypto": {
            "current": 1.1878259196652763,
            "diff_percent": -3.7825548046933712
        },
        "forex": {
            "current": 1.2813081411322245,
            "diff_percent": 3.789784181869782
        }
    },
    "rub2eur": {
        "bank": {
            "current": 0.010641694157709908,
            "sparkline_full": "  92.8                            \n  ██▇         ▁▁▂▂▂▂▄▄▅▅▅▄▅▆▇▅▅▅  \n              95.5                "
        },
        "korona": {
            "current": 0.010223585103361365,
            "diff_percent": -3.928970783713257
        },
        "crypto": {
            "current": 0.010199387930879596,
            "diff_percent": -4.1563516135244365
        },
        "forex": {
            "current": 0.010938190036408484,
            "diff_percent": 2.786171772130523
        }
    },
    "rub2usd": {
        "bank": {
            "current": 0.012405408758218583,
            "sparkline_full": "                       80.1       \n  ▅▅▄         ▃▃▄▄▄▄▅▆▆▆▆▅▅▅▆▄▄▄  \n              81.0                "
        },
        "korona": {
            "current": 0.011793612470431264,
            "diff_percent": -4.931689875853583
        },
        "crypto": {
            "current": 0.01186595458625208,
            "diff_percent": -4.3485400802219845
        },
        "forex": {
            "current": 0.012769288329253546,
            "diff_percent": 2.9332332221128397
        }
    },
    "xdr": {
        "rub2xdr": {
            "current_rate": 0.008926323699704296,
            "sparkline": "▃▃▃         ▂▇████▁▂▂▁▁▁▂▂▂▂▂▁"
        },
        "usd2xdr": {
            "current_rate": 0.701779,
            "sparkline": "▃▃▃         ▃█████▁▁▁▁▁▁▁▂▂▂▂▂"
        },
        "eur2xdr": {
            "current_rate": 0.8160695389266819,
            "sparkline": "▁▁▁         ▃█████▁▁▁▁▁▁▁▁▁▁▁▁"
        },
        "cny2xdr": {
            "current_rate": 0.09776872226749977,
            "sparkline": "▂▂▂         ▃█████▁▁▁▁▁▁▁▂▂▂▂▂"
        },
        "rsd2xdr": {
            "current_rate": 0.00696657065787202,
            "sparkline": "▁▁▁         ▃█████▁▁▁▁▁▁▁▁▁▁▁▁"
        }
    },
    "neer": {
        "rub": {
            "current_rate": 98.09512194869119,
            "sparkline": "▆▆▇▅▅▅▄▄▄▄▂▃▂▂▂▂▂▃▅▅▆▆▆▆▆▇▇▇▅▅"
        },
        "usd": {
            "current_rate": 103.9987989037065,
            "sparkline": "▆▆▇▅▅▄▃▃▃▃▂▃▂▂▂▂▃▃▄▄▄▄▃▄▄▅▅▅▅▅"
        },
        "eur": {
            "current_rate": 110.21077191956853,
            "sparkline": "▃▃▃▄▄▅▅▅▅▅▆▆▆▆▆▆▆▆▅▅▅▆▅▆▅▅▅▅▅▅"
        },
        "cny": {
            "current_rate": 103.88378298702311,
            "sparkline": "▆▆▇▄▅▃▃▃▃▃▂▃▃▃▃▃▃▄▄▄▅▄▄▅▅▅▅▅▅▆"
        },
        "rsd": {
            "current_rate": 110.38262505184936,
            "sparkline": "▃▃▄▄▄▄▄▄▄▅▅▆▅▅▅▅▆▅▅▅▅▅▄▄▄▄▄▄▄▄"
        }
    },
    "update_time": "2025-07-20 12:35:42",
    "update_time_display": "20.07 12:35"
}