{
    "rub2rsd": {
        "bank": {
            "current": 1.2307463792217335,
            "sparkline_full": "                          1.23    \n  ▃▃▃▃▃▂▃▃▂▂▂▂▂▁▂▁▁▁▁▁▂▃▆████▇██  \n                   1.19           "
        },
        "korona": {
            "current": 1.2015618416717995,
            "diff_percent": -2.371287703351923
        },
        "crypto": {
            "current": 1.2858734288757907,
            "diff_percent": 4.479155948353633
        },
        "forex": {
            "current": 1.2982506547014676,
            "diff_percent": 5.484824218814334
        }
    },
    "rub2eur": {
        "bank": {
            "current": 0.010588733587462939,
            "sparkline_full": "                             94.2 \n  ▄▃▂▂▃▃▃▃▂▂▂▂▁▂▂▂▂▂▁▁▂▂▆▇▇▇▇▆█▇  \n                   97.7           "
        },
        "korona": {
            "current": 0.010288602925630087,
            "diff_percent": -2.8344339703494503
        },
        "crypto": {
            "current": 0.011015141621886488,
            "diff_percent": 4.026997477095994
        },
        "forex": {
            "current": 0.011062293574321858,
            "diff_percent": 4.472300515895634
        }
    },
    "rub2usd": {
        "bank": {
            "current": 0.012294074256208506,
            "sparkline_full": "                             81.3 \n  ▄▃▂▂▂▂▁▂▂▂▂▂▁▂▂▂▂▂▁▂▂▂▅▆▆▇▇▆██  \n             84.2                 "
        },
        "korona": {
            "current": 0.011614904221090376,
            "diff_percent": -5.524369065650873
        },
        "crypto": {
            "current": 0.012762736206128094,
            "diff_percent": 3.8120963006459276
        },
        "forex": {
            "current": 0.012779503720752509,
            "diff_percent": 3.9484832646009207
        }
    },
    "xdr": {
        "rub2xdr": {
            "current_rate": 0.00902713520563374,
            "sparkline": "▃▃▃▂▂▃▂▂▃▂▂▁▁▁▂▂▂▄▁▁▂▃▆▇▇██▇██"
        },
        "usd2xdr": {
            "current_rate": 0.704217,
            "sparkline": "▃▄▄▃▅▅▅▅▅▄▄▄▄▄▄▄▄▆▃▄▄▄▅▅▅▅▅▄▄▄"
        },
        "eur2xdr": {
            "current_rate": 0.8160274490082063,
            "sparkline": "▂▃▃▃▃▃▃▃▄▄▄▃▄▃▄▄▄▇▃▃▃▃▃▃▃▄▄▃▄▃"
        },
        "cny2xdr": {
            "current_rate": 0.09952049857972611,
            "sparkline": "▃▃▃▃▄▄▄▄▅▄▄▃▄▄▄▄▄▆▃▃▄▄▅▅▅▅▅▄▄▄"
        },
        "rsd2xdr": {
            "current_rate": 0.0069533068771758305,
            "sparkline": "▂▃▃▃▃▃▃▃▄▄▄▃▄▃▄▄▄▇▃▃▃▂▃▃▃▃▄▃▃▃"
        }
    },
    "neer": {
        "rub": {
            "current_rate": 99.16959769486054,
            "sparkline": "▅▃▃▃▃▃▃▂▁▁▁▁▂▁▁▂▂▂▂▁▂▂▃▇▇▃▇▆▇█"
        },
        "usd": {
            "current_rate": 104.4289588428871,
            "sparkline": "▅▅▅▅▅▅▅▅▅▅▄▄▄▄▄▄▄▄▄▄▄▅▅▅▅▅▅▄▄▄"
        },
        "eur": {
            "current_rate": 110.13522474180607,
            "sparkline": "▄▄▄▄▄▄▄▄▅▅▅▅▅▅▅▅▅▅▅▅▅▄▄▄▄▄▄▅▅▄"
        },
        "cny": {
            "current_rate": 106.89820402655724,
            "sparkline": "▄▄▄▄▄▄▄▄▄▄▄▄▄▄▄▄▄▄▄▄▄▅▅▅▅▅▅▅▅▅"
        },
        "rsd": {
            "current_rate": 109.98292936513195,
            "sparkline": "▆▅▅▅▅▅▄▄▄▅▅▅▅▅▅▄▄▅▅▅▃▄▄▄▄▄▅▄▄▄"
        }
    },
    "specific_rates": {
        "rub_kzt_bank": 6.38,
        "rub_kzt_crypto": 6.636622827186609,
        "kzt_rsd_bank": 0.19375418226394778,
        "rsd_eur_cash": 0.00849514563106796,
        "eur_rsd_cash": 116.78571428571429,
        "rsd_usd_cash": 0.009666505558240696,
        "usd_rsd_cash": 99.51428571428572,
        "eur_usd_exch": 1.1587727206361198,
        "usd_kzt_bank": 514.0
    },
    "update_time": "2025-11-28 05:50:44",
    "update_time_display": "28.11 05:50"
}