{
    "rub2rsd": {
        "bank": {
            "current": 1.1825097953031596,
            "sparkline_full": "  1.18                            \n  ▇▇▆▆▆▄▃▂▂▃▃▄▅▃▃▃▃▃▃▃▃▃▄▄▄▄▅▆▇▇  \n        1.13                      "
        },
        "korona": {
            "current": 1.123701595290521,
            "diff_percent": -4.973168107885483
        },
        "crypto": {
            "current": 1.1292166652171975,
            "diff_percent": -4.506781279752469
        },
        "forex": {
            "current": 1.210593862844158,
            "diff_percent": 2.3749543261752386
        }
    },
    "rub2eur": {
        "bank": {
            "current": 0.010147133434804667,
            "sparkline_full": " 97.8                             \n  ▇▇▆▆▆▄▃▂▂▃▃▃▄▃▃▃▃▃▃▃▃▃▃▄▄▄▅▆▇▇  \n        103                       "
        },
        "korona": {
            "current": 0.009624853064586903,
            "diff_percent": -5.147073048496068
        },
        "crypto": {
            "current": 0.00966572030609673,
            "diff_percent": -4.744326383416716
        },
        "forex": {
            "current": 0.010332302046233463,
            "diff_percent": 1.824836665630784
        }
    },
    "rub2usd": {
        "bank": {
            "current": 0.011951715071112704,
            "sparkline_full": "                             83.7 \n  ▇▇▆▆▆▅▃▂▂▃▃▄▅▅▄▄▄▄▄▄▄▄▄▄▄▄▅▆▇▇  \n        87.6                      "
        },
        "korona": {
            "current": 0.010997275350269339,
            "diff_percent": -7.98579714429644
        },
        "crypto": {
            "current": 0.011361614868893703,
            "diff_percent": -4.937368391966387
        },
        "forex": {
            "current": 0.012344383614065191,
            "diff_percent": 3.2854576988834614
        }
    },
    "xdr": {
        "rub2xdr": {
            "current_rate": 0.008408301258476506,
            "sparkline": "████▆▃▁▁▁▂▂▃▃▃▁▂▂▂▂▁▁▂▂▂▃▃▄▅▆▄"
        },
        "usd2xdr": {
            "current_rate": 0.694091,
            "sparkline": "▅▆▅▅▅▄▅▅▅▅▅▅▅▅▃▄▄▄▄▄▄▄▅▅▅▅▅▅▅▄"
        },
        "eur2xdr": {
            "current_rate": 0.8137877910316867,
            "sparkline": "▃▅▄▄▄▄▄▄▄▄▄▄▅▆▄▄▄▄▄▄▄▄▃▄▄▄▄▄▄▄"
        },
        "cny2xdr": {
            "current_rate": 0.09749085265220415,
            "sparkline": "▅▆▅▄▅▄▅▅▅▄▄▅▅▅▃▄▄▄▄▄▄▄▄▅▅▅▅▅▅▄"
        },
        "rsd2xdr": {
            "current_rate": 0.0069456004334287,
            "sparkline": "▃▅▄▄▄▄▄▄▄▄▄▄▅▆▄▄▄▄▄▄▄▄▃▄▄▄▄▄▄▄"
        }
    },
    "neer": {
        "rub": {
            "current_rate": 93.3718905378447,
            "sparkline": "█▇▇▇▇▅▄▂▁▄▃▁▄▄▄▄▄▄▄▃▄▃▄▄▄▄▅▅▆▆"
        },
        "usd": {
            "current_rate": 103.66949731081303,
            "sparkline": "▅▅▅▅▅▅▅▅▅▄▄▄▄▄▄▅▄▄▄▄▅▅▅▅▅▅▅▅▅▅"
        },
        "eur": {
            "current_rate": 110.80158345726329,
            "sparkline": "▄▄▄▄▄▄▄▄▄▄▄▅▅▅▅▅▅▅▅▅▅▅▅▅▅▅▅▅▅▅"
        },
        "cny": {
            "current_rate": 104.86553066681472,
            "sparkline": "▅▄▄▄▄▄▅▅▅▄▄▄▄▄▄▅▅▅▄▅▅▅▅▅▅▅▅▅▅▅"
        },
        "rsd": {
            "current_rate": 110.7150064586915,
            "sparkline": "▄▄▄▄▄▅▄▅▅▄▄▄▅▄▅▄▄▄▅▅▄▄▅▄▄▄▄▄▄▄"
        }
    },
    "update_time": "2025-10-03 05:20:54",
    "update_time_display": "03.10 05:20"
}