{
    "rub2rsd": {
        "bank": {
            "current": 1.241125601640569,
            "sparkline_full": "                              1.24\n  ▃▅▆▆▆▇▇▇▇▆▃  ▁▁▂▂▃▃▅▆▆▆▆▇▇████  \n               1.16               "
        },
        "korona": {
            "current": 1.197479389797365,
            "diff_percent": -3.5166635661620913
        },
        "crypto": {
            "current": 1.2364602128290791,
            "diff_percent": -0.3758998126638365
        },
        "forex": {
            "current": 1.2956723150918057,
            "diff_percent": 4.394939027857836
        }
    },
    "rub2eur": {
        "bank": {
            "current": 0.01066211749653481,
            "sparkline_full": "                             93.7 \n  ▃▄▆▅▆▇▇▇▇▆▃  ▁▁▂▂▂▃▅▆▆▆▆▇▇████  \n              99.8                "
        },
        "korona": {
            "current": 0.01025113822744473,
            "diff_percent": -3.8545745647958665
        },
        "crypto": {
            "current": 0.010605146081078275,
            "diff_percent": -0.5343349055668409
        },
        "forex": {
            "current": 0.01103907300582659,
            "diff_percent": 3.5354657216475944
        }
    },
    "rub2usd": {
        "bank": {
            "current": 0.012410027302060065,
            "sparkline_full": "        80.3                      \n  ▃▅▇▇▇████▇▄  ▁▁▂▃▃▃▄▅▅▆▆▆▇▇▇▇█  \n               85.0               "
        },
        "korona": {
            "current": 0.011655110857315843,
            "diff_percent": -6.08311671174894
        },
        "crypto": {
            "current": 0.012319317696909818,
            "diff_percent": -0.730937998300692
        },
        "forex": {
            "current": 0.012847987748158882,
            "diff_percent": 3.5290852746642676
        }
    },
    "xdr": {
        "rub2xdr": {
            "current_rate": 0.009007755248743967,
            "sparkline": "▁▃▆▅▃▄▄▄▅▄▃▄▃▁▁▁▁▂▂▄▅▅▆▆▆▇████"
        },
        "usd2xdr": {
            "current_rate": 0.701954,
            "sparkline": "▄▄▄▃▃▃▄▃▃▄▄▄▄▄▄▅▄▅▅▅▅▅▅▅▅▅▅▆▆▆"
        },
        "eur2xdr": {
            "current_rate": 0.8159883754722465,
            "sparkline": "▄▅▅▄▄▄▄▄▄▄▄▄▄▄▄▄▄▄▄▄▄▄▅▄▅▄▄▄▄▄"
        },
        "cny2xdr": {
            "current_rate": 0.1008047677173835,
            "sparkline": "▃▃▃▃▂▃▃▃▃▄▄▄▄▄▄▅▅▅▅▅▅▆▆▆▆▆▆▆▇▆"
        },
        "rsd2xdr": {
            "current_rate": 0.00695218624633939,
            "sparkline": "▅▅▅▄▄▄▅▄▄▅▄▅▄▄▅▅▄▄▄▄▄▄▅▅▅▄▄▄▅▅"
        }
    },
    "neer": {
        "rub": {
            "current_rate": 98.79849601435492,
            "sparkline": "▃▃▃▄▄▅▅▅▅▆▅▅▅▅▅▅▅▅▅▆▄▄▅▅▅▅▆▆▆▆"
        },
        "usd": {
            "current_rate": 103.22428189281186,
            "sparkline": "▅▅▄▄▄▄▄▄▄▄▄▄▄▄▅▅▄▅▅▅▅▅▅▅▅▅▅▅▅▄"
        },
        "eur": {
            "current_rate": 109.77642109183772,
            "sparkline": "▅▅▅▅▅▅▅▅▅▅▅▅▅▄▄▄▄▄▄▄▄▄▄▄▄▄▄▄▄▄"
        },
        "cny": {
            "current_rate": 108.47828180821544,
            "sparkline": "▄▄▄▄▄▄▄▄▄▄▄▄▄▄▅▅▄▄▅▅▅▅▅▅▅▅▅▅▅▅"
        },
        "rsd": {
            "current_rate": 109.98036085919541,
            "sparkline": "▅▅▅▅▅▅▅▅▅▅▅▅▅▅▅▅▄▄▅▅▄▄▄▄▄▄▄▄▄▄"
        }
    },
    "specific_rates": {
        "rub_kzt_bank": 6.36,
        "rub_kzt_crypto": 6.325969637363191,
        "kzt_rsd_bank": 0.19545781654185493,
        "rsd_eur_cash": 0.008441871683550409,
        "eur_rsd_cash": 116.81428571428572,
        "rsd_usd_cash": 0.009733036707452725,
        "usd_rsd_cash": 98.88571428571429,
        "eur_usd_exch": 1.1624527753560012,
        "usd_kzt_bank": 506.5
    },
    "update_time": "2026-01-19 13:05:49",
    "update_time_display": "19.01 13:05"
}