{
    "rub2rsd": {
        "bank": {
            "current": 1.189468458463669,
            "sparkline_full": "    1.22                          \n  █▇██▆▆▅█▆▆▆▄▄▃▃▄▇▇▂▁▁▃▃▃▂▁▁▁▁▁  \n                             1.19 "
        },
        "korona": {
            "current": 1.1494089329685964,
            "diff_percent": -3.367851010258311
        },
        "crypto": {
            "current": 1.1924927732459114,
            "diff_percent": 0.25425766952649165
        },
        "forex": {
            "current": 1.2406110922437064,
            "diff_percent": 4.299620844599256
        }
    },
    "rub2eur": {
        "bank": {
            "current": 0.010248001639680263,
            "sparkline_full": "   95.5                           \n  █▆██▆▆▇▇▆▅▅▅▅▄▃▄▅▄▁▁▁▃▄▃▃▃▃▃▂▁  \n                              97.6"
        },
        "korona": {
            "current": 0.0098397768472432,
            "diff_percent": -3.9834575246008566
        },
        "crypto": {
            "current": 0.010238668314960177,
            "diff_percent": -0.09107458261860062
        },
        "forex": {
            "current": 0.010590004766059759,
            "diff_percent": 3.3372665072111203
        }
    },
    "rub2usd": {
        "bank": {
            "current": 0.011957431543704412,
            "sparkline_full": "    81.9                          \n  ▆▅██▆▆▆▇▇▇▆▆▆▅▄▄█▆▃▃▃▄▃▂▂▃▃▃▂▁  \n                              83.6"
        },
        "korona": {
            "current": 0.011252167723627964,
            "diff_percent": -5.898121327299342
        },
        "crypto": {
            "current": 0.011922486142816427,
            "diff_percent": -0.29224838762622496
        },
        "forex": {
            "current": 0.012368767378118166,
            "diff_percent": 3.4400015832022235
        }
    },
    "xdr": {
        "rub2xdr": {
            "current_rate": 0.008618014776120562,
            "sparkline": "▇▇█▆▅▆▆▇█▇▆▇▆▃▁▂▃▄▃▃▂▃▄▄▃▅▄▃▂▁"
        },
        "usd2xdr": {
            "current_rate": 0.697027,
            "sparkline": "▆▆▆▄▄▄▅▅▅▅▅▆▅▃▃▃▄▅▅▃▃▄▅▅▄▄▄▃▃▃"
        },
        "eur2xdr": {
            "current_rate": 0.8137876201662071,
            "sparkline": "▃▄▅▄▃▃▃▄▆▅▅▇▅▃▂▂▃▄▅▃▃▃▃▄▄▄▂▄▃▃"
        },
        "cny2xdr": {
            "current_rate": 0.09774877994053963,
            "sparkline": "▆▆▆▄▄▄▄▅▅▅▅▆▄▃▃▃▄▅▅▃▄▅▅▆▆▆▅▅▅▅"
        },
        "rsd2xdr": {
            "current_rate": 0.00694658852399462,
            "sparkline": "▃▄▅▄▃▃▃▄▆▅▅▇▅▃▃▂▃▄▅▃▃▃▃▄▄▄▃▄▃▃"
        }
    },
    "neer": {
        "rub": {
            "current_rate": 95.54906873442978,
            "sparkline": "█▅▄▇▅▅█▇▄▅▅▄▃▅▂▃▅▄▂▁▃▂▃▃▂▃▃▂▁▂"
        },
        "usd": {
            "current_rate": 104.09153403976316,
            "sparkline": "▆▅▄▄▄▄▅▅▃▄▄▄▄▄▄▅▅▅▃▃▄▄▄▄▃▃▃▃▃▅"
        },
        "eur": {
            "current_rate": 110.35999159777603,
            "sparkline": "▃▄▄▄▄▄▄▄▅▅▅▅▆▅▅▅▅▄▆▆▅▅▄▄▄▅▅▅▅▄"
        },
        "cny": {
            "current_rate": 104.86852135489747,
            "sparkline": "▄▄▃▃▃▃▄▄▂▃▃▃▂▃▃▄▄▅▃▃▄▅▆▅▆▆▅▆▅▇"
        },
        "rsd": {
            "current_rate": 110.4842019817073,
            "sparkline": "▄▄▅▄▄▄▅▄▄▅▅▄▄▂▂▆▃▇▅▅▂▃▄▄▄▄▄▄▄▄"
        }
    },
    "update_time": "2025-09-03 21:20:48",
    "update_time_display": "03.09 21:20"
}