{
    "rub2rsd": {
        "bank": {
            "current": 1.2567567567567568,
            "sparkline_full": " 1.32                             \n  █▄▁▁▂▂▁ ▂▁▁▁▄▅▅▃▂▂▃▄▂▂▁▁▁▁▁▁▂▁  \n                              1.26"
        },
        "korona": {
            "current": 1.2181428550409168,
            "diff_percent": -3.0725040074969465
        },
        "crypto": {
            "current": 1.3353793493532817,
            "diff_percent": 6.255991238863273
        },
        "forex": {
            "current": 1.3173980658936075,
            "diff_percent": 4.825222447448337
        }
    },
    "rub2eur": {
        "bank": {
            "current": 0.010698619878035734,
            "sparkline_full": " 88.7                             \n  █▄▁▁▂▂▂▃▃▁▁▁▄▅▅▄▂▂▄▄▃▂▁▁▁▁▁▁▂▁  \n    93.7                          "
        },
        "korona": {
            "current": 0.010420383704370545,
            "diff_percent": -2.600673515248524
        },
        "crypto": {
            "current": 0.011115891105162026,
            "diff_percent": 3.900234159949451
        },
        "forex": {
            "current": 0.011219020678845582,
            "diff_percent": 4.864186285169649
        }
    },
    "rub2usd": {
        "bank": {
            "current": 0.012174336498660824,
            "sparkline_full": " 78.1                             \n  █▄▁▁▂▃▂▄▃▂▂▂▅▆▆▄▂▂▄▄▃▃▂▂▂▂▂▂▂▁  \n                              82.1"
        },
        "korona": {
            "current": 0.011690430470642195,
            "diff_percent": -3.974804114145013
        },
        "crypto": {
            "current": 0.012624310566196539,
            "diff_percent": 3.696086990738366
        },
        "forex": {
            "current": 0.01275430489676028,
            "diff_percent": 4.763860421988935
        }
    },
    "xdr": {
        "rub2xdr": {
            "current_rate": 0.009154837351595396,
            "sparkline": "█▅▁▁▂▂▁▃▃▃▄▃▅▅▅▅▄▄▅▄▂▁▁▁▁▁▁▂▁▂"
        },
        "usd2xdr": {
            "current_rate": 0.716808,
            "sparkline": "▅▅▅▅▅▅▅▅▄▄▄▄▄▄▄▄▄▄▅▅▄▄▄▄▄▄▅▅▄▅"
        },
        "eur2xdr": {
            "current_rate": 0.8160103821590792,
            "sparkline": "▅▅▅▄▅▅▄▅▅▅▄▄▄▄▅▄▄▄▅▅▅▄▄▄▅▄▅▅▄▅"
        },
        "cny2xdr": {
            "current_rate": 0.10583941174733486,
            "sparkline": "▅▅▄▄▅▄▄▄▄▄▄▄▄▄▄▄▄▅▅▅▅▄▄▄▄▄▅▅▅▅"
        },
        "rsd2xdr": {
            "current_rate": 0.006949180804653417,
            "sparkline": "▄▅▄▄▅▅▄▅▅▅▅▅▄▄▅▄▄▅▅▅▅▄▄▄▅▄▄▅▄▄"
        }
    },
    "neer": {
        "rub": {
            "current_rate": 99.09084047337775,
            "sparkline": "█▇▂▁▇▃▂▂▂▃▃▂▂▆▅▆▃▄▆▅▃▂▂▁▁▂▂▁▁▁"
        },
        "usd": {
            "current_rate": 103.74422248207387,
            "sparkline": "▅▅▅▅▄▅▅▅▄▅▅▅▄▅▄▄▅▅▄▄▄▄▄▅▅▄▄▅▅▅"
        },
        "eur": {
            "current_rate": 108.51410302044408,
            "sparkline": "▄▄▄▅▅▅▅▅▅▅▅▅▅▅▅▅▄▄▅▅▅▅▅▅▅▅▅▅▅▄"
        },
        "cny": {
            "current_rate": 113.27555609710656,
            "sparkline": "▅▅▃▄▅▅▆▅▅▄▄▅▅▅▅▅▃▄▅▅▅▅▅▄▄▅▅▄▄▄"
        },
        "rsd": {
            "current_rate": 109.51422277913494,
            "sparkline": "▆▆▂▂▆▆▇▆▇▂▂▇▇▇▇▇▂▂▆▆▆▆▆▂▂▆▆▂▂▂"
        }
    },
    "specific_rates": {
        "rub_kzt_bank": 5.82,
        "rub_kzt_crypto": 6.047044761208142,
        "kzt_rsd_bank": 0.22083172890000002,
        "rsd_eur_cash": 0.0084530853761623,
        "eur_rsd_cash": 116.9,
        "rsd_usd_cash": 0.009596928982725527,
        "usd_rsd_cash": 100.67857142857143,
        "eur_usd_exch": 1.1383946358844756,
        "usd_kzt_bank": 472.0
    },
    "conversion_rates": {
        "rub_usd": {
            "rub_to_usd": [
                0.012174336498660824,
                0.011933174224343675
            ],
            "usd_to_rub": [
                76.58,
                77.5
            ]
        },
        "rub_eur": {
            "rub_to_eur": [
                0.010698619878035734,
                0.010493179433368312
            ],
            "eur_to_rub": [
                87.03,
                88.2
            ]
        },
        "rub_kzt": {
            "rub_to_kzt": [
                5.82,
                5.58659217877095
            ],
            "kzt_to_rub": [
                0.1620745542949757,
                0.166
            ]
        },
        "rub_rsd": {
            "rub_to_rsd": [
                1.3277925637
            ],
            "rsd_to_rub": [
                0.7531296885813399
            ]
        },
        "usd_eur": {
            "usd_to_eur": [
                0.8648274669203493
            ],
            "eur_to_usd": [
                1.1363
            ]
        },
        "usd_kzt": {
            "usd_to_kzt": [
                472.0
            ],
            "kzt_to_usd": [
                0.0020876826722338203
            ]
        },
        "usd_rsd": {
            "usd_to_rsd": [
                103.23
            ],
            "rsd_to_usd": [
                0.00968710646130001
            ]
        },
        "eur_kzt": {
            "eur_to_kzt": [
                537.0
            ],
            "kzt_to_eur": [
                0.001838235294117647
            ]
        },
        "eur_rsd": {
            "eur_to_rsd": [
                118.07435590489999
            ],
            "rsd_to_eur": [
                0.008469239508750103
            ]
        },
        "kzt_rsd": {
            "kzt_to_rsd": [
                0.22083172890000002
            ],
            "rsd_to_kzt": [
                4.528334786768044
            ]
        },
        "eur_usd_forex": {
            "eur_to_usd": [
                1.1383946358844756
            ],
            "usd_to_eur": [
                0.87843
            ]
        }
    },
    "update_time": "2026-07-24 07:51:06",
    "update_time_display": "24.07 07:51"
}