{
    "rub2rsd": {
        "bank": {
            "current": 1.3304527279762672,
            "sparkline_full": "   1.35                           \n  ▇▇██▇▇▆▅▃▁▂▃▃▄▆▆▆▆▅▅▅▆ ▃   ▆▅▅  \n          1.30                    "
        },
        "korona": {
            "current": 1.2776939060214125,
            "diff_percent": -3.965478881395914
        },
        "crypto": {
            "current": 1.425318889733906,
            "diff_percent": 7.130366961773854
        },
        "forex": {
            "current": 1.383068893740715,
            "diff_percent": 3.954756501907544
        }
    },
    "rub2eur": {
        "bank": {
            "current": 0.011357183418512209,
            "sparkline_full": "    85.8                          \n  ▆▆████▇▅▃▁▂▂▂▃▆▆▆▆▅▅▅▆ ▅▅▅▅▅▄▄  \n          89.4                    "
        },
        "korona": {
            "current": 0.010939160154292915,
            "diff_percent": -3.6806948414508835
        },
        "crypto": {
            "current": 0.012083545105590874,
            "diff_percent": 6.395614654727644
        },
        "forex": {
            "current": 0.011784605088911208,
            "diff_percent": 3.7634478078631877
        }
    },
    "rub2usd": {
        "bank": {
            "current": 0.012898232942086934,
            "sparkline_full": "    73.7                          \n  ▇▇█████▆▄▂▃▃▃▃▅▆▆▆▅▅▅▆ ▄▃▃▃▃▁▁  \n                              77.5"
        },
        "korona": {
            "current": 0.012198386991475569,
            "diff_percent": -5.425905655089912
        },
        "crypto": {
            "current": 0.013695504788719596,
            "diff_percent": 6.181248626943028
        },
        "forex": {
            "current": 0.013401232913428035,
            "diff_percent": 3.8997587778075626
        }
    },
    "xdr": {
        "rub2xdr": {
            "current_rate": 0.009591183376858903,
            "sparkline": "▄▅▆▆▅▅▄▃▁▁▁▁▁▂▄▅▅▄▃▃▃▄ ▂▂██▂▁▁"
        },
        "usd2xdr": {
            "current_rate": 0.716966,
            "sparkline": "▁▁▁▁▁▁▁▁▁▁▁▁▁▃▃▃▂▂▂▂▂▂ ▂▂██▃▄▄"
        },
        "eur2xdr": {
            "current_rate": 0.8138739740955581,
            "sparkline": "▃▃▃▃▃▃▃▃▃▃▃▂▂▃▃▃▃▃▃▃▃▃ ▁▁█▇▃▃▂"
        },
        "cny2xdr": {
            "current_rate": 0.10542222352923877,
            "sparkline": "▁▁▁▁▁▁▁▁▁▁▁▁▁▃▃▃▂▂▂▂▂▂ ▂▂██▃▄▄"
        },
        "rsd2xdr": {
            "current_rate": 0.006934711221013817,
            "sparkline": "▃▃▃▃▃▃▃▃▃▃▃▂▂▃▃▃▃▃▃▃▃▃ ▁▁█▇▃▃▂"
        }
    },
    "neer": {
        "rub": {
            "current_rate": 104.29790353697443,
            "sparkline": "▇▆█▇▇▇▇▆▅▃▁▂▂▂▃▇▇▆▄▅▆▅▄▄▄▄▄▄▂▂"
        },
        "usd": {
            "current_rate": 103.96716358092844,
            "sparkline": "▃▃▃▃▃▃▃▃▃▃▃▅▅▄▄▄▄▄▄▄▃▃▄▄▅▅▅▅▅▆"
        },
        "eur": {
            "current_rate": 108.22616423356742,
            "sparkline": "▅▅▅▅▅▅▅▅▅▅▅▄▄▅▅▅▅▅▅▅▅▅▅▄▄▄▄▄▄▄"
        },
        "cny": {
            "current_rate": 112.95982574248187,
            "sparkline": "▄▄▄▄▃▃▅▅▅▅▅▅▅▆▆▆▆▆▄▄▅▅▄▄▅▅▅▅▅▅"
        },
        "rsd": {
            "current_rate": 109.14578155332435,
            "sparkline": "▇▇▇▇▂▂▇▇▇▇▇▂▂▇▇▇▇▇▂▂▇▇▂▂▂▂▂▂▂▂"
        }
    },
    "specific_rates": {
        "rub_kzt_bank": 6.32,
        "rub_kzt_crypto": 6.724492851261322,
        "kzt_rsd_bank": 0.21195931369999998,
        "rsd_eur_cash": 0.00844880027036161,
        "eur_rsd_cash": 116.8,
        "rsd_usd_cash": 0.009547190398254227,
        "usd_rsd_cash": 101.19285714285715,
        "eur_usd_exch": 1.1351639744361073,
        "usd_kzt_bank": 484.0
    },
    "conversion_rates": {
        "rub_usd": {
            "rub_to_usd": [
                0.012898232942086934,
                0.012804097311139566
            ],
            "usd_to_rub": [
                72.64,
                73.7
            ]
        },
        "rub_eur": {
            "rub_to_eur": [
                0.011357183418512209,
                0.011273957158962795
            ],
            "eur_to_rub": [
                82.38,
                83.6
            ]
        },
        "rub_kzt": {
            "rub_to_kzt": [
                6.32,
                6.211180124223603
            ],
            "kzt_to_rub": [
                0.14992503748125938,
                0.151
            ]
        },
        "rub_rsd": {
            "rub_to_rsd": [
                1.3879063899
            ],
            "rsd_to_rub": [
                0.7205096880287806
            ]
        },
        "usd_eur": {
            "usd_to_eur": [
                0.8735150244584207
            ],
            "eur_to_usd": [
                1.1248
            ]
        },
        "usd_kzt": {
            "usd_to_kzt": [
                484.0
            ],
            "kzt_to_usd": [
                0.002036659877800407
            ]
        },
        "usd_rsd": {
            "usd_to_rsd": [
                103.15
            ],
            "rsd_to_usd": [
                0.009694619486185167
            ]
        },
        "eur_kzt": {
            "eur_to_kzt": [
                549.5
            ],
            "kzt_to_eur": [
                0.0017969451931716084
            ]
        },
        "eur_rsd": {
            "eur_to_rsd": [
                118.01379699639999
            ],
            "rsd_to_eur": [
                0.008473585508230914
            ]
        },
        "kzt_rsd": {
            "kzt_to_rsd": [
                0.21195931369999998
            ],
            "rsd_to_kzt": [
                4.717886572398352
            ]
        },
        "eur_usd_forex": {
            "eur_to_usd": [
                1.1351639744361073
            ],
            "usd_to_eur": [
                0.88093
            ]
        }
    },
    "update_time": "2026-06-24 11:21:02",
    "update_time_display": "24.06 11:21"
}