{
    "rub2rsd": {
        "bank": {
            "current": 1.2345224062582125,
            "sparkline_full": " 1.25                             \n  ██         ▁▁▁▁▁▂▄▅▅▅▅▄▅▇▆▆▅▅▅  \n            1.21                  "
        },
        "korona": {
            "current": 1.1937234817192652,
            "diff_percent": -3.3048346738887617
        },
        "crypto": {
            "current": 1.211117174108034,
            "diff_percent": -1.895893669610975
        },
        "forex": {
            "current": 1.2813028607049022,
            "diff_percent": 3.789356451494414
        }
    },
    "rub2eur": {
        "bank": {
            "current": 0.010641694157709908,
            "sparkline_full": " 92.8                             \n  ██         ▁▁▂▂▂▂▄▄▅▅▅▄▅▆▇▅▅▅▅  \n             95.5                 "
        },
        "korona": {
            "current": 0.010228992988168512,
            "diff_percent": -3.8781528901805
        },
        "crypto": {
            "current": 0.010399380653319473,
            "diff_percent": -2.2770200007569166
        },
        "forex": {
            "current": 0.010937140117287136,
            "diff_percent": 2.7763056821472163
        }
    },
    "rub2usd": {
        "bank": {
            "current": 0.012405408758218583,
            "sparkline_full": "                      80.1        \n  ▅▄         ▃▃▄▄▄▄▅▆▆▆▆▅▅▆▆▄▄▄▄  \n             81.0                 "
        },
        "korona": {
            "current": 0.011799850839560625,
            "diff_percent": -4.881402382301802
        },
        "crypto": {
            "current": 0.012098625858110236,
            "diff_percent": -2.472976957773389
        },
        "forex": {
            "current": 0.012769288329253546,
            "diff_percent": 2.9332332221128397
        }
    },
    "xdr": {
        "rub2xdr": {
            "current_rate": 0.008926286913234252,
            "sparkline": "▃▃         ▂▇████▁▂▂▁▁▁▂▂▂▂▂▁▁"
        },
        "usd2xdr": {
            "current_rate": 0.701779,
            "sparkline": "▃▃         ▃█████▁▁▁▁▁▁▁▂▂▂▂▂▂"
        },
        "eur2xdr": {
            "current_rate": 0.8161445147004609,
            "sparkline": "▁▁         ▃█████▁▁▁▁▁▁▁▁▁▁▁▁▁"
        },
        "cny2xdr": {
            "current_rate": 0.09776804123711341,
            "sparkline": "▂▂         ▃█████▁▁▁▁▁▁▁▂▂▂▂▂▂"
        },
        "rsd2xdr": {
            "current_rate": 0.00696657065787202,
            "sparkline": "▁▁         ▃█████▁▁▁▁▁▁▁▁▁▁▁▁▁"
        }
    },
    "neer": {
        "rub": {
            "current_rate": 98.09512194869119,
            "sparkline": "▆▇▅▅▅▄▄▄▄▂▃▂▂▂▂▂▃▅▅▆▆▆▆▆▇▇▇▅▅▅"
        },
        "usd": {
            "current_rate": 103.9987989037065,
            "sparkline": "▆▇▅▅▃▃▃▃▃▂▃▂▂▂▂▃▃▄▃▄▄▃▄▄▅▅▅▅▅▅"
        },
        "eur": {
            "current_rate": 110.21077191956853,
            "sparkline": "▃▃▄▄▅▅▅▅▅▆▆▆▆▆▆▆▆▅▅▅▆▅▆▅▅▅▅▅▅▅"
        },
        "cny": {
            "current_rate": 103.88378298702311,
            "sparkline": "▆▇▄▅▃▃▃▃▃▂▃▃▃▃▃▃▄▄▄▅▄▄▅▅▅▆▅▅▆▆"
        },
        "rsd": {
            "current_rate": 110.38262505184936,
            "sparkline": "▃▄▄▄▄▄▄▄▅▅▆▅▅▅▅▆▅▅▅▅▅▄▄▄▄▄▄▄▄▄"
        }
    },
    "update_time": "2025-07-21 03:21:28",
    "update_time_display": "21.07 03:21"
}