{
    "rub2rsd": {
        "bank": {
            "current": 1.1435076676413805,
            "sparkline_full": "  1.21                            \n  ▇██▆▆▆▇▇▇▆▆▆▆▆▆▆▆▄▄▄▃▂▁▁▂▂▂▃▂▂  \n                       1.13       "
        },
        "korona": {
            "current": 1.1034031561810038,
            "diff_percent": -3.5071484516668723
        },
        "crypto": {
            "current": 1.109421440287293,
            "diff_percent": -2.9808481673231157
        },
        "forex": {
            "current": 1.1791557382825817,
            "diff_percent": 3.1174317103382077
        }
    },
    "rub2eur": {
        "bank": {
            "current": 0.009852216748768473,
            "sparkline_full": "  96.5                            \n  ███▇▇▇▇██▇▇▇▇▇▇▆▆▅▅▅▃▂▁▁▂▂▃▃▂▂  \n                       103        "
        },
        "korona": {
            "current": 0.009450990631100675,
            "diff_percent": -4.072445094328154
        },
        "crypto": {
            "current": 0.009524027222199824,
            "diff_percent": -3.3311236946717906
        },
        "forex": {
            "current": 0.010066982185067302,
            "diff_percent": 2.1798691784331155
        }
    },
    "rub2usd": {
        "bank": {
            "current": 0.011684973124561814,
            "sparkline_full": "  82.0                            \n  ▇██▇▇▇▇▇▆▆▇▇▇▆▆▆▅▅▅▅▃▂▁▁▂▂▃▄▃▃  \n                       87.6       "
        },
        "korona": {
            "current": 0.010768410762989629,
            "diff_percent": -7.843940690334756
        },
        "crypto": {
            "current": 0.011273159861722289,
            "diff_percent": -3.524297903380654
        },
        "forex": {
            "current": 0.012048381480673795,
            "diff_percent": 3.110048711606334
        }
    },
    "xdr": {
        "rub2xdr": {
            "current_rate": 0.00818853819648806,
            "sparkline": "▇████▇███████▇▇▆▇▆▆▅▃▂▁▁▂▂▃▃▃▁"
        },
        "usd2xdr": {
            "current_rate": 0.687849,
            "sparkline": "▅▅▆▆▅▅▅▆▆▅▅▅▅▅▅▅▅▅▅▅▄▅▅▅▅▅▅▅▅▃"
        },
        "eur2xdr": {
            "current_rate": 0.8134054521954353,
            "sparkline": "▄▄▄▅▄▄▄▄▄▄▄▄▄▄▄▄▅▄▄▄▄▄▄▄▄▄▄▅▅▄"
        },
        "cny2xdr": {
            "current_rate": 0.09683104341460669,
            "sparkline": "▄▄▅▅▄▄▅▅▅▅▅▅▅▅▅▅▅▅▅▅▄▅▅▅▅▅▅▅▅▄"
        },
        "rsd2xdr": {
            "current_rate": 0.006944407706834818,
            "sparkline": "▄▄▄▅▄▄▄▄▄▄▄▄▄▄▄▄▅▄▄▄▄▄▄▄▄▄▄▅▅▄"
        }
    },
    "neer": {
        "rub": {
            "current_rate": 91.39648208877415,
            "sparkline": "▇██▇▇▇▇▇▇▇▇█▇▇▇▇▆▆▆▆▄▂▁▁▂▂▃▃▂▂"
        },
        "usd": {
            "current_rate": 102.77925377879272,
            "sparkline": "▅▅▅▅▅▅▅▅▅▅▅▅▅▅▅▅▅▅▅▅▄▅▅▄▄▄▄▄▄▄"
        },
        "eur": {
            "current_rate": 111.19885233896632,
            "sparkline": "▄▄▄▅▅▄▄▄▄▄▄▄▄▄▄▄▄▄▅▅▅▄▄▄▄▅▄▅▅▅"
        },
        "cny": {
            "current_rate": 104.09128209908417,
            "sparkline": "▄▄▅▄▄▄▅▅▅▅▅▅▅▅▅▅▅▅▅▅▅▅▅▅▅▅▅▄▄▄"
        },
        "rsd": {
            "current_rate": 110.92747007029999,
            "sparkline": "▄▅▄▅▅▅▄▅▄▅▄▄▅▄▅▄▅▄▅▄▄▅▅▅▅▅▅▅▅▅"
        }
    },
    "update_time": "2025-09-18 03:36:23",
    "update_time_display": "18.09 03:36"
}