{
    "rub2rsd": {
        "bank": {
            "current": 1.2264032944005938,
            "sparkline_full": "          1.26                    \n  ▇▃▂▂▂▄▅▆▇█▇▇▇         ▁▁▁▁▁▂▄▃  \n                       1.21       "
        },
        "korona": {
            "current": 1.184460022480696,
            "diff_percent": -3.4200227699484125
        },
        "crypto": {
            "current": 1.213281943140391,
            "diff_percent": -1.0699050891424702
        },
        "forex": {
            "current": 1.2772662905322607,
            "diff_percent": 4.147330357305201
        }
    },
    "rub2eur": {
        "bank": {
            "current": 0.010539629005059023,
            "sparkline_full": "            92.8                  \n  ▆▂▂▄▄▅▆▇████▇         ▂▁▂▂▂▂▄▃  \n                        95.5      "
        },
        "korona": {
            "current": 0.010145267858507032,
            "diff_percent": -3.7416985584852838
        },
        "crypto": {
            "current": 0.010401948959735726,
            "diff_percent": -1.306308270027438
        },
        "forex": {
            "current": 0.010899834344657005,
            "diff_percent": 3.4176282621056555
        }
    },
    "rub2usd": {
        "bank": {
            "current": 0.012385434728758981,
            "sparkline_full": "                             80.4 \n  ▄▂▂▃▃▅▆▆▆▇▇▇▆         ▆▅▆▆▆▆▇▆  \n  82.2                            "
        },
        "korona": {
            "current": 0.011459559041028407,
            "diff_percent": -7.4755203027366495
        },
        "crypto": {
            "current": 0.012198830737809075,
            "diff_percent": -1.5066406229295404
        },
        "forex": {
            "current": 0.012792189600717385,
            "diff_percent": 3.2841388361921497
        }
    },
    "xdr": {
        "rub2xdr": {
            "current_rate": 0.008884084138954572,
            "sparkline": "▃▂▁▁▁▂▂▂▃▃▃▃▃         ▂█████▁▁"
        },
        "usd2xdr": {
            "current_rate": 0.694706,
            "sparkline": "▄▃▂▂▂▂▂▂▃▃▃▃▃         ▃█████▁▁"
        },
        "eur2xdr": {
            "current_rate": 0.8150659778888718,
            "sparkline": "▁▂▁▁▁▁▁▁▁▁▁▁▁         ▃█████▁▁"
        },
        "cny2xdr": {
            "current_rate": 0.09679480570146717,
            "sparkline": "▃▃▂▂▂▂▂▂▂▂▂▂▂         ▃█████▁▁"
        },
        "rsd2xdr": {
            "current_rate": 0.006955545765834318,
            "sparkline": "▁▂▁▁▁▁▁▁▁▁▁▁▁         ▃█████▁▁"
        }
    },
    "neer": {
        "rub": {
            "current_rate": 97.84086669959004,
            "sparkline": "▇▄▅▂▂▄▆▆▆▆▇▆▇▆▆▅▅▅▅▅▄▃▂▂▃▂▃▃▄▅"
        },
        "usd": {
            "current_rate": 103.30912962848674,
            "sparkline": "▆▄▅▄▄▄▄▅▆▅▆▆▇▄▅▃▃▃▃▃▂▂▂▂▂▂▂▃▃▃"
        },
        "eur": {
            "current_rate": 110.5669712307087,
            "sparkline": "▂▄▃▄▄▄▄▃▃▄▄▄▄▄▄▅▅▅▅▆▆▇▇▆▆▆▇▆▆▆"
        },
        "cny": {
            "current_rate": 103.09437006102914,
            "sparkline": "▅▄▅▄▄▄▄▅▅▅▅▅▆▄▅▃▃▃▃▃▃▃▃▃▃▃▃▄▄▄"
        },
        "rsd": {
            "current_rate": 110.49952108598575,
            "sparkline": "▃▃▅▄▄▄▅▄▄▅▄▄▅▅▅▅▅▅▅▆▆▆▆▆▆▆▆▆▆▆"
        }
    },
    "update_time": "2025-07-10 09:35:45",
    "update_time_display": "10.07 09:35"
}