{
    "rub2rsd": {
        "bank": {
            "current": 1.2460787418549535,
            "sparkline_full": "                       1.26       \n  ▃▄▁▁▁▁▁▁▃▃▄▃▂▂▃▅▅▃▃▃▃▄███▇███▇  \n   1.19                           "
        },
        "korona": {
            "current": 1.195243901881002,
            "diff_percent": -4.079584882274546
        },
        "crypto": {
            "current": 1.2966871980101327,
            "diff_percent": 4.061417184586728
        },
        "forex": {
            "current": 1.287322187352198,
            "diff_percent": 3.3098586880511442
        }
    },
    "rub2eur": {
        "bank": {
            "current": 0.010697475395806589,
            "sparkline_full": "                       92.5       \n  ▂▃▁▁▁▂▂▂▃▃▄▃▂▂▄▅▆▃▃▃▃▆███▇▇▇▇▇  \n    97.7                          "
        },
        "korona": {
            "current": 0.010259604307991433,
            "diff_percent": -4.093218928896074
        },
        "crypto": {
            "current": 0.011059700452656938,
            "diff_percent": 3.386079831437071
        },
        "forex": {
            "current": 0.011024325965390365,
            "diff_percent": 3.055399124469139
        }
    },
    "rub2usd": {
        "bank": {
            "current": 0.012070006035003019,
            "sparkline_full": "                        82.8      \n  ▄▆▃▂▂▃▃▃▄▅▅▃▃▃▄▆▆▄▃▃▃▅▆▇▇▆▆▆▇▇  \n     85.5                         "
        },
        "korona": {
            "current": 0.01141498354363074,
            "diff_percent": -5.426861341019336
        },
        "crypto": {
            "current": 0.012454231062594284,
            "diff_percent": 3.1833043535936265
        },
        "forex": {
            "current": 0.012435691928116726,
            "diff_percent": 3.0297076244470644
        }
    },
    "xdr": {
        "rub2xdr": {
            "current_rate": 0.009031069939596067,
            "sparkline": "▃▂▁▁▁▂▂▁▂▂▂▂▂▁▃▄▄▃▁▂▂▃▄▅▅▄██▅▅"
        },
        "usd2xdr": {
            "current_rate": 0.729334,
            "sparkline": "▂▁▂▂▃▃▃▃▂▂▂▃▃▃▃▃▃▃▃▃▃▃▃▃▃▃██▄▄"
        },
        "eur2xdr": {
            "current_rate": 0.8191947487717707,
            "sparkline": "▅▄▃▃▄▄▄▄▄▃▃▄▄▄▄▄▄▃▃▃▃▂▂▃▃▃▇▇▄▄"
        },
        "cny2xdr": {
            "current_rate": 0.10094867677998007,
            "sparkline": "▂▁▁▂▂▂▂▂▂▂▂▂▂▂▂▂▃▃▃▃▃▃▃▃▃▃██▅▄"
        },
        "rsd2xdr": {
            "current_rate": 0.007015392128190874,
            "sparkline": "▄▄▄▄▄▄▄▄▄▄▃▄▄▄▄▄▄▄▄▄▄▃▂▂▂▂▇▇▄▄"
        }
    },
    "neer": {
        "rub": {
            "current_rate": 97.06334233457991,
            "sparkline": "▃▅▄▂▂▂▂▂▂▃▄▄▂▂▃▃▄▅▅▂▂▆▆▇▆▇▅▅▅▆"
        },
        "usd": {
            "current_rate": 105.5152298084909,
            "sparkline": "▅▄▄▅▅▅▅▅▅▄▄▄▄▄▄▄▄▄▄▄▄▅▅▅▄▄▅▅▄▄"
        },
        "eur": {
            "current_rate": 107.69816065897221,
            "sparkline": "▅▆▆▆▅▆▆▅▅▅▅▅▄▅▄▄▅▄▄▄▄▃▃▃▃▃▃▃▃▃"
        },
        "cny": {
            "current_rate": 104.2334645868512,
            "sparkline": "▄▃▄▄▄▄▄▄▄▄▄▃▄▄▃▄▄▄▄▄▄▆▆▅▅▅▅▅▅▅"
        },
        "rsd": {
            "current_rate": 109.21013991360122,
            "sparkline": "▅▆▄▄▄▄▄▅▅▅▅▅▄▄▄▄▄▄▄▅▅▅▄▄▄▄▄▄▃▄"
        }
    },
    "update_time": "2025-05-20 07:50:47",
    "update_time_display": "20.05 07:50"
}