{
    "rub2rsd": {
        "bank": {
            "current": 1.1918119750744942,
            "sparkline_full": "    1.22                          \n  ▃▆██▃▁▁▁▂▂▄▄▁▁▁▅▆▄▃▄▄▄▃▄▄▃▃▃▃▂  \n       1.18                       "
        },
        "korona": {
            "current": 1.1534751076854732,
            "diff_percent": -3.216687547263882
        },
        "crypto": {
            "current": 1.2220692213988178,
            "diff_percent": 2.538760052518549
        },
        "forex": {
            "current": 1.24959302217275,
            "diff_percent": 4.84816802538372
        }
    },
    "rub2eur": {
        "bank": {
            "current": 0.010245901639344263,
            "sparkline_full": "   95.0                           \n  ▃▆██▂▁▁▂▃▂▃▂▁▁▁▄▆▅▄▃▃▃▄▄▄▃▃▃▃▂  \n       98.2                       "
        },
        "korona": {
            "current": 0.009876851074982644,
            "diff_percent": -3.6019335081694024
        },
        "crypto": {
            "current": 0.010451445645342916,
            "diff_percent": 2.006109498546855
        },
        "forex": {
            "current": 0.010663720861215238,
            "diff_percent": 4.077915605460712
        }
    },
    "rub2usd": {
        "bank": {
            "current": 0.011879306248515086,
            "sparkline_full": "    81.4                          \n  ▂▅██▃▂▂▂▃▁▄▃▁▁▁▅▆▅▂▁▁▁▁▁▁▁▂▂▁▁  \n               84.3               "
        },
        "korona": {
            "current": 0.011254330670969736,
            "diff_percent": -5.261044411776756
        },
        "crypto": {
            "current": 0.012094381229743413,
            "diff_percent": 1.810501191980056
        },
        "forex": {
            "current": 0.012291626206730402,
            "diff_percent": 3.470909408256527
        }
    },
    "xdr": {
        "rub2xdr": {
            "current_rate": 0.008713389722461506,
            "sparkline": "▃▆█▆▂▂▁▁▂▁▁▃▇▆▅▆▆▅▅▅▄▄▅▄▄▅▄▄▃▄"
        },
        "usd2xdr": {
            "current_rate": 0.705352,
            "sparkline": "▄▄▄▃▃▃▃▃▃▃▄▄▄▄▃▃▃▃▄▄▄▅▆▆▆▆▅▅▅▅"
        },
        "eur2xdr": {
            "current_rate": 0.8171059460260972,
            "sparkline": "▄▄▅▅▅▄▄▄▄▃▄▄▄▄▄▅▄▃▄▄▄▄▄▄▅▆▅▅▄▅"
        },
        "cny2xdr": {
            "current_rate": 0.09910387365995531,
            "sparkline": "▄▄▄▃▃▃▃▃▃▃▄▄▄▄▄▄▄▄▄▄▄▅▆▆▆▆▅▅▅▅"
        },
        "rsd2xdr": {
            "current_rate": 0.006972982057238891,
            "sparkline": "▄▄▅▅▅▅▄▄▄▃▄▄▄▄▄▅▄▃▄▃▄▄▄▄▅▆▅▅▄▅"
        }
    },
    "neer": {
        "rub": {
            "current_rate": 95.31472686114354,
            "sparkline": "▂▄▅█▇▂▁▇▁▂▁▂▆▅▁█▅█▅▅▃▅▅▄▃▃▄▃▃▃"
        },
        "usd": {
            "current_rate": 104.54901228018608,
            "sparkline": "▄▅▄▄▃▃▃▃▄▄▄▄▄▄▄▄▃▅▅▅▄▅▅▆▅▅▄▅▅▅"
        },
        "eur": {
            "current_rate": 110.1151279092981,
            "sparkline": "▄▄▅▅▅▅▅▅▄▄▄▅▅▅▅▅▅▄▄▄▅▄▄▄▄▄▅▅▄▄"
        },
        "cny": {
            "current_rate": 106.22261725122799,
            "sparkline": "▄▄▄▄▃▃▃▄▄▄▅▅▄▄▅▅▅▆▅▅▅▅▆▆▆▆▅▅▅▅"
        },
        "rsd": {
            "current_rate": 110.29723234521057,
            "sparkline": "▆▅▅▅▅▄▅▅▅▅▅▄▄▄▄▅▄▆▄▄▃▃▄▄▄▄▄▄▅▄"
        }
    },
    "update_time": "2025-11-11 22:50:45",
    "update_time_display": "11.11 22:50"
}