{
    "rub2rsd": {
        "bank": {
            "current": 1.2248424874378663,
            "sparkline_full": "               1.24               \n   ▄▄▅▅▅▅▆▇▇▇▇▆▇██▇▇▇▇▆▅▄▃▃▃▃▁▁▆  \n                            1.19  "
        },
        "korona": {
            "current": 1.1777583012073387,
            "diff_percent": -3.8441013202455596
        },
        "crypto": {
            "current": 1.174528030898482,
            "diff_percent": -4.10783076643858
        },
        "forex": {
            "current": 1.279951440914349,
            "diff_percent": 4.499268603243841
        }
    },
    "rub2eur": {
        "bank": {
            "current": 0.010558547143912998,
            "sparkline_full": "                93.4              \n   ▅▄▅▅▅▅▆▇▇▇▇▇▇██▇▇▇▇▇▅▄▃▃▃▃▁▁▆  \n                            97.6  "
        },
        "korona": {
            "current": 0.010077794933320068,
            "diff_percent": -4.553204186525635
        },
        "crypto": {
            "current": 0.010156584446507372,
            "diff_percent": -3.806988707128675
        },
        "forex": {
            "current": 0.010923042736700498,
            "diff_percent": 3.45213775929042
        }
    },
    "rub2usd": {
        "bank": {
            "current": 0.012121212121212121,
            "sparkline_full": "            80.1                  \n   ▇▇▇▇▇▇█████████▇▇▇██▇▆▅▅▅▅▁▁▄  \n                             84.1 "
        },
        "korona": {
            "current": 0.011557036237213233,
            "diff_percent": -4.654451042990827
        },
        "crypto": {
            "current": 0.011636153266854195,
            "diff_percent": -4.001735548452893
        },
        "forex": {
            "current": 0.012219755189424536,
            "diff_percent": 0.8129803127524191
        }
    },
    "xdr": {
        "rub2xdr": {
            "current_rate": 0.008672462391115984,
            "sparkline": " ▄█████▃▄▄▃▃▃▄▄▄▄▄▄▄▄▃▃▂▂▂▂▁▁▂"
        },
        "usd2xdr": {
            "current_rate": 0.69341,
            "sparkline": " ▃▇▇▇▇▇▂▂▂▂▂▂▂▃▃▃▃▃▃▂▂▂▂▂▂▂▂▂▂"
        },
        "eur2xdr": {
            "current_rate": 0.7939603094270835,
            "sparkline": " ▄█████▂▂▂▂▂▂▂▃▂▃▃▃▃▃▃▃▂▂▃▂▁▁▁"
        },
        "cny2xdr": {
            "current_rate": 0.09640334779223667,
            "sparkline": " ▃▇▇▇▇▇▂▂▂▂▂▂▂▃▃▃▃▃▃▂▂▂▂▂▂▂▂▂▂"
        },
        "rsd2xdr": {
            "current_rate": 0.00677561828823811,
            "sparkline": " ▄█████▂▂▂▂▂▂▂▃▂▃▃▃▃▃▃▃▂▃▃▂▁▁▁"
        }
    },
    "neer": {
        "rub": {
            "current_rate": 95.97849206404045,
            "sparkline": "▅▄▄▄▄▄▅▆▆▇▇▆▇▆▇█▇▆▆▆▆▆▅▅▃▃▅▅▁▃"
        },
        "usd": {
            "current_rate": 104.79982099357957,
            "sparkline": "▃▃▃▃▃▄▄▄▄▄▄▄▄▄▅▅▅▅▅▄▄▄▃▄▄▄▄▅▅▆"
        },
        "eur": {
            "current_rate": 109.27914122057649,
            "sparkline": "▅▅▅▅▅▅▅▅▅▅▅▅▅▅▄▄▅▅▅▅▅▅▅▅▆▆▅▄▄▃"
        },
        "cny": {
            "current_rate": 104.5127326658544,
            "sparkline": "▃▃▃▃▃▄▄▄▄▄▄▄▄▅▅▅▅▅▅▄▄▄▄▄▄▄▅▆▅▆"
        },
        "rsd": {
            "current_rate": 110.02821930047601,
            "sparkline": "▅▅▅▅▅▅▅▅▅▄▄▄▄▅▅▅▄▄▄▄▅▅▅▅▅▅▄▅▄▄"
        }
    },
    "update_time": "2025-07-31 11:50:47",
    "update_time_display": "31.07 11:50"
}