{
    "rub2rsd": {
        "bank": {
            "current": 1.2043436331464172,
            "sparkline_full": " 1.24                             \n  █▇▇▇▇▇▆▅▄▃▄▄▃▁▁▄▆▄▄▅▄▄▄▄▃▃▃▄▃▃  \n              1.19                "
        },
        "korona": {
            "current": 1.167683788521899,
            "diff_percent": -3.0439688155067803
        },
        "crypto": {
            "current": 1.1554153446248325,
            "diff_percent": -4.062651819211825
        },
        "forex": {
            "current": 1.2608946565556305,
            "diff_percent": 4.6955886885431894
        }
    },
    "rub2eur": {
        "bank": {
            "current": 0.010387451958034694,
            "sparkline_full": "  93.4                            \n  ▇█▇▇▇▇▇▅▄▃▃▃▃▁▁▄▆▅▅▄▄▄▄▄▃▃▄▄▃▃  \n              97.6                "
        },
        "korona": {
            "current": 0.009998515620370999,
            "diff_percent": -3.7442901226883922
        },
        "crypto": {
            "current": 0.009937540105014945,
            "diff_percent": -4.331301409021127
        },
        "forex": {
            "current": 0.01076518725661966,
            "diff_percent": 3.6364577194774714
        }
    },
    "rub2usd": {
        "bank": {
            "current": 0.012156576707999026,
            "sparkline_full": "  80.2                            \n  ██▇▇▇██▇▆▅▅▅▅▁▁▃▄▃▃▄▄▄▅▅▄▄▄▄▄▄  \n               84.1               "
        },
        "korona": {
            "current": 0.01148353176713882,
            "diff_percent": -5.536467683516062
        },
        "crypto": {
            "current": 0.011607560695146726,
            "diff_percent": -4.516205721723022
        },
        "forex": {
            "current": 0.012536779777672749,
            "diff_percent": 3.1275504511360417
        }
    },
    "xdr": {
        "rub2xdr": {
            "current_rate": 0.008806884170407628,
            "sparkline": "██████▇▆▅▄▅▅▃▁▁▂▂▄▄▆▆▆▆▅▅▅▅▆▆▆"
        },
        "usd2xdr": {
            "current_rate": 0.702337,
            "sparkline": "▅▅▅▅▅▅▄▄▃▃▃▃▃▃▃▃▃▃▃▆▆▆▆▅▅▅▅▅▅▅"
        },
        "eur2xdr": {
            "current_rate": 0.8180892687205376,
            "sparkline": "▆▆▆▆▆▆▆▆▆▆▆▆▅▃▃▂▃▄▄▆▆▆▇▆▆▆▆▆▇▆"
        },
        "cny2xdr": {
            "current_rate": 0.0978151178580133,
            "sparkline": "▅▅▅▅▅▅▅▄▄▄▄▄▄▄▄▃▃▃▃▆▆▆▆▅▅▅▅▅▅▅"
        },
        "rsd2xdr": {
            "current_rate": 0.006984631209767578,
            "sparkline": "▆▆▆▆▆▆▆▆▆▆▆▆▅▃▃▂▃▄▄▆▆▆▇▆▆▆▆▆▇▆"
        }
    },
    "neer": {
        "rub": {
            "current_rate": 96.42579828515437,
            "sparkline": "██▇▇▇▇▇▇▆▆▄▄▆▆▁▂▅▅▅▄▅▄▄▅▄▄▅▆▅▄"
        },
        "usd": {
            "current_rate": 103.56797427317207,
            "sparkline": "▄▄▄▄▄▄▄▃▃▃▃▃▄▅▅▆▆▅▅▅▅▄▄▄▄▄▄▄▄▃"
        },
        "eur": {
            "current_rate": 110.57877569567692,
            "sparkline": "▄▄▅▅▅▅▅▅▅▅▆▆▅▄▄▄▃▅▅▄▄▅▅▅▅▅▅▅▅▅"
        },
        "cny": {
            "current_rate": 103.5773463458215,
            "sparkline": "▄▅▄▄▄▄▄▄▄▄▄▄▄▅▅▅▅▄▄▅▅▄▄▄▄▄▄▄▄▄"
        },
        "rsd": {
            "current_rate": 110.53579191156659,
            "sparkline": "▅▅▄▄▄▄▅▅▅▅▅▅▄▅▄▃▅▄▄▅▅▅▄▄▅▅▄▆▅▅"
        }
    },
    "update_time": "2025-08-14 23:35:45",
    "update_time_display": "14.08 23:35"
}