{
    "rub2rsd": {
        "bank": {
            "current": 1.2689846379504388,
            "sparkline_full": "                              1.27\n  ▁▂▁▁▁▂▄▄▁▂▂▂▃▇▇▆▆▆▆▇▆▆▆▇▆▆▆▅▅█  \n     1.20                         "
        },
        "korona": {
            "current": 1.2155025453344424,
            "diff_percent": -4.214557924229595
        },
        "crypto": {
            "current": 1.2714296029862062,
            "diff_percent": 0.19267097194465016
        },
        "forex": {
            "current": 1.31498702970316,
            "diff_percent": 3.625133857177388
        }
    },
    "rub2eur": {
        "bank": {
            "current": 0.01091703056768559,
            "sparkline_full": "                              91.6\n  ▁▂▁▁▁▂▄▄▂▁▁▁▄▇▆▆▆▅▅▅▇▆▆▆▆▆▅▅▅█  \n     96.4                         "
        },
        "korona": {
            "current": 0.010407972865249047,
            "diff_percent": -4.662968554318735
        },
        "crypto": {
            "current": 0.010945827577109697,
            "diff_percent": 0.2637806063248122
        },
        "forex": {
            "current": 0.011219973300387228,
            "diff_percent": 2.774955431547001
        }
    },
    "rub2usd": {
        "bank": {
            "current": 0.012348728081007655,
            "sparkline_full": "                              81.0\n  ▂▃▁▁▁▂▄▄▂▁▁▁▂▄▅▅▄▄▄▅▅▅▆▆▇▇▆▆▆█  \n     85.1                         "
        },
        "korona": {
            "current": 0.011462499445197099,
            "diff_percent": -7.176679492793886
        },
        "crypto": {
            "current": 0.012356813163221493,
            "diff_percent": 0.06547299576765898
        },
        "forex": {
            "current": 0.012739340356956317,
            "diff_percent": 3.163178210632263
        }
    },
    "xdr": {
        "rub2xdr": {
            "current_rate": 0.00918161796081548,
            "sparkline": "▁▁▁▁▁▂▃▃▂▁▁▁▂▄▄▄▄██▅▅▅▅▅▆▆▅▄▄▇"
        },
        "usd2xdr": {
            "current_rate": 0.719753,
            "sparkline": "▂▂▂▂▂▂▂▂▂▂▂▂▂▂▂▂▂▇▇▄▄▃▂▂▃▃▂▂▂▂"
        },
        "eur2xdr": {
            "current_rate": 0.8183279687928136,
            "sparkline": "▃▃▄▃▃▄▄▄▃▃▃▃▂▂▂▂▂▇▇▄▄▄▃▄▄▄▄▃▃▄"
        },
        "cny2xdr": {
            "current_rate": 0.10016184472369502,
            "sparkline": "▁▁▂▂▂▂▂▂▃▃▃▃▃▃▃▃▃██▄▄▃▃▃▄▄▃▂▂▃"
        },
        "rsd2xdr": {
            "current_rate": 0.0069822878503129435,
            "sparkline": "▄▃▄▄▄▄▄▄▄▄▄▃▃▁▁▂▂██▄▄▄▄▄▄▄▄▃▃▄"
        }
    },
    "neer": {
        "rub": {
            "current_rate": 97.88164397100809,
            "sparkline": "▄▄▄▂▂▄▃▄▅▅▃▂▆▆▆▇▇▆▆▆▆▆▇▇▇▇▆▆▆▇"
        },
        "usd": {
            "current_rate": 105.31357295324463,
            "sparkline": "▅▅▅▅▅▄▄▄▅▅▅▅▆▆▅▅▅▅▅▅▅▄▄▄▃▃▃▃▄▄"
        },
        "eur": {
            "current_rate": 107.62966401490303,
            "sparkline": "▆▆▅▅▅▅▅▅▅▄▄▄▃▃▄▄▄▄▄▄▄▄▄▄▄▅▅▅▄▄"
        },
        "cny": {
            "current_rate": 104.30337471571423,
            "sparkline": "▄▄▃▄▄▃▄▄▄▄▄▄▆▆▅▅▅▅▅▅▅▄▄▄▄▄▄▄▄▅"
        },
        "rsd": {
            "current_rate": 109.21031144853644,
            "sparkline": "▅▅▅▅▅▅▅▅▅▄▆▆▆▄▃▄▄▄▄▄▅▅▄▅▄▄▅▅▄▄"
        }
    },
    "update_time": "2025-05-29 19:50:46",
    "update_time_display": "29.05 19:50"
}