{
    "rub2rsd": {
        "bank": {
            "current": 1.2411238683961376,
            "sparkline_full": "           1.26                   \n  ▇▅▅▅▆▆▆▅▅▅█▇▆▇▇▅▇▆▅▆▆▆▆▅▂▁▂▂▃▄  \n                          1.22    "
        },
        "korona": {
            "current": 1.1960909759397516,
            "diff_percent": -3.628396294930704
        },
        "crypto": {
            "current": 1.2610360953215163,
            "diff_percent": 1.6043706379694829
        },
        "forex": {
            "current": 1.2905787951455514,
            "diff_percent": 3.9846890394044787
        }
    },
    "rub2eur": {
        "bank": {
            "current": 0.010711225364181662,
            "sparkline_full": "           92.1                   \n  ▅▇▆▆▅▅▅▄▄▅▇▇▇▇▆▅▇▆▅▅▅▆▆▅▂▂▃▃▃▅  \n                         95.0     "
        },
        "korona": {
            "current": 0.010244890586207723,
            "diff_percent": -4.353701487164698
        },
        "crypto": {
            "current": 0.01085281474364643,
            "diff_percent": 1.321878446683073
        },
        "forex": {
            "current": 0.011011510304318402,
            "diff_percent": 2.8034602011166108
        }
    },
    "rub2usd": {
        "bank": {
            "current": 0.012403870007442322,
            "sparkline_full": "                              80.6\n  ▂▂▂▄▄▄▄▄▃▃▅▆▅▅▆▅▇▆▅▅▅▆▆▅▄▄▄▄▆▇  \n 82.9                             "
        },
        "korona": {
            "current": 0.011369686083077486,
            "diff_percent": -8.337590798229305
        },
        "crypto": {
            "current": 0.012542663074136833,
            "diff_percent": 1.118949703691147
        },
        "forex": {
            "current": 0.012737766330771769,
            "diff_percent": 2.6918721586819996
        }
    },
    "xdr": {
        "rub2xdr": {
            "current_rate": 0.008995513537544523,
            "sparkline": "▂▂▂▂▂▃▃▂▁▁▃▄▅█▄▃▂▂▃▃▃▃▃▃▁▁▁▁▁▂"
        },
        "usd2xdr": {
            "current_rate": 0.70726,
            "sparkline": "▄▄▄▃▄▄▄▃▃▃▃▃▃▇▄▃▃▃▃▃▃▃▃▃▃▂▂▂▂▂"
        },
        "eur2xdr": {
            "current_rate": 0.8169191408754108,
            "sparkline": "▃▃▃▃▃▃▃▃▃▂▃▃▃▇▄▃▃▃▃▃▃▃▃▃▄▃▃▃▃▃"
        },
        "cny2xdr": {
            "current_rate": 0.09850692219838993,
            "sparkline": "▄▄▄▃▄▄▄▃▃▃▃▃▃▇▄▃▃▃▃▃▃▃▃▃▃▂▂▂▂▂"
        },
        "rsd2xdr": {
            "current_rate": 0.0069701389573272885,
            "sparkline": "▃▃▃▃▃▃▃▃▃▂▃▃▃▇▄▃▃▃▃▃▃▃▃▃▄▃▃▃▃▃"
        }
    },
    "neer": {
        "rub": {
            "current_rate": 98.06925040123929,
            "sparkline": "▃▂▂▃▃▃▃▂▃▃▄▆██▅▄▅▅▄▅▅▄▃▆▂▁▁▁▁▄"
        },
        "usd": {
            "current_rate": 103.83833672919025,
            "sparkline": "▆▆▅▅▅▄▄▄▅▅▅▅▅▅▄▄▄▄▄▄▄▄▄▄▃▃▃▃▃▃"
        },
        "eur": {
            "current_rate": 109.34732499945864,
            "sparkline": "▃▃▄▄▃▄▄▄▄▃▃▄▄▄▄▄▄▄▄▄▄▄▅▄▆▆▆▆▆▆"
        },
        "cny": {
            "current_rate": 103.39600811819406,
            "sparkline": "▅▅▅▅▅▄▄▄▅▅▅▅▅▅▄▅▅▄▄▄▄▄▄▅▄▄▄▄▄▄"
        },
        "rsd": {
            "current_rate": 109.91176482148146,
            "sparkline": "▃▄▄▅▄▃▃▅▅▄▃▄▄▄▄▄▆▆▄▄▄▄▄▄▅▅▅▅▅▅"
        }
    },
    "update_time": "2025-06-17 05:35:48",
    "update_time_display": "17.06 05:35"
}