{
    "rub2rsd": {
        "bank": {
            "current": 1.242479525366264,
            "sparkline_full": "                       1.26       \n  ▃▄▁▁▁▁▁▁▃▃▄▃▂▂▃▅▅▃▃▃▃▄███▇███▇  \n   1.19                           "
        },
        "korona": {
            "current": 1.1940523810178305,
            "diff_percent": -3.897621116465307
        },
        "crypto": {
            "current": 1.28005615017543,
            "diff_percent": 3.024325475149299
        },
        "forex": {
            "current": 1.2918543616169764,
            "diff_percent": 3.973895363479534
        }
    },
    "rub2eur": {
        "bank": {
            "current": 0.010655301012253596,
            "sparkline_full": "                       92.5       \n  ▂▃▁▁▁▂▂▂▃▃▄▃▂▂▄▅▆▃▃▃▃▆███▇▇▇▇▆  \n    97.7                          "
        },
        "korona": {
            "current": 0.010249376661097258,
            "diff_percent": -3.8096000356022377
        },
        "crypto": {
            "current": 0.010927262911216923,
            "diff_percent": 2.552362421770822
        },
        "forex": {
            "current": 0.011040373609720306,
            "diff_percent": 3.613906327225073
        }
    },
    "rub2usd": {
        "bank": {
            "current": 0.012035142616440004,
            "sparkline_full": "                        82.8      \n  ▄▆▃▂▂▃▃▃▄▅▅▃▃▃▄▆▆▄▃▃▃▅▆▇▇▆▆▆▇▆  \n     85.5                         "
        },
        "korona": {
            "current": 0.011403604116366069,
            "diff_percent": -5.247453397114323
        },
        "crypto": {
            "current": 0.01231839162003074,
            "diff_percent": 2.3535159708354287
        },
        "forex": {
            "current": 0.012435691928116726,
            "diff_percent": 3.328164230721889
        }
    },
    "xdr": {
        "rub2xdr": {
            "current_rate": 0.009062864919256782,
            "sparkline": "▃▂▁▁▁▂▂▁▂▂▂▂▂▁▃▄▄▃▁▂▂▃▄▅▅▄██▅▆"
        },
        "usd2xdr": {
            "current_rate": 0.729334,
            "sparkline": "▂▁▂▂▃▃▃▃▂▂▂▃▃▃▃▃▃▃▃▃▃▃▃▃▃▃██▄▄"
        },
        "eur2xdr": {
            "current_rate": 0.8208838975591859,
            "sparkline": "▅▄▃▃▄▄▄▄▄▃▃▄▄▄▄▄▄▃▃▃▃▂▂▃▃▃▇▇▄▄"
        },
        "cny2xdr": {
            "current_rate": 0.10102278551146202,
            "sparkline": "▂▁▁▂▂▂▂▂▂▂▂▂▂▂▂▂▃▃▃▃▃▃▃▃▃▃██▅▅"
        },
        "rsd2xdr": {
            "current_rate": 0.007015392128190874,
            "sparkline": "▄▄▄▄▄▄▄▄▄▄▃▄▄▄▄▄▄▄▄▄▄▃▂▂▂▂▇▇▄▄"
        }
    },
    "neer": {
        "rub": {
            "current_rate": 97.06334233457991,
            "sparkline": "▃▅▄▂▂▂▂▂▂▃▄▄▂▂▃▃▄▅▅▂▂▆▆▇▆▇▅▅▅▆"
        },
        "usd": {
            "current_rate": 105.5152298084909,
            "sparkline": "▅▄▄▅▅▅▅▅▅▄▄▄▄▄▄▄▄▄▄▄▄▅▅▅▄▄▅▅▄▄"
        },
        "eur": {
            "current_rate": 107.69816065897221,
            "sparkline": "▅▆▆▆▅▆▆▅▅▅▅▅▄▅▄▄▅▄▄▄▄▃▃▃▃▃▃▃▃▃"
        },
        "cny": {
            "current_rate": 104.2334645868512,
            "sparkline": "▄▃▄▄▄▄▄▄▄▄▄▃▄▄▃▄▄▄▄▄▄▆▆▅▅▅▅▅▅▅"
        },
        "rsd": {
            "current_rate": 109.21013991360122,
            "sparkline": "▅▆▄▄▄▄▄▅▅▅▅▅▄▄▄▄▄▄▄▅▅▅▄▄▄▄▄▄▃▄"
        }
    },
    "update_time": "2025-05-20 13:20:47",
    "update_time_display": "20.05 13:20"
}