{
    "rub2rsd": {
        "bank": {
            "current": 1.2363697796873423,
            "sparkline_full": "           1.26                   \n  ▇▅▅▅▆▆▆▅▅▅█▇▆▇▇▅▇▆▅▆▆▆▆▅▂▁▂▂▃▄  \n                          1.22    "
        },
        "korona": {
            "current": 1.1964140861808168,
            "diff_percent": -3.231694446351612
        },
        "crypto": {
            "current": 1.2252302549411405,
            "diff_percent": -0.9009864952392187
        },
        "forex": {
            "current": 1.2914840315640332,
            "diff_percent": 4.457748222431354
        }
    },
    "rub2eur": {
        "bank": {
            "current": 0.010666666666666666,
            "sparkline_full": "           92.1                   \n  ▅▇▆▆▅▅▅▄▄▅▇▇▇▇▆▅▇▆▅▅▅▆▆▅▂▂▃▃▃▄  \n                         95.0     "
        },
        "korona": {
            "current": 0.010247658125745754,
            "diff_percent": -3.9282050711335543
        },
        "crypto": {
            "current": 0.010500723997447605,
            "diff_percent": -1.555712523928696
        },
        "forex": {
            "current": 0.011016929829779478,
            "diff_percent": 3.283717154182607
        }
    },
    "rub2usd": {
        "bank": {
            "current": 0.01235635734585444,
            "sparkline_full": "                 80.8             \n  ▂▂▃▄▄▅▅▄▄▄▆▆▆▆▆▅▇▆▆▆▆▆▇▆▄▄▄▄▆▇  \n 82.9                             "
        },
        "korona": {
            "current": 0.011351850429278935,
            "diff_percent": -8.129474475845564
        },
        "crypto": {
            "current": 0.012139565314968329,
            "diff_percent": -1.7544979059613026
        },
        "forex": {
            "current": 0.012737766330771769,
            "diff_percent": 3.086742914935936
        }
    },
    "xdr": {
        "rub2xdr": {
            "current_rate": 0.009009014746806637,
            "sparkline": "▂▂▂▂▂▃▃▂▁▁▃▄▅█▄▃▂▂▃▃▃▃▃▃▁▁▁▁▁▂"
        },
        "usd2xdr": {
            "current_rate": 0.70726,
            "sparkline": "▄▄▄▃▄▄▄▃▃▃▃▃▃▇▄▃▃▃▃▃▃▃▃▃▃▂▂▂▂▂"
        },
        "eur2xdr": {
            "current_rate": 0.8177427728054222,
            "sparkline": "▃▃▃▃▃▃▃▃▃▂▃▃▃▇▄▃▃▃▃▃▃▃▃▃▄▃▃▃▃▃"
        },
        "cny2xdr": {
            "current_rate": 0.09848771793015094,
            "sparkline": "▄▄▄▃▄▄▄▃▃▃▃▃▃▇▄▃▃▃▃▃▃▃▃▃▃▂▂▂▂▂"
        },
        "rsd2xdr": {
            "current_rate": 0.006975707423882275,
            "sparkline": "▃▃▃▃▃▃▃▃▃▂▃▃▃▇▄▃▃▃▃▃▃▃▃▃▄▃▃▃▃▃"
        }
    },
    "neer": {
        "rub": {
            "current_rate": 98.06925040123929,
            "sparkline": "▃▂▂▃▃▃▃▂▃▃▄▆██▅▄▅▅▄▅▅▄▃▆▂▁▁▁▁▄"
        },
        "usd": {
            "current_rate": 103.83833672919025,
            "sparkline": "▆▆▅▅▅▄▄▄▅▅▅▅▅▅▄▄▄▄▄▄▄▄▄▄▃▃▃▃▃▃"
        },
        "eur": {
            "current_rate": 109.34732499945864,
            "sparkline": "▃▃▄▄▃▄▄▄▄▃▃▄▄▄▄▄▄▄▄▄▄▄▅▄▆▆▆▆▆▆"
        },
        "cny": {
            "current_rate": 103.39600811819406,
            "sparkline": "▅▅▅▅▅▄▄▄▅▅▅▅▅▅▄▅▅▄▄▄▄▄▄▅▄▄▄▄▄▄"
        },
        "rsd": {
            "current_rate": 109.91176482148146,
            "sparkline": "▃▄▄▅▄▃▃▅▅▄▃▄▄▄▄▄▆▆▄▄▄▄▄▄▅▅▅▅▅▅"
        }
    },
    "update_time": "2025-06-17 10:05:45",
    "update_time_display": "17.06 10:05"
}