{
    "rub2rsd": {
        "bank": {
            "current": 1.2059247286171668,
            "sparkline_full": " 1.24                             \n  ██▇▇▇▇▇▇▇▇▇▇▆▅▄▂▂▁▁▁▁▁▃▅▅▅▅▆▆▆  \n                     1.12         "
        },
        "korona": {
            "current": 1.1653804056940167,
            "diff_percent": -3.3620939981587648
        },
        "crypto": {
            "current": 1.1251744475707754,
            "diff_percent": -6.69612946232454
        },
        "forex": {
            "current": 1.260458812500281,
            "diff_percent": 4.522179750443321
        }
    },
    "rub2eur": {
        "bank": {
            "current": 0.010297600659046443,
            "sparkline_full": "  93.5                            \n  ██▇▇▇▇▇▇▇▇▆▆▆▅▃▂▁▁▁▁▁▁▃▅▅▅▅▅▅▅  \n                    104           "
        },
        "korona": {
            "current": 0.009978995910038674,
            "diff_percent": -3.0939707176144458
        },
        "crypto": {
            "current": 0.009610697029836874,
            "diff_percent": -6.670521143254124
        },
        "forex": {
            "current": 0.010743535333133778,
            "diff_percent": 4.3304716200621085
        }
    },
    "rub2usd": {
        "bank": {
            "current": 0.011957431543704412,
            "sparkline_full": " 80.7                             \n  ██▇▇▇▇▇▇▇▆▆▆▅▄▃▂▁▁▁▁▁▁▃▅▅▅▅▅▅▆  \n                    89.9          "
        },
        "korona": {
            "current": 0.011265156169106009,
            "diff_percent": -5.789498957766448
        },
        "crypto": {
            "current": 0.011137160925902919,
            "diff_percent": -6.859923176673892
        },
        "forex": {
            "current": 0.012403346919132658,
            "diff_percent": 3.7291902847064184
        }
    },
    "xdr": {
        "rub2xdr": {
            "current_rate": 0.008853502485916284,
            "sparkline": "██▇▆▆█▇▆▇▆▇▇▆▄▂▁▁▂▂▃▄▅▄▄▄▄▅▅▆▆"
        },
        "usd2xdr": {
            "current_rate": 0.710952,
            "sparkline": "▄▄▄▄▄▅▄▄▄▅▅▅▅▅▄▅▅▄▄▄▄▄▄▄▄▄▅▅▅▅"
        },
        "eur2xdr": {
            "current_rate": 0.8240771972528906,
            "sparkline": "▄▄▄▄▄▅▄▄▄▄▄▄▄▄▄▄▄▄▄▄▄▄▄▄▄▄▄▄▅▅"
        },
        "cny2xdr": {
            "current_rate": 0.10345634458672877,
            "sparkline": "▄▄▄▄▄▄▄▄▅▅▅▅▅▅▅▅▅▄▄▄▄▄▄▄▄▄▅▅▅▅"
        },
        "rsd2xdr": {
            "current_rate": 0.007024031565421985,
            "sparkline": "▄▄▄▄▄▅▅▄▄▄▄▄▄▄▄▄▄▄▄▄▄▄▄▄▄▄▄▄▅▅"
        }
    },
    "neer": {
        "rub": {
            "current_rate": 94.86142044515651,
            "sparkline": "██▇▆▆█▇▇▆▇▆▆▇▅▄▃▂▃▂▁▄▅▅▄▄▄▄▅▄▄"
        },
        "usd": {
            "current_rate": 103.60028832410916,
            "sparkline": "▄▄▄▄▄▄▄▄▄▄▅▅▄▄▄▅▄▅▅▄▄▅▅▅▅▅▅▅▅▅"
        },
        "eur": {
            "current_rate": 109.88791498000553,
            "sparkline": "▅▅▄▅▅▄▄▄▄▄▄▄▄▄▄▄▅▅▅▅▅▅▅▅▅▅▅▅▅▅"
        },
        "cny": {
            "current_rate": 110.64796230532488,
            "sparkline": "▄▄▅▄▄▅▄▅▅▅▅▄▅▅▅▅▅▅▅▅▅▄▄▄▄▅▄▅▅▅"
        },
        "rsd": {
            "current_rate": 110.05754124381082,
            "sparkline": "▅▅▆▃▃▆▅▆▅▅▃▃▆▅▆▆▅▃▃▆▆▃▃▃▃▃▃▃▃▃"
        }
    },
    "specific_rates": {
        "rub_kzt_bank": 5.71,
        "rub_kzt_crypto": 5.329131503044547,
        "kzt_rsd_bank": 0.2111365514114186,
        "rsd_eur_cash": 0.008447135013374631,
        "eur_rsd_cash": 116.78333333333335,
        "rsd_usd_cash": 0.009666505558240696,
        "usd_rsd_cash": 99.34166666666665,
        "eur_usd_exch": 1.159117911269524,
        "usd_kzt_bank": 471.5
    },
    "update_time": "2026-04-02 02:21:24",
    "update_time_display": "02.04 02:21"
}