{
    "rub2rsd": {
        "bank": {
            "current": 1.222942645984667,
            "sparkline_full": "                 1.24             \n  鈻冣杺鈻傗杻鈻冣杺鈻傗杽鈻勨枀鈻呪枂鈻嗏枂鈻呪枂鈻団枀鈻呪杽鈻勨杽鈻呪枃鈻勨杻鈻冣杻鈻冣杻  \n  1.22                            "
        },
        "korona": {
            "current": 1.1840779431471262,
            "diff_percent": -3.1779661102789047
        },
        "crypto": {
            "current": 1.2496581254226597,
            "diff_percent": 2.1845243131972385
        },
        "forex": {
            "current": 1.2771943691766374,
            "diff_percent": 4.436162510980957
        }
    },
    "rub2eur": {
        "bank": {
            "current": 0.010473397570171763,
            "sparkline_full": "                         93.5     \n  鈻冣杺鈻傗杻鈻冣杻鈻冣杽鈻呪枂鈻嗏枂鈻嗏枂鈻呪枂鈻団枀鈻勨杽鈻勨枀鈻嗏枂鈻団杻鈻冣杻鈻冣杺  \n                              95.5"
        },
        "korona": {
            "current": 0.010137653622834985,
            "diff_percent": -3.205683209171556
        },
        "crypto": {
            "current": 0.010813780391585679,
            "diff_percent": 3.2499751788600726
        },
        "forex": {
            "current": 0.010878716335708007,
            "diff_percent": 3.869983573340056
        }
    },
    "rub2usd": {
        "bank": {
            "current": 0.0122040517451794,
            "sparkline_full": "                 79.3             \n  鈻呪枂鈻嗏枂鈻嗏枂鈻嗏枃鈻堚枅鈻団枃鈻団枃鈻団枅鈻堚枃鈻嗏枂鈻嗏枂鈻呪杽鈻傗杹鈻佲杹鈻佲杹  \n                              81.9"
        },
        "korona": {
            "current": 0.011530285319649277,
            "diff_percent": -5.520842090793824
        },
        "crypto": {
            "current": 0.012575699803656666,
            "diff_percent": 3.045284191162725
        },
        "forex": {
            "current": 0.012634238787113075,
            "diff_percent": 3.524952621604537
        }
    },
    "xdr": {
        "rub2xdr": {
            "current_rate": 0.00888936954935182,
            "sparkline": "鈻呪杽鈻傗杻鈻勨枂鈻呪枀鈻嗏枂鈻嗏枃鈻団枃鈻嗏枃鈻団枀鈻呪枀鈻勨杽鈻嗏枃鈻呪杻鈻傗杺鈻呪杻"
        },
        "usd2xdr": {
            "current_rate": 0.702035,
            "sparkline": "鈻傗杺鈻佲杹鈻佲杹鈻佲杹鈻傗杺鈻傗杻鈻冣杻鈻傗杻鈻冣杺鈻冣杺鈻傗杻鈻呪枃鈻嗏枂鈻嗏枂鈻堚枂"
        },
        "eur2xdr": {
            "current_rate": 0.8171340510252658,
            "sparkline": "鈻嗏枂鈻呪杽鈻呪枀鈻呪枀鈻勨杽鈻勨枀鈻呪杽鈻勨枀鈻呪枀鈻呪枀鈻勨杻鈻冣枀鈻勨杽鈻呪杽鈻嗏枀"
        },
        "cny2xdr": {
            "current_rate": 0.10213646613806648,
            "sparkline": "鈻傗杺鈻佲杹鈻佲杹鈻佲杹鈻傗杺鈻傗杻鈻冣杻鈻傗杽鈻勨枀鈻呪杽鈻勨杽鈻呪枃鈻団枃鈻団枃鈻堚枅"
        },
        "rsd2xdr": {
            "current_rate": 0.0069600757440564705,
            "sparkline": "鈻嗏枂鈻呪枀鈻呪杽鈻呪杽鈻勨杽鈻冣枀鈻呪枀鈻勨枀鈻呪杽鈻呪枀鈻呪杻鈻冣枀鈻勨杽鈻呪枀鈻嗏枀"
        }
    },
    "neer": {
        "rub": {
            "current_rate": 97.77474308441823,
            "sparkline": "鈻嗏杺鈻冣杺鈻勨枂鈻呪杽鈻嗏枀鈻堚枃鈻嗏枂鈻嗏枂鈻嗏枂鈻勨杽鈻勨枂鈻団枂鈻呪杺鈻佲杹鈻佲杻"
        },
        "usd": {
            "current_rate": 102.55632037432734,
            "sparkline": "鈻冣杻鈻傗杺鈻傗杺鈻傗杺鈻冣杺鈻勨杻鈻冣杻鈻冣杻鈻冣杺鈻冣杺鈻傗杽鈻嗏枂鈻呪枂鈻嗏枂鈻団枀"
        },
        "eur": {
            "current_rate": 109.36847670858198,
            "sparkline": "鈻嗏枂鈻嗏枂鈻嗏枀鈻呪枀鈻呪枀鈻勨枀鈻勨杽鈻呪枀鈻勨杽鈻呪杽鈻呪杽鈻勨杻鈻冣杻鈻冣杻鈻冣杻"
        },
        "cny": {
            "current_rate": 109.5896122346387,
            "sparkline": "鈻冣杻鈻傗杺鈻傗杺鈻傗杺鈻冣杻鈻勨杽鈻冣杻鈻冣杽鈻勨枀鈻呪枀鈻呪枂鈻嗏枂鈻嗏枂鈻嗏枂鈻団枃"
        },
        "rsd": {
            "current_rate": 109.87119330887471,
            "sparkline": "鈻勨枀鈻呪杽鈻呪杽鈻勨枀鈻呪杽鈻呪杽鈻勨杽鈻呪杽鈻勨杽鈻勨杽鈻勨枀鈻勨杽鈻勨杽鈻呪杽鈻呪杽"
        }
    },
    "specific_rates": {
        "rub_kzt_bank": 5.98,
        "rub_kzt_crypto": 6.174668603595423,
        "kzt_rsd_bank": 0.20238464695821914,
        "rsd_eur_cash": 0.00844475721323012,
        "eur_rsd_cash": 116.8,
        "rsd_usd_cash": 0.00973777561382764,
        "usd_rsd_cash": 98.95714285714287,
        "eur_usd_exch": 1.1639505879696395,
        "usd_kzt_bank": 484.0
    },
    "update_time": "2026-03-10 15:35:41",
    "update_time_display": "10.03 15:35"
}