{
    "rub2rsd": {
        "bank": {
            "current": 1.2196208387886123,
            "sparkline_full": "           1.26                   \n  ▁▂▂▄▅▅▅▅▃▇█▇▇▇▃▂ ▄▅▅  ▄▄▃▃▃▂▁▁  \n                             1.22 "
        },
        "korona": {
            "current": 1.1799122100583812,
            "diff_percent": -3.2558175022387807
        },
        "crypto": {
            "current": 1.2363619955291283,
            "diff_percent": 1.372652566115889
        },
        "forex": {
            "current": 1.2717045530369588,
            "diff_percent": 4.270484120300756
        }
    },
    "rub2eur": {
        "bank": {
            "current": 0.010492078480747036,
            "sparkline_full": "           92.2                   \n  ▁▂▃▄▄▄▄▃▃▇███▅▃▂▃▄▄▄▃▄▄▅▄▃▃▁▁▁  \n                             95.3 "
        },
        "korona": {
            "current": 0.010100752684858345,
            "diff_percent": -3.7297261606151175
        },
        "crypto": {
            "current": 0.01058318055309711,
            "diff_percent": 0.8682938515685624
        },
        "forex": {
            "current": 0.010833451944503606,
            "diff_percent": 3.253630483063872
        }
    },
    "rub2usd": {
        "bank": {
            "current": 0.012496875781054738,
            "sparkline_full": "           78.6                   \n  ▁▁▁▂▃▃▃▃▃▇███▇▆▇████▇▆▅▆▅▅▅▄▄▅  \n 81.6                             "
        },
        "korona": {
            "current": 0.011737917246370595,
            "diff_percent": -6.073186194542512
        },
        "crypto": {
            "current": 0.012580208568666392,
            "diff_percent": 0.6668289664684625
        },
        "forex": {
            "current": 0.012951841168981376,
            "diff_percent": 3.640633034188962
        }
    },
    "xdr": {
        "rub2xdr": {
            "current_rate": 0.008852701349605753,
            "sparkline": "▂▂▂▄▄▄▅▄▅▇███▆▃▄▄▅▅▄▃▄▄▅▄▃▃▃▂▁"
        },
        "usd2xdr": {
            "current_rate": 0.685659,
            "sparkline": "▇▇▇▇▇█▇▇▇▆▅▅▄▃▃▃▁▂▃▃▃▄▄▄▄▄▄▄▃▃"
        },
        "eur2xdr": {
            "current_rate": 0.8171634853743183,
            "sparkline": "▄▄▄▄▄▄▄▅▅▄▄▅▅▄▅▆▄▄▄▄▃▄▄▄▄▄▄▅▅▄"
        },
        "cny2xdr": {
            "current_rate": 0.09920839784121657,
            "sparkline": "▆▇▇▇▇▇▇▇▇▆▅▅▄▃▃▃▂▂▃▃▃▄▄▅▅▄▄▅▅▄"
        },
        "rsd2xdr": {
            "current_rate": 0.00696128776803119,
            "sparkline": "▄▄▄▄▄▄▄▅▅▄▄▅▅▄▅▅▄▄▄▄▄▄▄▄▄▄▄▅▅▄"
        }
    },
    "neer": {
        "rub": {
            "current_rate": 97.81606843123912,
            "sparkline": "▁▁▂▂▄▄▂▃▃▄███▆▆▃▄▆▆▆▆▄▄▅▅▅▄▄▃▂"
        },
        "usd": {
            "current_rate": 101.2170876241123,
            "sparkline": "▇▇▇▇▇▇▆▆▅▆▅▄▄▄▃▂▂▃▄▄▄▄▃▄▄▄▄▄▂▂"
        },
        "eur": {
            "current_rate": 110.65568201739767,
            "sparkline": "▄▄▄▄▃▃▄▅▅▄▄▅▅▅▆▆▆▆▅▅▅▄▄▄▄▄▅▄▅▅"
        },
        "cny": {
            "current_rate": 107.53096276302922,
            "sparkline": "▆▆▆▆▆▆▆▆▆▅▅▄▄▄▃▃▃▃▄▄▅▅▅▅▅▅▅▅▅▄"
        },
        "rsd": {
            "current_rate": 110.36264085793526,
            "sparkline": "▅▄▄▄▄▄▄▃▄▄▄▄▄▅▄▆▅▅▅▅▅▅▅▅▅▄▅▅▅▅"
        }
    },
    "specific_rates": {
        "rub_kzt_bank": 6.18,
        "rub_kzt_crypto": 6.233493345774198,
        "kzt_rsd_bank": 0.19834175268146892,
        "rsd_eur_cash": 0.008446965126101122,
        "eur_rsd_cash": 116.81428571428572,
        "rsd_usd_cash": 0.009948127620265756,
        "usd_rsd_cash": 96.62857142857142,
        "eur_usd_exch": 1.191792837801762,
        "usd_kzt_bank": 488.5
    },
    "update_time": "2026-02-11 11:55:53",
    "update_time_display": "11.02 11:55"
}