{
    "rub2rsd": {
        "bank": {
            "current": 1.1903317252286802,
            "sparkline_full": "  1.22                            \n  ██▇▆██▆▆▅▇▆▅▆▄▄▃▃▄▇▇▁▁▁▃▂▃▁▁▁▁  \n                       1.19       "
        },
        "korona": {
            "current": 1.1456783453010966,
            "diff_percent": -3.7513391419526436
        },
        "crypto": {
            "current": 1.200289465224986,
            "diff_percent": 0.8365516759114148
        },
        "forex": {
            "current": 1.2425815569386112,
            "diff_percent": 4.38951853525478
        }
    },
    "rub2eur": {
        "bank": {
            "current": 0.010300782859497322,
            "sparkline_full": " 95.3                             \n  █▇▇▆▇▇▅▅▆▇▅▅▄▄▄▃▂▄▄▄▁▁▁▃▃▃▂▂▂▂  \n                       97.5       "
        },
        "korona": {
            "current": 0.009810089806859542,
            "diff_percent": -4.7636481550075676
        },
        "crypto": {
            "current": 0.010351566569210519,
            "diff_percent": 0.4930082538957128
        },
        "forex": {
            "current": 0.010603072506933573,
            "diff_percent": 2.934627897311126
        }
    },
    "rub2usd": {
        "bank": {
            "current": 0.01201634222542658,
            "sparkline_full": "      81.9                        \n  ▄▅▅▄▇▇▆▆▅▆▆▆▅▅▅▄▃▄▇▆▂▂▂▃▂▂▂▂▂▂  \n                           83.3   "
        },
        "korona": {
            "current": 0.011195293386065019,
            "diff_percent": -6.832768441166909
        },
        "crypto": {
            "current": 0.012051362555667596,
            "diff_percent": 0.2914391882657436
        },
        "forex": {
            "current": 0.01243377460799417,
            "diff_percent": 3.4738722877274926
        }
    },
    "xdr": {
        "rub2xdr": {
            "current_rate": 0.008655872568828164,
            "sparkline": "▃█▇▇█▆▅▅▆▇█▇▆▆▅▃▁▁▂▃▃▂▁▂▃▃▂▄▃▁"
        },
        "usd2xdr": {
            "current_rate": 0.697453,
            "sparkline": "▂▇▇▇▇▅▅▅▅▆▆▆▆▇▅▃▃▄▅▅▅▃▃▅▅▅▄▄▄▄"
        },
        "eur2xdr": {
            "current_rate": 0.816355123778311,
            "sparkline": "▁▅▄▆▇▅▅▅▅▅▇▇▇█▇▄▄▄▄▅▇▅▄▄▄▅▅▅▄▅"
        },
        "cny2xdr": {
            "current_rate": 0.09780852078308183,
            "sparkline": "▁▇▇▇▇▅▅▅▅▆▇▇▇█▆▄▄▄▅▆▆▄▅▆▇█▇▇▇▆"
        },
        "rsd2xdr": {
            "current_rate": 0.006966039790703091,
            "sparkline": "▁▅▅▆▇▅▅▅▅▆▇▇▇█▇▅▄▄▄▅▇▅▅▅▅▆▅▅▅▅"
        }
    },
    "neer": {
        "rub": {
            "current_rate": 95.330650485606,
            "sparkline": "▆▅█▅▄▇▅▅█▇▄▅▅▄▃▅▂▃▅▄▂▁▃▂▃▃▂▃▃▂"
        },
        "usd": {
            "current_rate": 103.65363801671009,
            "sparkline": "▆▅▆▅▄▄▄▄▅▅▃▄▄▄▄▄▄▅▅▅▃▃▄▄▄▄▃▃▃▃"
        },
        "eur": {
            "current_rate": 110.5958811718088,
            "sparkline": "▄▃▃▄▄▄▄▄▄▄▅▅▅▅▆▅▅▅▅▄▆▆▅▅▄▄▄▅▅▅"
        },
        "cny": {
            "current_rate": 104.58083099241409,
            "sparkline": "▃▅▅▄▄▄▃▄▄▄▃▃▃▃▃▄▄▅▅▅▄▄▅▅▆▅▆▆▆▆"
        },
        "rsd": {
            "current_rate": 110.54401306158023,
            "sparkline": "▄▄▄▄▅▄▄▄▅▄▄▅▅▄▄▂▂▆▃▇▅▅▂▃▄▄▄▄▄▄"
        }
    },
    "update_time": "2025-09-01 21:35:45",
    "update_time_display": "01.09 21:35"
}