{
    "rub2rsd": {
        "bank": {
            "current": 1.209434707778759,
            "sparkline_full": "                    1.24          \n        ▃▃▃▃▃▄▆▇▇▇▇▆▇██▇▇▇▇▆▃▂▁▁  \n                             1.20 "
        },
        "korona": {
            "current": 1.161887046339361,
            "diff_percent": -3.931395480349982
        },
        "crypto": {
            "current": 1.1876744169154472,
            "diff_percent": -1.7992117080281835
        },
        "forex": {
            "current": 1.256121277992258,
            "diff_percent": 3.8601976537653
        }
    },
    "rub2eur": {
        "bank": {
            "current": 0.010404744563520965,
            "sparkline_full": "                     93.4         \n        ▃▃▄▄▄▄▅▆▇▇▇▆▆██▇▇▇▇▆▄▂▁▁  \n                             96.2 "
        },
        "korona": {
            "current": 0.00995618720085142,
            "diff_percent": -4.31108481261699
        },
        "crypto": {
            "current": 0.010192731931934899,
            "diff_percent": -2.0376534021736776
        },
        "forex": {
            "current": 0.010724567981632268,
            "diff_percent": 3.073822871467732
        }
    },
    "rub2usd": {
        "bank": {
            "current": 0.012232415902140673,
            "sparkline_full": "                 80.1             \n        ▅▄▅▅▅▅▆▇▇▇▇▆▆▇▇▆▅▅▆▆▄▃▂▂  \n                             81.8 "
        },
        "korona": {
            "current": 0.011470572349447187,
            "diff_percent": -6.228071043269251
        },
        "crypto": {
            "current": 0.011959720131814124,
            "diff_percent": -2.2292879224195374
        },
        "forex": {
            "current": 0.012570283598168258,
            "diff_percent": 2.7620684150255066
        }
    },
    "xdr": {
        "rub2xdr": {
            "current_rate": 0.008743189128294337,
            "sparkline": "      ▃█████▂▃▃▂▂▂▃▃▃▃▂▂▃▂▂▁▁▁"
        },
        "usd2xdr": {
            "current_rate": 0.694035,
            "sparkline": "      ▃█████▁▁▁▁▁▁▂▂▂▂▂▂▂▂▁▁▁▁"
        },
        "eur2xdr": {
            "current_rate": 0.8152486089200615,
            "sparkline": "      ▃█████▁▁▁▁▁▁▁▁▁▁▁▁▁▁▁▁▁▁"
        },
        "cny2xdr": {
            "current_rate": 0.09682002706359945,
            "sparkline": "      ▃█████▁▁▁▁▁▁▁▂▂▂▂▂▂▁▁▁▁▁"
        },
        "rsd2xdr": {
            "current_rate": 0.0069604657460059565,
            "sparkline": "      ▃█████▁▁▁▁▁▁▁▁▁▁▁▁▁▁▁▁▁▁"
        }
    },
    "neer": {
        "rub": {
            "current_rate": 96.43217473292981,
            "sparkline": "▅▅▄▄▂▃▂▂▃▂▃▃▅▅▆▆▆▆▅██▆▆▆▆▅▄▄▁▁"
        },
        "usd": {
            "current_rate": 103.48029738747988,
            "sparkline": "▄▄▄▄▃▄▃▃▃▃▄▄▄▄▅▄▄▅▅▆▆▅▆▆▅▅▄▃▄▄"
        },
        "eur": {
            "current_rate": 110.91929668196981,
            "sparkline": "▄▄▄▄▅▅▅▅▅▅▅▅▄▄▄▄▄▄▄▄▃▄▄▄▄▅▅▅▅▆"
        },
        "cny": {
            "current_rate": 103.5736456323453,
            "sparkline": "▄▄▄▄▃▃▃▃▃▃▄▄▄▄▅▅▅▅▅▆▆▆▆▆▅▅▄▄▅▅"
        },
        "rsd": {
            "current_rate": 110.6917116254775,
            "sparkline": "▄▄▅▅▅▆▅▅▅▅▆▅▅▅▅▅▄▄▃▄▅▄▄▄▆▅▅▅▅▅"
        }
    },
    "update_time": "2025-07-26 08:50:52",
    "update_time_display": "26.07 08:50"
}