{
    "rub2rsd": {
        "bank": {
            "current": 1.126644946675974,
            "sparkline_full": "         1.21                     \n  ███▇▇▇▇▇██▇▆▆▇▇▇▇▆▆▆▆▆▆▆▅▄▅▃▂▁  \n                              1.13"
        },
        "korona": {
            "current": 1.0934644114469718,
            "diff_percent": -2.9450746951732456
        },
        "crypto": {
            "current": 1.1431875224105346,
            "diff_percent": 1.4683042588854052
        },
        "forex": {
            "current": 1.1850417265096567,
            "diff_percent": 5.183246062211087
        }
    },
    "rub2eur": {
        "bank": {
            "current": 0.009723842862699339,
            "sparkline_full": " 96.2                             \n  █████▇▇███▇▇▇▇▇▇▇▇▇▇▇▇▆▆▅▅▅▃▂▁  \n                              103 "
        },
        "korona": {
            "current": 0.009365862196547938,
            "diff_percent": -3.681473170701002
        },
        "crypto": {
            "current": 0.00982713875092644,
            "diff_percent": 1.062294914527507
        },
        "forex": {
            "current": 0.010115588141338063,
            "diff_percent": 4.028708445520636
        }
    },
    "rub2usd": {
        "bank": {
            "current": 0.011388224575788634,
            "sparkline_full": "         82.0                     \n  █████▇▇▇██▇▇▇▇▇▆▆▇▇▇▆▆▆▅▅▅▅▄▂▁  \n                              87.8"
        },
        "korona": {
            "current": 0.01071048888285007,
            "diff_percent": -5.9511971196935365
        },
        "crypto": {
            "current": 0.011486148337106827,
            "diff_percent": 0.8598685481350464
        },
        "forex": {
            "current": 0.011775636443710692,
            "diff_percent": 3.40186361222359
        }
    },
    "xdr": {
        "rub2xdr": {
            "current_rate": 0.008256518976066721,
            "sparkline": "█████▇▆▆▆▇▇▆▆▆▇▇▆▇▇▇▆▆▅▅▅▅▄▂▁▁"
        },
        "usd2xdr": {
            "current_rate": 0.697661,
            "sparkline": "▅▅▅▅▅▄▄▄▅▅▅▄▄▅▅▅▅▄▄▄▄▄▄▅▄▄▄▄▄▄"
        },
        "eur2xdr": {
            "current_rate": 0.8162173924742819,
            "sparkline": "▅▅▅▅▅▄▄▄▄▄▅▄▄▄▄▄▄▄▄▄▄▄▄▅▄▄▄▄▄▄"
        },
        "cny2xdr": {
            "current_rate": 0.09797095954276727,
            "sparkline": "▅▅▅▅▄▄▄▄▄▅▅▄▄▅▅▅▅▅▅▅▅▅▅▅▅▄▄▄▅▅"
        },
        "rsd2xdr": {
            "current_rate": 0.006967281228471949,
            "sparkline": "▅▅▅▅▅▄▄▄▄▄▅▄▄▄▄▄▄▄▄▄▄▄▄▅▄▄▄▄▄▄"
        }
    },
    "neer": {
        "rub": {
            "current_rate": 90.66618643817414,
            "sparkline": "▇██▇▇█▇▇██▇▆▇▇▇▇▇▇▇▇▇▇▆▆▅▅▅▃▂▁"
        },
        "usd": {
            "current_rate": 103.63065377567598,
            "sparkline": "▄▄▄▅▄▅▅▅▅▅▄▄▄▅▅▄▄▄▄▄▅▅▅▅▄▄▄▄▄▄"
        },
        "eur": {
            "current_rate": 110.51920413714063,
            "sparkline": "▅▄▅▅▅▄▅▄▄▄▅▅▅▄▄▄▄▄▄▅▄▄▄▄▅▅▅▅▅▅"
        },
        "cny": {
            "current_rate": 104.62820848463092,
            "sparkline": "▄▄▄▄▄▄▄▄▄▅▄▄▄▅▅▅▅▅▅▅▅▅▅▅▅▅▅▅▅▅"
        },
        "rsd": {
            "current_rate": 110.71990337534172,
            "sparkline": "▄▅▄▅▅▅▄▄▅▄▅▅▅▄▅▄▅▄▄▅▄▄▄▅▅▅▅▅▅▅"
        }
    },
    "update_time": "2025-09-11 08:50:54",
    "update_time_display": "11.09 08:50"
}