{
    "rub2rsd": {
        "bank": {
            "current": 1.2322026131147825,
            "sparkline_full": "          1.26                    \n  ▇▃▂▂▂▄▅▆▇█▇▇▇         ▁▁▁▁▁▂▄▄  \n                       1.21       "
        },
        "korona": {
            "current": 1.1895330061531715,
            "diff_percent": -3.4628726239875505
        },
        "crypto": {
            "current": 1.2005013675673253,
            "diff_percent": -2.5727299398694092
        },
        "forex": {
            "current": 1.2821772884005387,
            "diff_percent": 4.055718982727146
        }
    },
    "rub2eur": {
        "bank": {
            "current": 0.010580890911014707,
            "sparkline_full": "            92.8                  \n  ▆▂▂▄▄▅▆▇████▇         ▂▁▂▂▂▂▄▄  \n                        95.5      "
        },
        "korona": {
            "current": 0.010188719538785194,
            "diff_percent": -3.7064116389411277
        },
        "crypto": {
            "current": 0.010283960319466483,
            "diff_percent": -2.806291020722269
        },
        "forex": {
            "current": 0.010942963905636536,
            "diff_percent": 3.4219518721709066
        }
    },
    "rub2usd": {
        "bank": {
            "current": 0.012444001991040319,
            "sparkline_full": "                              80.4\n  ▄▂▂▃▃▅▆▆▆▇▇▇▆         ▆▅▆▆▆▆▇▇  \n  82.2                            "
        },
        "korona": {
            "current": 0.011508639765413813,
            "diff_percent": -7.5165708451346
        },
        "crypto": {
            "current": 0.01207032962639876,
            "diff_percent": -3.0028311222595643
        },
        "forex": {
            "current": 0.012792189600717385,
            "diff_percent": 2.798035631364899
        }
    },
    "xdr": {
        "rub2xdr": {
            "current_rate": 0.008927110172973325,
            "sparkline": "▃▂▁▁▁▂▂▂▃▃▃▃▃         ▂█████▁▂"
        },
        "usd2xdr": {
            "current_rate": 0.695413,
            "sparkline": "▃▃▂▂▂▂▂▂▃▃▃▃▃         ▃█████▁▁"
        },
        "eur2xdr": {
            "current_rate": 0.8157853987232035,
            "sparkline": "▁▂▁▁▁▁▁▁▁▁▁▁▁         ▃█████▁▁"
        },
        "cny2xdr": {
            "current_rate": 0.09692302331739815,
            "sparkline": "▃▃▂▂▂▂▂▂▂▂▂▂▂         ▃█████▁▁"
        },
        "rsd2xdr": {
            "current_rate": 0.006962461629709191,
            "sparkline": "▁▂▁▁▁▁▁▁▁▁▁▁▁         ▃█████▁▁"
        }
    },
    "neer": {
        "rub": {
            "current_rate": 97.84086669959004,
            "sparkline": "▇▃▅▂▂▄▆▆▆▆▇▆▇▆▆▅▅▅▅▅▃▄▃▂▃▂▃▃▄▅"
        },
        "usd": {
            "current_rate": 103.30912962848674,
            "sparkline": "▆▄▅▅▅▄▄▅▆▅▆▆▇▅▅▄▃▃▃▃▂▃▃▂▂▂▃▃▃▃"
        },
        "eur": {
            "current_rate": 110.5669712307087,
            "sparkline": "▂▄▃▄▄▄▄▄▃▄▄▄▄▅▄▆▆▆▆▆▇▆▇▆▇▇▆▆▆▇"
        },
        "cny": {
            "current_rate": 103.09437006102914,
            "sparkline": "▅▄▅▄▄▄▄▅▅▅▅▅▆▄▅▄▃▃▃▃▃▃▃▃▃▃▄▄▄▄"
        },
        "rsd": {
            "current_rate": 110.49952108598575,
            "sparkline": "▃▂▄▄▄▃▄▄▃▄▄▄▄▄▄▄▄▄▅▅▃▇▄▄▅▅▅▅▅▅"
        }
    },
    "update_time": "2025-07-10 12:50:46",
    "update_time_display": "10.07 12:50"
}