{
    "rub2rsd": {
        "bank": {
            "current": 1.1746004262389407,
            "sparkline_full": "                          1.22    \n  ▁▁▁▁▁▂▂▂▂▃▄▄▄▃▃▂▃▄▅▆▅▅▆▇██▆▅▅▄  \n    1.14                          "
        },
        "korona": {
            "current": 1.146299614509746,
            "diff_percent": -2.4093990685678253
        },
        "crypto": {
            "current": 1.3411909595226938,
            "diff_percent": 14.182740748458134
        },
        "forex": {
            "current": 1.234879753324743,
            "diff_percent": 5.131900665047112
        }
    },
    "rub2eur": {
        "bank": {
            "current": 0.01011020119300374,
            "sparkline_full": "                         95.0     \n  ▁▁▁▁▁▁▂▂▂▃▃▄▃▃▃▃▃▄▅▆▆▆▆▇██▅▅▅▄  \n   102                            "
        },
        "korona": {
            "current": 0.009815409543202716,
            "diff_percent": -2.9157842081819343
        },
        "crypto": {
            "current": 0.011480772331910319,
            "diff_percent": 13.556319134924966
        },
        "forex": {
            "current": 0.010537310420694087,
            "diff_percent": 4.224537371085211
        }
    },
    "rub2usd": {
        "bank": {
            "current": 0.011831519167061051,
            "sparkline_full": "                          81.4    \n  ▂▁▂▁▁▁▁▁▂▃▄▅▄▃▃▃▃▄▅▄▅▅▅▆▇█▅▄▄▄  \n      86.2                        "
        },
        "korona": {
            "current": 0.011272966144377946,
            "diff_percent": -4.720890147717605
        },
        "crypto": {
            "current": 0.013408355878411868,
            "diff_percent": 13.327423884337103
        },
        "forex": {
            "current": 0.012348209633085298,
            "diff_percent": 4.3670678188369365
        }
    },
    "xdr": {
        "rub2xdr": {
            "current_rate": 0.008597889363293911,
            "sparkline": "▁▁▁▁▁▁▁▁▂▂▃▃▃▃▃▂▃▄▅▆▅▅▆▇█▇▅▅▅▅"
        },
        "usd2xdr": {
            "current_rate": 0.699288,
            "sparkline": "▄▄▄▄▄▄▄▄▄▄▄▄▄▄▄▄▄▅▅▅▅▅▅▅▅▅▅▅▅▅"
        },
        "eur2xdr": {
            "current_rate": 0.8159472408071635,
            "sparkline": "▄▅▅▅▄▄▅▅▅▅▅▅▄▄▅▄▄▄▄▅▅▅▄▅▅▅▅▅▅▅"
        },
        "cny2xdr": {
            "current_rate": 0.09815394980629948,
            "sparkline": "▄▄▄▄▄▄▄▄▄▄▄▄▄▄▄▄▄▅▅▅▅▅▅▅▅▅▅▅▅▅"
        },
        "rsd2xdr": {
            "current_rate": 0.006962531647429866,
            "sparkline": "▄▅▅▅▄▄▅▅▅▅▅▅▄▅▅▄▄▄▄▅▅▅▄▅▅▅▅▅▅▅"
        }
    },
    "neer": {
        "rub": {
            "current_rate": 94.81653299907215,
            "sparkline": "▁▂▁▂▁▂▂▂▁▂▃▄▅▃▃▅▃▄▅▅▅▅▅▆██▆▅▅▅"
        },
        "usd": {
            "current_rate": 104.03218117664431,
            "sparkline": "▄▄▄▄▄▅▄▄▄▄▄▄▄▄▄▄▄▅▅▅▅▅▅▅▅▄▄▅▅▅"
        },
        "eur": {
            "current_rate": 110.48096074640661,
            "sparkline": "▅▅▅▅▅▅▅▅▅▅▅▅▅▅▅▄▄▄▄▄▄▄▄▄▄▄▅▄▄▄"
        },
        "cny": {
            "current_rate": 105.32246178086895,
            "sparkline": "▄▄▄▄▄▄▄▄▄▄▄▄▄▄▄▅▅▅▅▅▅▅▅▅▅▅▄▅▅▅"
        },
        "rsd": {
            "current_rate": 110.54123710719966,
            "sparkline": "▄▄▅▅▅▄▅▄▅▄▅▄▄▄▄▅▅▄▄▄▄▄▅▅▄▄▄▄▄▄"
        }
    },
    "update_time": "2025-10-20 08:20:52",
    "update_time_display": "20.10 08:20"
}