{
    "rub2rsd": {
        "bank": {
            "current": 1.200298369198294,
            "sparkline_full": "  1.24                            \n  ██▇▅▄▃▄▄▃▁▁▅▆▅▅▅▄▄▅▅▄▃▃▄▄▃▄▃▃▂  \n          1.19                    "
        },
        "korona": {
            "current": 1.1578371312804432,
            "diff_percent": -3.53755691147124
        },
        "crypto": {
            "current": 1.148237377532929,
            "diff_percent": -4.337337532178572
        },
        "forex": {
            "current": 1.255752366447784,
            "diff_percent": 4.620017711640234
        }
    },
    "rub2eur": {
        "bank": {
            "current": 0.010338054378166029,
            "sparkline_full": "  93.9                            \n  ██▇▆▄▄▄▄▄▁▁▅▆▅▅▅▅▄▅▅▄▄▄▄▄▃▃▃▃▃  \n          97.6                    "
        },
        "korona": {
            "current": 0.009917234529168678,
            "diff_percent": -4.070590399351376
        },
        "crypto": {
            "current": 0.009870266455417005,
            "diff_percent": -4.524912576751307
        },
        "forex": {
            "current": 0.010719250458026606,
            "diff_percent": 3.6873096804913597
        }
    },
    "rub2usd": {
        "bank": {
            "current": 0.01213150551983501,
            "sparkline_full": "  80.4                            \n  ███▇▆▆▆▆▅▁▁▃▄▄▄▄▄▄▅▅▄▄▄▅▅▅▄▄▄▄  \n           84.1                   "
        },
        "korona": {
            "current": 0.01122790042108901,
            "diff_percent": -7.448416828963286
        },
        "crypto": {
            "current": 0.01155919889397042,
            "diff_percent": -4.7175235170018235
        },
        "forex": {
            "current": 0.012496500979725676,
            "diff_percent": 3.008657575878755
        }
    },
    "xdr": {
        "rub2xdr": {
            "current_rate": 0.008747275467586654,
            "sparkline": "███▇▆▅▅▅▃▁▁▂▂▄▄▇▆▆▇▆▅▅▆▆▆▆▆▆▅▅"
        },
        "usd2xdr": {
            "current_rate": 0.697125,
            "sparkline": "▅▅▄▄▃▃▃▃▃▃▃▃▃▃▃▆▆▆▆▅▅▅▅▅▅▅▅▆▅▄"
        },
        "eur2xdr": {
            "current_rate": 0.8160342462225677,
            "sparkline": "▆▆▆▆▆▆▆▆▅▃▂▁▂▄▄▆▆▆▇▆▆▆▆▆▇▇▇█▇▆"
        },
        "cny2xdr": {
            "current_rate": 0.09709397066811515,
            "sparkline": "▅▆▅▄▄▄▄▄▄▄▄▃▃▃▃▆▆▆▆▅▅▅▅▅▆▆▆▆▅▄"
        },
        "rsd2xdr": {
            "current_rate": 0.006965764669295869,
            "sparkline": "▆▆▆▆▆▆▆▆▅▃▃▂▂▄▄▆▆▆▇▆▆▆▆▆▇▇▇▇▇▆"
        }
    },
    "neer": {
        "rub": {
            "current_rate": 95.72959804085016,
            "sparkline": "████▇▆▅▅▇▆▁▂▆▆▅▅▆▅▄▆▅▅▆▆▅▅▅▄▄▄"
        },
        "usd": {
            "current_rate": 103.85591254449018,
            "sparkline": "▄▄▃▃▃▃▃▃▄▅▅▆▆▅▅▅▅▄▄▄▄▄▄▄▄▃▄▄▄▄"
        },
        "eur": {
            "current_rate": 110.69998917907435,
            "sparkline": "▅▅▅▅▅▅▆▆▅▄▄▃▃▅▅▄▄▅▅▅▅▅▅▅▅▅▅▅▅▅"
        },
        "cny": {
            "current_rate": 103.63056686787309,
            "sparkline": "▄▄▄▄▃▄▄▄▄▅▅▆▆▄▄▅▅▄▄▄▄▄▄▄▄▄▄▄▄▄"
        },
        "rsd": {
            "current_rate": 110.6042437519506,
            "sparkline": "▄▄▅▅▅▅▅▅▄▅▄▃▅▄▄▅▅▅▄▄▅▅▄▆▅▅▅▅▅▅"
        }
    },
    "update_time": "2025-08-18 08:35:46",
    "update_time_display": "18.08 08:35"
}