{
    "rub2rsd": {
        "bank": {
            "current": 1.220538408520405,
            "sparkline_full": "              1.23                \n  ▅▅▄▄▄▄▄▆▇▇▇████▇▃  ▁▁▂▃▃▄▅▇▇▇▇  \n                     1.16         "
        },
        "korona": {
            "current": 1.18176062394046,
            "diff_percent": -3.1771048177789947
        },
        "crypto": {
            "current": 1.200823364471889,
            "diff_percent": -1.6152743666965297
        },
        "forex": {
            "current": 1.2793139751080451,
            "diff_percent": 4.815544203880541
        }
    },
    "rub2eur": {
        "bank": {
            "current": 0.01051745898190997,
            "sparkline_full": "              94.7                \n  ▅▅▅▅▄▃▃▅▇▆▇████▇▄  ▁▁▃▃▃▄▆▇▇▇█  \n                    99.8          "
        },
        "korona": {
            "current": 0.010121279752830252,
            "diff_percent": -3.766872110089966
        },
        "crypto": {
            "current": 0.010309999465470848,
            "diff_percent": -1.9725250823031768
        },
        "forex": {
            "current": 0.010903994426581744,
            "diff_percent": 3.6751790079392244
        }
    },
    "rub2usd": {
        "bank": {
            "current": 0.012281994595922378,
            "sparkline_full": "              80.3                \n  ▅▅▄▄▄▃▃▅▇▇▇████▇▃  ▁▁▂▂▂▃▄▅▅▆▇  \n                     85.0         "
        },
        "korona": {
            "current": 0.011566044765749548,
            "diff_percent": -5.829263517267184
        },
        "crypto": {
            "current": 0.012014960466570112,
            "diff_percent": -2.1741918811861503
        },
        "forex": {
            "current": 0.012681873924418567,
            "diff_percent": 3.255817492615972
        }
    },
    "xdr": {
        "rub2xdr": {
            "current_rate": 0.008889292772046536,
            "sparkline": "▄▄▃▂▂▁▂▄█▇▄▅▅▅▇▆▄▆▄▁▂▁▁▂▃▅▆▇██"
        },
        "usd2xdr": {
            "current_rate": 0.700002,
            "sparkline": "▄▄▄▄▄▄▅▅▅▃▃▃▃▃▃▃▄▄▄▄▄▅▅▅▅▆▆▆▆▆"
        },
        "eur2xdr": {
            "current_rate": 0.8152326958620072,
            "sparkline": "▅▅▄▄▄▄▄▅▅▄▄▄▄▄▄▄▄▄▄▄▄▄▄▄▄▄▄▄▅▄"
        },
        "cny2xdr": {
            "current_rate": 0.10035007741269568,
            "sparkline": "▃▃▃▃▃▃▃▃▃▂▂▃▃▃▃▄▄▄▄▄▅▅▅▅▆▆▆▇▇▇"
        },
        "rsd2xdr": {
            "current_rate": 0.006948484066466785,
            "sparkline": "▅▅▄▄▄▅▅▅▆▄▄▄▅▄▄▅▄▅▄▄▅▅▄▄▄▄▃▄▅▄"
        }
    },
    "neer": {
        "rub": {
            "current_rate": 98.0527310659158,
            "sparkline": "▄▄▄▂▃▃▃▃▄▅▅▆▆▆▆▇▆▆▆▆▆▆▆▂▂▃▅▅▄▆"
        },
        "usd": {
            "current_rate": 103.41426543042444,
            "sparkline": "▅▅▅▅▅▅▅▅▄▄▄▄▄▄▄▄▄▄▄▄▄▅▄▄▅▅▅▅▅▅"
        },
        "eur": {
            "current_rate": 110.06056130648967,
            "sparkline": "▅▅▅▅▅▅▅▅▅▅▅▅▅▅▅▅▅▅▄▄▄▄▄▄▄▄▄▄▄▄"
        },
        "cny": {
            "current_rate": 108.29429264223182,
            "sparkline": "▄▄▄▄▄▄▄▄▄▄▄▄▄▄▄▄▄▄▅▅▅▅▅▅▅▅▅▅▅▅"
        },
        "rsd": {
            "current_rate": 110.11360473576372,
            "sparkline": "▄▄▅▅▅▅▄▄▅▅▄▅▄▄▄▅▄▄▄▅▅▅▄▄▄▄▄▄▄▄"
        }
    },
    "specific_rates": {
        "rub_kzt_bank": 6.3,
        "rub_kzt_crypto": 6.1756896798170375,
        "kzt_rsd_bank": 0.19444360496226631,
        "rsd_eur_cash": 0.008440243079000676,
        "eur_rsd_cash": 116.75999999999999,
        "rsd_usd_cash": 0.009787129924149743,
        "usd_rsd_cash": 99.08333333333333,
        "eur_usd_exch": 1.1646148094748403,
        "usd_kzt_bank": 507.0
    },
    "update_time": "2026-01-13 20:05:46",
    "update_time_display": "13.01 20:05"
}