{
    "rub2rsd": {
        "bank": {
            "current": 1.1971808593159272,
            "sparkline_full": "        1.22                      \n  ▂▃▂▂▃▆██▃▁▁▁▂▂▄▄▁▁▁▅▆▄▃▄▄▄▃▄▄▃  \n           1.18                   "
        },
        "korona": {
            "current": 1.1602369514907762,
            "diff_percent": -3.08590866097382
        },
        "crypto": {
            "current": 1.2493792803233428,
            "diff_percent": 4.360111557182922
        },
        "forex": {
            "current": 1.2509451668746943,
            "diff_percent": 4.490909384358862
        }
    },
    "rub2eur": {
        "bank": {
            "current": 0.010287007509515483,
            "sparkline_full": "       95.0                       \n  ▁▃▄▄▃▆██▂▁▁▂▃▂▃▂▁▁▁▄▆▅▄▃▃▃▄▄▄▃  \n           98.2                   "
        },
        "korona": {
            "current": 0.00993778973439637,
            "diff_percent": -3.3947459919328864
        },
        "crypto": {
            "current": 0.010730376391308352,
            "diff_percent": 4.309988899908481
        },
        "forex": {
            "current": 0.010675405757611512,
            "diff_percent": 3.7756193697415044
        }
    },
    "rub2usd": {
        "bank": {
            "current": 0.011917530687641521,
            "sparkline_full": "        81.4                      \n  ▂▂▂▂▂▅██▃▂▂▂▃▁▄▃▁▁▁▅▆▅▂▁▁▁▁▁▁▂  \n                   84.3           "
        },
        "korona": {
            "current": 0.011398152613908566,
            "diff_percent": -4.358101416693223
        },
        "crypto": {
            "current": 0.012406997702450281,
            "diff_percent": 4.10711772126031
        },
        "forex": {
            "current": 0.012311374355653444,
            "diff_percent": 3.3047422182880473
        }
    },
    "xdr": {
        "rub2xdr": {
            "current_rate": 0.008733972558440432,
            "sparkline": "▁▃▂▂▃▆█▆▂▂▁▁▂▁▁▃▇▆▅▆▆▅▅▅▄▄▅▄▄▄"
        },
        "usd2xdr": {
            "current_rate": 0.707015,
            "sparkline": "▃▅▄▄▄▅▄▃▃▃▃▃▃▃▄▄▄▄▄▃▃▃▄▄▄▆▆▆▆▅"
        },
        "eur2xdr": {
            "current_rate": 0.8181396339163177,
            "sparkline": "▄▅▅▅▄▅▅▅▆▅▅▄▄▄▄▅▅▅▅▅▄▃▄▅▄▄▄▄▅▅"
        },
        "cny2xdr": {
            "current_rate": 0.09926361160250469,
            "sparkline": "▃▅▄▄▄▄▄▃▃▃▃▃▃▃▄▄▄▄▄▄▄▄▅▅▄▆▆▆▆▅"
        },
        "rsd2xdr": {
            "current_rate": 0.006981898799178384,
            "sparkline": "▄▅▄▅▄▅▅▅▆▅▅▄▄▄▄▅▄▄▄▅▄▃▄▃▄▅▄▄▅▅"
        }
    },
    "neer": {
        "rub": {
            "current_rate": 95.38366230932677,
            "sparkline": "▁▂▂▁▂▄▅█▇▂▁▇▁▂▁▂▆▅▁█▅█▅▅▃▅▅▄▃▃"
        },
        "usd": {
            "current_rate": 104.79210838373663,
            "sparkline": "▄▄▄▄▄▅▄▄▃▃▃▃▄▄▄▄▄▄▄▄▃▅▅▅▄▅▅▆▅▅"
        },
        "eur": {
            "current_rate": 110.13197534681424,
            "sparkline": "▅▄▅▅▄▄▅▅▅▅▅▅▄▄▄▅▅▅▅▅▅▄▄▄▅▄▄▄▄▄"
        },
        "cny": {
            "current_rate": 106.24927003888737,
            "sparkline": "▄▄▄▄▄▄▄▄▃▃▃▄▄▄▅▅▄▄▅▅▅▆▅▅▅▅▆▆▆▆"
        },
        "rsd": {
            "current_rate": 110.29079830827435,
            "sparkline": "▅▅▅▅▆▅▅▅▅▄▅▅▅▅▅▄▄▄▄▅▄▆▄▄▃▃▄▄▄▄"
        }
    },
    "update_time": "2025-11-07 19:50:46",
    "update_time_display": "07.11 19:50"
}