{
    "rub2rsd": {
        "bank": {
            "current": 1.1978582659819335,
            "sparkline_full": "        1.21                      \n  ▃▅▅▂▂▂▆▇▅▅▅▅▅▄▅▅▄▄▄▄▃▃▄▃▃▃▂▃▃▅  \n      1.18                        "
        },
        "korona": {
            "current": 1.1758545411405288,
            "diff_percent": -1.8369222358178843
        },
        "crypto": {
            "current": 1.262358822079592,
            "diff_percent": 5.384656760270786
        },
        "forex": {
            "current": 1.2662394805770822,
            "diff_percent": 5.70862317664051
        }
    },
    "rub2eur": {
        "bank": {
            "current": 0.010324179227751393,
            "sparkline_full": "        95.9                      \n  ▃▄▃▁▁▁▆█▆▅▄▄▅▅▅▅▄▄▄▄▃▄▄▃▄▄▃▃▃▅  \n    98.2                          "
        },
        "korona": {
            "current": 0.01006847925135621,
            "diff_percent": -2.4767099713637455
        },
        "crypto": {
            "current": 0.010830167254933208,
            "diff_percent": 4.901000031283057
        },
        "forex": {
            "current": 0.010796883037330859,
            "diff_percent": 4.578609099586704
        }
    },
    "rub2usd": {
        "bank": {
            "current": 0.011909015124449208,
            "sparkline_full": "        82.2                      \n  ▂▅▄▁▁▁▆█▆▃▂▂▂▂▂▂▂▂▂▂▁▂▃▃▃▃▂▂▂▂  \n      84.3                        "
        },
        "korona": {
            "current": 0.011415271878487902,
            "diff_percent": -4.145962036337091
        },
        "crypto": {
            "current": 0.012467647088693445,
            "diff_percent": 4.6908326037588575
        },
        "forex": {
            "current": 0.012354098101422203,
            "diff_percent": 3.7373617576422387
        }
    },
    "xdr": {
        "rub2xdr": {
            "current_rate": 0.00877072811078904,
            "sparkline": "▁▁▄██▆██▆▆▆▆▆▆▅▅▆▆▅▄▄▄▅▅▅█▃▃▅▇"
        },
        "usd2xdr": {
            "current_rate": 0.704691,
            "sparkline": "▂▃▂▂▂▂▂▂▂▃▃▃▅▅▅▅▆▄▄▄▄▄▄▄▄▇▃▃▃▄"
        },
        "eur2xdr": {
            "current_rate": 0.8123389019278741,
            "sparkline": "▂▃▃▃▃▃▃▂▁▂▃▂▂▂▂▃▄▃▃▂▃▃▄▄▄█▂▃▂▁"
        },
        "cny2xdr": {
            "current_rate": 0.09905136062071292,
            "sparkline": "▁▂▂▂▂▂▂▂▂▃▃▃▄▅▅▅▅▄▄▃▄▃▄▄▄█▃▃▄▃"
        },
        "rsd2xdr": {
            "current_rate": 0.006926595044084256,
            "sparkline": "▂▃▃▂▂▃▃▂▁▂▁▂▃▂▂▃▄▃▃▂▃▃▄▄▄█▃▃▂▁"
        }
    },
    "neer": {
        "rub": {
            "current_rate": 96.35530059168185,
            "sparkline": "▁▁▂▁▁▁█▆█▅▅▅▅▆▆▃▂▂▂▂▃▂▁▃▃▄▄▃▃▅"
        },
        "usd": {
            "current_rate": 104.78628909863795,
            "sparkline": "▄▄▄▄▄▄▄▃▅▅▅▅▅▆▆▅▅▅▅▄▄▄▄▄▄▄▄▅▄▅"
        },
        "eur": {
            "current_rate": 110.06060908713414,
            "sparkline": "▄▅▅▅▅▅▅▅▄▄▄▄▄▄▄▄▅▅▅▅▅▅▅▅▅▅▅▅▅▄"
        },
        "cny": {
            "current_rate": 106.73268945516519,
            "sparkline": "▃▄▄▄▄▄▄▃▄▄▄▄▄▅▅▅▅▅▄▄▅▅▅▅▅▅▅▅▅▆"
        },
        "rsd": {
            "current_rate": 110.13326715098012,
            "sparkline": "▅▄▄▄▄▄▅▄▆▄▄▄▄▄▄▃▄▄▄▄▄▄▄▃▄▄▄▅▄▄"
        }
    },
    "specific_rates": {
        "rub_kzt_bank": 6.21,
        "rub_kzt_crypto": 6.514345603842325,
        "kzt_rsd_bank": 0.19378137096917625,
        "rsd_eur_cash": 0.00849514563106796,
        "eur_rsd_cash": 116.78571428571429,
        "rsd_usd_cash": 0.009708064627973096,
        "usd_rsd_cash": 99.37142857142858,
        "eur_usd_exch": 1.152759013422726,
        "usd_kzt_bank": 515.5
    },
    "update_time": "2025-11-20 12:35:45",
    "update_time_display": "20.11 12:35"
}