{
    "rub2rsd": {
        "bank": {
            "current": 1.2900389398316796,
            "sparkline_full": "         1.34                     \n  ▇▇▇ ▆   ▇▇▇▆▄▂▂▂▂▂ ▃▂▂▂▄▄▅▃▂▂▄  \n              1.26                "
        },
        "korona": {
            "current": 1.2403888844291764,
            "diff_percent": -3.848725326770478
        },
        "crypto": {
            "current": 1.3968054206363072,
            "diff_percent": 8.27622155487478
        },
        "forex": {
            "current": 1.3384580685531087,
            "diff_percent": 3.75330753409247
        }
    },
    "rub2eur": {
        "bank": {
            "current": 0.010972130787798991,
            "sparkline_full": "   87.0                           \n  ███ ▇█▇▇▇▇▇▆▃▁▁▂▂▂▃▂▂▂▂▃▄▄▃▂▂▄  \n               93.7               "
        },
        "korona": {
            "current": 0.010619767846140209,
            "diff_percent": -3.2114358502781424
        },
        "crypto": {
            "current": 0.011837215641194505,
            "diff_percent": 7.884383353846718
        },
        "forex": {
            "current": 0.011400893730187074,
            "diff_percent": 3.9077454569249923
        }
    },
    "rub2usd": {
        "bank": {
            "current": 0.012561236025624922,
            "sparkline_full": "   74.9                           \n  ███ ▇▇▇▇▇▆▅▅▂▁▁▁▁▁▂▂▁▁▁▃▃▃▂▁▁▃  \n               82.1               "
        },
        "korona": {
            "current": 0.01186691111628009,
            "diff_percent": -5.527520603294205
        },
        "crypto": {
            "current": 0.013524701309121605,
            "diff_percent": 7.6701471219170925
        },
        "forex": {
            "current": 0.013043812863025618,
            "diff_percent": 3.8417942025469394
        }
    },
    "xdr": {
        "rub2xdr": {
            "current_rate": 0.009334712595356702,
            "sparkline": "▆▆▆ ▅▅██▅▅▅▄▂▁▁▁▁▁▂▂▂▂▂▂▂▃▃▂▂▃"
        },
        "usd2xdr": {
            "current_rate": 0.715963,
            "sparkline": "▃▃▃ ▃▃▆▆▄▄▄▄▄▄▄▄▄▄▄▄▄▄▄▄▄▄▄▄▄▄"
        },
        "eur2xdr": {
            "current_rate": 0.8187702487429054,
            "sparkline": "▄▄▄ ▃▃▆▆▄▃▃▄▄▄▄▄▄▄▄▄▄▄▄▄▃▄▄▄▄▄"
        },
        "cny2xdr": {
            "current_rate": 0.10560237765125816,
            "sparkline": "▃▃▃ ▃▃▆▆▄▄▄▄▄▄▄▄▄▄▄▄▄▄▄▃▃▄▄▄▄▄"
        },
        "rsd2xdr": {
            "current_rate": 0.00697422864016028,
            "sparkline": "▄▄▄ ▃▃▆▆▄▃▃▄▄▄▄▄▄▄▄▄▄▄▄▄▃▄▄▄▄▄"
        }
    },
    "neer": {
        "rub": {
            "current_rate": 100.98562772196662,
            "sparkline": "▇█▇██▇▇▇▇▇▆▆▅▂▁▅▂▂▂▂▃▃▂▃▃▃▄▃▃▃"
        },
        "usd": {
            "current_rate": 103.71238268639569,
            "sparkline": "▄▄▄▄▄▄▅▅▅▅▅▅▅▅▅▅▅▅▅▅▅▅▅▅▅▅▅▅▅▅"
        },
        "eur": {
            "current_rate": 108.41955117822853,
            "sparkline": "▅▅▅▅▄▅▅▅▄▄▄▄▄▄▄▄▄▅▄▅▄▅▄▄▄▅▅▄▄▄"
        },
        "cny": {
            "current_rate": 113.05242111841419,
            "sparkline": "▄▄▄▄▅▅▄▄▅▅▅▅▅▄▄▅▅▅▅▅▄▄▅▄▄▄▄▄▄▄"
        },
        "rsd": {
            "current_rate": 109.41441943117448,
            "sparkline": "▃▆▆▆▆▅▃▃▆▆▆▆▆▃▃▆▆▆▆▅▃▃▆▃▃▃▃▃▃▃"
        }
    },
    "specific_rates": {
        "rub_kzt_bank": 5.98,
        "rub_kzt_crypto": 6.451282524451005,
        "kzt_rsd_bank": 0.2165159277,
        "rsd_eur_cash": 0.0084530853761623,
        "eur_rsd_cash": 116.8,
        "rsd_usd_cash": 0.009567089213106913,
        "usd_rsd_cash": 100.65833333333335,
        "eur_usd_exch": 1.1435929632437785,
        "usd_kzt_bank": 470.0
    },
    "conversion_rates": {
        "rub_usd": {
            "rub_to_usd": [
                0.012561236025624922,
                0.012468827930174562
            ],
            "usd_to_rub": [
                74.32,
                75.4
            ]
        },
        "rub_eur": {
            "rub_to_eur": [
                0.010972130787798991,
                0.010893246187363835
            ],
            "eur_to_rub": [
                84.99,
                86.0
            ]
        },
        "rub_kzt": {
            "rub_to_kzt": [
                5.98,
                5.9171597633136095
            ],
            "kzt_to_rub": [
                0.1579778830963665,
                0.158
            ]
        },
        "rub_rsd": {
            "rub_to_rsd": [
                1.3513944549
            ],
            "rsd_to_rub": [
                0.7399763972496081
            ]
        },
        "usd_eur": {
            "usd_to_eur": [
                0.8673026886383347
            ],
            "eur_to_usd": [
                1.133
            ]
        },
        "usd_kzt": {
            "usd_to_kzt": [
                470.0
            ],
            "kzt_to_usd": [
                0.0020964360587002098
            ]
        },
        "usd_rsd": {
            "usd_to_rsd": [
                102.70000000000002
            ],
            "rsd_to_usd": [
                0.00973709834469328
            ]
        },
        "eur_kzt": {
            "eur_to_kzt": [
                538.0
            ],
            "kzt_to_eur": [
                0.001834862385321101
            ]
        },
        "eur_rsd": {
            "eur_to_rsd": [
                117.7146223058
            ],
            "rsd_to_eur": [
                0.008495121340169548
            ]
        },
        "kzt_rsd": {
            "kzt_to_rsd": [
                0.2165159277
            ],
            "rsd_to_kzt": [
                4.618597858470622
            ]
        },
        "eur_usd_forex": {
            "eur_to_usd": [
                1.1435929632437785
            ],
            "usd_to_eur": [
                0.874437
            ]
        }
    },
    "update_time": "2026-07-13 13:50:54",
    "update_time_display": "13.07 13:50"
}