{
    "rub2rsd": {
        "bank": {
            "current": 1.2485566129634311,
            "sparkline_full": "         1.26                     \n  ▅▅▆▆▆▅▅▅█▇▆▇▇▅▇▆▅▆▆▆▆▅▂▁▂▂▃▄▅▆  \n                        1.22      "
        },
        "korona": {
            "current": 1.2072839665905697,
            "diff_percent": -3.305628751178643
        },
        "crypto": {
            "current": 1.2381655136206735,
            "diff_percent": -0.8322489533009233
        },
        "forex": {
            "current": 1.3011412995210367,
            "diff_percent": 4.21163814372795
        }
    },
    "rub2eur": {
        "bank": {
            "current": 0.010765421466250404,
            "sparkline_full": "         92.1                     \n  ▆▆▅▅▅▄▄▅▇▇▇▇▆▅▇▆▅▅▅▆▆▅▂▂▃▃▃▄▅▆  \n                       95.0       "
        },
        "korona": {
            "current": 0.01034076202647169,
            "diff_percent": -3.944661536104477
        },
        "crypto": {
            "current": 0.010650165138580834,
            "diff_percent": -1.0706160277226324
        },
        "forex": {
            "current": 0.011100099090352903,
            "diff_percent": 3.108820450288114
        }
    },
    "rub2usd": {
        "bank": {
            "current": 0.01240694789081886,
            "sparkline_full": "                              80.6\n  ▂▄▄▄▄▄▃▃▅▆▅▅▅▅▆▆▅▅▅▅▆▅▃▄▄▄▅▆▇▇  \n 82.7                             "
        },
        "korona": {
            "current": 0.011477901758110313,
            "diff_percent": -7.488111829630885
        },
        "crypto": {
            "current": 0.012250237795764748,
            "diff_percent": -1.263083366136137
        },
        "forex": {
            "current": 0.012703671615170217,
            "diff_percent": 2.3915932182719386
        }
    },
    "xdr": {
        "rub2xdr": {
            "current_rate": 0.009035771938408979,
            "sparkline": "▂▂▂▃▃▂▁▁▃▄▅█▄▃▂▂▃▃▃▃▃▃▁▁▁▁▁▂▂▂"
        },
        "usd2xdr": {
            "current_rate": 0.709327,
            "sparkline": "▄▃▄▄▄▃▃▃▃▃▃▇▄▃▃▃▃▃▃▃▃▃▃▂▂▂▂▂▂▂"
        },
        "eur2xdr": {
            "current_rate": 0.8140262411046375,
            "sparkline": "▃▃▃▃▃▃▃▂▃▃▃▇▄▃▃▃▃▃▃▃▃▃▄▃▃▃▃▃▃▃"
        },
        "cny2xdr": {
            "current_rate": 0.09866289259187137,
            "sparkline": "▄▃▄▄▄▃▃▃▃▃▃▇▄▃▃▃▃▃▃▃▃▃▃▂▂▂▂▂▂▂"
        },
        "rsd2xdr": {
            "current_rate": 0.006944497067101888,
            "sparkline": "▃▃▃▃▃▃▃▂▃▃▃▇▄▃▃▃▃▃▃▃▃▃▄▃▃▃▃▃▃▃"
        }
    },
    "neer": {
        "rub": {
            "current_rate": 98.35683083850694,
            "sparkline": "▂▃▃▃▃▂▃▃▄▆██▅▄▅▅▄▅▅▄▃▆▂▁▁▁▁▄▅▅"
        },
        "usd": {
            "current_rate": 104.21128947156917,
            "sparkline": "▆▆▅▄▅▄▅▅▆▅▅▅▅▅▅▄▄▄▄▄▄▄▄▃▃▃▄▃▄▄"
        },
        "eur": {
            "current_rate": 109.17841214327589,
            "sparkline": "▄▄▃▄▄▄▄▃▃▄▄▄▄▄▄▄▄▄▄▄▅▄▆▆▆▆▆▆▆▆"
        },
        "cny": {
            "current_rate": 103.65997912582138,
            "sparkline": "▅▅▅▄▅▄▅▅▅▅▅▅▄▅▅▄▅▄▄▄▄▅▄▄▄▄▄▄▄▄"
        },
        "rsd": {
            "current_rate": 109.86190885290699,
            "sparkline": "▄▄▄▃▃▅▄▄▃▄▄▄▃▄▆▅▄▄▄▄▃▄▅▅▅▅▅▅▅▅"
        }
    },
    "update_time": "2025-06-19 03:51:26",
    "update_time_display": "19.06 03:51"
}