{
    "rub2rsd": {
        "bank": {
            "current": 1.2106134406162115,
            "sparkline_full": "         1.24                     \n  ▅▆▇▇▇▇▆▇██▇▇▇▇▆▅▄▃▃▃▃▁▁▄▆▄▄▅▄▄  \n                      1.19        "
        },
        "korona": {
            "current": 1.1742140174148479,
            "diff_percent": -3.0066924734319813
        },
        "crypto": {
            "current": 1.1930842871315952,
            "diff_percent": -1.4479562919517712
        },
        "forex": {
            "current": 1.2651581922446287,
            "diff_percent": 4.50554651042479
        }
    },
    "rub2eur": {
        "bank": {
            "current": 0.010448229025180233,
            "sparkline_full": "          93.4                    \n  ▅▆▇▇▇▇▇▇██▇▇▇▇▇▅▄▃▃▃▃▁▁▄▆▅▅▄▄▄  \n                      97.6        "
        },
        "korona": {
            "current": 0.01004337502676434,
            "diff_percent": -3.874857618838517
        },
        "crypto": {
            "current": 0.01033137386850462,
            "diff_percent": -1.1184207045422871
        },
        "forex": {
            "current": 0.010799346997565766,
            "diff_percent": 3.360550113701936
        }
    },
    "rub2usd": {
        "bank": {
            "current": 0.012097749818533753,
            "sparkline_full": "      80.1                        \n  ▇█████████▇▇▇██▇▆▅▅▅▅▁▁▂▃▃▃▄▄▃  \n                       84.1       "
        },
        "korona": {
            "current": 0.011470667705127136,
            "diff_percent": -5.183460749419093
        },
        "crypto": {
            "current": 0.011938476470272005,
            "diff_percent": -1.3165534967316028
        },
        "forex": {
            "current": 0.012492348436582592,
            "diff_percent": 3.261752176791703
        }
    },
    "xdr": {
        "rub2xdr": {
            "current_rate": 0.008811187979043364,
            "sparkline": "█▃▄▄▃▃▃▄▄▄▄▄▄▄▄▃▃▂▂▂▂▁▁▁▁▂▂▃▃▃"
        },
        "usd2xdr": {
            "current_rate": 0.704914,
            "sparkline": "▇▂▂▂▂▂▂▂▃▃▃▃▃▃▂▂▂▂▂▂▂▂▂▂▂▂▂▃▃▃"
        },
        "eur2xdr": {
            "current_rate": 0.8159000707199663,
            "sparkline": "█▃▃▂▂▂▂▃▃▃▃▃▃▃▃▃▃▃▃▃▂▂▁▁▁▂▂▃▃▃"
        },
        "cny2xdr": {
            "current_rate": 0.09812140699600508,
            "sparkline": "▇▂▂▂▂▂▂▂▃▃▃▃▃▃▂▂▂▂▂▂▂▂▂▂▂▂▂▃▃▃"
        },
        "rsd2xdr": {
            "current_rate": 0.006964495059238924,
            "sparkline": "█▃▃▃▃▃▂▃▃▃▃▃▃▃▃▃▃▃▃▃▂▂▁▁▁▂▂▃▃▃"
        }
    },
    "neer": {
        "rub": {
            "current_rate": 96.89353273576658,
            "sparkline": "▅▆▆▇▇▆▇▆▇█▇▆▆▆▆▆▅▅▃▃▅▅▁▃▃▄▄▄▄▄"
        },
        "usd": {
            "current_rate": 104.38268477668113,
            "sparkline": "▃▃▃▄▃▃▄▄▄▅▄▄▄▄▄▃▃▃▃▃▄▅▄▅▆▅▅▅▅▅"
        },
        "eur": {
            "current_rate": 110.02471149976851,
            "sparkline": "▅▅▅▅▅▅▅▅▄▄▅▅▅▅▅▅▅▅▆▆▅▄▄▃▃▅▅▄▄▄"
        },
        "cny": {
            "current_rate": 104.11827820218453,
            "sparkline": "▃▃▄▄▄▄▄▄▄▅▄▄▄▄▄▄▄▄▄▄▄▅▅▅▆▄▄▅▅▅"
        },
        "rsd": {
            "current_rate": 110.33091808411837,
            "sparkline": "▅▅▅▄▄▄▄▅▅▅▄▄▄▄▅▅▅▅▅▅▄▅▄▄▄▄▄▄▄▄"
        }
    },
    "update_time": "2025-08-06 01:06:33",
    "update_time_display": "06.08 01:06"
}