{
    "rub2rsd": {
        "bank": {
            "current": 1.22588979468758,
            "sparkline_full": "                         1.24     \n  в–‡  в–…в–‡в–…в–…в–…в–ѓв–Ѓв–‚в–‚в–‚в–‚в–‚в–ѓв–„в–…в–†в–†в–†в–†в–†в–†в–€в–…в–…в–„в–„в–„  \n          1.22                    "
        },
        "korona": {
            "current": 1.199216425505324,
            "diff_percent": -2.1758374445929536
        },
        "crypto": {
            "current": 1.2379691820137084,
            "diff_percent": 0.9853567081212963
        },
        "forex": {
            "current": 1.2933845856440085,
            "diff_percent": 5.505779658899083
        }
    },
    "rub2eur": {
        "bank": {
            "current": 0.010611205432937183,
            "sparkline_full": "                         93.5     \n  в–†в–†в–†в–†в–‡в–†в–…в–…в–‚в–‚в–Ѓв–‚в–‚в–‚в–‚в–„в–…в–†в–†в–†в–†в–†в–…в–‡в–€в–†в–„в–„в–„в–…  \n           95.4                   "
        },
        "korona": {
            "current": 0.01026600828976063,
            "diff_percent": -3.2531378772958295
        },
        "crypto": {
            "current": 0.010673199959333851,
            "diff_percent": 0.5842364167622044
        },
        "forex": {
            "current": 0.011021102017010362,
            "diff_percent": 3.8628654083056344
        }
    },
    "rub2usd": {
        "bank": {
            "current": 0.0124750499001996,
            "sparkline_full": " 78.9                             \n  в–‡в–†в–…в–„в–…в–„в–ѓв–ѓв–‚в–‚в–ѓв–ѓв–‚в–‚в–‚в–„в–„в–…в–„в–„в–„в–„в–„в–…в–†в–„в–ѓв–‚в–‚в–‚  \n         80.4                     "
        },
        "korona": {
            "current": 0.01181857887778576,
            "diff_percent": -5.262271715669344
        },
        "crypto": {
            "current": 0.012522937800891712,
            "diff_percent": 0.3838694119479626
        },
        "forex": {
            "current": 0.012957832621084468,
            "diff_percent": 3.8699862906130913
        }
    },
    "xdr": {
        "rub2xdr": {
            "current_rate": 0.008928969367942395,
            "sparkline": "в–€в–†в–†в–‡в–€в–‡в–†в–†в–…в–ѓв–Ѓв–‚в–ѓв–‡в–„в–„в–†в–‡в–†в–€в–€в–€в–†в–€в–€в–…в–…в–…в–„в–ѓ"
        },
        "usd2xdr": {
            "current_rate": 0.691772,
            "sparkline": "в–„в–ѓв–…в–…в–…в–†в–…в–…в–…в–„в–‚в–ѓв–ѓв–ѓв–ѓв–ѓв–„в–„в–„в–‡в–†в–†в–…в–†в–‡в–…в–†в–…в–…в–†"
        },
        "eur2xdr": {
            "current_rate": 0.8101702855269015,
            "sparkline": "в–…в–„в–…в–…в–„в–…в–…в–…в–†в–‡в–…в–…в–…в–…в–…в–…в–…в–„в–ѓв–…в–…в–…в–…в–…в–…в–…в–…в–…в–„в–‚"
        },
        "cny2xdr": {
            "current_rate": 0.10051173265528515,
            "sparkline": "в–Ѓв–Ѓв–ѓв–ѓв–ѓв–„в–ѓв–ѓв–ѓв–ѓв–‚в–ѓв–ѓв–ѓв–ѓв–ѓв–ѓв–„в–„в–†в–†в–…в–…в–‡в–€в–€в–€в–€в–‡в–‡"
        },
        "rsd2xdr": {
            "current_rate": 0.006903568719660006,
            "sparkline": "в–…в–„в–„в–…в–„в–…в–…в–…в–†в–‡в–…в–…в–…в–„в–…в–„в–„в–„в–ѓв–…в–…в–…в–„в–…в–…в–„в–…в–…в–…в–‚"
        }
    },
    "neer": {
        "rub": {
            "current_rate": 98.19497761369479,
            "sparkline": "в–€в–€в–„в–…в–…в–‡в–†в–…в–…в–Ѓв–‚в–Ѓв–‚в–†в–„в–‚в–…в–…в–€в–†в–†в–†в–†в–†в–†в–„в–„в–ѓв–‚в–ѓ"
        },
        "usd": {
            "current_rate": 101.64568684141389,
            "sparkline": "в–…в–…в–…в–…в–†в–†в–…в–…в–„в–„в–ѓв–ѓв–„в–ѓв–ѓв–ѓв–„в–„в–…в–…в–„в–„в–…в–…в–„в–ѓв–„в–„в–„в–„"
        },
        "eur": {
            "current_rate": 109.98987086358015,
            "sparkline": "в–…в–…в–„в–…в–…в–…в–…в–…в–†в–†в–†в–…в–…в–„в–„в–…в–„в–…в–„в–„в–„в–„в–„в–„в–ѓв–ѓв–ѓв–ѓв–„в–„"
        },
        "cny": {
            "current_rate": 108.7924463222124,
            "sparkline": "в–‚в–ѓв–ѓв–„в–„в–„в–„в–„в–„в–„в–ѓв–ѓв–ѓв–ѓв–ѓв–ѓв–„в–„в–…в–…в–„в–„в–„в–†в–†в–†в–†в–†в–†в–‡"
        },
        "rsd": {
            "current_rate": 110.17142119543755,
            "sparkline": "в–…в–…в–…в–…в–„в–…в–…в–…в–„в–†в–†в–…в–…в–„в–…в–…в–†в–…в–…в–„в–„в–„в–ѓв–ѓв–„в–„в–„в–„в–„в–…"
        }
    },
    "specific_rates": {
        "rub_kzt_bank": 6.25,
        "rub_kzt_crypto": 6.286514776047639,
        "kzt_rsd_bank": 0.19692456410514084,
        "rsd_eur_cash": 0.008451044307618014,
        "eur_rsd_cash": 116.81428571428572,
        "rsd_usd_cash": 0.00985525100092393,
        "usd_rsd_cash": 97.9,
        "eur_usd_exch": 1.1711521795142061,
        "usd_kzt_bank": 495.0
    },
    "update_time": "2026-03-02 22:35:42",
    "update_time_display": "02.03 22:35"
}