{
    "rub2rsd": {
        "bank": {
            "current": 1.2132970033640624,
            "sparkline_full": "        1.26                      \n  ▇▇▇█████▇▄▂▁▁▂▂▁▁▁▁▁▂▄▃▄▅▅▅▅▄▃  \n                   1.19           "
        },
        "korona": {
            "current": 1.1855292610989843,
            "diff_percent": -2.288618713150004
        },
        "crypto": {
            "current": 1.0789027199024335,
            "diff_percent": -11.076783597832932
        },
        "forex": {
            "current": 1.2565903184198306,
            "diff_percent": 3.5682372029050136
        }
    },
    "rub2eur": {
        "bank": {
            "current": 0.010437323870159691,
            "sparkline_full": "        92.8                      \n  ▇▇▇█████▇▄▂▂▂▃▂▂▂▁▁▁▂▄▄▄▅▅▅▅▄▄  \n                    97.9          "
        },
        "korona": {
            "current": 0.010147597001336378,
            "diff_percent": -2.775873130196157
        },
        "crypto": {
            "current": 0.009230330093094702,
            "diff_percent": -11.564207378059658
        },
        "forex": {
            "current": 0.01071037999761227,
            "diff_percent": 2.616150757123157
        }
    },
    "rub2usd": {
        "bank": {
            "current": 0.012285012285012284,
            "sparkline_full": "        79.4                      \n  ▆▆▇▇▇▇▇█▆▄▂▂▂▃▃▂▂▂▁▁▃▅▅▅▆▆▆▆▅▄  \n                    83.4          "
        },
        "korona": {
            "current": 0.01164567054124739,
            "diff_percent": -5.204241794246245
        },
        "crypto": {
            "current": 0.010843132093566332,
            "diff_percent": -11.736904758370054
        },
        "forex": {
            "current": 0.012783359134413187,
            "diff_percent": 4.056543354123344
        }
    },
    "xdr": {
        "rub2xdr": {
            "current_rate": 0.008716813786337879,
            "sparkline": "▇▇██████▆▃▂▂▂▂▂▁▁▁▁▁▂▄▃▂▃▃▃▄▃▂"
        },
        "usd2xdr": {
            "current_rate": 0.692897,
            "sparkline": "▆▆▅▅▅▅▅▅▅▅▅▄▄▄▄▄▄▄▄▄▄▄▄▃▄▄▄▄▄▄"
        },
        "eur2xdr": {
            "current_rate": 0.81386596818051,
            "sparkline": "▄▅▅▄▄▄▄▄▅▅▅▅▄▄▄▄▄▄▄▄▅▅▄▄▄▄▄▄▄▄"
        },
        "cny2xdr": {
            "current_rate": 0.09903621862672231,
            "sparkline": "▅▅▅▅▅▅▅▅▅▄▄▄▄▄▄▄▄▄▄▄▄▅▄▄▄▄▄▄▅▅"
        },
        "rsd2xdr": {
            "current_rate": 0.006936878040966702,
            "sparkline": "▄▅▅▄▄▄▄▄▄▅▅▅▄▄▄▄▄▄▄▄▄▅▄▄▄▄▄▄▄▄"
        }
    },
    "neer": {
        "rub": {
            "current_rate": 97.33872747531314,
            "sparkline": "▆▆▆▇██▇▇█▅▃▂▂▃▂▃▁▂▁▁▁▄▅▃▃▃▅▄▄▄"
        },
        "usd": {
            "current_rate": 102.99457860506975,
            "sparkline": "▅▅▅▅▅▅▅▅▅▅▄▄▄▄▄▄▄▅▅▅▄▄▄▄▄▄▄▄▄▄"
        },
        "eur": {
            "current_rate": 110.80956988538887,
            "sparkline": "▄▄▄▄▄▄▄▄▄▅▅▅▅▅▅▅▅▅▅▅▅▅▅▅▅▅▅▅▅▅"
        },
        "cny": {
            "current_rate": 107.18869403669467,
            "sparkline": "▅▄▄▄▄▄▄▄▅▄▄▄▄▄▄▅▅▅▅▅▅▅▄▅▅▅▅▄▅▅"
        },
        "rsd": {
            "current_rate": 110.45405508841522,
            "sparkline": "▅▃▅▅▅▅▅▅▅▅▅▅▅▅▅▆▆▆▅▅▅▅▅▅▅▅▅▅▅▅"
        }
    },
    "specific_rates": {
        "rub_kzt_bank": 6.21,
        "rub_kzt_crypto": 5.492046405391347,
        "kzt_rsd_bank": 0.19644821625019646,
        "rsd_eur_cash": 0.0084530853761623,
        "eur_rsd_cash": 116.82857142857142,
        "rsd_usd_cash": 0.009823182711198428,
        "usd_rsd_cash": 97.39999999999999,
        "eur_usd_exch": 1.1745843439652792,
        "usd_kzt_bank": 499.5
    },
    "update_time": "2025-12-31 02:06:25",
    "update_time_display": "31.12 02:06"
}