{
    "rub2rsd": {
        "bank": {
            "current": 1.2319187294050706,
            "sparkline_full": "                              1.23\n  ▆▅▃▄▄▄▁▂▅▇▅▅▅▅▄▅▅▄▄▄▅▄▄▄▃▃▂▂▃█  \n       1.19                       "
        },
        "korona": {
            "current": 1.1578846824412248,
            "diff_percent": -6.009653493911815
        },
        "crypto": {
            "current": 1.1400784136558588,
            "diff_percent": -7.455062867139309
        },
        "forex": {
            "current": 1.252643973918706,
            "diff_percent": 1.6823548517396327
        }
    },
    "rub2eur": {
        "bank": {
            "current": 0.010357327809425169,
            "sparkline_full": "          94.8                    \n  ▇▅▄▅▅▄▂▂▆▇▆▆▆▆▅▆▆▅▅▅▅▄▄▄▄▄▃▃▄▄  \n       97.6                       "
        },
        "korona": {
            "current": 0.009917641819625051,
            "diff_percent": -4.2451682315201325
        },
        "crypto": {
            "current": 0.00981400995300916,
            "diff_percent": -5.245733903696567
        },
        "forex": {
            "current": 0.010694388794790195,
            "diff_percent": 3.2543238136993238
        }
    },
    "rub2usd": {
        "bank": {
            "current": 0.012391573729863692,
            "sparkline_full": "                              80.7\n  █▇▆▆▆▅▁▁▃▄▄▄▄▄▄▆▆▅▅▄▅▅▅▄▄▄▄▃▄█  \n        84.1                      "
        },
        "korona": {
            "current": 0.011118996881937819,
            "diff_percent": -10.269695162761796
        },
        "crypto": {
            "current": 0.011430007891617513,
            "diff_percent": -7.759836314646661
        },
        "forex": {
            "current": 0.012460313900227775,
            "diff_percent": 0.554733174838153
        }
    },
    "xdr": {
        "rub2xdr": {
            "current_rate": 0.008681507396301332,
            "sparkline": "█▇▆▆▆▄▁▁▃▃▅▅██▇█▇▆▇▇███▇▇▇▅▄▄▅"
        },
        "usd2xdr": {
            "current_rate": 0.699543,
            "sparkline": "▃▃▃▃▃▃▃▃▃▃▃▃▆▆▆▆▅▅▅▅▅▅▅▅▆▅▄▄▄▅"
        },
        "eur2xdr": {
            "current_rate": 0.8117815391685176,
            "sparkline": "▆▆▆▆▆▅▃▂▁▁▃▃▆▆▇▇▆▆▆▆▆█▇▇█▇▆▅▅▅"
        },
        "cny2xdr": {
            "current_rate": 0.09742531649095443,
            "sparkline": "▄▄▄▄▄▄▃▃▃▃▃▃▆▆▆▆▅▅▅▅▅▆▆▆▆▅▄▄▄▅"
        },
        "rsd2xdr": {
            "current_rate": 0.006930546569543265,
            "sparkline": "▆▆▆▆▆▅▃▂▁▁▃▃▆▆▇▇▆▆▆▆▇█▇▇█▇▆▆▅▅"
        }
    },
    "neer": {
        "rub": {
            "current_rate": 95.55833017847486,
            "sparkline": "█▇▇▅▅▇▇▁▂▇▆▆▅▇▅▄▆▅▅▇▆▄▅▅▄▄▅▃▃▄"
        },
        "usd": {
            "current_rate": 104.12989802250077,
            "sparkline": "▃▃▃▃▃▄▅▅▆▆▅▅▅▅▄▄▄▄▄▄▄▃▄▄▄▄▄▄▅▄"
        },
        "eur": {
            "current_rate": 110.42839953286027,
            "sparkline": "▅▅▅▆▆▅▄▄▃▃▅▅▄▄▅▅▅▅▅▅▅▅▅▅▅▆▅▅▅▅"
        },
        "cny": {
            "current_rate": 104.14286577956838,
            "sparkline": "▃▃▄▄▄▄▅▅▆▆▄▄▅▅▄▄▄▄▄▄▄▄▄▄▄▄▄▄▄▅"
        },
        "rsd": {
            "current_rate": 110.48080623832065,
            "sparkline": "▅▅▅▅▅▆▅▄▄▄▄▄▅▄▄▅▅▄▄▅▅▄▅▅▄▅▃▃▄▄"
        }
    },
    "update_time": "2025-08-21 19:35:48",
    "update_time_display": "21.08 19:35"
}