{
    "rub2rsd": {
        "bank": {
            "current": 1.1978212368170709,
            "sparkline_full": "   1.23                           \n  ▁▆█▆▆▆▆▅▆▆▄▄▄▆▄▄▅▃▃▂▂▃▅▅▁▁▁▂▂▂  \n                           1.19   "
        },
        "korona": {
            "current": 1.1562306081652072,
            "diff_percent": -3.4721899540186016
        },
        "crypto": {
            "current": 1.1543517252753748,
            "diff_percent": -3.629048325875915
        },
        "forex": {
            "current": 1.251059332409183,
            "diff_percent": 4.444577701225258
        }
    },
    "rub2eur": {
        "bank": {
            "current": 0.010309278350515464,
            "sparkline_full": "   94.8                           \n  ▁▆█▇▇▆▆▅▆▆▅▅▅▅▄▄▄▄▄▃▂▃▃▃▁▁▁▂▃▂  \n                           97.5   "
        },
        "korona": {
            "current": 0.009900445574503303,
            "diff_percent": -3.9656779273179557
        },
        "crypto": {
            "current": 0.009910209667347486,
            "diff_percent": -3.870966226729384
        },
        "forex": {
            "current": 0.010680699934831978,
            "diff_percent": 3.602789367870184
        }
    },
    "rub2usd": {
        "bank": {
            "current": 0.01200912693647172,
            "sparkline_full": "          81.9                    \n  ▁▄▅▅▅▆▆▅██▆▆▆▇▇▇▆▆▆▆▅▅▇▇▄▄▄▄▄▄  \n 84.1                             "
        },
        "korona": {
            "current": 0.011307878808461683,
            "diff_percent": -5.8392931619395725
        },
        "crypto": {
            "current": 0.011520733122059543,
            "diff_percent": -4.066855292610196
        },
        "forex": {
            "current": 0.012454571948816691,
            "diff_percent": 3.7092206177965767
        }
    },
    "xdr": {
        "rub2xdr": {
            "current_rate": 0.008735740086723391,
            "sparkline": "▁▂▃▄▅█▇▇█▇▆▆▇▇██▇▇▆▅▃▄▄▅▅▄▄▄▅▆"
        },
        "usd2xdr": {
            "current_rate": 0.701052,
            "sparkline": "▃▃▃▃▃▆▆▆▆▅▅▅▅▅▅▅▆▆▅▄▄▄▅▅▅▄▄▅▅▅"
        },
        "eur2xdr": {
            "current_rate": 0.8178995889805246,
            "sparkline": "▂▁▁▃▃▆▆▇▇▆▆▆▆▆█▇▇█▇▆▆▅▆▆█▆▆▆▆▇"
        },
        "cny2xdr": {
            "current_rate": 0.09830496115769695,
            "sparkline": "▃▃▂▂▂▆▆▆▆▅▅▅▅▅▆▆▆▆▅▄▄▄▅▆▆▄▅▆▆▇"
        },
        "rsd2xdr": {
            "current_rate": 0.006982674490666122,
            "sparkline": "▂▁▁▃▃▆▆▇█▆▆▆▆▇█▇██▇▆▆▅▆▆█▆▆▆▆▇"
        }
    },
    "neer": {
        "rub": {
            "current_rate": 95.6041397368026,
            "sparkline": "▁▃█▇▇▆█▇▅█▆▆██▆▇▆▅▅▆▄▅▆▆▄▄▅▄▄▅"
        },
        "usd": {
            "current_rate": 103.86354725535577,
            "sparkline": "▄▆▆▄▄▄▅▄▃▃▃▃▄▄▃▃▃▃▃▃▃▄▄▄▃▃▃▃▃▃"
        },
        "eur": {
            "current_rate": 110.27978212898255,
            "sparkline": "▄▃▃▅▅▄▄▅▅▅▅▅▅▅▆▅▅▆▆▅▆▅▅▅▆▆▆▅▅▅"
        },
        "cny": {
            "current_rate": 104.34875064333528,
            "sparkline": "▅▆▆▃▃▅▅▄▄▄▄▄▄▄▃▄▄▃▃▄▄▄▅▅▄▄▅▅▆▅"
        },
        "rsd": {
            "current_rate": 110.47126589231729,
            "sparkline": "▄▃▄▄▄▄▄▄▅▄▄▄▅▄▄▅▅▄▄▃▃▆▃▆▅▅▃▃▄▄"
        }
    },
    "update_time": "2025-08-28 17:05:42",
    "update_time_display": "28.08 17:05"
}