{
    "rub2rsd": {
        "bank": {
            "current": 1.1906950510278744,
            "sparkline_full": "       1.24                       \n  ‚Ėą‚Ėá‚Ėá‚Ėá‚Ėá‚Ėą‚Ėą‚Ėá‚Ėá‚Ėá‚Ėá‚Ėá‚Ėá‚ĖÜ‚Ėá‚ĖÜ‚Ėá‚Ėá‚ĖÜ‚ĖÖ‚ĖĄ‚Ėā‚Ėā‚ĖĀ‚ĖĀ‚ĖĀ‚ĖĀ‚ĖĀ‚ĖĄ‚ĖÖ  \n                           1.12   "
        },
        "korona": {
            "current": 1.1572461855971647,
            "diff_percent": -2.80918824696842
        },
        "crypto": {
            "current": 1.224570266238924,
            "diff_percent": 2.84499504569256
        },
        "forex": {
            "current": 1.2478876312245784,
            "diff_percent": 4.803293685258211
        }
    },
    "rub2eur": {
        "bank": {
            "current": 0.01026694045174538,
            "sparkline_full": "        93.5                      \n  ‚Ėá‚Ėá‚Ėá‚Ėá‚Ėá‚Ėą‚Ėą‚Ėą‚Ėá‚Ėá‚Ėá‚Ėá‚Ėá‚ĖÜ‚Ėá‚ĖÜ‚ĖÜ‚ĖÜ‚ĖÜ‚ĖÖ‚ĖĄ‚Ėā‚Ėā‚ĖĀ‚ĖĀ‚ĖĀ‚ĖĀ‚Ėā‚ĖĄ‚ĖÖ  \n                          104     "
        },
        "korona": {
            "current": 0.00990934367572854,
            "diff_percent": -3.4829925984040147
        },
        "crypto": {
            "current": 0.010483857947318239,
            "diff_percent": 2.1127764068796497
        },
        "forex": {
            "current": 0.010624521683068348,
            "diff_percent": 3.4828411930857146
        }
    },
    "rub2usd": {
        "bank": {
            "current": 0.011827321111768185,
            "sparkline_full": " 79.8                             \n  ‚Ėą‚Ėą‚Ėą‚Ėą‚Ėą‚Ėą‚Ėą‚Ėá‚Ėá‚Ėá‚Ėá‚Ėá‚Ėá‚ĖÜ‚ĖÜ‚ĖÜ‚ĖÖ‚ĖÖ‚ĖÖ‚ĖĄ‚ĖÉ‚Ėā‚ĖĀ‚ĖĀ‚ĖĀ‚ĖĀ‚ĖĀ‚ĖĀ‚ĖÉ‚ĖĄ  \n                          89.9    "
        },
        "korona": {
            "current": 0.011205094818701366,
            "diff_percent": -5.260923307879955
        },
        "crypto": {
            "current": 0.012052139976322812,
            "diff_percent": 1.9008434998093748
        },
        "forex": {
            "current": 0.01217561127656414,
            "diff_percent": 2.944793343349806
        }
    },
    "xdr": {
        "rub2xdr": {
            "current_rate": 0.008653222351766285,
            "sparkline": "‚Ėą‚Ėą‚Ėą‚Ėá‚Ėá‚Ėą‚Ėą‚Ėą‚Ėá‚ĖÜ‚ĖÜ‚Ėą‚Ėá‚ĖÜ‚Ėá‚ĖÜ‚Ėá‚Ėá‚ĖÜ‚ĖĄ‚Ėā‚ĖĀ‚ĖĀ‚Ėā‚Ėā‚ĖÉ‚ĖĄ‚ĖÖ‚ĖĄ‚ĖĄ"
        },
        "usd2xdr": {
            "current_rate": 0.706792,
            "sparkline": "‚ĖÉ‚ĖÉ‚ĖÉ‚ĖÉ‚ĖÉ‚ĖĄ‚ĖÖ‚ĖÖ‚ĖÖ‚ĖÖ‚ĖÖ‚ĖÖ‚ĖÖ‚ĖÖ‚ĖÖ‚ĖÜ‚ĖÜ‚ĖÜ‚ĖÜ‚ĖÜ‚ĖÖ‚ĖÜ‚ĖÖ‚ĖÖ‚ĖÖ‚ĖÖ‚ĖÖ‚ĖÖ‚ĖÖ‚ĖÖ"
        },
        "eur2xdr": {
            "current_rate": 0.8144575925292145,
            "sparkline": "‚ĖÖ‚ĖÖ‚ĖÖ‚ĖÖ‚ĖĄ‚ĖĄ‚ĖÖ‚ĖÖ‚ĖĄ‚ĖÖ‚ĖÖ‚ĖÖ‚ĖÖ‚ĖĄ‚ĖĄ‚ĖĄ‚ĖĄ‚ĖÖ‚ĖÖ‚ĖÖ‚ĖĄ‚ĖÖ‚ĖÖ‚ĖÖ‚ĖÖ‚ĖÖ‚ĖÖ‚ĖÖ‚ĖĄ‚ĖĄ"
        },
        "cny2xdr": {
            "current_rate": 0.10224247421487365,
            "sparkline": "‚ĖÉ‚ĖÉ‚ĖÉ‚ĖÉ‚ĖÉ‚ĖĄ‚ĖĄ‚ĖĄ‚ĖĄ‚ĖĄ‚ĖĄ‚ĖÖ‚ĖÖ‚ĖÖ‚ĖÖ‚ĖÖ‚ĖÜ‚ĖÜ‚ĖÜ‚ĖÜ‚ĖÖ‚ĖÜ‚ĖÖ‚ĖÖ‚ĖÖ‚ĖÖ‚ĖÖ‚ĖĄ‚ĖÖ‚ĖÖ"
        },
        "rsd2xdr": {
            "current_rate": 0.006934296113885427,
            "sparkline": "‚ĖÖ‚ĖÖ‚ĖÖ‚ĖÖ‚ĖĄ‚ĖĄ‚ĖÖ‚ĖĄ‚ĖĄ‚ĖÖ‚ĖÖ‚ĖÖ‚ĖÖ‚ĖĄ‚ĖĄ‚ĖĄ‚ĖĄ‚ĖÖ‚ĖÖ‚ĖÖ‚ĖĄ‚ĖÖ‚ĖÖ‚ĖĄ‚ĖĄ‚ĖÖ‚ĖÖ‚ĖĄ‚ĖĄ‚ĖĄ"
        }
    },
    "neer": {
        "rub": {
            "current_rate": 94.97639759468929,
            "sparkline": "‚Ėá‚Ėá‚ĖÜ‚ĖÜ‚Ėá‚Ėą‚Ėá‚Ėá‚Ėá‚ĖÖ‚ĖÜ‚Ėá‚ĖÜ‚ĖÜ‚ĖÜ‚ĖÜ‚ĖÖ‚ĖÖ‚ĖÜ‚ĖĄ‚ĖĄ‚ĖÉ‚Ėā‚ĖÉ‚Ėā‚ĖĀ‚ĖĄ‚ĖĄ‚ĖĄ‚ĖĄ"
        },
        "usd": {
            "current_rate": 103.73138703037309,
            "sparkline": "‚ĖĄ‚ĖĄ‚ĖĄ‚ĖĄ‚ĖĄ‚ĖÖ‚ĖĄ‚ĖÖ‚ĖÖ‚ĖÖ‚ĖÖ‚ĖÖ‚ĖĄ‚ĖĄ‚ĖÖ‚ĖÖ‚ĖÖ‚ĖÖ‚ĖÖ‚ĖÖ‚ĖÖ‚ĖÖ‚ĖÖ‚ĖÖ‚ĖÖ‚ĖÖ‚ĖÖ‚ĖÖ‚ĖÖ‚ĖÖ"
        },
        "eur": {
            "current_rate": 109.7054472135471,
            "sparkline": "‚ĖÖ‚ĖÖ‚ĖÖ‚ĖÖ‚ĖÖ‚ĖÖ‚ĖÖ‚ĖÖ‚ĖĄ‚ĖÖ‚ĖÖ‚ĖĄ‚ĖĄ‚ĖĄ‚ĖĄ‚ĖĄ‚ĖĄ‚ĖĄ‚ĖĄ‚ĖĄ‚ĖĄ‚ĖĄ‚ĖÖ‚ĖÖ‚ĖÖ‚ĖÖ‚ĖÖ‚ĖÖ‚ĖÖ‚ĖÖ"
        },
        "cny": {
            "current_rate": 110.24324656913902,
            "sparkline": "‚ĖĄ‚ĖĄ‚ĖĄ‚ĖĄ‚ĖĄ‚ĖÖ‚ĖĄ‚ĖÖ‚ĖÖ‚ĖĄ‚ĖĄ‚ĖÖ‚ĖÖ‚ĖÖ‚ĖÖ‚ĖÖ‚ĖÖ‚ĖÖ‚ĖÖ‚ĖÖ‚ĖÖ‚ĖÖ‚ĖÖ‚ĖÖ‚ĖÖ‚ĖÖ‚ĖÖ‚ĖÖ‚ĖÖ‚ĖÖ"
        },
        "rsd": {
            "current_rate": 110.09852558811852,
            "sparkline": "‚ĖÜ‚ĖÜ‚ĖÉ‚ĖÉ‚ĖÜ‚ĖÜ‚ĖÖ‚ĖÖ‚ĖÜ‚ĖÉ‚ĖÉ‚ĖÜ‚ĖÖ‚ĖÜ‚ĖÖ‚ĖÖ‚ĖÉ‚ĖÉ‚ĖÖ‚ĖÖ‚ĖÖ‚ĖÜ‚ĖÖ‚ĖÉ‚ĖÉ‚ĖÜ‚ĖÜ‚ĖÉ‚ĖÉ‚ĖÉ"
        }
    },
    "specific_rates": {
        "rub_kzt_bank": 5.76,
        "rub_kzt_crypto": 5.881444308445532,
        "kzt_rsd_bank": 0.20820910681420332,
        "rsd_eur_cash": 0.008449514152936205,
        "eur_rsd_cash": 116.78333333333335,
        "rsd_usd_cash": 0.009682550660488277,
        "usd_rsd_cash": 99.77857142857144,
        "eur_usd_exch": 1.1523299535495797,
        "usd_kzt_bank": 481.0
    },
    "update_time": "2026-03-27 16:05:46",
    "update_time_display": "27.03 16:05"
}