{
    "rub2rsd": {
        "bank": {
            "current": 1.189468458463669,
            "sparkline_full": "    1.22                          \n  █▇██▆▆▅█▆▆▆▄▄▃▃▄▇▇▂▁▁▃▃▃▂▁▁▁▁▁  \n                             1.19 "
        },
        "korona": {
            "current": 1.1480044765811117,
            "diff_percent": -3.485925296086677
        },
        "crypto": {
            "current": 1.195426733692276,
            "diff_percent": 0.5009191446995324
        },
        "forex": {
            "current": 1.2420441960910011,
            "diff_percent": 4.420103555771421
        }
    },
    "rub2eur": {
        "bank": {
            "current": 0.010248001639680263,
            "sparkline_full": "   95.5                           \n  █▆██▆▆▇▇▆▅▅▅▅▄▃▄▅▄▁▁▁▃▄▃▃▃▃▃▂▁  \n                              97.6"
        },
        "korona": {
            "current": 0.009827753678596996,
            "diff_percent": -4.10077960425052
        },
        "crypto": {
            "current": 0.010263859115720983,
            "diff_percent": 0.15473725120534634
        },
        "forex": {
            "current": 0.010598623356242828,
            "diff_percent": 3.4213667102175096
        }
    },
    "rub2usd": {
        "bank": {
            "current": 0.011957431543704412,
            "sparkline_full": "    81.9                          \n  ▆▅██▆▆▆▇▇▇▆▆▆▅▄▄█▆▃▃▃▄▃▂▂▃▃▃▂▁  \n                              83.6"
        },
        "korona": {
            "current": 0.011238418762419107,
            "diff_percent": -6.013103889889009
        },
        "crypto": {
            "current": 0.011951819740092776,
            "diff_percent": -0.046931513604115384
        },
        "forex": {
            "current": 0.012368767378118166,
            "diff_percent": 3.4400015832022235
        }
    },
    "xdr": {
        "rub2xdr": {
            "current_rate": 0.008605236440330101,
            "sparkline": "▇▇█▆▅▆▆▇█▇▆▇▆▄▂▂▃▄▃▃▂▃▄▄▃▅▄▄▂▁"
        },
        "usd2xdr": {
            "current_rate": 0.697027,
            "sparkline": "▆▆▆▄▄▄▅▅▅▅▅▆▅▃▃▃▄▅▅▃▃▄▅▅▄▄▄▃▃▃"
        },
        "eur2xdr": {
            "current_rate": 0.8119202042651532,
            "sparkline": "▃▄▅▄▃▄▃▄▆▅▅▇▅▃▃▂▃▄▆▃▃▃▃▄▄▄▃▄▃▂"
        },
        "cny2xdr": {
            "current_rate": 0.09774877994053963,
            "sparkline": "▆▆▆▄▄▄▄▅▅▅▅▆▄▃▃▃▄▅▅▃▄▅▅▆▆▆▅▅▅▅"
        },
        "rsd2xdr": {
            "current_rate": 0.006928285215141908,
            "sparkline": "▃▅▅▄▄▄▃▄▆▅▅▇▅▃▃▃▃▄▆▄▃▃▃▄▄▄▄▄▃▂"
        }
    },
    "neer": {
        "rub": {
            "current_rate": 95.54906873442978,
            "sparkline": "█▅▄▇▅▅█▇▄▅▅▄▃▅▂▃▅▄▂▁▃▂▃▃▂▃▃▂▁▂"
        },
        "usd": {
            "current_rate": 104.09153403976316,
            "sparkline": "▆▅▄▄▄▄▅▅▃▄▄▄▄▄▄▅▅▅▃▃▄▄▄▄▃▃▃▃▃▅"
        },
        "eur": {
            "current_rate": 110.35999159777603,
            "sparkline": "▃▄▄▄▄▄▄▄▅▅▅▅▆▅▅▅▅▄▆▆▅▅▄▄▄▅▅▅▅▄"
        },
        "cny": {
            "current_rate": 104.86852135489747,
            "sparkline": "▄▄▃▃▃▃▄▄▂▃▃▃▂▃▃▄▄▅▃▃▄▅▆▅▆▆▅▆▅▇"
        },
        "rsd": {
            "current_rate": 110.4842019817073,
            "sparkline": "▄▄▅▄▄▄▅▄▄▅▅▄▄▂▂▆▃▇▅▅▂▃▄▄▄▄▄▄▄▄"
        }
    },
    "update_time": "2025-09-03 16:50:52",
    "update_time_display": "03.09 16:50"
}