{
    "rub2rsd": {
        "bank": {
            "current": 1.2320689493112311,
            "sparkline_full": "                             1.26 \n  ▁▁▂▁▁▁▁▁▁▂▄▆▆▆▅▅▅▆▆▆▇▇▇▇█████▆  \n       1.19                       "
        },
        "korona": {
            "current": 1.1985378269676636,
            "diff_percent": -2.721529697044352
        },
        "crypto": {
            "current": 1.257914376607977,
            "diff_percent": 2.0977257247814225
        },
        "forex": {
            "current": 1.2851558895285122,
            "diff_percent": 4.308763746295086
        }
    },
    "rub2eur": {
        "bank": {
            "current": 0.01059322033898305,
            "sparkline_full": "                             92.8 \n  ▁▂▂▂▂▂▁▁▂▂▄▆▆▆▆▅▆▆▆▆▆▇▆▇▇████▆  \n       97.7                       "
        },
        "korona": {
            "current": 0.010265848624990696,
            "diff_percent": -3.0903889800878286
        },
        "crypto": {
            "current": 0.010705103418955347,
            "diff_percent": 1.0561762749384769
        },
        "forex": {
            "current": 0.010942822118655243,
            "diff_percent": 3.3002408001055006
        }
    },
    "rub2usd": {
        "bank": {
            "current": 0.012330456226880395,
            "sparkline_full": "                             79.4 \n  ▁▁▁▁▁▁▁▁▁▁▃▄▄▄▄▄▅▆▆▆▆▇▇▇█████▆  \n 84.2                             "
        },
        "korona": {
            "current": 0.011680842031010993,
            "diff_percent": -5.26837112850085
        },
        "crypto": {
            "current": 0.012436359378575877,
            "diff_percent": 0.8588745602503571
        },
        "forex": {
            "current": 0.012837003432614718,
            "diff_percent": 4.108097838505361
        }
    },
    "xdr": {
        "rub2xdr": {
            "current_rate": 0.008965592129193595,
            "sparkline": "▁▁▁▁▁▃▁▁▁▂▄▅▅▆▆▅▆▆▇▇▇▇▇██████▅"
        },
        "usd2xdr": {
            "current_rate": 0.701561,
            "sparkline": "▄▄▄▄▄▆▄▄▄▄▅▅▅▅▅▄▄▄▄▄▄▄▄▃▃▃▃▃▃▃"
        },
        "eur2xdr": {
            "current_rate": 0.8193126080254122,
            "sparkline": "▄▄▄▄▄▆▄▄▃▃▄▄▄▄▄▄▄▄▄▄▄▄▄▄▄▄▄▄▄▄"
        },
        "cny2xdr": {
            "current_rate": 0.09930654247940435,
            "sparkline": "▄▄▄▄▄▆▃▃▄▄▄▄▄▅▅▄▄▄▄▄▄▄▄▄▄▄▄▄▄▄"
        },
        "rsd2xdr": {
            "current_rate": 0.006976268172791722,
            "sparkline": "▄▄▄▄▄▆▄▄▃▃▄▃▄▄▄▄▄▄▃▃▄▄▄▄▃▃▃▃▃▄"
        }
    },
    "neer": {
        "rub": {
            "current_rate": 100.54140667163566,
            "sparkline": "▁▁▁▁▂▂▂▁▁▂▂▅▅▂▅▅▅▆▇▇▅▆▇▆▇█████"
        },
        "usd": {
            "current_rate": 104.003248671418,
            "sparkline": "▅▅▄▄▄▄▅▅▅▅▅▅▅▅▅▅▅▅▄▄▄▄▄▄▄▄▄▄▄▄"
        },
        "eur": {
            "current_rate": 110.4592816125434,
            "sparkline": "▄▄▅▅▅▅▄▅▅▄▄▄▄▄▄▄▄▄▄▄▅▅▅▅▅▅▅▅▅▅"
        },
        "cny": {
            "current_rate": 106.7766091384628,
            "sparkline": "▄▄▄▄▄▄▄▄▄▅▅▅▅▅▅▅▅▅▅▅▅▅▅▄▄▅▅▄▅▅"
        },
        "rsd": {
            "current_rate": 110.09992656774222,
            "sparkline": "▅▅▄▅▅▅▅▅▅▅▅▄▄▄▄▅▅▅▄▄▄▄▄▄▄▄▄▄▄▄"
        }
    },
    "specific_rates": {
        "rub_kzt_bank": 6.43,
        "rub_kzt_crypto": 6.497997775305896,
        "kzt_rsd_bank": 0.19358491955604898,
        "rsd_eur_cash": 0.008483563096500531,
        "eur_rsd_cash": 116.75,
        "rsd_usd_cash": 0.009745910198398886,
        "usd_rsd_cash": 98.72142857142856,
        "eur_usd_exch": 1.1678422945765403,
        "usd_kzt_bank": 515.5
    },
    "update_time": "2025-12-10 23:21:23",
    "update_time_display": "10.12 23:21"
}