{
    "rub2rsd": {
        "bank": {
            "current": 1.2141709019032003,
            "sparkline_full": " 1.23                             \n  ██████▇█▇▇▇▇▅▄▂▂▁▁▁▁▁▄▅▆▆▆▆▆▆▇  \n                    1.12          "
        },
        "korona": {
            "current": 1.1814965375116497,
            "diff_percent": -2.6910844544482044
        },
        "crypto": {
            "current": 1.2111813091692534,
            "diff_percent": -0.2462250354757134
        },
        "forex": {
            "current": 1.2662530608913485,
            "diff_percent": 4.289524555934418
        }
    },
    "rub2eur": {
        "bank": {
            "current": 0.010458063166701526,
            "sparkline_full": " 93.5                             \n  █▇▇▇▇▇▇▇▇▆▆▆▅▃▂▁▁▁▁▁▁▃▅▅▅▅▅▅▆▇  \n                   104            "
        },
        "korona": {
            "current": 0.010111842233257793,
            "diff_percent": -3.3105645655889777
        },
        "crypto": {
            "current": 0.01043293042233533,
            "diff_percent": -0.24031930162956658
        },
        "forex": {
            "current": 0.010805479911557177,
            "diff_percent": 3.321998914309733
        }
    },
    "rub2usd": {
        "bank": {
            "current": 0.012070006035003019,
            "sparkline_full": " 81.3                             \n  ████████▇▆▆▆▅▄▂▁▁▁▁▁▁▄▅▅▅▅▅▆▆▇  \n                   89.9           "
        },
        "korona": {
            "current": 0.011428834053177017,
            "diff_percent": -5.312109869428425
        },
        "crypto": {
            "current": 0.012017679347247026,
            "diff_percent": -0.4335266080584011
        },
        "forex": {
            "current": 0.012542440482984299,
            "diff_percent": 3.914119401524901
        }
    },
    "xdr": {
        "rub2xdr": {
            "current_rate": 0.008797002668687914,
            "sparkline": "██▇▇██▇█▇██▆▅▂▁▁▂▂▃▅▅▄▅▅▅▅▆▆▆▆"
        },
        "usd2xdr": {
            "current_rate": 0.70704,
            "sparkline": "▄▄▄▄▅▄▄▄▅▅▅▅▅▄▅▅▄▄▄▄▄▄▄▄▄▅▅▅▄▅"
        },
        "eur2xdr": {
            "current_rate": 0.8141241981560612,
            "sparkline": "▄▄▄▄▅▄▄▄▄▄▄▄▄▄▄▄▄▄▄▄▄▄▄▄▄▄▄▅▄▄"
        },
        "cny2xdr": {
            "current_rate": 0.1027271274354541,
            "sparkline": "▄▄▄▄▄▄▄▅▅▅▅▅▅▅▅▅▄▄▄▄▄▄▄▄▄▅▅▅▄▅"
        },
        "rsd2xdr": {
            "current_rate": 0.006947270605210205,
            "sparkline": "▄▄▄▄▅▅▄▄▄▄▄▅▅▄▄▅▄▄▄▄▄▄▄▄▄▄▄▅▄▄"
        }
    },
    "neer": {
        "rub": {
            "current_rate": 96.22749919828196,
            "sparkline": "██▆▆█▇▇▇▇▆▆▇▅▄▃▁▃▂▁▄▅▅▄▄▄▄▅▄▅▅"
        },
        "usd": {
            "current_rate": 103.64464212922717,
            "sparkline": "▄▄▄▄▄▄▄▄▅▅▅▄▄▄▅▄▅▅▄▅▄▅▅▅▅▅▅▅▅▅"
        },
        "eur": {
            "current_rate": 109.60596973022606,
            "sparkline": "▅▄▅▅▄▄▄▄▄▄▄▄▄▄▄▅▅▅▅▅▅▅▅▅▅▅▅▅▅▅"
        },
        "cny": {
            "current_rate": 110.7738598221916,
            "sparkline": "▄▄▄▄▄▄▅▅▅▄▄▅▅▅▅▅▄▄▅▅▅▅▅▄▄▅▅▄▅▅"
        },
        "rsd": {
            "current_rate": 110.01061239252377,
            "sparkline": "▆▆▃▃▆▆▆▆▆▃▃▅▅▆▆▆▃▃▅▆▆▆▆▃▃▆▆▃▃▃"
        }
    },
    "specific_rates": {
        "rub_kzt_bank": 5.71,
        "rub_kzt_crypto": 5.696380010595091,
        "kzt_rsd_bank": 0.21262298282707504,
        "rsd_eur_cash": 0.008454106280193236,
        "eur_rsd_cash": 116.84285714285714,
        "rsd_usd_cash": 0.00967318455054239,
        "usd_rsd_cash": 99.72857142857143,
        "eur_usd_exch": 1.1514542291186654,
        "usd_kzt_bank": 467.0
    },
    "update_time": "2026-04-03 21:50:47",
    "update_time_display": "03.04 21:50"
}