{
    "rub2rsd": {
        "bank": {
            "current": 1.1978212368170709,
            "sparkline_full": "   1.23                           \n  ▁▆█▆▆▆▆▅▆▆▄▄▄▆▄▄▅▃▃▂▂▃▅▅▁▁▁▂▂▂  \n                           1.19   "
        },
        "korona": {
            "current": 1.1566793750805582,
            "diff_percent": -3.4347246877870976
        },
        "crypto": {
            "current": 1.1525839995002505,
            "diff_percent": -3.7766267558444486
        },
        "forex": {
            "current": 1.2518459472246701,
            "diff_percent": 4.5102481695146155
        }
    },
    "rub2eur": {
        "bank": {
            "current": 0.010309278350515464,
            "sparkline_full": "   94.8                           \n  ▁▆█▇▇▆▆▅▆▆▅▅▅▅▄▄▄▄▄▃▂▃▃▃▁▁▁▂▃▂  \n                           97.5   "
        },
        "korona": {
            "current": 0.009904288226989489,
            "diff_percent": -3.9284041982019584
        },
        "crypto": {
            "current": 0.009895033588270135,
            "diff_percent": -4.018174193779689
        },
        "forex": {
            "current": 0.010683122334146406,
            "diff_percent": 3.6262866412201453
        }
    },
    "rub2usd": {
        "bank": {
            "current": 0.01200912693647172,
            "sparkline_full": "          81.9                    \n  ▁▄▅▅▅▆▆▅██▆▆▆▇▇▇▆▆▆▆▅▅▇▇▄▄▄▄▄▄  \n 84.1                             "
        },
        "korona": {
            "current": 0.011312267726949224,
            "diff_percent": -5.802746637693823
        },
        "crypto": {
            "current": 0.011503090754969622,
            "diff_percent": -4.2137632833679675
        },
        "forex": {
            "current": 0.012431301519975237,
            "diff_percent": 3.515447756833787
        }
    },
    "xdr": {
        "rub2xdr": {
            "current_rate": 0.008719664271308361,
            "sparkline": "▁▂▃▄▅█▇▇█▇▆▆▇▇██▇▇▆▅▃▄▄▅▅▄▄▄▅▅"
        },
        "usd2xdr": {
            "current_rate": 0.701052,
            "sparkline": "▃▃▃▃▃▆▆▆▆▅▅▅▅▅▅▅▆▆▅▄▄▄▅▅▅▄▄▅▅▅"
        },
        "eur2xdr": {
            "current_rate": 0.8162093439141611,
            "sparkline": "▂▁▁▃▃▆▆▇▇▆▆▆▆▆█▇▇█▇▆▆▅▆▆█▆▆▆▆▆"
        },
        "cny2xdr": {
            "current_rate": 0.09827877700363086,
            "sparkline": "▃▃▂▂▂▆▆▆▆▅▅▅▅▅▆▆▆▆▅▄▄▄▅▆▆▄▅▆▆▇"
        },
        "rsd2xdr": {
            "current_rate": 0.006965445141744293,
            "sparkline": "▂▁▁▃▃▆▆▇█▆▆▆▆▇█▇██▇▆▆▅▆▆█▆▆▆▆▆"
        }
    },
    "neer": {
        "rub": {
            "current_rate": 95.6041397368026,
            "sparkline": "▁▃█▇▇▆█▇▅█▆▆██▆▇▆▅▅▆▄▅▆▆▄▄▅▄▄▅"
        },
        "usd": {
            "current_rate": 103.86354725535577,
            "sparkline": "▄▆▆▄▄▄▅▄▃▃▃▃▄▄▃▃▃▃▃▃▃▄▄▄▃▃▃▃▃▃"
        },
        "eur": {
            "current_rate": 110.27978212898255,
            "sparkline": "▄▃▃▅▅▄▄▅▅▅▅▅▅▅▆▅▅▆▆▅▆▅▅▅▆▆▆▅▅▅"
        },
        "cny": {
            "current_rate": 104.34875064333528,
            "sparkline": "▅▆▆▃▃▅▅▄▄▄▄▄▄▄▃▄▄▃▃▄▄▄▅▅▄▄▅▅▆▅"
        },
        "rsd": {
            "current_rate": 110.47126589231729,
            "sparkline": "▄▃▄▄▄▄▄▄▅▄▄▄▅▄▄▅▅▄▄▃▃▆▃▆▅▅▃▃▄▄"
        }
    },
    "update_time": "2025-08-28 12:35:51",
    "update_time_display": "28.08 12:35"
}