{
    "rub2rsd": {
        "bank": {
            "current": 1.2578483126540607,
            "sparkline_full": "                              1.26\n  ▁▁▁▂▁▁▁▁▁▁▂▄▆▆▆▅▅▅▆▆▆▇▇▇▇█████  \n        1.19                      "
        },
        "korona": {
            "current": 1.2150286524570446,
            "diff_percent": -3.4041990410327454
        },
        "crypto": {
            "current": 1.31385221304752,
            "diff_percent": 4.452357238154663
        },
        "forex": {
            "current": 1.3147942572107925,
            "diff_percent": 4.527250542362756
        }
    },
    "rub2eur": {
        "bank": {
            "current": 0.010818998160770312,
            "sparkline_full": "                              92.4\n  ▁▁▁▂▁▁▁▁▁▁▂▄▅▅▅▅▄▆▆▆▆▆▇▆▇▇▇▇▇█  \n        97.7                      "
        },
        "korona": {
            "current": 0.010407097665584964,
            "diff_percent": -3.8071962769981655
        },
        "crypto": {
            "current": 0.011123863207638727,
            "diff_percent": 2.8178676282047603
        },
        "forex": {
            "current": 0.01119949237469736,
            "diff_percent": 3.5169080193277074
        }
    },
    "rub2usd": {
        "bank": {
            "current": 0.012589701624071508,
            "sparkline_full": "                              79.4\n  ▁▁▁▁▁▁▁▁▁▁▁▄▄▄▄▄▄▅▆▆▆▆▇▇▇█████  \n  84.2                            "
        },
        "korona": {
            "current": 0.011841560135327967,
            "diff_percent": -5.942487845089948
        },
        "crypto": {
            "current": 0.012919068797344111,
            "diff_percent": 2.616163457304289
        },
        "forex": {
            "current": 0.012941080554344125,
            "diff_percent": 2.7910028431553973
        }
    },
    "xdr": {
        "rub2xdr": {
            "current_rate": 0.009141003493330082,
            "sparkline": "▁▁▁▁▁▁▃▁▁▁▂▄▅▅▆▆▅▆▆▇▇▇▇▇██████"
        },
        "usd2xdr": {
            "current_rate": 0.700444,
            "sparkline": "▄▄▄▄▄▄▆▄▄▄▄▅▅▅▅▅▄▄▄▄▄▄▄▄▃▃▃▃▃▃"
        },
        "eur2xdr": {
            "current_rate": 0.816198019294343,
            "sparkline": "▃▄▄▄▄▄▆▄▄▃▃▄▄▄▄▄▄▄▄▄▄▄▄▄▄▄▄▄▄▄"
        },
        "cny2xdr": {
            "current_rate": 0.0991554479693096,
            "sparkline": "▄▄▄▄▄▄▆▃▃▄▄▄▄▄▅▅▄▄▄▄▄▄▄▄▄▄▄▄▄▄"
        },
        "rsd2xdr": {
            "current_rate": 0.006952421219668109,
            "sparkline": "▄▄▄▄▄▄▆▄▄▃▃▄▃▄▄▄▄▄▄▃▃▄▄▄▄▃▃▃▃▄"
        }
    },
    "neer": {
        "rub": {
            "current_rate": 100.54140667163566,
            "sparkline": "▁▁▁▁▁▂▂▂▁▁▂▂▅▅▂▅▅▅▆▇▇▅▆▇▆▇████"
        },
        "usd": {
            "current_rate": 104.003248671418,
            "sparkline": "▅▅▅▄▄▄▄▅▅▅▅▅▅▅▅▅▅▅▅▄▄▄▄▄▄▄▄▄▄▄"
        },
        "eur": {
            "current_rate": 110.4592816125434,
            "sparkline": "▄▄▄▅▅▅▅▄▅▅▄▄▄▄▄▄▄▄▄▄▄▅▅▅▅▅▅▅▅▅"
        },
        "cny": {
            "current_rate": 106.7766091384628,
            "sparkline": "▄▄▄▄▄▄▄▄▄▄▅▅▅▅▅▅▅▅▅▅▅▅▅▅▅▅▅▅▄▅"
        },
        "rsd": {
            "current_rate": 110.09992656774222,
            "sparkline": "▅▅▅▄▅▅▅▅▅▅▅▅▄▄▄▄▅▅▅▄▄▄▄▄▄▄▄▄▄▄"
        }
    },
    "specific_rates": {
        "rub_kzt_bank": 6.54,
        "rub_kzt_crypto": 6.72437530901761,
        "kzt_rsd_bank": 0.19538650843679126,
        "rsd_eur_cash": 0.008483563096500531,
        "eur_rsd_cash": 116.75,
        "rsd_usd_cash": 0.009745910198398886,
        "usd_rsd_cash": 98.72142857142856,
        "eur_usd_exch": 1.1652580638771166,
        "usd_kzt_bank": 513.5
    },
    "update_time": "2025-12-09 12:05:44",
    "update_time_display": "09.12 12:05"
}