{
    "rub2rsd": {
        "bank": {
            "current": 1.1334715285096355,
            "sparkline_full": " 1.21                             \n  ████▇▇▇▇▇██▆▆▆▇▇▇▆▆▆▆▆▆▆▆▄▄▄▃▁  \n                              1.13"
        },
        "korona": {
            "current": 1.0917871793979805,
            "diff_percent": -3.6775823709012214
        },
        "crypto": {
            "current": 1.1190454376157573,
            "diff_percent": -1.2727351795811443
        },
        "forex": {
            "current": 1.1852303137550804,
            "diff_percent": 4.566394827182011
        }
    },
    "rub2eur": {
        "bank": {
            "current": 0.009778994719342852,
            "sparkline_full": " 95.8                             \n  ███▇▇▇▇▇▇▇▇▆▆▆▇▇▇▇▇▇▇▆▆▆▅▄▄▄▃▁  \n                              102 "
        },
        "korona": {
            "current": 0.009351496183280347,
            "diff_percent": -4.371600029775179
        },
        "crypto": {
            "current": 0.009608562161529671,
            "diff_percent": -1.7428433361975884
        },
        "forex": {
            "current": 0.010114626133605316,
            "diff_percent": 3.432166842247957
        }
    },
    "rub2usd": {
        "bank": {
            "current": 0.011465260261407935,
            "sparkline_full": "          82.0                    \n  ██████▇▇▇██▆▆▆▇▆▆▆▆▆▆▆▆▅▅▅▅▅▃▁  \n                              87.2"
        },
        "korona": {
            "current": 0.010694060387302685,
            "diff_percent": -6.726405301945991
        },
        "crypto": {
            "current": 0.011242550551290724,
            "diff_percent": -1.9424740916423169
        },
        "forex": {
            "current": 0.011775636443710692,
            "diff_percent": 2.707101062044649
        }
    },
    "xdr": {
        "rub2xdr": {
            "current_rate": 0.008253877365659653,
            "sparkline": "██████▇▆▆▆▇▇▆▆▆▇▇▆▇▇▇▆▆▅▅▅▅▄▂▁"
        },
        "usd2xdr": {
            "current_rate": 0.697447,
            "sparkline": "▅▅▅▅▅▅▄▄▄▅▅▅▄▄▅▅▅▅▄▄▄▄▄▄▅▄▄▄▄▄"
        },
        "eur2xdr": {
            "current_rate": 0.8160338559856976,
            "sparkline": "▄▅▅▅▅▅▄▄▄▄▄▅▄▄▄▄▄▄▄▄▄▄▄▄▅▄▄▄▄▄"
        },
        "cny2xdr": {
            "current_rate": 0.0979388450061436,
            "sparkline": "▅▅▅▅▅▄▄▄▄▄▅▅▄▄▅▅▅▅▅▅▅▅▅▅▅▅▄▄▄▅"
        },
        "rsd2xdr": {
            "current_rate": 0.006963943859577373,
            "sparkline": "▄▅▅▅▅▅▄▄▄▄▄▅▄▄▄▄▄▄▄▄▄▄▄▄▅▄▄▄▄▄"
        }
    },
    "neer": {
        "rub": {
            "current_rate": 91.57319883406159,
            "sparkline": "█▇▇▇▇▇▇▆▆▇▇▆▆▆▆▆▆▆▆▇▆▆▆▅▅▅▅▅▃▁"
        },
        "usd": {
            "current_rate": 103.70128589185231,
            "sparkline": "▅▄▄▄▅▄▅▅▅▅▅▄▄▄▅▅▄▄▄▄▄▅▅▅▅▄▄▄▄▄"
        },
        "eur": {
            "current_rate": 110.53283306063577,
            "sparkline": "▄▅▄▅▅▅▄▅▄▄▄▅▅▅▄▄▄▄▄▄▅▄▄▄▄▅▅▅▅▅"
        },
        "cny": {
            "current_rate": 104.54723421100486,
            "sparkline": "▄▄▄▄▄▄▄▄▄▄▅▄▄▄▅▅▅▅▅▅▅▅▅▅▅▅▅▅▅▅"
        },
        "rsd": {
            "current_rate": 110.6750589146267,
            "sparkline": "▅▄▅▄▅▅▅▄▄▅▄▅▅▅▄▅▄▅▄▄▅▄▄▄▅▅▅▅▅▅"
        }
    },
    "update_time": "2025-09-10 23:50:44",
    "update_time_display": "10.09 23:50"
}