{
    "rub2rsd": {
        "bank": {
            "current": 1.2193468751804093,
            "sparkline_full": "                              1.22\n  ▁▂▂▁▁▁▁▁▁▁▁▁▂▂▂▂▃▄▅▄▃▃▂▃▄▆▆▆▆█  \n           1.14                   "
        },
        "korona": {
            "current": 1.144630500088036,
            "diff_percent": -6.127573425840672
        },
        "crypto": {
            "current": 1.2649561133669636,
            "diff_percent": 3.7404645974760973
        },
        "forex": {
            "current": 1.2527012982600432,
            "diff_percent": 2.7354335143310964
        }
    },
    "rub2eur": {
        "bank": {
            "current": 0.010526315789473684,
            "sparkline_full": "                              95.0\n  ▁▁▂▁▁▁▁▁▁▁▁▁▁▂▂▂▂▃▄▃▃▃▂▃▄▅▆▆▆█  \n          102                     "
        },
        "korona": {
            "current": 0.009804115632445704,
            "diff_percent": -6.860901491765811
        },
        "crypto": {
            "current": 0.010903055495456565,
            "diff_percent": 3.579027206837367
        },
        "forex": {
            "current": 0.01069522109249813,
            "diff_percent": 1.6046003787322394
        }
    },
    "rub2usd": {
        "bank": {
            "current": 0.012224938875305624,
            "sparkline_full": "                              81.8\n  ▁▂▃▃▂▂▂▂▂▂▂▂▂▂▂▂▃▄▅▄▄▄▃▃▄▅▅▅▅█  \n 86.6                             "
        },
        "korona": {
            "current": 0.01130778463905197,
            "diff_percent": -7.502321652554887
        },
        "crypto": {
            "current": 0.01263786173525169,
            "diff_percent": 3.377708994358814
        },
        "forex": {
            "current": 0.012316818122473512,
            "diff_percent": 0.751572241833325
        }
    },
    "xdr": {
        "rub2xdr": {
            "current_rate": 0.008700150289212593,
            "sparkline": "▂▃▃▂▁▁▁▁▁▁▁▁▁▂▂▃▃▄▅▄▄▄▃▄▆▇█▇██"
        },
        "usd2xdr": {
            "current_rate": 0.702123,
            "sparkline": "▄▄▄▄▃▃▄▄▄▄▄▄▄▅▄▄▄▄▄▄▄▄▄▄▅▅▆▆▆▆"
        },
        "eur2xdr": {
            "current_rate": 0.8134614716207292,
            "sparkline": "▄▄▅▆▄▄▄▄▄▄▄▄▃▄▄▄▄▄▄▄▄▄▄▄▄▄▄▄▄▄"
        },
        "cny2xdr": {
            "current_rate": 0.09843995793901157,
            "sparkline": "▄▄▄▄▃▃▄▄▄▄▄▄▄▄▄▄▄▄▄▄▄▄▄▄▅▅▆▅▅▅"
        },
        "rsd2xdr": {
            "current_rate": 0.0069451115771148215,
            "sparkline": "▄▄▅▆▄▄▄▄▄▄▄▄▃▄▄▄▄▄▄▄▄▄▄▄▄▄▄▄▄▄"
        }
    },
    "neer": {
        "rub": {
            "current_rate": 95.10309121395112,
            "sparkline": "▃▁▄▄▄▄▄▄▄▃▄▃▄▄▄▄▅▅▇▇▆▆█▅▆▇████"
        },
        "usd": {
            "current_rate": 104.29309888182424,
            "sparkline": "▄▄▄▄▄▄▄▄▄▄▄▅▅▅▅▅▄▄▄▄▄▄▅▅▅▅▅▅▅▅"
        },
        "eur": {
            "current_rate": 110.4439428608734,
            "sparkline": "▅▅▅▅▅▅▅▅▅▅▅▅▅▅▅▅▅▅▅▅▅▅▄▄▄▄▄▄▄▄"
        },
        "cny": {
            "current_rate": 105.55708857136514,
            "sparkline": "▄▄▄▄▄▄▄▄▄▄▄▄▅▄▄▄▄▄▄▄▄▄▅▅▅▅▅▅▅▅"
        },
        "rsd": {
            "current_rate": 110.52065048515318,
            "sparkline": "▄▄▄▅▄▅▄▄▄▅▅▅▄▅▄▅▄▅▄▄▄▄▅▅▄▄▄▄▄▄"
        }
    },
    "update_time": "2025-10-13 12:05:49",
    "update_time_display": "13.10 12:05"
}