{
    "rub2rsd": {
        "bank": {
            "current": 1.247898820835133,
            "sparkline_full": "                           1.26   \n   ▃▃▃▃▄▁▁▁▁▁▁▃▃▄▃▂▂▃▅▅▃▃▃▃▄███▇  \n       1.19                       "
        },
        "korona": {
            "current": 1.204830052274048,
            "diff_percent": -3.4513029295325333
        },
        "crypto": {
            "current": 1.283636109618981,
            "diff_percent": 2.86379698315057
        },
        "forex": {
            "current": 1.2917098024484595,
            "diff_percent": 3.5107799512148623
        }
    },
    "rub2eur": {
        "bank": {
            "current": 0.010713520462824084,
            "sparkline_full": "                           92.5   \n  ▂▃▃▃▂▃▁▁▁▂▂▂▃▃▄▃▂▂▄▅▆▃▃▃▃▆███▇  \n        97.7                      "
        },
        "korona": {
            "current": 0.010315325790017534,
            "diff_percent": -3.716749075976332
        },
        "crypto": {
            "current": 0.010988468549014176,
            "diff_percent": 2.5663654364983195
        },
        "forex": {
            "current": 0.011073699502554048,
            "diff_percent": 3.3619111568394886
        }
    },
    "rub2usd": {
        "bank": {
            "current": 0.01203224642040669,
            "sparkline_full": "                            82.8  \n  ▃▅▅▅▄▆▃▂▂▃▃▃▄▅▅▃▃▃▄▆▆▄▃▃▃▅▆▇▇▆  \n         85.5                     "
        },
        "korona": {
            "current": 0.011446228883469961,
            "diff_percent": -4.870391749481154
        },
        "crypto": {
            "current": 0.012316509582228364,
            "diff_percent": 2.3625111378999324
        },
        "forex": {
            "current": 0.012381003084107868,
            "diff_percent": 2.8985166320204883
        }
    },
    "xdr": {
        "rub2xdr": {
            "current_rate": 0.008891400253250914,
            "sparkline": "▂▃▃▃▅▃▂▁▂▃▃▂▃▃▃▃▂▂▄▇▆▅▂▃▃▅▇██▆"
        },
        "usd2xdr": {
            "current_rate": 0.720178,
            "sparkline": "▅▅▅▅▅▃▄▅▆▆▆▅▅▅▅▆▆▆▆▆▆▆▆▆▆▆▆▆▆▆"
        },
        "eur2xdr": {
            "current_rate": 0.8029295224419079,
            "sparkline": "▅▅▅▅▇▅▄▅▅▆▆▅▅▅▄▅▅▅▅▅▆▄▄▄▄▂▂▃▃▂"
        },
        "cny2xdr": {
            "current_rate": 0.09989707595849748,
            "sparkline": "▄▄▄▄▄▂▃▄▅▄▄▄▃▃▄▅▅▅▅▅▅▆▆▆▆▆▇▇▇▇"
        },
        "rsd2xdr": {
            "current_rate": 0.006883434836831852,
            "sparkline": "▆▆▇▇▇▆▆▆▆▆▆▆▆▆▆▆▆▆▆▆▆▆▆▆▆▅▂▂▃▄"
        }
    },
    "neer": {
        "rub": {
            "current_rate": 97.79216385503533,
            "sparkline": "▂▃▃▃▃▅▄▂▂▂▂▂▂▃▄▄▂▂▃▃▄▅▅▂▂▆▆▇▆▇"
        },
        "usd": {
            "current_rate": 105.68464410659435,
            "sparkline": "▅▅▅▅▅▄▄▅▅▅▅▅▅▄▄▄▄▄▄▄▄▄▄▄▄▅▅▅▄▄"
        },
        "eur": {
            "current_rate": 107.47411575687057,
            "sparkline": "▆▆▆▆▅▆▆▆▅▆▆▅▅▅▅▅▄▅▄▄▅▄▄▄▄▃▃▃▃▃"
        },
        "cny": {
            "current_rate": 104.63238756170367,
            "sparkline": "▄▄▄▄▄▃▄▄▄▄▄▄▄▄▄▃▄▄▃▄▄▄▄▄▄▆▆▅▅▅"
        },
        "rsd": {
            "current_rate": 109.14437734623407,
            "sparkline": "▅▅▄▄▄▆▄▄▄▄▄▅▅▄▄▅▄▄▄▄▄▄▄▅▅▅▄▃▄▃"
        }
    },
    "update_time": "2025-05-16 23:50:41",
    "update_time_display": "16.05 23:50"
}