{
    "rub2rsd": {
        "bank": {
            "current": 1.260252172848574,
            "sparkline_full": " 1.34                             \n  █▇▇▇▃▁▁▂▂▁ ▂▁▁▁▃▄▅▃▁▁▃▃▂▂▁▁▁▁▁  \n      1.26                        "
        },
        "korona": {
            "current": 1.2108293720275318,
            "diff_percent": -3.921659639699795
        },
        "crypto": {
            "current": 1.3712351318695266,
            "diff_percent": 8.806408861021481
        },
        "forex": {
            "current": 1.3076722294200365,
            "diff_percent": 3.7627434884145354
        }
    },
    "rub2eur": {
        "bank": {
            "current": 0.010696331158412665,
            "sparkline_full": " 87.5                             \n  █▇█▇▃▁▁▂▂▂▃▂▁▁▁▃▄▄▃▂▂▃▃▂▁▁▁▁▁▁  \n       93.7                       "
        },
        "korona": {
            "current": 0.010357821830859981,
            "diff_percent": -3.164723703290039
        },
        "crypto": {
            "current": 0.011632547958991003,
            "diff_percent": 8.752690868606884
        },
        "forex": {
            "current": 0.01114352725816601,
            "diff_percent": 4.180836336594021
        }
    },
    "rub2usd": {
        "bank": {
            "current": 0.012241400416207615,
            "sparkline_full": " 76.3                             \n  █▇▇▆▃▁▁▁▂▁▃▂▁▁▁▃▄▄▃▁▁▃▃▂▂▁▁▁▁▁  \n       82.1                       "
        },
        "korona": {
            "current": 0.011612813670340779,
            "diff_percent": -5.134925126986181
        },
        "crypto": {
            "current": 0.013285529323259078,
            "diff_percent": 8.529489041703405
        },
        "forex": {
            "current": 0.012768799183818355,
            "diff_percent": 4.30832053261214
        }
    },
    "xdr": {
        "rub2xdr": {
            "current_rate": 0.00909667123733704,
            "sparkline": "███▇▄▁▁▂▂▁▃▃▃▃▃▄▄▄▄▃▄▄▄▂▁▁▁▁▁▁"
        },
        "usd2xdr": {
            "current_rate": 0.71479,
            "sparkline": "▄▄▅▅▅▅▅▅▅▅▅▄▄▄▄▄▄▄▄▄▄▅▅▄▄▄▄▄▄▅"
        },
        "eur2xdr": {
            "current_rate": 0.8163188393218109,
            "sparkline": "▄▄▄▅▅▅▄▅▅▄▅▅▅▄▄▄▄▅▄▄▄▅▅▅▄▄▄▅▄▅"
        },
        "cny2xdr": {
            "current_rate": 0.10561317966903074,
            "sparkline": "▄▅▅▅▅▅▅▅▅▄▅▄▄▄▄▄▄▄▄▄▅▅▅▅▄▄▄▄▅▅"
        },
        "rsd2xdr": {
            "current_rate": 0.006956384813166437,
            "sparkline": "▄▄▄▄▅▄▄▅▅▄▅▅▅▅▅▄▄▅▄▄▅▅▅▅▄▄▄▅▄▅"
        }
    },
    "neer": {
        "rub": {
            "current_rate": 98.62887495034009,
            "sparkline": "██▇▇▅▂▁▅▂▂▂▂▃▃▂▂▅▄▅▃▃▅▄▂▂▁▁▁▁▁"
        },
        "usd": {
            "current_rate": 103.46083249042132,
            "sparkline": "▄▄▅▅▄▅▅▄▅▅▅▄▅▅▄▄▅▄▄▅▅▄▄▄▄▄▅▅▅▅"
        },
        "eur": {
            "current_rate": 108.4924081985002,
            "sparkline": "▅▄▄▄▅▅▅▅▅▅▅▅▅▅▅▅▅▅▅▄▄▅▅▅▅▅▅▅▅▅"
        },
        "cny": {
            "current_rate": 113.15690229217526,
            "sparkline": "▅▅▅▅▅▄▄▅▅▅▅▅▄▄▅▅▅▅▅▄▄▅▅▄▄▄▄▄▄▄"
        },
        "rsd": {
            "current_rate": 109.57109043925156,
            "sparkline": "▆▆▆▆▆▃▃▆▆▆▆▆▃▃▆▆▆▆▆▃▃▆▆▃▃▃▃▃▃▃"
        }
    },
    "specific_rates": {
        "rub_kzt_bank": 5.76,
        "rub_kzt_crypto": 6.264127075916655,
        "kzt_rsd_bank": 0.218902828,
        "rsd_eur_cash": 0.0084530853761623,
        "eur_rsd_cash": 116.9,
        "rsd_usd_cash": 0.00959079283887468,
        "usd_rsd_cash": 100.65833333333335,
        "eur_usd_exch": 1.1420400947436462,
        "usd_kzt_bank": 464.5
    },
    "conversion_rates": {
        "rub_usd": {
            "rub_to_usd": [
                0.012241400416207615,
                0.012195121951219513
            ],
            "usd_to_rub": [
                76.1,
                77.0
            ]
        },
        "rub_eur": {
            "rub_to_eur": [
                0.010696331158412665,
                0.010672358591248666
            ],
            "eur_to_rub": [
                86.99,
                88.5
            ]
        },
        "rub_kzt": {
            "rub_to_kzt": [
                5.76,
                5.714285714285714
            ],
            "kzt_to_rub": [
                0.1636661211129296,
                0.164
            ]
        },
        "rub_rsd": {
            "rub_to_rsd": [
                1.3191009993
            ],
            "rsd_to_rub": [
                0.7580920646187551
            ]
        },
        "usd_eur": {
            "usd_to_eur": [
                0.867980210051211
            ],
            "eur_to_usd": [
                1.1321
            ]
        },
        "usd_kzt": {
            "usd_to_kzt": [
                464.5
            ],
            "kzt_to_usd": [
                0.0021208907741251328
            ]
        },
        "usd_rsd": {
            "usd_to_rsd": [
                102.95
            ],
            "rsd_to_usd": [
                0.009713453132588635
            ]
        },
        "eur_kzt": {
            "eur_to_kzt": [
                531.5
            ],
            "kzt_to_eur": [
                0.0018570102135561746
            ]
        },
        "eur_rsd": {
            "eur_to_rsd": [
                117.88792712230001
            ],
            "rsd_to_eur": [
                0.008482632822634789
            ]
        },
        "kzt_rsd": {
            "kzt_to_rsd": [
                0.218902828
            ],
            "rsd_to_kzt": [
                4.568237007883699
            ]
        },
        "eur_usd_forex": {
            "eur_to_usd": [
                1.1420400947436462
            ],
            "usd_to_eur": [
                0.875626
            ]
        }
    },
    "update_time": "2026-07-21 13:50:50",
    "update_time_display": "21.07 13:50"
}