{
    "rub2rsd": {
        "bank": {
            "current": 1.277900704457455,
            "sparkline_full": "                              1.28\n  ▂▁▂▃▃▄▆▅▄▄▄▄▅▆▇▆▆▆▆▇▇▇▇▇▇▇▆▆▇█  \n  1.22                            "
        },
        "korona": {
            "current": 1.2363191704433854,
            "diff_percent": -3.253893973845453
        },
        "crypto": {
            "current": 1.2723741319517619,
            "diff_percent": -0.43247276462216017
        },
        "forex": {
            "current": 1.3364787916478502,
            "diff_percent": 4.583931050829574
        }
    },
    "rub2eur": {
        "bank": {
            "current": 0.01092896174863388,
            "sparkline_full": "                       91.1       \n  ▁▂▃▃▃▅▅▆▅▄▅▅▆▇▇▇▆▇▇▇▇▇████▇▇▇▇  \n 95.3                             "
        },
        "korona": {
            "current": 0.01058492440448104,
            "diff_percent": -3.147941698998487
        },
        "crypto": {
            "current": 0.010850411618980321,
            "diff_percent": -0.7187336863300636
        },
        "forex": {
            "current": 0.011387397977809573,
            "diff_percent": 4.194691496957597
        }
    },
    "rub2usd": {
        "bank": {
            "current": 0.012873326467559216,
            "sparkline_full": "                              77.7\n  ▁▂▃▃▃▅▆▇▆▆▆▆▇██▇▆▇▇▇██████▇▇██  \n 81.6                             "
        },
        "korona": {
            "current": 0.012135648298830777,
            "diff_percent": -5.7302840146825185
        },
        "crypto": {
            "current": 0.012755623080985429,
            "diff_percent": -0.9143199069051785
        },
        "forex": {
            "current": 0.013293523661142765,
            "diff_percent": 3.26409179975701
        }
    },
    "xdr": {
        "rub2xdr": {
            "current_rate": 0.009316710235367303,
            "sparkline": "▁▁▃▂▂▄▅▆▄▄▃▄▅▇▇▆▆▇▇███████▇▇▇█"
        },
        "usd2xdr": {
            "current_rate": 0.696429,
            "sparkline": "▆▅▄▄▄▄▃▃▃▃▃▃▃▃▃▃▄▄▄▄▄▄▄▄▄▄▄▄▄▄"
        },
        "eur2xdr": {
            "current_rate": 0.8181597107190436,
            "sparkline": "▆▄▄▄▄▄▅▄▄▄▄▄▄▄▄▃▄▄▄▄▄▄▄▄▄▄▄▄▄▅"
        },
        "cny2xdr": {
            "current_rate": 0.10224672087102826,
            "sparkline": "▆▄▄▄▄▄▄▃▃▃▃▃▄▃▃▃▄▄▄▄▄▄▄▄▄▄▄▄▄▄"
        },
        "rsd2xdr": {
            "current_rate": 0.006971087228312838,
            "sparkline": "▆▄▄▄▄▄▅▄▄▄▄▄▄▄▄▃▄▄▄▄▄▄▄▄▄▄▄▄▄▅"
        }
    },
    "neer": {
        "rub": {
            "current_rate": 100.95445530586467,
            "sparkline": "▁▂▂▄▄▃▅▆▇▅▄▄▅▇███▇▆██▇█▇▇▇▇▇▆▆"
        },
        "usd": {
            "current_rate": 101.87929997022611,
            "sparkline": "▄▅▄▅▅▅▄▄▄▄▄▄▄▄▄▄▄▅▅▄▅▅▅▅▅▅▅▅▄▄"
        },
        "eur": {
            "current_rate": 109.67537779537282,
            "sparkline": "▄▄▄▆▆▄▄▄▄▄▄▄▄▄▄▃▄▄▄▄▄▄▄▄▄▄▄▄▄▄"
        },
        "cny": {
            "current_rate": 110.04153051411505,
            "sparkline": "▅▅▅▄▄▆▅▅▅▅▄▄▅▅▅▅▅▄▄▅▅▄▄▄▄▄▄▄▃▃"
        },
        "rsd": {
            "current_rate": 109.84635145645065,
            "sparkline": "▆▇▆▄▄▆▇▆▆█▂▂▆▆▇▇▇▁▁▇▇▁▁▂▂▂▁▁▂▂"
        }
    },
    "specific_rates": {
        "rub_kzt_bank": 6.0,
        "rub_kzt_crypto": 5.956875978820196,
        "kzt_rsd_bank": 0.21359755289109866,
        "rsd_eur_cash": 0.00844880027036161,
        "eur_rsd_cash": 116.8,
        "rsd_usd_cash": 0.0098159509202454,
        "usd_rsd_cash": 97.90833333333335,
        "eur_usd_exch": 1.174792707826704,
        "usd_kzt_bank": 460.0
    },
    "update_time": "2026-05-07 00:21:29",
    "update_time_display": "07.05 00:21"
}