{
    "rub2rsd": {
        "bank": {
            "current": 1.267324290998767,
            "sparkline_full": "      1.34                        \n   ▆   █▇▇▆▃▁▁▂▂▂ ▂▁▁▁▄▄▅▃▂▂▃▃▂▂  \n           1.26                   "
        },
        "korona": {
            "current": 1.2173792351467654,
            "diff_percent": -3.940984656156187
        },
        "crypto": {
            "current": 1.378661681955302,
            "diff_percent": 8.785232931090663
        },
        "forex": {
            "current": 1.3206905882492448,
            "diff_percent": 4.210942505364614
        }
    },
    "rub2eur": {
        "bank": {
            "current": 0.010790978741771878,
            "sparkline_full": "   87.2                           \n   █████▇▇▆▃▁▁▂▂▂▃▂▁▁▁▃▄▄▃▂▂▃▃▂▂  \n            93.7                  "
        },
        "korona": {
            "current": 0.010413851455489866,
            "diff_percent": -3.4948385619754023
        },
        "crypto": {
            "current": 0.011572288550539942,
            "diff_percent": 7.240397997853648
        },
        "forex": {
            "current": 0.01125544405514591,
            "diff_percent": 4.304200059037157
        }
    },
    "rub2usd": {
        "bank": {
            "current": 0.012330456226880395,
            "sparkline_full": "  76.0                            \n   █████▇▆▆▃▁▁▂▂▁▃▂▁▁▁▃▄▄▃▂▂▃▃▂▂  \n            82.1                  "
        },
        "korona": {
            "current": 0.011696732751392984,
            "diff_percent": -5.139497386202901
        },
        "crypto": {
            "current": 0.013197746271475321,
            "diff_percent": 7.0337222616648525
        },
        "forex": {
            "current": 0.01282761734704349,
            "diff_percent": 4.031976684522707
        }
    },
    "xdr": {
        "rub2xdr": {
            "current_rate": 0.009206434297604515,
            "sparkline": " ▅▅██▅▅▅▄▂▁▁▁▁▁▂▂▂▂▂▂▂▃▃▂▂▃▂▁▂"
        },
        "usd2xdr": {
            "current_rate": 0.713502,
            "sparkline": " ▃▃▆▆▄▄▄▄▄▄▄▄▄▄▄▄▄▄▄▄▄▄▄▄▄▄▄▄▄"
        },
        "eur2xdr": {
            "current_rate": 0.8179538943552741,
            "sparkline": " ▃▃▆▆▄▃▃▄▄▄▄▄▄▄▄▄▄▄▄▄▃▄▄▄▄▄▄▄▄"
        },
        "cny2xdr": {
            "current_rate": 0.10540729797606736,
            "sparkline": " ▃▃▆▆▄▄▄▄▄▄▄▄▄▄▄▄▄▄▄▃▃▄▄▄▄▄▄▄▄"
        },
        "rsd2xdr": {
            "current_rate": 0.006970924438712703,
            "sparkline": " ▃▃▆▆▄▃▃▄▄▄▄▄▄▄▄▄▄▄▄▄▃▄▄▄▄▄▄▄▄"
        }
    },
    "neer": {
        "rub": {
            "current_rate": 99.83377775902078,
            "sparkline": "███▇██▇▇▆▅▂▁▅▂▂▂▂▂▃▂▂▃▃▄▃▃▃▃▂▂"
        },
        "usd": {
            "current_rate": 103.3164110390195,
            "sparkline": "▄▄▄▅▅▄▅▅▅▅▅▅▅▅▅▅▅▅▅▅▅▅▅▅▅▅▅▅▅▅"
        },
        "eur": {
            "current_rate": 108.59990779629203,
            "sparkline": "▅▄▅▅▅▅▄▄▄▄▄▅▅▅▅▅▅▅▅▅▅▄▅▅▄▄▄▄▅▅"
        },
        "cny": {
            "current_rate": 113.05808436497705,
            "sparkline": "▄▅▅▄▄▅▅▅▅▅▄▄▅▅▅▅▅▄▄▅▄▄▄▄▄▄▄▄▄▄"
        },
        "rsd": {
            "current_rate": 109.54516736434611,
            "sparkline": "▆▆▆▃▃▆▆▆▆▆▃▃▆▆▆▆▆▃▃▆▃▃▃▃▃▃▃▃▃▃"
        }
    },
    "specific_rates": {
        "rub_kzt_bank": 5.87,
        "rub_kzt_crypto": 6.295324971493728,
        "kzt_rsd_bank": 0.2189976988,
        "rsd_eur_cash": 0.0084530853761623,
        "eur_rsd_cash": 116.9,
        "rsd_usd_cash": 0.009608125729188115,
        "usd_rsd_cash": 100.60000000000001,
        "eur_usd_exch": 1.1463932747984926,
        "usd_kzt_bank": 470.0
    },
    "conversion_rates": {
        "rub_usd": {
            "rub_to_usd": [
                0.012330456226880395,
                0.01231527093596059
            ],
            "usd_to_rub": [
                75.64,
                76.3
            ]
        },
        "rub_eur": {
            "rub_to_eur": [
                0.010790978741771878,
                0.010810810810810811
            ],
            "eur_to_rub": [
                86.33,
                86.9
            ]
        },
        "rub_kzt": {
            "rub_to_kzt": [
                5.87,
                5.780346820809249
            ],
            "kzt_to_rub": [
                0.1607717041800643,
                0.162
            ]
        },
        "rub_rsd": {
            "rub_to_rsd": [
                1.3409775814
            ],
            "rsd_to_rub": [
                0.745724622000008
            ]
        },
        "usd_eur": {
            "usd_to_eur": [
                0.8676036786395974
            ],
            "eur_to_usd": [
                1.1326
            ]
        },
        "usd_kzt": {
            "usd_to_kzt": [
                470.0
            ],
            "kzt_to_usd": [
                0.0020964360587002098
            ]
        },
        "usd_rsd": {
            "usd_to_rsd": [
                102.78
            ],
            "rsd_to_usd": [
                0.00972951936174353
            ]
        },
        "eur_kzt": {
            "eur_to_kzt": [
                537.0
            ],
            "kzt_to_eur": [
                0.001838235294117647
            ]
        },
        "eur_rsd": {
            "eur_to_rsd": [
                117.8165962141
            ],
            "rsd_to_eur": [
                0.008487768549880433
            ]
        },
        "kzt_rsd": {
            "kzt_to_rsd": [
                0.2189976988
            ],
            "rsd_to_kzt": [
                4.566258026817221
            ]
        },
        "eur_usd_forex": {
            "eur_to_usd": [
                1.1463932747984926
            ],
            "usd_to_eur": [
                0.872301
            ]
        }
    },
    "update_time": "2026-07-16 00:21:25",
    "update_time_display": "16.07 00:21"
}