{
    "rub2rsd": {
        "bank": {
            "current": 1.2714148867269872,
            "sparkline_full": "                              1.27\n  ▁▁▁▃▄▄▄▄▅▅▅▅▅▅▆▆▆▆▆▆▆▇▇▇▇▇▇▇▇█  \n  1.12                            "
        },
        "korona": {
            "current": 1.2352366081175092,
            "diff_percent": -2.845513214227968
        },
        "crypto": {
            "current": 1.2622472968509606,
            "diff_percent": -0.72105415562868
        },
        "forex": {
            "current": 1.3269999167720863,
            "diff_percent": 4.371903351563865
        }
    },
    "rub2eur": {
        "bank": {
            "current": 0.010955302366345312,
            "sparkline_full": "                              91.3\n  ▁▁▁▃▄▄▄▄▄▄▅▅▅▅▆▆▅▆▆▆▆▇▇▇▇▇▇▇▇█  \n 104                              "
        },
        "korona": {
            "current": 0.010580185080235626,
            "diff_percent": -3.424070587609211
        },
        "crypto": {
            "current": 0.010929338815205285,
            "diff_percent": -0.23699529480616052
        },
        "forex": {
            "current": 0.01130758588415705,
            "diff_percent": 3.215643950585545
        }
    },
    "rub2usd": {
        "bank": {
            "current": 0.012903225806451613,
            "sparkline_full": "                              77.5\n  ▁▁▁▃▃▄▄▄▄▄▄▅▅▅▅▅▆▆▆▇▇▇██▇▇████  \n 89.9                             "
        },
        "korona": {
            "current": 0.012157840631077846,
            "diff_percent": -5.776735109146695
        },
        "crypto": {
            "current": 0.012846356532524715,
            "diff_percent": -0.4407368729334583
        },
        "forex": {
            "current": 0.01329133272193203,
            "diff_percent": 3.0078285949732266
        }
    },
    "xdr": {
        "rub2xdr": {
            "current_rate": 0.009218380179757648,
            "sparkline": "▁▂▃▂▂▂▂▃▃▄▃▄▄▄▄▅▆▅▆▆▆▇██▇▇▇▇██"
        },
        "usd2xdr": {
            "current_rate": 0.692365,
            "sparkline": "▅▅▅▅▅▅▅▆▆▆▅▅▅▆▅▅▅▄▄▄▄▄▄▃▃▃▃▃▃▃"
        },
        "eur2xdr": {
            "current_rate": 0.8152385729542352,
            "sparkline": "▄▄▄▄▄▄▄▄▄▅▄▄▄▄▄▄▅▄▄▄▄▄▄▄▄▄▄▄▄▄"
        },
        "cny2xdr": {
            "current_rate": 0.10160024065975992,
            "sparkline": "▅▄▄▄▄▄▄▅▅▅▄▅▅▅▅▅▅▄▄▄▄▄▄▄▄▄▄▄▄▄"
        },
        "rsd2xdr": {
            "current_rate": 0.006946782786679643,
            "sparkline": "▄▄▄▄▄▄▄▄▄▅▄▄▄▄▄▄▅▄▄▄▄▄▄▄▄▄▄▄▄▄"
        }
    },
    "neer": {
        "rub": {
            "current_rate": 101.36550834269745,
            "sparkline": "▂▄▄▄▄▄▄▄▄▄▅▅▄▅▅▆▅▆▆▆▆▆▇▇▇▆▆▆▆▇"
        },
        "usd": {
            "current_rate": 101.74155723001887,
            "sparkline": "▅▅▅▅▅▅▅▅▅▅▅▅▅▅▅▅▄▄▄▄▄▄▄▄▄▄▄▄▄▄"
        },
        "eur": {
            "current_rate": 109.90795470425915,
            "sparkline": "▄▄▄▄▄▄▄▄▄▄▄▄▄▄▄▄▄▄▄▅▅▄▄▄▄▄▄▄▄▄"
        },
        "cny": {
            "current_rate": 110.08769160773235,
            "sparkline": "▄▅▅▅▅▄▄▅▅▅▅▅▄▄▅▅▅▅▅▄▄▅▄▄▄▄▄▄▄▄"
        },
        "rsd": {
            "current_rate": 109.83278100179669,
            "sparkline": "▅▅▅▅▆▄▄▆▅▅▅▅▄▄▅▅▅▅▅▄▄▅▅▃▄▄▄▄▃▃"
        }
    },
    "specific_rates": {
        "rub_kzt_bank": 6.02,
        "rub_kzt_crypto": 6.005671678955304,
        "kzt_rsd_bank": 0.21017587446114447,
        "rsd_eur_cash": 0.008447135013374631,
        "eur_rsd_cash": 116.75,
        "rsd_usd_cash": 0.00984251968503937,
        "usd_rsd_cash": 97.40833333333335,
        "eur_usd_exch": 1.1774693593035974,
        "usd_kzt_bank": 460.5
    },
    "update_time": "2026-04-21 11:20:44",
    "update_time_display": "21.04 11:20"
}