{
    "rub2rsd": {
        "bank": {
            "current": 1.1726647241049133,
            "sparkline_full": "       1.24                       \n  █▇▇▇▇██▇▇▇▇▇▇▆▇▆▇▇▆▅▄▂▂▁▁▁▁▁▄▄  \n                           1.12   "
        },
        "korona": {
            "current": 1.1579984510935486,
            "diff_percent": -1.2506791335911769
        },
        "crypto": {
            "current": 1.1996875021018867,
            "diff_percent": 2.3043907982820655
        },
        "forex": {
            "current": 1.2517739475468819,
            "diff_percent": 6.746107545986948
        }
    },
    "rub2eur": {
        "bank": {
            "current": 0.010097950116126426,
            "sparkline_full": "        93.5                      \n  ▇▇▇▇▇███▇▇▇▇▇▆▇▆▆▆▆▅▄▂▂▁▁▁▁▂▄▄  \n                          104     "
        },
        "korona": {
            "current": 0.009909522197622055,
            "diff_percent": -1.8660016769487882
        },
        "crypto": {
            "current": 0.010298366003879324,
            "diff_percent": 1.984718536416948
        },
        "forex": {
            "current": 0.010656901755026055,
            "diff_percent": 5.535298080023033
        }
    },
    "rub2usd": {
        "bank": {
            "current": 0.011648223645894002,
            "sparkline_full": " 79.8                             \n  ███████▇▇▇▇▇▇▆▆▆▅▅▅▄▃▂▁▁▁▁▁▁▃▃  \n                          89.9    "
        },
        "korona": {
            "current": 0.011158204385175839,
            "diff_percent": -4.206815353265434
        },
        "crypto": {
            "current": 0.011855834936564776,
            "diff_percent": 1.7823429304085932
        },
        "forex": {
            "current": 0.01217561127656414,
            "diff_percent": 4.5276228093031365
        }
    },
    "xdr": {
        "rub2xdr": {
            "current_rate": 0.008692273855904062,
            "sparkline": "███▇▇███▇▆▆█▇▆▇▆▇▇▆▄▂▁▁▂▂▃▄▅▄▅"
        },
        "usd2xdr": {
            "current_rate": 0.70734,
            "sparkline": "▃▃▃▃▃▄▅▅▅▅▅▅▅▅▅▆▆▆▆▆▅▆▅▅▅▅▅▅▅▅"
        },
        "eur2xdr": {
            "current_rate": 0.8156473669098595,
            "sparkline": "▅▅▅▅▄▄▅▅▄▅▅▅▅▄▄▄▄▅▅▅▄▅▅▅▅▅▅▅▄▅"
        },
        "cny2xdr": {
            "current_rate": 0.10234247269044346,
            "sparkline": "▃▃▃▃▃▄▄▄▄▄▄▅▅▅▅▅▆▆▆▆▅▆▅▅▅▅▅▄▅▅"
        },
        "rsd2xdr": {
            "current_rate": 0.006943964501688525,
            "sparkline": "▅▅▅▅▄▄▅▄▄▅▅▅▅▄▄▄▄▅▅▅▄▅▅▄▄▅▅▄▄▅"
        }
    },
    "neer": {
        "rub": {
            "current_rate": 94.97639759468929,
            "sparkline": "▇▇▆▆▇█▇▇▇▅▆▇▆▆▆▆▅▅▆▄▄▃▂▃▂▁▄▄▄▄"
        },
        "usd": {
            "current_rate": 103.73138703037309,
            "sparkline": "▄▄▄▄▄▅▄▅▅▅▅▅▄▄▅▅▅▅▅▅▅▅▅▅▅▅▅▅▅▅"
        },
        "eur": {
            "current_rate": 109.7054472135471,
            "sparkline": "▅▅▅▅▅▅▅▅▄▅▅▄▄▄▄▄▄▄▄▄▄▄▅▅▅▅▅▅▅▅"
        },
        "cny": {
            "current_rate": 110.24324656913902,
            "sparkline": "▄▄▄▄▄▅▄▅▅▄▄▅▅▅▅▅▅▅▅▅▅▅▅▅▅▅▅▅▅▅"
        },
        "rsd": {
            "current_rate": 110.09852558811852,
            "sparkline": "▆▆▃▃▆▆▅▅▆▃▃▆▅▆▅▅▃▃▅▅▅▆▅▃▃▆▆▃▃▃"
        }
    },
    "specific_rates": {
        "rub_kzt_bank": 5.65,
        "rub_kzt_crypto": 5.761935779170481,
        "kzt_rsd_bank": 0.20820910681420332,
        "rsd_eur_cash": 0.0084530853761623,
        "eur_rsd_cash": 116.85714285714286,
        "rsd_usd_cash": 0.009635767970707265,
        "usd_rsd_cash": 99.31,
        "eur_usd_exch": 1.153119245214267,
        "usd_kzt_bank": 479.0
    },
    "update_time": "2026-03-27 04:20:57",
    "update_time_display": "27.03 04:20"
}