{
    "rub2rsd": {
        "bank": {
            "current": 1.2570029287755038,
            "sparkline_full": "                              1.26\n  ▅▆▆▆▆▅▂  ▁▁▂▂▂▃▄▅▅▅▅▆▆▇▇▇▇▇▆██  \n           1.16                   "
        },
        "korona": {
            "current": 1.213160733007129,
            "diff_percent": -3.4878356099840753
        },
        "crypto": {
            "current": 1.2303068912036628,
            "diff_percent": -2.12378483460231
        },
        "forex": {
            "current": 1.3166222479386571,
            "diff_percent": 4.742973767072354
        }
    },
    "rub2eur": {
        "bank": {
            "current": 0.010830715910321672,
            "sparkline_full": "                              92.3\n  ▅▆▆▆▆▅▃  ▁▁▂▂▂▃▄▅▅▅▅▆▆▇▇▇▇▆▆██  \n          99.8                    "
        },
        "korona": {
            "current": 0.01037998488134442,
            "diff_percent": -4.16159959054697
        },
        "crypto": {
            "current": 0.010598152294538556,
            "diff_percent": -2.147259864525504
        },
        "forex": {
            "current": 0.011212930398627684,
            "diff_percent": 3.528986370529413
        }
    },
    "rub2usd": {
        "bank": {
            "current": 0.012709710218607015,
            "sparkline_full": "                              78.7\n  ▅▆▆▆▆▅▃  ▁▁▂▂▂▂▃▄▄▄▅▅▅▆▆▆▆▆▆██  \n           85.0                   "
        },
        "korona": {
            "current": 0.011888737408721692,
            "diff_percent": -6.4594140681777255
        },
        "crypto": {
            "current": 0.012411405489474355,
            "diff_percent": -2.3470616088157668
        },
        "forex": {
            "current": 0.013170961717282673,
            "diff_percent": 3.629126791580072
        }
    },
    "xdr": {
        "rub2xdr": {
            "current_rate": 0.009196356745585816,
            "sparkline": "▂▃▃▃▄▃▂▃▂▁▁▁▁▁▂▃▃▄▄▅▅▅▆▆▆▆▆▆██"
        },
        "usd2xdr": {
            "current_rate": 0.69436,
            "sparkline": "▃▄▄▄▄▄▄▄▄▄▄▅▄▅▅▅▅▅▅▅▅▅▅▅▆▅▅▅▅▄"
        },
        "eur2xdr": {
            "current_rate": 0.8201564103805845,
            "sparkline": "▄▄▄▄▄▄▄▄▄▄▄▄▄▄▄▄▄▄▅▄▄▄▄▄▄▄▅▅▅▅"
        },
        "cny2xdr": {
            "current_rate": 0.09971708816222193,
            "sparkline": "▃▄▄▄▄▄▄▄▄▄▄▅▅▅▅▅▅▅▅▅▆▆▆▆▆▆▆▆▅▅"
        },
        "rsd2xdr": {
            "current_rate": 0.006984810381249372,
            "sparkline": "▄▄▄▄▄▄▄▄▄▄▅▄▄▄▄▄▄▄▅▄▄▄▄▄▄▅▅▅▅▅"
        }
    },
    "neer": {
        "rub": {
            "current_rate": 100.62130507106833,
            "sparkline": "▃▄▄▄▄▄▃▃▄▄▄▄▄▄▄▄▃▃▄▃▃▄▄▅▅▄▄▄▅▆"
        },
        "usd": {
            "current_rate": 102.65819664701783,
            "sparkline": "▄▄▄▄▄▄▅▅▅▅▅▅▅▅▅▅▅▅▅▅▅▅▅▅▅▅▄▄▄▄"
        },
        "eur": {
            "current_rate": 110.31653460085579,
            "sparkline": "▅▅▅▅▅▅▅▅▅▅▄▄▅▄▄▄▄▄▅▄▄▄▄▄▄▄▅▅▄▄"
        },
        "cny": {
            "current_rate": 107.96869603790269,
            "sparkline": "▄▄▄▄▄▄▄▄▄▄▅▅▄▄▅▅▅▅▅▅▅▅▅▅▅▅▅▅▅▅"
        },
        "rsd": {
            "current_rate": 110.06001003464934,
            "sparkline": "▅▅▅▅▅▅▅▅▅▅▅▅▅▅▅▅▅▅▅▄▄▅▅▅▄▅▄▅▅▅"
        }
    },
    "specific_rates": {
        "rub_kzt_bank": 6.45,
        "rub_kzt_crypto": 6.31119969139771,
        "kzt_rsd_bank": 0.1949402572193359,
        "rsd_eur_cash": 0.008448621818565847,
        "eur_rsd_cash": 116.875,
        "rsd_usd_cash": 0.009799804003919922,
        "usd_rsd_cash": 97.85714285714286,
        "eur_usd_exch": 1.1811688610815492,
        "usd_kzt_bank": 501.5
    },
    "update_time": "2026-01-23 21:05:46",
    "update_time_display": "23.01 21:05"
}