{
    "rub2rsd": {
        "bank": {
            "current": 1.209434707778759,
            "sparkline_full": "                  1.24            \n      ▃▃▃▃▃▄▆▇▇▇▇▆▇██▇▇▇▇▆▃▂▁▁▁▁  \n                           1.20   "
        },
        "korona": {
            "current": 1.1612996561209614,
            "diff_percent": -3.9799628163642
        },
        "crypto": {
            "current": 1.2007283363780987,
            "diff_percent": -0.7198711385297022
        },
        "forex": {
            "current": 1.2577375443186238,
            "diff_percent": 3.993835816782329
        }
    },
    "rub2eur": {
        "bank": {
            "current": 0.010404744563520965,
            "sparkline_full": "                   93.4           \n      ▃▃▄▄▄▄▅▆▇▇▇▆▆██▇▇▇▇▆▄▂▁▁▁▁  \n                           96.2   "
        },
        "korona": {
            "current": 0.009951153865646626,
            "diff_percent": -4.359460197270267
        },
        "crypto": {
            "current": 0.010304761878735838,
            "diff_percent": -0.9609335834698496
        },
        "forex": {
            "current": 0.010747686659253467,
            "diff_percent": 3.2960164820850806
        }
    },
    "rub2usd": {
        "bank": {
            "current": 0.012232415902140673,
            "sparkline_full": "               80.1               \n      ▅▄▅▅▅▅▆▇▇▇▇▆▆▇▇▆▅▅▆▆▄▃▂▂▂▂  \n                           81.8   "
        },
        "korona": {
            "current": 0.011432525972641489,
            "diff_percent": -6.539100173655829
        },
        "crypto": {
            "current": 0.012091171328516687,
            "diff_percent": -1.1546743893760818
        },
        "forex": {
            "current": 0.012570283598168258,
            "diff_percent": 2.7620684150255066
        }
    },
    "xdr": {
        "rub2xdr": {
            "current_rate": 0.008758539184140072,
            "sparkline": "    ▃█████▂▃▃▂▂▂▃▃▃▃▂▂▃▂▂▁▁▁▁▁"
        },
        "usd2xdr": {
            "current_rate": 0.69341,
            "sparkline": "    ▃█████▁▁▁▁▁▁▂▂▂▂▂▂▂▂▁▁▁▁▁▁"
        },
        "eur2xdr": {
            "current_rate": 0.8149231980632043,
            "sparkline": "    ▃█████▁▁▁▁▁▁▁▁▁▁▁▁▁▁▁▁▁▁▁▁"
        },
        "cny2xdr": {
            "current_rate": 0.09674228472571013,
            "sparkline": "    ▃█████▁▁▁▁▁▁▂▂▂▂▂▂▂▁▁▁▁▁▁▁"
        },
        "rsd2xdr": {
            "current_rate": 0.006963725638710252,
            "sparkline": "    ▃█████▁▁▁▁▁▁▁▁▁▁▁▁▁▁▁▁▁▁▁▁"
        }
    },
    "neer": {
        "rub": {
            "current_rate": 96.39690391302591,
            "sparkline": "▅▄▂▃▂▂▃▂▃▃▅▅▆▆▆▆▅██▆▆▆▆▅▄▄▁▁▁▁"
        },
        "usd": {
            "current_rate": 103.47082371939608,
            "sparkline": "▄▄▃▄▃▃▃▃▄▄▄▄▅▄▄▅▅▆▆▅▆▆▅▅▄▃▄▄▄▄"
        },
        "eur": {
            "current_rate": 110.92083145480088,
            "sparkline": "▄▄▅▅▅▅▅▅▄▄▄▄▄▄▄▄▄▄▃▄▄▄▄▅▅▅▅▆▆▆"
        },
        "cny": {
            "current_rate": 103.58976179055891,
            "sparkline": "▄▄▃▃▃▃▃▃▄▄▄▄▅▅▅▅▅▆▆▆▆▆▅▅▄▄▅▅▅▅"
        },
        "rsd": {
            "current_rate": 110.67619536232144,
            "sparkline": "▅▅▅▆▅▅▅▅▆▅▅▅▅▅▄▄▃▄▅▄▄▄▆▅▅▅▅▅▅▅"
        }
    },
    "update_time": "2025-07-28 04:35:46",
    "update_time_display": "28.07 04:35"
}