{
    "rub2rsd": {
        "bank": {
            "current": 1.2124748505605056,
            "sparkline_full": "                         1.26     \n  ▅▂  ▁▁▂▂▂▃▄▅▅▅▅▆▆▇▇▇▇▇▆█████▆▅  \n      1.16                        "
        },
        "korona": {
            "current": 1.1909331250721376,
            "diff_percent": -1.7766740051069696
        },
        "crypto": {
            "current": 1.230517609971935,
            "diff_percent": 1.48809349761676
        },
        "forex": {
            "current": 1.283518989517915,
            "diff_percent": 5.859431964676794
        }
    },
    "rub2eur": {
        "bank": {
            "current": 0.010426441455531227,
            "sparkline_full": "                         92.2     \n  ▅▂  ▁▁▂▂▂▃▄▅▅▅▅▅▆▆▇▇▇▆▆████▇▆▄  \n     99.8                         "
        },
        "korona": {
            "current": 0.010195098294612893,
            "diff_percent": -2.218812256367745
        },
        "crypto": {
            "current": 0.01050886053103666,
            "diff_percent": 0.7904813531725985
        },
        "forex": {
            "current": 0.010932083833911364,
            "diff_percent": 4.849616051043892
        }
    },
    "rub2usd": {
        "bank": {
            "current": 0.012512512512512512,
            "sparkline_full": "                         78.6     \n  ▅▃  ▁▁▂▂▂▂▃▄▄▄▅▅▅▅▆▆▆▆▆█████▇▇  \n      85.0                        "
        },
        "korona": {
            "current": 0.011873710120360296,
            "diff_percent": -5.1053087180805115
        },
        "crypto": {
            "current": 0.012585832966374288,
            "diff_percent": 0.585977067263316
        },
        "forex": {
            "current": 0.013063033053392535,
            "diff_percent": 4.399760162713149
        }
    },
    "xdr": {
        "rub2xdr": {
            "current_rate": 0.009006994570556315,
            "sparkline": "▃▂▃▂▁▁▁▁▁▂▃▃▄▄▅▅▅▆▆▆▆▆▆████▇▅▆"
        },
        "usd2xdr": {
            "current_rate": 0.686755,
            "sparkline": "▄▄▅▄▅▅▅▅▅▅▅▅▅▅▅▆▆▆▆▆▆▆▅▅▅▄▄▃▃▃"
        },
        "eur2xdr": {
            "current_rate": 0.8239046377065445,
            "sparkline": "▄▄▄▄▄▄▄▄▄▄▄▄▄▄▄▄▄▄▄▄▄▅▅▄▄▅▄▄▅▅"
        },
        "cny2xdr": {
            "current_rate": 0.09888338540841744,
            "sparkline": "▄▄▄▄▄▄▄▄▄▅▅▅▅▅▅▅▅▅▆▆▆▆▅▅▄▄▄▃▃▃"
        },
        "rsd2xdr": {
            "current_rate": 0.007017422137197448,
            "sparkline": "▄▄▄▄▄▄▄▄▄▄▄▄▄▄▄▄▄▄▄▄▄▅▅▄▄▅▄▄▅▅"
        }
    },
    "neer": {
        "rub": {
            "current_rate": 98.66304078458198,
            "sparkline": "▄▃▃▄▄▄▄▄▄▄▄▃▃▄▃▃▄▄▅▅▄▄▄▅▆▆▆▆▅▄"
        },
        "usd": {
            "current_rate": 101.19206156393984,
            "sparkline": "▅▅▅▅▅▅▅▅▅▅▆▆▆▅▆▆▆▅▅▅▅▅▅▅▅▄▄▄▄▃"
        },
        "eur": {
            "current_rate": 111.17750462063692,
            "sparkline": "▅▅▅▅▅▄▄▄▄▄▄▄▄▄▄▄▄▄▄▄▄▅▅▄▄▅▅▅▅▅"
        },
        "cny": {
            "current_rate": 106.58745089573087,
            "sparkline": "▄▄▄▅▅▅▅▅▅▅▅▅▅▅▅▅▅▅▅▅▅▅▅▅▅▄▄▄▄▄"
        },
        "rsd": {
            "current_rate": 110.50492033165307,
            "sparkline": "▅▅▅▅▅▅▅▅▅▅▅▅▅▅▄▄▅▅▅▄▅▄▅▅▅▅▅▅▅▅"
        }
    },
    "specific_rates": {
        "rub_kzt_bank": 6.35,
        "rub_kzt_crypto": 6.399896063401325,
        "kzt_rsd_bank": 0.19227149906524532,
        "rsd_eur_cash": 0.008443908323281062,
        "eur_rsd_cash": 116.81428571428572,
        "rsd_usd_cash": 0.009970089730807577,
        "usd_rsd_cash": 96.08333333333333,
        "eur_usd_exch": 1.1997067916601183,
        "usd_kzt_bank": 501.5
    },
    "update_time": "2026-01-28 09:22:05",
    "update_time_display": "28.01 09:22"
}