{
    "rub2rsd": {
        "bank": {
            "current": 1.1233837068526287,
            "sparkline_full": "  1.24                            \n  ██▇▇▇▇▇▇█▇▇▇▇▇▇▆▇▆▆▆▆▅▄▂▂▁▁▁▁▁  \n                             1.12 "
        },
        "korona": {
            "current": 1.1601271682136123,
            "diff_percent": 3.2707846069734576
        },
        "crypto": {
            "current": 1.2076030274454093,
            "diff_percent": 7.496932711329498
        },
        "forex": {
            "current": 1.2561003232000774,
            "diff_percent": 11.814005805663616
        }
    },
    "rub2eur": {
        "bank": {
            "current": 0.009732360097323601,
            "sparkline_full": "          93.5                    \n  ██▇▇▇▇▇█▇█▇▇▇▇▇▆▇▆▆▆▆▅▄▂▂▁▁▁▁▂  \n                            104   "
        },
        "korona": {
            "current": 0.009932595618267228,
            "diff_percent": 2.0574199776957647
        },
        "crypto": {
            "current": 0.010347813427549552,
            "diff_percent": 6.3237829680716455
        },
        "forex": {
            "current": 0.010695400398715787,
            "diff_percent": 9.895239096804707
        }
    },
    "rub2usd": {
        "bank": {
            "current": 0.011199462425803561,
            "sparkline_full": "  79.3                            \n  ████████▇▇▆▆▆▆▆▆▆▅▅▅▅▄▃▁▁▁▁▁▁▁  \n                            89.9  "
        },
        "korona": {
            "current": 0.011218894365833948,
            "diff_percent": 0.17350779253132706
        },
        "crypto": {
            "current": 0.011883568746889046,
            "diff_percent": 6.108385340972295
        },
        "forex": {
            "current": 0.012351717629853607,
            "diff_percent": 10.288486716962856
        }
    },
    "xdr": {
        "rub2xdr": {
            "current_rate": 0.008747049903670019,
            "sparkline": "█████▇▇███▇▆▆█▇▆▇▆▇▇▆▄▂▁▁▂▂▃▄▅"
        },
        "usd2xdr": {
            "current_rate": 0.704159,
            "sparkline": "▃▃▃▃▃▃▃▄▅▅▅▅▅▅▅▅▅▆▆▆▆▆▅▆▅▅▅▅▅▅"
        },
        "eur2xdr": {
            "current_rate": 0.8178328606304718,
            "sparkline": "▅▅▅▅▅▅▄▄▅▅▄▅▅▅▅▄▄▄▄▅▅▅▄▅▅▅▅▅▅▅"
        },
        "cny2xdr": {
            "current_rate": 0.10216011142222932,
            "sparkline": "▃▃▄▃▃▃▃▄▄▄▄▄▄▅▅▅▅▅▆▆▆▆▅▆▅▅▅▅▅▅"
        },
        "rsd2xdr": {
            "current_rate": 0.006963655483652598,
            "sparkline": "▅▅▅▅▅▅▄▄▅▄▄▅▅▅▅▄▄▄▄▅▅▅▄▅▅▄▄▅▅▅"
        }
    },
    "neer": {
        "rub": {
            "current_rate": 93.97417569994255,
            "sparkline": "███▇▇▇██▇▇▇▆▆▇▇▇▆▇▆▆▇▅▄▃▁▄▃▃▄▄"
        },
        "usd": {
            "current_rate": 103.27401202079345,
            "sparkline": "▄▄▄▄▄▄▄▅▄▅▅▅▅▅▄▅▅▅▅▅▅▅▅▅▅▅▅▅▅▅"
        },
        "eur": {
            "current_rate": 109.78013692274276,
            "sparkline": "▅▅▅▅▅▅▅▅▅▅▄▄▅▄▄▄▄▄▄▄▄▄▄▄▅▅▅▅▅▅"
        },
        "cny": {
            "current_rate": 110.17398034684936,
            "sparkline": "▄▄▄▄▄▄▄▄▄▄▅▄▄▅▅▅▅▅▅▅▅▅▅▅▅▅▅▅▅▅"
        },
        "rsd": {
            "current_rate": 110.15013890001445,
            "sparkline": "▅▅▅▅▅▅▅▅▄▄▅▅▅▅▅▅▅▄▅▄▅▄▅▅▅▅▅▅▅▅"
        }
    },
    "specific_rates": {
        "rub_kzt_bank": 5.46,
        "rub_kzt_crypto": 5.805123332855299,
        "kzt_rsd_bank": 0.2080236643054127,
        "rsd_eur_cash": 0.008447135013374631,
        "eur_rsd_cash": 116.8,
        "rsd_usd_cash": 0.009670400515754693,
        "usd_rsd_cash": 99.21666666666665,
        "eur_usd_exch": 1.1614320922269996,
        "usd_kzt_bank": 478.5
    },
    "update_time": "2026-03-25 02:36:31",
    "update_time_display": "25.03 02:36"
}