{
    "rub2rsd": {
        "bank": {
            "current": 1.2427031796365433,
            "sparkline_full": "                            1.26  \n  ▃ ▃▃▃▃▄▁▁▁▁▁▁▃▃▄▃▂▂▃▅▅▃▃▃▃▄██▇  \n        1.19                      "
        },
        "korona": {
            "current": 1.2054090004339886,
            "diff_percent": -3.001052851048652
        },
        "crypto": {
            "current": 1.2766002527432607,
            "diff_percent": 2.727688611582323
        },
        "forex": {
            "current": 1.3116220206387792,
            "diff_percent": 5.545881118803668
        }
    },
    "rub2eur": {
        "bank": {
            "current": 0.01068604402650139,
            "sparkline_full": "                            92.5  \n  ▂▂▃▃▃▂▃▁▁▁▂▂▂▃▃▄▃▂▂▄▅▆▃▃▃▃▆██▇  \n         97.7                     "
        },
        "korona": {
            "current": 0.01032028253796223,
            "diff_percent": -3.4227960097494563
        },
        "crypto": {
            "current": 0.010890248963082483,
            "diff_percent": 1.910949796525872
        },
        "forex": {
            "current": 0.01108844612380085,
            "diff_percent": 3.7656788265283443
        }
    },
    "rub2usd": {
        "bank": {
            "current": 0.012000480019200769,
            "sparkline_full": "                             82.8 \n  ▃▃▅▅▅▄▆▃▂▂▃▃▃▄▅▅▃▃▃▄▆▆▄▃▃▃▅▆▇▆  \n          85.5                    "
        },
        "korona": {
            "current": 0.011451729055994573,
            "diff_percent": -4.572741776397231
        },
        "crypto": {
            "current": 0.012205137834963914,
            "diff_percent": 1.705413578754287
        },
        "forex": {
            "current": 0.012465144340138888,
            "diff_percent": 3.872047786377353
        }
    },
    "xdr": {
        "rub2xdr": {
            "current_rate": 0.008946029064700363,
            "sparkline": "▂▂▃▃▃▅▃▂▁▂▃▃▂▃▃▃▃▂▂▄▇▆▅▂▃▃▅▇██"
        },
        "usd2xdr": {
            "current_rate": 0.720178,
            "sparkline": "▅▅▅▅▅▅▃▄▅▆▆▆▅▅▅▅▆▆▆▆▆▆▆▆▆▆▆▆▆▆"
        },
        "eur2xdr": {
            "current_rate": 0.8067883421012537,
            "sparkline": "▅▅▅▅▅▇▅▄▅▅▆▆▅▅▅▄▅▅▅▅▅▆▄▄▄▄▂▂▃▃"
        },
        "cny2xdr": {
            "current_rate": 0.09988460631613985,
            "sparkline": "▄▄▄▄▄▄▂▃▄▅▄▄▄▃▃▄▅▅▅▅▅▅▆▆▆▆▆▇▇▇"
        },
        "rsd2xdr": {
            "current_rate": 0.006820584683644999,
            "sparkline": "▆▆▆▇▇▇▆▆▆▆▆▆▆▆▆▆▆▆▆▆▆▆▆▆▆▆▅▂▂▂"
        }
    },
    "neer": {
        "rub": {
            "current_rate": 97.59113722838448,
            "sparkline": "▃▂▃▃▃▃▅▄▂▂▂▂▂▂▃▄▄▂▂▃▃▄▅▅▂▂▆▆▇▆"
        },
        "usd": {
            "current_rate": 105.77131896671857,
            "sparkline": "▅▅▅▅▅▅▄▄▅▅▅▅▅▄▄▄▄▄▄▄▄▄▄▄▄▄▅▅▄▄"
        },
        "eur": {
            "current_rate": 107.57017092462269,
            "sparkline": "▆▆▆▆▆▅▆▆▆▅▆▆▅▅▅▅▅▄▅▄▄▅▄▄▄▄▃▃▃▃"
        },
        "cny": {
            "current_rate": 104.6266044122706,
            "sparkline": "▄▄▄▄▄▄▃▄▄▄▄▄▄▄▄▄▃▄▄▃▄▄▄▄▄▄▆▆▅▅"
        },
        "rsd": {
            "current_rate": 109.19744137712333,
            "sparkline": "▄▅▅▄▄▄▆▄▄▄▄▄▅▅▄▄▅▄▄▄▄▄▄▄▅▅▅▄▃▃"
        }
    },
    "update_time": "2025-05-15 14:50:45",
    "update_time_display": "15.05 14:50"
}