{
    "rub2rsd": {
        "bank": {
            "current": 1.193911629616704,
            "sparkline_full": "  1.22                            \n  ██▃▁▁▁▂▂▄▄▁▁▁▅▆▄▃▄▄▄▃▄▄▃▃▃▃▂▂▃  \n     1.18                         "
        },
        "korona": {
            "current": 1.148197114795121,
            "diff_percent": -3.828969723350399
        },
        "crypto": {
            "current": 1.2391224263150413,
            "diff_percent": 3.786779153231956
        },
        "forex": {
            "current": 1.2444520150018108,
            "diff_percent": 4.23317640362816
        }
    },
    "rub2eur": {
        "bank": {
            "current": 0.01026167265264238,
            "sparkline_full": " 95.0                             \n  ██▂▁▁▂▃▂▃▂▁▁▁▄▆▅▄▃▃▃▄▄▄▃▃▃▃▂▃▂  \n     98.2                         "
        },
        "korona": {
            "current": 0.009831657252068315,
            "diff_percent": -4.190500078594272
        },
        "crypto": {
            "current": 0.010632804159123613,
            "diff_percent": 3.616676530659608
        },
        "forex": {
            "current": 0.010621463548910559,
            "diff_percent": 3.506162284133396
        }
    },
    "rub2usd": {
        "bank": {
            "current": 0.011940298507462687,
            "sparkline_full": "  81.4                            \n  ██▃▂▂▂▃▁▄▃▁▁▁▅▆▅▂▁▁▁▁▁▁▁▂▂▁▁▁▂  \n             84.3                 "
        },
        "korona": {
            "current": 0.011191005017496307,
            "diff_percent": -6.275332978468431
        },
        "crypto": {
            "current": 0.012347772571885485,
            "diff_percent": 3.4125952895409366
        },
        "forex": {
            "current": 0.012302362545703277,
            "diff_percent": 3.0322863202649413
        }
    },
    "xdr": {
        "rub2xdr": {
            "current_rate": 0.008671576105309647,
            "sparkline": "█▆▂▂▁▁▂▁▁▃▇▆▅▆▆▅▅▅▄▄▅▄▄▅▄▄▃▃▃▃"
        },
        "usd2xdr": {
            "current_rate": 0.704773,
            "sparkline": "▄▃▃▃▃▃▃▃▄▄▄▄▃▃▃▃▄▄▄▅▆▆▆▆▅▅▅▅▄▄"
        },
        "eur2xdr": {
            "current_rate": 0.8164200785869181,
            "sparkline": "▅▅▅▄▄▄▄▃▄▄▄▄▄▅▄▃▄▄▄▄▄▄▅▆▅▅▄▅▅▅"
        },
        "cny2xdr": {
            "current_rate": 0.09921768755367225,
            "sparkline": "▄▃▃▃▃▃▃▃▄▄▄▄▄▄▄▄▄▄▄▅▆▆▆▆▅▅▅▅▅▅"
        },
        "rsd2xdr": {
            "current_rate": 0.00696818840804965,
            "sparkline": "▅▅▅▅▄▄▄▃▄▄▄▄▄▅▄▃▄▃▄▄▄▄▅▆▅▅▄▅▅▅"
        }
    },
    "neer": {
        "rub": {
            "current_rate": 95.12799242706281,
            "sparkline": "▅█▇▂▁▇▁▂▁▂▆▅▁█▅█▅▅▃▅▅▄▃▃▄▃▃▃▃▂"
        },
        "usd": {
            "current_rate": 104.36737330638216,
            "sparkline": "▄▄▃▃▃▃▄▄▄▄▄▄▄▄▃▅▅▅▄▅▅▆▅▅▄▅▅▅▄▄"
        },
        "eur": {
            "current_rate": 110.3015364705676,
            "sparkline": "▅▅▅▅▅▅▄▄▄▅▅▅▅▅▅▄▄▄▅▄▄▄▄▄▅▅▄▄▅▅"
        },
        "cny": {
            "current_rate": 106.32748371728415,
            "sparkline": "▄▄▃▃▃▄▄▄▅▅▄▄▅▅▅▅▅▅▅▅▆▅▆▅▅▅▅▅▅▆"
        },
        "rsd": {
            "current_rate": 110.38152610067338,
            "sparkline": "▅▅▅▄▅▅▅▅▅▄▄▄▄▅▄▆▄▄▃▃▄▄▄▄▄▄▅▄▄▄"
        }
    },
    "update_time": "2025-11-13 09:20:55",
    "update_time_display": "13.11 09:20"
}