{
    "rub2rsd": {
        "bank": {
            "current": 1.327991729128974,
            "sparkline_full": "    1.35                          \n  ▇▇▇██▇▇▆▅▃▁▂▃▃▄▆▇▆▆▅▅▅▆ ▃   ▆▅  \n           1.30                   "
        },
        "korona": {
            "current": 1.2847012284935344,
            "diff_percent": -3.2598471576200034
        },
        "crypto": {
            "current": 1.43634983063115,
            "diff_percent": 8.15954641323314
        },
        "forex": {
            "current": 1.3848169459975954,
            "diff_percent": 4.279033944427719
        }
    },
    "rub2eur": {
        "bank": {
            "current": 0.011336583153837435,
            "sparkline_full": "     85.8                         \n  ▇▆▆████▇▅▃▁▂▂▂▃▆▆▆▆▅▅▅▆ ▅▅▅▅▅▃  \n           89.4                   "
        },
        "korona": {
            "current": 0.01099287987872391,
            "diff_percent": -3.0318065897764015
        },
        "crypto": {
            "current": 0.012207370195282069,
            "diff_percent": 7.681212492583113
        },
        "forex": {
            "current": 0.011796018836260014,
            "diff_percent": 4.052682154649574
        }
    },
    "rub2usd": {
        "bank": {
            "current": 0.012923235978288964,
            "sparkline_full": "     73.7                         \n  ▇▇▇█████▅▃▂▂▃▃▃▅▆▆▅▅▅▅▆ ▃▃▃▃▃▁  \n                              77.4"
        },
        "korona": {
            "current": 0.012324455376952554,
            "diff_percent": -4.633364293141138
        },
        "crypto": {
            "current": 0.01388899772218317,
            "diff_percent": 7.473064374253363
        },
        "forex": {
            "current": 0.013401232913428035,
            "diff_percent": 3.6987402841061368
        }
    },
    "xdr": {
        "rub2xdr": {
            "current_rate": 0.009623960992464549,
            "sparkline": "▅▄▅▆▆▅▅▄▃▁▁▁▁▁▂▄▅▅▄▃▃▃▄ ▂▂██▂▂"
        },
        "usd2xdr": {
            "current_rate": 0.716966,
            "sparkline": "▁▁▁▁▁▁▁▁▁▁▁▁▁▁▃▃▃▂▂▂▂▂▂ ▂▂██▃▄"
        },
        "eur2xdr": {
            "current_rate": 0.8158651767222741,
            "sparkline": "▃▃▃▃▃▃▃▃▃▃▃▃▂▂▃▃▃▃▃▃▃▃▃ ▁▁█▇▃▃"
        },
        "cny2xdr": {
            "current_rate": 0.10581743044793743,
            "sparkline": "▁▁▁▁▁▁▁▁▁▁▁▁▁▁▃▃▃▂▂▂▂▂▂ ▂▂██▃▄"
        },
        "rsd2xdr": {
            "current_rate": 0.006949626822721781,
            "sparkline": "▃▃▃▃▃▃▃▃▃▃▃▃▂▂▃▃▃▃▃▃▃▃▃ ▁▁█▇▃▃"
        }
    },
    "neer": {
        "rub": {
            "current_rate": 104.25762493771218,
            "sparkline": "█▇▆█▇▇▇▇▆▅▃▁▂▂▁▃▇▇▆▄▄▆▅▄▄▄▄▄▄▂"
        },
        "usd": {
            "current_rate": 103.46445112224286,
            "sparkline": "▃▃▃▄▃▄▄▃▃▄▄▄▅▅▄▄▅▄▄▄▄▄▄▄▅▆▅▆▆▆"
        },
        "eur": {
            "current_rate": 108.41336412243339,
            "sparkline": "▅▅▅▅▅▅▅▅▅▅▅▅▄▄▅▅▅▅▅▄▅▅▅▅▄▄▄▄▄▄"
        },
        "cny": {
            "current_rate": 112.94011879602259,
            "sparkline": "▄▄▄▄▄▃▃▅▅▅▅▅▅▅▆▆▆▆▆▄▄▅▅▄▄▅▅▅▅▅"
        },
        "rsd": {
            "current_rate": 109.18826716706775,
            "sparkline": "▇▇▇▇▇▂▂▇▇█▇▇▂▂▇▇▇▇▇▂▂▇█▂▂▁▁▁▂▂"
        }
    },
    "specific_rates": {
        "rub_kzt_bank": 6.32,
        "rub_kzt_crypto": 6.805608883869753,
        "kzt_rsd_bank": 0.2110538315,
        "rsd_eur_cash": 0.008456659619450317,
        "eur_rsd_cash": 116.86666666666667,
        "rsd_usd_cash": 0.009593246354566385,
        "usd_rsd_cash": 100.41,
        "eur_usd_exch": 1.137941236714536,
        "usd_kzt_bank": 483.0
    },
    "conversion_rates": {
        "rub_usd": {
            "rub_to_usd": [
                0.012923235978288964,
                0.01277139208173691
            ],
            "usd_to_rub": [
                72.49,
                73.7
            ]
        },
        "rub_eur": {
            "rub_to_eur": [
                0.011336583153837435,
                0.011273957158962795
            ],
            "eur_to_rub": [
                82.53,
                83.6
            ]
        },
        "rub_kzt": {
            "rub_to_kzt": [
                6.32,
                6.211180124223603
            ],
            "kzt_to_rub": [
                0.14992503748125938,
                0.151
            ]
        },
        "rub_rsd": {
            "rub_to_rsd": [
                1.4015165914
            ],
            "rsd_to_rub": [
                0.7135127804666815
            ]
        },
        "usd_eur": {
            "usd_to_eur": [
                0.8701705534284719
            ],
            "eur_to_usd": [
                1.1292
            ]
        },
        "usd_kzt": {
            "usd_to_kzt": [
                483.0
            ],
            "kzt_to_usd": [
                0.0020408163265306124
            ]
        },
        "usd_rsd": {
            "usd_to_rsd": [
                102.76
            ],
            "rsd_to_usd": [
                0.009731413001167769
            ]
        },
        "eur_kzt": {
            "eur_to_kzt": [
                550.5
            ],
            "kzt_to_eur": [
                0.0017937219730941704
            ]
        },
        "eur_rsd": {
            "eur_to_rsd": [
                117.9272580315
            ],
            "rsd_to_eur": [
                0.008479803708595397
            ]
        },
        "kzt_rsd": {
            "kzt_to_rsd": [
                0.2110538315
            ],
            "rsd_to_kzt": [
                4.7381276752608965
            ]
        },
        "eur_usd_forex": {
            "eur_to_usd": [
                1.137941236714536
            ],
            "usd_to_eur": [
                0.87878
            ]
        }
    },
    "update_time": "2026-06-23 19:20:44",
    "update_time_display": "23.06 19:20"
}