{
    "rub2rsd": {
        "bank": {
            "current": 1.1824984125805982,
            "sparkline_full": "                1.24              \n    ▅▅▅▅▅▆▇▇▇▇▇▇▇██▇▇▇▇▆▅▄▄▄▄▄▂▁  \n                              1.18"
        },
        "korona": {
            "current": 1.146817927306437,
            "diff_percent": -3.0173812408166154
        },
        "crypto": {
            "current": 1.1860499697659443,
            "diff_percent": 0.30034350554395306
        },
        "forex": {
            "current": 1.2485353434829682,
            "diff_percent": 5.584525966360994
        }
    },
    "rub2eur": {
        "bank": {
            "current": 0.010164667615368978,
            "sparkline_full": "                 93.4             \n    ▅▅▅▅▅▆▇▇▇▇▇▇▇██▇▇▇▇▇▆▅▄▄▄▄▂▁  \n                              98.4"
        },
        "korona": {
            "current": 0.009813045584481777,
            "diff_percent": -3.4592575398682914
        },
        "crypto": {
            "current": 0.010052025600510857,
            "diff_percent": -1.108172142174197
        },
        "forex": {
            "current": 0.010654743862522431,
            "diff_percent": 4.821370119495669
        }
    },
    "rub2usd": {
        "bank": {
            "current": 0.01177717583323519,
            "sparkline_full": "             80.1                 \n    ▇▇▇▇▇▇██████████████▇▆▆▆▆▅▂▁  \n                              84.9"
        },
        "korona": {
            "current": 0.011255451244542516,
            "diff_percent": -4.4299634825894945
        },
        "crypto": {
            "current": 0.01162435871885478,
            "diff_percent": -1.2975701182040544
        },
        "forex": {
            "current": 0.012162535256149073,
            "diff_percent": 3.2720868599617785
        }
    },
    "xdr": {
        "rub2xdr": {
            "current_rate": 0.008534158022561458,
            "sparkline": "  ▄█████▃▄▄▃▃▃▄▄▄▄▄▄▄▄▃▃▂▂▂▂▁▁"
        },
        "usd2xdr": {
            "current_rate": 0.69341,
            "sparkline": "  ▃▇▇▇▇▇▂▂▂▂▂▂▂▃▃▃▃▃▃▂▂▂▂▂▂▂▂▂"
        },
        "eur2xdr": {
            "current_rate": 0.8009726120756373,
            "sparkline": "  ▄█████▂▂▂▂▂▂▂▂▂▂▂▂▂▂▂▂▂▂▂▂▁▁"
        },
        "cny2xdr": {
            "current_rate": 0.09664250871080138,
            "sparkline": "  ▃▇▇▇▇▇▂▂▂▂▂▂▂▂▂▂▂▂▂▂▂▂▂▂▂▂▂▂"
        },
        "rsd2xdr": {
            "current_rate": 0.006835335553060277,
            "sparkline": "  ▄█████▂▂▂▂▂▂▂▂▂▂▂▂▂▂▂▂▂▂▂▂▁▁"
        }
    },
    "neer": {
        "rub": {
            "current_rate": 95.25449767407237,
            "sparkline": "▄▅▄▄▅▄▅▅▆▆▇▇▆▇▆▇▇▇▆▆▆▆▅▅▄▄▄▄▂▂"
        },
        "usd": {
            "current_rate": 104.14153014513732,
            "sparkline": "▄▄▄▄▄▄▄▄▄▄▅▄▄▅▅▅▅▅▅▅▅▅▄▄▄▄▄▄▅▅"
        },
        "eur": {
            "current_rate": 109.93791738848964,
            "sparkline": "▅▅▅▅▅▅▄▄▄▄▄▄▄▄▄▄▄▄▄▄▄▅▅▅▅▅▅▅▄▄"
        },
        "cny": {
            "current_rate": 104.09977597492303,
            "sparkline": "▄▄▄▄▄▄▄▄▄▄▅▅▅▅▅▅▅▅▅▅▅▅▄▄▅▅▅▅▅▅"
        },
        "rsd": {
            "current_rate": 110.34786896044157,
            "sparkline": "▅▅▅▅▅▅▅▅▅▅▅▅▄▄▄▄▅▄▄▄▅▅▅▅▅▅▅▅▅▄"
        }
    },
    "update_time": "2025-07-30 10:05:40",
    "update_time_display": "30.07 10:05"
}