{
    "rub2rsd": {
        "bank": {
            "current": 1.1445776163362495,
            "sparkline_full": "  1.21                            \n  ▇██▆▆▆▇▇▇▆▆▆▆▆▆▆▆▄▄▄▃▂▁▁▂▂▃▃▂▂  \n                       1.13       "
        },
        "korona": {
            "current": 1.1071262888573947,
            "diff_percent": -3.272065340464645
        },
        "crypto": {
            "current": 1.09501277960114,
            "diff_percent": -4.330404161996876
        },
        "forex": {
            "current": 1.193614819631302,
            "diff_percent": 4.284305633375796
        }
    },
    "rub2eur": {
        "bank": {
            "current": 0.009875567845151095,
            "sparkline_full": "  96.5                            \n  ███▇▇▇▇▇▇▇▇▇▇▇▇▆▆▅▅▅▃▂▁▂▂▂▃▃▃▃  \n                       103        "
        },
        "korona": {
            "current": 0.009482880418478756,
            "diff_percent": -3.9763528824841057
        },
        "crypto": {
            "current": 0.00942226273004842,
            "diff_percent": -4.590167595529687
        },
        "forex": {
            "current": 0.01019082201522272,
            "diff_percent": 3.192263726145269
        }
    },
    "rub2usd": {
        "bank": {
            "current": 0.011695906432748537,
            "sparkline_full": "  82.0                            \n  ▇█▇▆▆▆▇▆▆▆▆▆▆▆▆▅▅▅▅▅▄▂▁▂▂▂▃▄▄▄  \n                       87.6       "
        },
        "korona": {
            "current": 0.010843548372746276,
            "diff_percent": -7.2876614130193325
        },
        "crypto": {
            "current": 0.011136975984230026,
            "diff_percent": -4.778855334833273
        },
        "forex": {
            "current": 0.012023204785235504,
            "diff_percent": 2.7984009137635666
        }
    },
    "xdr": {
        "rub2xdr": {
            "current_rate": 0.00828639040216244,
            "sparkline": "▇████▇███████▇▇▆▆▆▆▅▂▁▁▁▂▂▃▃▂▁"
        },
        "usd2xdr": {
            "current_rate": 0.689851,
            "sparkline": "▅▅▆▅▅▅▅▅▆▅▅▅▅▅▅▅▅▅▅▅▄▅▅▄▄▄▄▄▄▃"
        },
        "eur2xdr": {
            "current_rate": 0.8131228658281442,
            "sparkline": "▄▄▄▅▄▄▄▄▄▄▄▄▄▄▄▄▅▄▄▄▄▄▄▄▄▄▄▅▅▄"
        },
        "cny2xdr": {
            "current_rate": 0.09698044508174827,
            "sparkline": "▄▄▅▅▄▄▅▅▅▅▅▅▅▅▅▅▅▅▄▅▄▅▅▅▄▄▅▅▅▄"
        },
        "rsd2xdr": {
            "current_rate": 0.006942265013701859,
            "sparkline": "▄▄▄▅▄▄▄▄▄▄▄▄▄▄▄▄▅▄▄▄▄▄▄▄▄▄▄▅▅▄"
        }
    },
    "neer": {
        "rub": {
            "current_rate": 90.80843873752183,
            "sparkline": "████▇██████████▇▇▇▆▆▅▄▂▁▃▃▁▁▃▃"
        },
        "usd": {
            "current_rate": 102.99762657104878,
            "sparkline": "▅▅▅▅▅▅▅▅▅▅▅▅▅▅▅▅▅▅▅▅▄▅▅▄▄▄▄▄▄▄"
        },
        "eur": {
            "current_rate": 111.05014261814733,
            "sparkline": "▄▄▄▅▅▄▄▄▄▄▄▄▄▄▄▄▄▄▅▅▅▄▄▄▄▅▅▅▅▅"
        },
        "cny": {
            "current_rate": 104.31287410208833,
            "sparkline": "▄▄▅▄▄▄▅▅▅▅▅▅▅▅▅▅▅▅▅▅▅▅▅▅▅▅▅▄▄▄"
        },
        "rsd": {
            "current_rate": 110.88044573516042,
            "sparkline": "▄▄▄▄▄▅▄▄▄▄▄▄▄▅▄▄▄▄▄▄▅▅▅▅▅▄▄▅▅▅"
        }
    },
    "update_time": "2025-09-18 19:50:43",
    "update_time_display": "18.09 19:50"
}