{
    "rub2rsd": {
        "bank": {
            "current": 1.2270091922950408,
            "sparkline_full": "                            1.23  \n  ▃▂▃▃▃▅▄▅ ▅▄▄▄▅▃▃▃▃▃▃▄▄▅▄▄▄▅▇▆▆  \n  1.19                            "
        },
        "korona": {
            "current": 1.185010998789158,
            "diff_percent": -3.4228100139435766
        },
        "crypto": {
            "current": 1.2699590206977953,
            "diff_percent": 3.5003672892148154
        },
        "forex": {
            "current": 1.28312842514984,
            "diff_percent": 4.573660344779642
        }
    },
    "rub2eur": {
        "bank": {
            "current": 0.0105977108944468,
            "sparkline_full": "                              94.4\n  ▂▃▃▃▃▄▅▄▄▅▅▅▄▅▄▃▃▄▄▄▅▅▆▅▄▄▅▇▇▇  \n 98.5                             "
        },
        "korona": {
            "current": 0.010145642112920874,
            "diff_percent": -4.265721022478633
        },
        "crypto": {
            "current": 0.010918727103302666,
            "diff_percent": 3.029108946763961
        },
        "forex": {
            "current": 0.010972114211351289,
            "diff_percent": 3.5328696983107615
        }
    },
    "rub2usd": {
        "bank": {
            "current": 0.012012012012012012,
            "sparkline_full": "                            83.2  \n  ▁▁▄▄▄▆▇▆▆▇▇▇▇█▆▅▅▆▆▆▇▇▇▆▆▆▇███  \n 89.1                             "
        },
        "korona": {
            "current": 0.011221695064291267,
            "diff_percent": -6.579388589775201
        },
        "crypto": {
            "current": 0.012352073518408035,
            "diff_percent": 2.8310120407468933
        },
        "forex": {
            "current": 0.012366870637586383,
            "diff_percent": 2.954198057906642
        }
    },
    "xdr": {
        "rub2xdr": {
            "current_rate": 0.008932911967829419,
            "sparkline": "      ▃▂▂▄▄▄▆▃▂▁▂▃▃▂▃▃▄▃▃▂▅█▇█"
        },
        "usd2xdr": {
            "current_rate": 0.720178,
            "sparkline": "      ▅▅▅▅▅▅▅▃▄▅▆▆▆▅▅▅▅▆▆▆▆▆▆▆"
        },
        "eur2xdr": {
            "current_rate": 0.8141468267426348,
            "sparkline": "      ▃▄▄▄▄▄▆▄▃▃▄▅▅▄▄▃▃▄▃▃▄▄▄▄"
        },
        "cny2xdr": {
            "current_rate": 0.0996737874289827,
            "sparkline": "      ▄▄▄▄▄▄▄▂▃▄▅▅▅▅▄▄▄▅▅▅▅▅▆▇"
        },
        "rsd2xdr": {
            "current_rate": 0.0069618222094848066,
            "sparkline": "      ▄▄▄▄▅▅▅▄▅▄▅▅▅▄▅▅▄▅▅▅▅▅▅▅"
        }
    },
    "neer": {
        "rub": {
            "current_rate": 96.81374156109165,
            "sparkline": "▃▂▂▂▂▂▅▅▅▆▅▆▆▇▆▅▄▅▅▄▅▅▆▆▅▅▄▇▆▇"
        },
        "usd": {
            "current_rate": 105.42299159609043,
            "sparkline": "▇▆▄▄▄▄▄▄▄▄▃▃▄▃▃▃▃▃▃▃▃▃▃▃▃▃▃▃▂▃"
        },
        "eur": {
            "current_rate": 108.42480531094519,
            "sparkline": "▄▄▅▅▅▅▅▅▅▅▅▅▅▅▅▅▅▅▅▅▅▅▄▄▄▄▄▄▄▄"
        },
        "cny": {
            "current_rate": 103.71459282191094,
            "sparkline": "▆▆▅▄▄▄▄▄▄▄▄▄▄▃▄▄▄▄▄▄▄▄▄▅▄▄▃▄▄▄"
        },
        "rsd": {
            "current_rate": 109.59813249404182,
            "sparkline": "▄▃▅▅▅▅▄▅▅▅▄▄▆▅▄▅▅▄▄▅▅▄▄▄▅▅▄▄▄▄"
        }
    },
    "update_time": "2025-05-08 04:05:48",
    "update_time_display": "08.05 04:05"
}