{
    "rub2rsd": {
        "bank": {
            "current": 1.2439485124116627,
            "sparkline_full": "            1.26                  \n  ▆▇▅▅▅▆▆▆▅▅▅█▇▆▇▇▅▇▆▅▆▆▆▆▅▂▁▂▂▅  \n                           1.22   "
        },
        "korona": {
            "current": 1.1899407717300485,
            "diff_percent": -4.34163794905856
        },
        "crypto": {
            "current": 1.2253020122353837,
            "diff_percent": -1.498976845924976
        },
        "forex": {
            "current": 1.286005151806615,
            "diff_percent": 3.380898724933262
        }
    },
    "rub2eur": {
        "bank": {
            "current": 0.010711225364181662,
            "sparkline_full": "            92.1                  \n  ▅▅▇▆▆▅▅▅▄▄▅▇▇▇▇▆▅▇▆▅▅▅▆▆▅▂▂▃▃▅  \n                          95.0    "
        },
        "korona": {
            "current": 0.010192212177559301,
            "diff_percent": -4.8455071103063565
        },
        "crypto": {
            "current": 0.010494544950992658,
            "diff_percent": -2.022928337532543
        },
        "forex": {
            "current": 0.010972353816646047,
            "diff_percent": 2.4378952322074965
        }
    },
    "rub2usd": {
        "bank": {
            "current": 0.012403870007442322,
            "sparkline_full": "                              80.6\n  ▂▂▂▃▄▄▅▅▄▄▃▆▆▆▆▆▅▇▆▆▆▆▆▇▆▄▄▄▄▇  \n 83.1                             "
        },
        "korona": {
            "current": 0.011311224065874986,
            "diff_percent": -8.808911580915863
        },
        "crypto": {
            "current": 0.012128608526534067,
            "diff_percent": -2.21915805908235
        },
        "forex": {
            "current": 0.01265777921795177,
            "diff_percent": 2.0470160551271737
        }
    },
    "xdr": {
        "rub2xdr": {
            "current_rate": 0.008980963610437275,
            "sparkline": "▅▂▂▂▂▂▃▃▂▁▁▃▄▅█▄▃▂▂▃▃▃▃▃▃▁▁▁▁▂"
        },
        "usd2xdr": {
            "current_rate": 0.70726,
            "sparkline": "▇▄▄▄▃▄▄▄▃▃▃▃▃▃▇▄▃▃▃▃▃▃▃▃▃▃▂▂▂▂"
        },
        "eur2xdr": {
            "current_rate": 0.818508385758792,
            "sparkline": "▅▃▃▃▃▃▃▃▃▃▂▃▃▃▇▄▃▃▃▃▃▃▃▃▃▄▃▃▃▃"
        },
        "cny2xdr": {
            "current_rate": 0.09850143450043174,
            "sparkline": "▇▄▄▄▃▄▄▄▃▃▃▃▃▃▇▄▃▃▃▃▃▃▃▃▃▃▂▂▂▂"
        },
        "rsd2xdr": {
            "current_rate": 0.006983614021934963,
            "sparkline": "▆▃▃▃▃▃▃▃▃▃▂▃▃▃▇▄▃▃▃▃▃▃▃▃▃▄▃▃▃▃"
        }
    },
    "neer": {
        "rub": {
            "current_rate": 96.63545622083642,
            "sparkline": "▂▃▂▂▃▃▃▃▂▃▃▄▆██▅▄▅▅▄▅▅▄▃▆▂▁▁▁▁"
        },
        "usd": {
            "current_rate": 103.97096566005068,
            "sparkline": "▆▆▆▅▅▅▄▄▄▄▅▅▅▅▅▄▄▄▄▄▄▄▄▄▄▃▃▃▃▃"
        },
        "eur": {
            "current_rate": 109.27344740237136,
            "sparkline": "▃▄▃▄▄▃▄▄▄▄▄▃▄▄▄▅▄▄▅▅▅▄▄▅▅▆▆▆▆▆"
        },
        "cny": {
            "current_rate": 103.44903293992121,
            "sparkline": "▆▅▅▄▄▅▄▄▄▄▄▅▄▄▄▄▄▄▄▄▄▄▄▄▄▃▃▃▃▃"
        },
        "rsd": {
            "current_rate": 110.02063401313536,
            "sparkline": "▄▃▄▄▅▄▃▃▅▅▄▃▄▄▄▄▄▆▆▄▄▄▄▄▄▅▅▅▅▅"
        }
    },
    "update_time": "2025-06-16 16:20:44",
    "update_time_display": "16.06 16:20"
}