{
    "rub2rsd": {
        "bank": {
            "current": 1.2153012987752376,
            "sparkline_full": "           1.24                   \n  ▅▅▅▆▇▇▇▇▆▇██▇▇▇▇▆▅▄▃▃▃▃▁▁▄▆▄▄▄  \n                        1.19      "
        },
        "korona": {
            "current": 1.1685019904568168,
            "diff_percent": -3.8508399822813053
        },
        "crypto": {
            "current": 1.1845525921956592,
            "diff_percent": -2.530130315055738
        },
        "forex": {
            "current": 1.275833772466195,
            "diff_percent": 4.98086143345367
        }
    },
    "rub2eur": {
        "bank": {
            "current": 0.010435145570280706,
            "sparkline_full": "            93.4                  \n  ▅▅▅▆▇▇▇▇▇▇██▇▇▇▇▇▅▄▃▃▃▃▁▁▄▆▅▅▄  \n                        97.6      "
        },
        "korona": {
            "current": 0.010008582359373163,
            "diff_percent": -4.087755250126982
        },
        "crypto": {
            "current": 0.010154813469330726,
            "diff_percent": -2.6864225234036625
        },
        "forex": {
            "current": 0.01090650851185776,
            "diff_percent": 4.517071069132904
        }
    },
    "rub2usd": {
        "bank": {
            "current": 0.01210507202517855,
            "sparkline_full": "        80.1                      \n  ▇▇▇█████████▇▇▇██▇▆▅▅▅▅▁▁▂▃▃▃▃  \n                         84.1     "
        },
        "korona": {
            "current": 0.011462457194050358,
            "diff_percent": -5.308641119949994
        },
        "crypto": {
            "current": 0.011755755647813664,
            "diff_percent": -2.8857025934113265
        },
        "forex": {
            "current": 0.012448819789639843,
            "diff_percent": 2.839700282214742
        }
    },
    "xdr": {
        "rub2xdr": {
            "current_rate": 0.008872603677406133,
            "sparkline": "███▃▄▄▃▃▃▄▄▄▄▄▄▄▄▃▃▂▂▂▂▁▁▁▁▂▂▃"
        },
        "usd2xdr": {
            "current_rate": 0.703852,
            "sparkline": "▇▇▇▂▂▂▂▂▂▂▃▃▃▃▃▃▂▂▂▂▂▂▂▂▂▂▂▂▂▃"
        },
        "eur2xdr": {
            "current_rate": 0.8135145787269749,
            "sparkline": "███▂▂▂▂▂▂▂▃▂▃▃▃▃▃▃▃▂▃▃▂▁▁▁▁▂▂▂"
        },
        "cny2xdr": {
            "current_rate": 0.0975972711389667,
            "sparkline": "▇▇▇▂▂▂▂▂▂▂▃▃▃▃▃▃▂▂▂▂▂▂▂▂▂▂▂▂▂▂"
        },
        "rsd2xdr": {
            "current_rate": 0.006954357118369215,
            "sparkline": "███▃▃▂▂▂▂▂▃▂▃▃▃▃▃▃▃▂▃▃▂▁▁▁▁▂▂▃"
        }
    },
    "neer": {
        "rub": {
            "current_rate": 97.00647105502813,
            "sparkline": "▄▄▅▆▆▇▇▆▇▆▇█▇▆▆▆▆▆▅▅▃▃▅▅▁▃▃▄▄▄"
        },
        "usd": {
            "current_rate": 104.29769904376508,
            "sparkline": "▃▃▃▄▄▄▄▄▄▄▅▅▄▄▄▄▄▃▃▄▄▄▄▅▅▆▆▅▅▅"
        },
        "eur": {
            "current_rate": 110.09530262505842,
            "sparkline": "▅▅▅▅▅▅▅▅▅▅▄▄▅▅▅▅▅▅▅▅▆▆▅▄▄▃▃▅▅▄"
        },
        "cny": {
            "current_rate": 103.99977793465374,
            "sparkline": "▃▃▄▄▄▄▄▄▄▄▅▅▅▅▅▄▄▄▄▄▄▄▅▅▅▆▆▄▄▅"
        },
        "rsd": {
            "current_rate": 110.29810069839446,
            "sparkline": "▅▅▅▅▅▄▄▄▄▅▅▅▄▄▄▄▅▅▅▅▅▅▄▅▄▄▄▄▄▄"
        }
    },
    "update_time": "2025-08-04 06:35:43",
    "update_time_display": "04.08 06:35"
}