{
    "rub2rsd": {
        "bank": {
            "current": 1.246314320039651,
            "sparkline_full": "                           1.26   \n  ▆▆▅▂  ▁▁▂▂▂▃▄▅▅▅▅▆▆▇▇▇▇▇▆████▇  \n        1.16                      "
        },
        "korona": {
            "current": 1.1981889917754254,
            "diff_percent": -3.861411803620652
        },
        "crypto": {
            "current": 1.231997138828093,
            "diff_percent": -1.1487616712213016
        },
        "forex": {
            "current": 1.2963235976666176,
            "diff_percent": 4.012573459428412
        }
    },
    "rub2eur": {
        "bank": {
            "current": 0.010658708164570456,
            "sparkline_full": "                           92.2   \n  ▆▆▅▂  ▁▁▂▂▂▃▄▅▅▅▅▅▆▆▇▇▇▆▆████▇  \n       99.8                       "
        },
        "korona": {
            "current": 0.01025721284386447,
            "diff_percent": -3.7668290988635604
        },
        "crypto": {
            "current": 0.01051352593272475,
            "diff_percent": -1.3620996991764016
        },
        "forex": {
            "current": 0.01104158388012515,
            "diff_percent": 3.592139963334147
        }
    },
    "rub2usd": {
        "bank": {
            "current": 0.01262945188178833,
            "sparkline_full": "                           78.6   \n  ▆▆▅▃  ▁▁▂▂▂▂▃▄▄▄▅▅▅▅▆▆▆▆▆█████  \n        85.0                      "
        },
        "korona": {
            "current": 0.011837862589581019,
            "diff_percent": -6.267804015697489
        },
        "crypto": {
            "current": 0.012431674155164671,
            "diff_percent": -1.566004039406128
        },
        "forex": {
            "current": 0.013170961717282673,
            "diff_percent": 4.287674877444207
        }
    },
    "xdr": {
        "rub2xdr": {
            "current_rate": 0.009013874183775026,
            "sparkline": "▃▄▃▂▃▂▁▁▁▁▁▂▃▃▄▄▅▅▅▆▆▆▆▆▆████▆"
        },
        "usd2xdr": {
            "current_rate": 0.688082,
            "sparkline": "▄▄▄▄▄▄▄▄▅▅▅▅▅▅▅▅▅▅▅▅▆▆▆▅▅▅▄▄▄▃"
        },
        "eur2xdr": {
            "current_rate": 0.8163569902321713,
            "sparkline": "▄▄▄▄▄▄▄▄▄▄▄▄▄▄▄▄▄▄▄▄▄▄▄▅▅▄▄▅▅▄"
        },
        "cny2xdr": {
            "current_rate": 0.09894481033044777,
            "sparkline": "▃▃▄▄▄▄▄▄▄▄▄▅▅▅▅▅▅▅▅▅▆▆▆▅▅▅▄▄▄▃"
        },
        "rsd2xdr": {
            "current_rate": 0.006953413638384736,
            "sparkline": "▄▄▄▄▄▄▄▅▄▄▄▄▄▄▄▅▄▄▄▄▄▄▅▅▅▅▅▅▅▄"
        }
    },
    "neer": {
        "rub": {
            "current_rate": 100.45974319601027,
            "sparkline": "▄▄▄▃▃▄▄▄▄▄▄▄▄▃▃▄▃▃▄▄▅▅▄▄▄▅▆▆▆▆"
        },
        "usd": {
            "current_rate": 101.8162628714416,
            "sparkline": "▅▅▅▅▅▅▅▅▅▅▅▅▅▅▅▅▅▅▅▅▅▅▅▅▅▅▄▄▄▄"
        },
        "eur": {
            "current_rate": 110.67841345723674,
            "sparkline": "▅▅▅▅▅▅▅▅▄▅▄▄▄▄▄▅▄▄▄▄▄▄▄▅▅▄▅▅▅▅"
        },
        "cny": {
            "current_rate": 107.0588312698768,
            "sparkline": "▄▄▄▄▄▄▄▅▅▄▄▅▅▅▅▅▅▅▅▅▅▅▅▅▅▅▅▄▄▄"
        },
        "rsd": {
            "current_rate": 109.99720806661963,
            "sparkline": "▅▅▅▅▅▅▅▅▅▅▅▅▅▅▅▅▄▄▅▅▅▄▅▄▅▅▅▅▅▅"
        }
    },
    "specific_rates": {
        "rub_kzt_bank": 6.39,
        "rub_kzt_crypto": 6.302858796668488,
        "kzt_rsd_bank": 0.19546640319457761,
        "rsd_eur_cash": 0.008443908323281062,
        "eur_rsd_cash": 116.81428571428572,
        "rsd_usd_cash": 0.009879795817553105,
        "usd_rsd_cash": 96.925,
        "eur_usd_exch": 1.1864239875947509,
        "usd_kzt_bank": 500.0
    },
    "update_time": "2026-01-26 12:50:48",
    "update_time_display": "26.01 12:50"
}