{
    "rub2rsd": {
        "bank": {
            "current": 1.234872145710345,
            "sparkline_full": "                     1.26         \n  ▁▁▁▁▁▁▃▃▄▃▂▂▃▅▅▃▃▃▃▄███▇███▇▇▆  \n 1.19                             "
        },
        "korona": {
            "current": 1.197134779723401,
            "diff_percent": -3.0559735368584278
        },
        "crypto": {
            "current": 1.2835654324259398,
            "diff_percent": 3.9431844733678467
        },
        "forex": {
            "current": 1.2963510396103013,
            "diff_percent": 4.978563498538645
        }
    },
    "rub2eur": {
        "bank": {
            "current": 0.010628122010840685,
            "sparkline_full": "                     92.5         \n  ▁▁▁▂▂▂▃▃▄▃▂▂▄▅▆▃▃▃▃▆███▇▇▇▇██▆  \n  97.7                            "
        },
        "korona": {
            "current": 0.010269223930717573,
            "diff_percent": -3.3768720358783524
        },
        "crypto": {
            "current": 0.010996932535465988,
            "diff_percent": 3.4701382261994844
        },
        "forex": {
            "current": 0.011048432237992302,
            "diff_percent": 3.9546989272695647
        }
    },
    "rub2usd": {
        "bank": {
            "current": 0.01208313194780087,
            "sparkline_full": "                             82.7 \n  ▃▂▂▃▃▃▄▄▅▃▃▃▄▆▆▄▃▃▃▄▆▇▇▆▆▆▇▇▇▇  \n   85.5                           "
        },
        "korona": {
            "current": 0.011413058994741251,
            "diff_percent": -5.5455237595214
        },
        "crypto": {
            "current": 0.012477495159753115,
            "diff_percent": 3.2637499421167857
        },
        "forex": {
            "current": 0.012538713277243489,
            "diff_percent": 3.770391082467116
        }
    },
    "xdr": {
        "rub2xdr": {
            "current_rate": 0.009018074502530175,
            "sparkline": "▁▁▁▂▂▁▂▂▂▂▂▁▃▄▄▃▁▂▂▃▄▅▅▄██▅▆▅▅"
        },
        "usd2xdr": {
            "current_rate": 0.720204,
            "sparkline": "▂▂▂▂▂▂▂▂▂▂▂▂▂▂▂▂▂▂▂▂▂▂▂▂▇▇▄▄▃▂"
        },
        "eur2xdr": {
            "current_rate": 0.8162311455845902,
            "sparkline": "▃▃▄▄▄▄▄▃▃▄▄▄▄▄▄▃▃▃▃▂▂▃▃▃▇▇▄▄▄▄"
        },
        "cny2xdr": {
            "current_rate": 0.0999797320746859,
            "sparkline": "▁▁▂▂▂▂▁▁▂▂▂▂▂▂▂▃▃▃▃▃▃▃▃▃██▄▄▄▃"
        },
        "rsd2xdr": {
            "current_rate": 0.006956506553380106,
            "sparkline": "▄▄▄▄▄▄▄▄▃▄▄▄▄▄▄▄▄▄▄▃▂▂▂▂▇▇▄▄▄▄"
        }
    },
    "neer": {
        "rub": {
            "current_rate": 97.35818455905259,
            "sparkline": "▄▂▂▂▂▂▂▃▄▄▂▂▃▃▄▅▅▂▂▆▆▇▆▇▅▅▅▆▅▆"
        },
        "usd": {
            "current_rate": 104.96425431726763,
            "sparkline": "▅▅▅▅▅▅▅▅▅▅▅▅▄▄▄▅▅▅▅▅▅▅▅▅▅▅▅▄▄▄"
        },
        "eur": {
            "current_rate": 108.08414952373076,
            "sparkline": "▆▆▆▆▆▆▅▅▅▅▅▅▅▄▅▄▄▄▄▃▃▃▃▃▃▃▃▄▄▄"
        },
        "cny": {
            "current_rate": 103.89357673702203,
            "sparkline": "▄▄▄▄▄▄▄▄▄▃▄▄▃▄▄▄▄▄▄▆▆▅▅▅▅▅▅▅▄▄"
        },
        "rsd": {
            "current_rate": 109.35309244630027,
            "sparkline": "▅▄▅▅▄▅▅▅▅▅▅▅▅▅▄▅▄▅▅▅▄▄▄▄▄▄▄▄▄▄"
        }
    },
    "update_time": "2025-05-22 07:35:47",
    "update_time_display": "22.05 07:35"
}