{
    "rub2rsd": {
        "bank": {
            "current": 1.2005784313195396,
            "sparkline_full": "         1.23                     \n  ▅▄▅▅▄▁▁▆█▆▅▆▅▅▆▆▄▄▄▅▄▄▄▃▃▂▂▃▅▃  \n      1.19                        "
        },
        "korona": {
            "current": 1.1500157131054867,
            "diff_percent": -4.211529783895926
        },
        "crypto": {
            "current": 1.1329771565922435,
            "diff_percent": -5.630725404003502
        },
        "forex": {
            "current": 1.2405926698154812,
            "diff_percent": 3.332913323452142
        }
    },
    "rub2eur": {
        "bank": {
            "current": 0.010260619741432383,
            "sparkline_full": "         94.8                     \n  ▅▄▅▅▄▁▁▆█▆▆▆▆▅▆▆▅▅▅▅▄▄▄▄▄▃▂▄▄▁  \n      97.6                        "
        },
        "korona": {
            "current": 0.00985024165400845,
            "diff_percent": -3.999544840033642
        },
        "crypto": {
            "current": 0.009654409709745678,
            "diff_percent": -5.908122968818624
        },
        "forex": {
            "current": 0.010590842085114332,
            "diff_percent": 3.2183469615242752
        }
    },
    "rub2usd": {
        "bank": {
            "current": 0.01203079884504331,
            "sparkline_full": " 81.3                             \n  █▇▇▇▆▁▁▃▅▅▅▅▅▅▇▇▆▆▅▆▆▆▅▅▅▅▄▄▆▃  \n       84.1                       "
        },
        "korona": {
            "current": 0.011043432322845746,
            "diff_percent": -8.206990532506158
        },
        "crypto": {
            "current": 0.011297713490127922,
            "diff_percent": -6.093405470056709
        },
        "forex": {
            "current": 0.012383931601068982,
            "diff_percent": 2.935239468085383
        }
    },
    "xdr": {
        "rub2xdr": {
            "current_rate": 0.008719721434127478,
            "sparkline": "▇▆▆▆▄▁▁▃▃▅▅██▇█▇▆▇▇███▇▇▇▅▄▄▅▅"
        },
        "usd2xdr": {
            "current_rate": 0.702356,
            "sparkline": "▃▃▃▃▃▃▃▃▃▃▃▆▆▆▆▅▅▅▅▅▅▅▅▆▅▄▄▄▅▅"
        },
        "eur2xdr": {
            "current_rate": 0.8233265460905363,
            "sparkline": "▆▆▆▆▅▃▂▁▁▃▃▆▆▇▇▆▆▆▆▆█▇▇█▇▆▅▅▆█"
        },
        "cny2xdr": {
            "current_rate": 0.09801638360523046,
            "sparkline": "▄▄▄▄▄▃▃▃▃▃▃▆▆▆▆▅▅▅▅▅▆▆▆▆▅▄▄▄▅▆"
        },
        "rsd2xdr": {
            "current_rate": 0.007028673992910502,
            "sparkline": "▆▆▆▆▅▃▂▁▁▃▃▆▆▇▇▆▆▆▆▇█▇▇█▇▆▆▅▆█"
        }
    },
    "neer": {
        "rub": {
            "current_rate": 95.75993295364104,
            "sparkline": "██▆▆██▁▃█▇▆▅█▆▅▇▆▆▇▇▅▆▆▅▅▆▄▄▄▄"
        },
        "usd": {
            "current_rate": 104.4010620931159,
            "sparkline": "▂▃▃▃▄▅▅▆▇▅▅▅▅▄▄▄▄▄▄▄▃▃▄▄▄▄▄▅▄▅"
        },
        "eur": {
            "current_rate": 110.36620586685785,
            "sparkline": "▆▆▆▆▅▄▄▃▃▅▅▄▄▅▅▅▅▅▅▅▅▅▅▆▆▅▅▅▅▅"
        },
        "cny": {
            "current_rate": 104.28160038989508,
            "sparkline": "▃▄▄▄▄▅▅▆▆▄▄▅▅▄▄▄▄▄▄▄▄▄▄▄▄▄▄▄▅▅"
        },
        "rsd": {
            "current_rate": 110.47621259175176,
            "sparkline": "▅▅▅▅▆▅▄▄▄▄▄▅▄▄▅▅▄▄▅▅▄▅▅▄▅▃▃▄▄▄"
        }
    },
    "update_time": "2025-08-22 21:50:49",
    "update_time_display": "22.08 21:50"
}