{
    "rub2rsd": {
        "bank": {
            "current": 1.2258080846321402,
            "sparkline_full": "                            1.23  \n  ▄▄▃▂▃▃▃▂▃▃▂▂▂▂▂▁▂▁▁▁▁▁▁▂▆████▇  \n                     1.19         "
        },
        "korona": {
            "current": 1.1902594443527053,
            "diff_percent": -2.9000167909728654
        },
        "crypto": {
            "current": 1.276586214319062,
            "diff_percent": 4.142420850663598
        },
        "forex": {
            "current": 1.2886939669845277,
            "diff_percent": 5.130157252247136
        }
    },
    "rub2eur": {
        "bank": {
            "current": 0.010529640939243972,
            "sparkline_full": "                            94.4  \n  ▃▅▄▃▂▂▃▃▃▃▂▂▂▂▁▂▂▂▂▂▁▁▂▃▆████▇  \n                     97.7         "
        },
        "korona": {
            "current": 0.010191823988341207,
            "diff_percent": -3.208247582723566
        },
        "crypto": {
            "current": 0.010922677318532142,
            "diff_percent": 3.732666494099748
        },
        "forex": {
            "current": 0.010981461029827473,
            "diff_percent": 4.290935400271509
        }
    },
    "rub2usd": {
        "bank": {
            "current": 0.012208521548040533,
            "sparkline_full": "                            81.8  \n  ▅▆▅▃▂▂▂▂▂▂▂▂▂▂▂▂▃▃▂▂▂▂▂▂▆▇▇▇▇▇  \n               84.2               "
        },
        "korona": {
            "current": 0.011518872019381409,
            "diff_percent": -5.648919289246884
        },
        "crypto": {
            "current": 0.012638500192324547,
            "diff_percent": 3.521955075330361
        },
        "forex": {
            "current": 0.012723601389926216,
            "diff_percent": 4.219018984885626
        }
    },
    "xdr": {
        "rub2xdr": {
            "current_rate": 0.008971360187799525,
            "sparkline": "▄▄▃▃▃▂▂▃▂▂▃▂▂▁▁▁▂▂▂▄▁▁▂▃▆▇████"
        },
        "usd2xdr": {
            "current_rate": 0.704694,
            "sparkline": "▃▃▃▄▄▃▅▅▅▅▅▄▄▄▄▄▄▄▄▆▃▄▄▄▅▅▅▅▅▄"
        },
        "eur2xdr": {
            "current_rate": 0.8169550630313964,
            "sparkline": "▄▃▂▃▃▃▃▃▃▃▄▄▄▃▃▃▄▄▄▇▃▃▃▂▃▃▃▃▄▄"
        },
        "cny2xdr": {
            "current_rate": 0.09952742782893623,
            "sparkline": "▃▃▂▃▃▃▄▄▄▄▅▄▄▃▄▃▄▄▄▇▃▃▄▄▅▅▅▅▅▄"
        },
        "rsd2xdr": {
            "current_rate": 0.0069615908956197035,
            "sparkline": "▄▃▂▃▂▃▃▃▃▃▄▄▄▃▄▃▄▄▄▇▃▃▃▂▃▃▃▃▄▃"
        }
    },
    "neer": {
        "rub": {
            "current_rate": 98.02917958086044,
            "sparkline": "▆▄▅▃▃▃▃▄▄▂▁▁▁▁▂▁▁▂▂▂▂▁▂▃▅▇▇▇█▇"
        },
        "usd": {
            "current_rate": 104.50770335241307,
            "sparkline": "▄▄▅▅▅▅▅▅▅▅▅▅▅▄▄▄▄▄▄▄▄▅▄▅▅▅▅▅▅▄"
        },
        "eur": {
            "current_rate": 110.19749685537285,
            "sparkline": "▅▅▄▄▄▄▄▄▄▄▅▅▅▅▅▅▅▅▅▅▅▅▅▄▄▄▄▄▄▅"
        },
        "cny": {
            "current_rate": 106.88597576676358,
            "sparkline": "▄▃▄▄▄▄▄▄▄▄▄▄▄▄▄▄▄▄▄▄▄▅▄▅▅▆▅▅▅▅"
        },
        "rsd": {
            "current_rate": 110.06821292926243,
            "sparkline": "▅▄▅▄▄▄▄▄▄▄▄▄▄▄▄▄▄▄▄▄▅▅▄▄▄▄▄▄▄▄"
        }
    },
    "specific_rates": {
        "rub_kzt_bank": 6.36,
        "rub_kzt_crypto": 6.597297100393414,
        "kzt_rsd_bank": 0.19350139835947905,
        "rsd_eur_cash": 0.00849514563106796,
        "eur_rsd_cash": 116.78571428571429,
        "rsd_usd_cash": 0.00967761446803363,
        "usd_rsd_cash": 99.5375,
        "eur_usd_exch": 1.1593046954158774,
        "usd_kzt_bank": 516.0
    },
    "update_time": "2025-11-26 20:50:40",
    "update_time_display": "26.11 20:50"
}