{
    "rub2rsd": {
        "bank": {
            "current": 1.1838191357658912,
            "sparkline_full": "                     1.22         \n  ▁▁▁▁▂▃▄▃▂▂▁▂▃▅▅▅▅▅▇██▅▄▄▅▅▅▆▆▄  \n 1.15                             "
        },
        "korona": {
            "current": 1.150246872042794,
            "diff_percent": -2.8359284546770693
        },
        "crypto": {
            "current": 1.3642445267139394,
            "diff_percent": 15.240959154737693
        },
        "forex": {
            "current": 1.2679628966681076,
            "diff_percent": 7.107822331979643
        }
    },
    "rub2eur": {
        "bank": {
            "current": 0.010183299389002037,
            "sparkline_full": "                    95.0          \n  ▁▁▁▁▂▃▄▃▂▂▂▃▄▅▅▆▆▆▇██▅▄▄▅▅▅▅▅▄  \n 101                              "
        },
        "korona": {
            "current": 0.009852221602079606,
            "diff_percent": -3.2511838675782703
        },
        "crypto": {
            "current": 0.011708590244596993,
            "diff_percent": 14.97835620194247
        },
        "forex": {
            "current": 0.010803959740840412,
            "diff_percent": 6.094884655052839
        }
    },
    "rub2usd": {
        "bank": {
            "current": 0.011865211200759373,
            "sparkline_full": "                     81.4         \n  ▁▁▁▁▂▄▅▄▃▃▂▃▄▅▄▅▅▅▆██▅▄▄▅▅▄▅▅▄  \n 86.2                             "
        },
        "korona": {
            "current": 0.011289579506869825,
            "diff_percent": -4.851423916101114
        },
        "crypto": {
            "current": 0.013614891709027216,
            "diff_percent": 14.746307323681378
        },
        "forex": {
            "current": 0.012350054895994013,
            "diff_percent": 4.086262663437541
        }
    },
    "xdr": {
        "rub2xdr": {
            "current_rate": 0.00881924625851786,
            "sparkline": "▁▁▁▁▂▃▃▂▂▃▂▂▄▅▆▅▅▆▇█▇▅▅▅▅▅▄▅▆█"
        },
        "usd2xdr": {
            "current_rate": 0.70218,
            "sparkline": "▄▄▄▄▄▄▄▄▄▄▄▄▅▅▅▅▅▅▅▅▅▅▅▅▄▅▅▅▅▅"
        },
        "eur2xdr": {
            "current_rate": 0.8162975862618156,
            "sparkline": "▄▅▅▅▅▅▅▄▄▅▄▄▄▄▅▅▅▄▅▅▅▅▅▅▄▄▄▅▅▅"
        },
        "cny2xdr": {
            "current_rate": 0.09859932177686039,
            "sparkline": "▄▄▄▄▄▄▄▄▄▄▄▄▅▅▅▅▅▅▅▅▅▅▅▅▅▅▅▅▅▅"
        },
        "rsd2xdr": {
            "current_rate": 0.006955445054183095,
            "sparkline": "▄▅▅▅▅▅▅▄▅▅▄▄▄▄▅▅▅▄▅▅▅▅▅▅▄▄▄▄▅▄"
        }
    },
    "neer": {
        "rub": {
            "current_rate": 96.86718022035667,
            "sparkline": "▁▁▁▁▁▂▃▄▂▂▅▂▄▄▅▅▄▅▆▇██▅▅█▅▅▅▅▇"
        },
        "usd": {
            "current_rate": 104.2831738849646,
            "sparkline": "▄▄▄▄▄▄▄▄▄▄▄▄▅▄▅▅▅▅▅▅▅▄▄▄▄▅▅▅▅▅"
        },
        "eur": {
            "current_rate": 110.34704514878813,
            "sparkline": "▅▅▅▅▅▅▅▅▅▅▄▅▄▄▄▄▄▄▄▄▄▅▄▄▄▄▄▄▄▄"
        },
        "cny": {
            "current_rate": 105.74351907442157,
            "sparkline": "▄▄▄▄▄▄▄▄▄▄▄▅▅▅▅▅▅▅▅▅▅▅▅▅▅▅▅▅▅▅"
        },
        "rsd": {
            "current_rate": 110.36867530894366,
            "sparkline": "▅▅▅▅▅▅▅▅▅▅▅▅▄▅▄▅▅▅▅▄▅▅▄▄▄▄▄▄▄▄"
        }
    },
    "update_time": "2025-10-25 08:35:47",
    "update_time_display": "25.10 08:35"
}