{
    "rub2rsd": {
        "bank": {
            "current": 1.23224214481933,
            "sparkline_full": "                              1.23\n   ▄▃▂▃▃▃▅▄▅ ▅▄▄▄▅▃▃▃▃▃▃▄▄▅▄▄▄▅▇  \n    1.19                          "
        },
        "korona": {
            "current": 1.1869095461620673,
            "diff_percent": -3.678870979040341
        },
        "crypto": {
            "current": 1.2451178068086384,
            "diff_percent": 1.0448970637338708
        },
        "forex": {
            "current": 1.2752197628579236,
            "diff_percent": 3.4877575174070206
        }
    },
    "rub2eur": {
        "bank": {
            "current": 0.0105977108944468,
            "sparkline_full": "                              94.4\n   ▄▂▃▃▃▃▄▅▄▄▅▅▅▄▅▄▃▃▄▄▄▅▅▆▅▄▄▅▇  \n   98.5                           "
        },
        "korona": {
            "current": 0.010161896799332769,
            "diff_percent": -4.112341801495996
        },
        "crypto": {
            "current": 0.010706084292138417,
            "diff_percent": 1.022611380618104
        },
        "forex": {
            "current": 0.010869341584014454,
            "diff_percent": 2.563107186760391
        }
    },
    "rub2usd": {
        "bank": {
            "current": 0.012012012012012012,
            "sparkline_full": "                              83.2\n   ▁▁▁▄▄▄▆▇▆▆▇▇▇▇█▆▅▅▆▆▆▇▇▇▆▆▆▇█  \n   89.1                           "
        },
        "korona": {
            "current": 0.011239673732595334,
            "diff_percent": -6.429716176143846
        },
        "crypto": {
            "current": 0.01211151620693651,
            "diff_percent": 0.8283724227464515
        },
        "forex": {
            "current": 0.012207970095356454,
            "diff_percent": 1.6313510438424796
        }
    },
    "xdr": {
        "rub2xdr": {
            "current_rate": 0.008877853267038242,
            "sparkline": "        ▄▃▃▄▄▄▇▄▂▁▂▄▄▃▄▄▄▄▃▃▆█"
        },
        "usd2xdr": {
            "current_rate": 0.720178,
            "sparkline": "        ▆▆▆▆▆▆▅▃▄▅▆▆▆▆▅▅▆▆▆▆▆▆"
        },
        "eur2xdr": {
            "current_rate": 0.8167793052060214,
            "sparkline": "        ▃▄▄▄▄▄▇▄▃▃▄▅▅▄▄▃▂▄▃▃▄▄"
        },
        "cny2xdr": {
            "current_rate": 0.09872213845099383,
            "sparkline": "        ▅▅▅▆▆▆▅▃▄▅▆▆▆▆▅▅▆▆▆▆▆▆"
        },
        "rsd2xdr": {
            "current_rate": 0.0069618222094848066,
            "sparkline": "        ▄▄▄▄▅▅▅▄▅▄▅▅▅▄▅▅▄▅▅▅▅▅"
        }
    },
    "neer": {
        "rub": {
            "current_rate": 96.8047463429554,
            "sparkline": "▅▃▃▂▂▂▂▂▅▅▅▆▅▆▆▇▆▅▄▅▅▅▅▅▆▆▅▅▄▇"
        },
        "usd": {
            "current_rate": 105.58491966945705,
            "sparkline": "▆▆▆▅▄▄▄▄▄▄▄▄▃▃▄▃▃▃▃▃▃▃▃▃▃▃▃▃▃▃"
        },
        "eur": {
            "current_rate": 108.15817886907116,
            "sparkline": "▃▃▄▄▅▆▆▆▅▅▅▅▅▅▅▆▅▅▅▅▅▅▅▅▄▄▄▄▄▄"
        },
        "cny": {
            "current_rate": 103.6812286319572,
            "sparkline": "▆▆▅▅▄▄▄▄▄▄▄▄▄▄▄▃▄▄▄▄▄▄▄▄▄▄▄▄▃▄"
        },
        "rsd": {
            "current_rate": 109.39816084530814,
            "sparkline": "▄▄▄▃▅▅▅▅▄▅▅▅▄▄▆▅▄▅▅▄▄▅▅▄▄▄▅▅▄▄"
        }
    },
    "update_time": "2025-05-06 15:50:45",
    "update_time_display": "06.05 15:50"
}