{
    "rub2rsd": {
        "bank": {
            "current": 1.170242824028446,
            "sparkline_full": " 1.24                             \n  █▇▇▇▇▇▇█▇▇▇▇▇▇▆▇▆▆▆▆▅▄▂▂▁▁▁▁▁▄  \n                            1.12  "
        },
        "korona": {
            "current": 1.1455992649431777,
            "diff_percent": -2.105850049174858
        },
        "crypto": {
            "current": 1.1949401599808605,
            "diff_percent": 2.110445408876456
        },
        "forex": {
            "current": 1.251209780315385,
            "diff_percent": 6.918816729695318
        }
    },
    "rub2eur": {
        "bank": {
            "current": 0.010097950116126426,
            "sparkline_full": "         93.5                     \n  █▇▇▇▇▇█▇█▇▇▇▇▇▆▇▆▆▆▆▅▄▂▂▁▁▁▁▂▄  \n                           104    "
        },
        "korona": {
            "current": 0.00980341669266778,
            "diff_percent": -2.916764492510974
        },
        "crypto": {
            "current": 0.010267150661135975,
            "diff_percent": 1.675592997229566
        },
        "forex": {
            "current": 0.0106548903143779,
            "diff_percent": 5.515378783284356
        }
    },
    "rub2usd": {
        "bank": {
            "current": 0.011648223645894002,
            "sparkline_full": " 79.3                             \n  ███████▇▇▆▆▆▆▆▆▆▅▅▅▅▄▃▁▁▁▁▁▁▁▃  \n                           89.9   "
        },
        "korona": {
            "current": 0.011038728704405257,
            "diff_percent": -5.232514072680875
        },
        "crypto": {
            "current": 0.011819898754949747,
            "diff_percent": 1.47383081124357
        },
        "forex": {
            "current": 0.01217561127656414,
            "diff_percent": 4.5276228093031365
        }
    },
    "xdr": {
        "rub2xdr": {
            "current_rate": 0.008669200791980214,
            "sparkline": "████▇▇███▇▆▆█▇▆▇▆▇▇▆▄▂▁▁▂▂▃▄▅▄"
        },
        "usd2xdr": {
            "current_rate": 0.705441,
            "sparkline": "▃▃▃▃▃▃▄▅▅▅▅▅▅▅▅▅▆▆▆▆▆▅▆▅▅▅▅▅▅▅"
        },
        "eur2xdr": {
            "current_rate": 0.8136358551041898,
            "sparkline": "▅▅▅▅▅▄▄▅▅▄▅▅▅▅▄▄▄▄▅▅▅▄▅▅▅▅▅▅▅▄"
        },
        "cny2xdr": {
            "current_rate": 0.10210169049962367,
            "sparkline": "▃▃▃▃▃▃▄▄▄▄▄▄▅▅▅▅▅▆▆▆▆▅▆▅▅▅▅▅▄▅"
        },
        "rsd2xdr": {
            "current_rate": 0.006928654913323185,
            "sparkline": "▅▅▅▅▅▄▄▅▄▄▅▅▅▅▄▄▄▄▅▅▅▄▅▅▄▄▅▅▄▄"
        }
    },
    "neer": {
        "rub": {
            "current_rate": 95.28429886700982,
            "sparkline": "▇▇▇▆▆▇▇▇▇▇▅▆▇▆▆▆▆▅▅▆▄▄▃▂▃▂▂▄▄▄"
        },
        "usd": {
            "current_rate": 103.5137558145977,
            "sparkline": "▄▄▄▄▄▄▅▄▅▅▅▅▅▄▄▅▅▅▅▅▅▅▅▅▅▅▅▅▅▅"
        },
        "eur": {
            "current_rate": 109.71356307727241,
            "sparkline": "▅▅▅▅▅▅▅▅▅▄▅▅▄▄▄▄▄▄▄▄▄▄▄▅▅▅▅▅▅▅"
        },
        "cny": {
            "current_rate": 110.21985247973728,
            "sparkline": "▄▄▄▄▄▄▅▄▅▅▄▄▅▅▅▅▅▅▅▅▅▅▅▅▅▅▅▅▅▅"
        },
        "rsd": {
            "current_rate": 110.08161697874233,
            "sparkline": "▆▆▆▃▃▆▆▅▅▆▃▃▆▅▆▅▅▃▃▅▅▅▆▅▃▃▆▆▃▃"
        }
    },
    "specific_rates": {
        "rub_kzt_bank": 5.65,
        "rub_kzt_crypto": 5.7444707949055775,
        "kzt_rsd_bank": 0.20801570808586586,
        "rsd_eur_cash": 0.0084530853761623,
        "eur_rsd_cash": 116.85714285714286,
        "rsd_usd_cash": 0.009635767970707265,
        "usd_rsd_cash": 99.31,
        "eur_usd_exch": 1.1533719405367562,
        "usd_kzt_bank": 479.0
    },
    "update_time": "2026-03-26 23:35:40",
    "update_time_display": "26.03 23:35"
}