{
    "rub2rsd": {
        "bank": {
            "current": 1.2410701613767403,
            "sparkline_full": "                             1.24 \n  ▃▂▃▃▂▂▂▂▂▂▂▁▂▂▁▁▂▂▅▇▇▇▇▆▇▇▇▇██  \n               1.19               "
        },
        "korona": {
            "current": 1.201286766937773,
            "diff_percent": -3.2055717458257957
        },
        "crypto": {
            "current": 1.284675648982239,
            "diff_percent": 3.513539279449475
        },
        "forex": {
            "current": 1.3052129621633493,
            "diff_percent": 5.168346059940257
        }
    },
    "rub2eur": {
        "bank": {
            "current": 0.010691756655618518,
            "sparkline_full": "                              93.5\n  ▂▂▂▂▂▂▂▂▁▂▂▂▂▂▁▁▂▂▅▆▆▆▆▅▇▇▇▇▇█  \n               97.7               "
        },
        "korona": {
            "current": 0.01028939414935994,
            "diff_percent": -3.7632965210364833
        },
        "crypto": {
            "current": 0.011094180604003273,
            "diff_percent": 3.7638711892426144
        },
        "forex": {
            "current": 0.011114643460665524,
            "diff_percent": 3.9552602876046428
        }
    },
    "rub2usd": {
        "bank": {
            "current": 0.012431626056688214,
            "sparkline_full": "                              80.4\n  ▂▁▁▁▁▂▂▂▁▁▂▂▂▂▁▁▁▂▄▅▅▅▅▅▆▇▇▇██  \n         84.2                     "
        },
        "korona": {
            "current": 0.011679041726689845,
            "diff_percent": -6.053788350506884
        },
        "crypto": {
            "current": 0.012874460074704386,
            "diff_percent": 3.562156840922084
        },
        "forex": {
            "current": 0.012909372333407778,
            "diff_percent": 3.8429910499321673
        }
    },
    "xdr": {
        "rub2xdr": {
            "current_rate": 0.009067295723371534,
            "sparkline": "▂▂▂▂▃▂▂▁▁▁▂▂▂▄▁▁▂▃▅▆▆▇▇▆▇█████"
        },
        "usd2xdr": {
            "current_rate": 0.70274,
            "sparkline": "▄▅▅▅▅▄▄▄▄▄▄▄▄▆▃▃▄▄▄▅▅▅▅▄▄▃▃▃▃▃"
        },
        "eur2xdr": {
            "current_rate": 0.8157972638043219,
            "sparkline": "▃▃▃▄▄▄▄▃▄▄▄▄▄▆▃▃▃▃▃▃▃▄▄▄▄▃▃▃▄▃"
        },
        "cny2xdr": {
            "current_rate": 0.09939042500530373,
            "sparkline": "▄▄▄▄▅▄▄▃▃▃▄▄▄▆▃▃▃▃▄▄▄▅▅▄▄▄▄▄▄▄"
        },
        "rsd2xdr": {
            "current_rate": 0.006946985653852823,
            "sparkline": "▃▃▃▄▄▄▄▃▄▄▄▄▄▆▃▃▃▃▃▃▃▃▄▃▃▃▃▃▃▃"
        }
    },
    "neer": {
        "rub": {
            "current_rate": 99.33107135740188,
            "sparkline": "▃▃▃▁▁▁▁▁▁▁▁▂▂▂▂▁▁▂▂▆▆▂▅▅▆▇███▇"
        },
        "usd": {
            "current_rate": 104.27187049863583,
            "sparkline": "▅▅▅▅▅▅▄▄▄▄▄▄▄▄▄▄▄▅▅▅▅▅▅▄▄▄▄▄▄▄"
        },
        "eur": {
            "current_rate": 110.26356375102081,
            "sparkline": "▄▄▄▄▅▅▅▅▅▅▅▅▅▅▅▅▅▄▄▄▄▄▄▅▅▄▄▅▅▅"
        },
        "cny": {
            "current_rate": 106.89507852088751,
            "sparkline": "▄▄▄▄▄▄▄▄▄▄▄▄▄▄▄▄▄▅▅▅▅▅▅▅▅▅▅▅▅▅"
        },
        "rsd": {
            "current_rate": 110.05476575374551,
            "sparkline": "▅▅▅▅▅▅▅▅▅▅▅▅▅▅▅▅▄▄▄▄▄▄▅▄▄▄▄▄▄▄"
        }
    },
    "specific_rates": {
        "rub_kzt_bank": 6.34,
        "rub_kzt_crypto": 6.578849098173941,
        "kzt_rsd_bank": 0.19527361546244013,
        "rsd_eur_cash": 0.008483563096500531,
        "eur_rsd_cash": 116.75,
        "rsd_usd_cash": 0.009722109697804423,
        "usd_rsd_cash": 99.075,
        "eur_usd_exch": 1.1608806440565813,
        "usd_kzt_bank": 505.0
    },
    "update_time": "2025-12-02 21:50:47",
    "update_time_display": "02.12 21:50"
}