{
    "rub2rsd": {
        "bank": {
            "current": 1.190573607276531,
            "sparkline_full": "    1.24                          \n  鈻団枃鈻堚枅鈻団枃鈻団枃鈻団枃鈻団枃鈻嗏枃鈻団枂鈻呪杽鈻傗杺鈻佲杹鈻佲杹鈻佲杽鈻呪枀鈻呪枀  \n                        1.12      "
        },
        "korona": {
            "current": 1.161460030478886,
            "diff_percent": -2.445340348526876
        },
        "crypto": {
            "current": 1.1980572809676941,
            "diff_percent": 0.6285771535186565
        },
        "forex": {
            "current": 1.2449016572792302,
            "diff_percent": 4.563182794466284
        }
    },
    "rub2eur": {
        "bank": {
            "current": 0.010267994660642776,
            "sparkline_full": "     93.5                         \n  鈻団枃鈻堚枅鈻堚枃鈻団枃鈻団枃鈻団枃鈻嗏枂鈻嗏枂鈻呪杻鈻傗杹鈻佲杹鈻佲杹鈻佲杻鈻呪枀鈻呪枀  \n                       104        "
        },
        "korona": {
            "current": 0.009945426263555466,
            "diff_percent": -3.1414936192333096
        },
        "crypto": {
            "current": 0.010270555883823461,
            "diff_percent": 0.02494375255669726
        },
        "forex": {
            "current": 0.010653728962415189,
            "diff_percent": 3.7566663649615304
        }
    },
    "rub2usd": {
        "bank": {
            "current": 0.011806375442739079,
            "sparkline_full": " 80.2                             \n  鈻堚枅鈻堚枅鈻団枃鈻団枃鈻団枃鈻団枃鈻嗏枂鈻嗏枀鈻勨杻鈻傗杹鈻佲杹鈻佲杹鈻佲杻鈻勨枀鈻呪枀  \n                       89.9       "
        },
        "korona": {
            "current": 0.011255236676614109,
            "diff_percent": -4.668145349078499
        },
        "crypto": {
            "current": 0.01178588380110889,
            "diff_percent": -0.17356420460770228
        },
        "forex": {
            "current": 0.01232372452532094,
            "diff_percent": 4.381946729468369
        }
    },
    "xdr": {
        "rub2xdr": {
            "current_rate": 0.008648423970027276,
            "sparkline": "鈻団枃鈻堚枅鈻堚枃鈻嗏枂鈻堚枃鈻嗏枃鈻嗏枃鈻団枂鈻勨杺鈻佲杹鈻傗杺鈻冣杽鈻呪杽鈻勨杽鈻勨杽"
        },
        "usd2xdr": {
            "current_rate": 0.706596,
            "sparkline": "鈻冣杻鈻勨枀鈻呪枀鈻呪枀鈻呪枀鈻呪枀鈻嗏枂鈻嗏枂鈻嗏枀鈻嗏枀鈻呪枀鈻呪枀鈻呪枀鈻呪枀鈻呪枀"
        },
        "eur2xdr": {
            "current_rate": 0.81177435624068,
            "sparkline": "鈻呪杽鈻勨枀鈻呪杽鈻呪枀鈻呪枀鈻勨杽鈻勨杽鈻呪枀鈻呪杽鈻呪枀鈻呪枀鈻呪枀鈻呪杽鈻勨枀鈻呪杽"
        },
        "cny2xdr": {
            "current_rate": 0.10222964908092623,
            "sparkline": "鈻冣杻鈻勨杽鈻勨杽鈻勨杽鈻呪枀鈻呪枀鈻呪枂鈻嗏枂鈻嗏枀鈻嗏枀鈻呪枀鈻呪枀鈻勨枀鈻呪枀鈻呪枀"
        },
        "rsd2xdr": {
            "current_rate": 0.006947074027460663,
            "sparkline": "鈻呪杽鈻勨枀鈻勨杽鈻呪枀鈻呪枀鈻勨杽鈻勨杽鈻呪枀鈻呪杽鈻呪枀鈻勨杽鈻呪枀鈻勨杽鈻勨杽鈻勨枀"
        }
    },
    "neer": {
        "rub": {
            "current_rate": 94.99654161997498,
            "sparkline": "鈻嗏枃鈻堚枃鈻団枃鈻呪枂鈻団枃鈻嗏枂鈻嗏枀鈻呪枂鈻勨杽鈻冣杹鈻冣杺鈻佲杽鈻勨杽鈻勨杽鈻勨杽"
        },
        "usd": {
            "current_rate": 104.0597101913953,
            "sparkline": "鈻勨杽鈻勨杽鈻勨杽鈻呪枀鈻呪杽鈻勨杽鈻呪枀鈻呪枀鈻勨枀鈻呪枀鈻呪枀鈻勨枀鈻呪枀鈻呪枀鈻呪枀"
        },
        "eur": {
            "current_rate": 109.94410264634503,
            "sparkline": "鈻呪枀鈻呪枀鈻呪杽鈻呪枀鈻勨杽鈻勨杽鈻勨杽鈻勨杽鈻勨杽鈻勨枀鈻呪枀鈻呪枀鈻呪枀鈻呪枀鈻呪枀"
        },
        "cny": {
            "current_rate": 110.53238088714815,
            "sparkline": "鈻勨杽鈻呪杽鈻呪枀鈻勨杽鈻呪枀鈻呪枀鈻呪枀鈻呪枀鈻呪枀鈻呪枀鈻呪枀鈻呪枀鈻呪枀鈻呪枀鈻呪枀"
        },
        "rsd": {
            "current_rate": 110.06073804792062,
            "sparkline": "鈻冣枂鈻嗏枀鈻呪枂鈻冣杻鈻嗏枀鈻嗏枀鈻呪杻鈻冣枀鈻呪枀鈻嗏枀鈻冣杻鈻嗏枂鈻冣杻鈻冣杻鈻冣杻"
        }
    },
    "specific_rates": {
        "rub_kzt_bank": 5.75,
        "rub_kzt_crypto": 5.751511294941138,
        "kzt_rsd_bank": 0.20830303889370266,
        "rsd_eur_cash": 0.008450704225352114,
        "eur_rsd_cash": 116.78333333333335,
        "rsd_usd_cash": 0.009690593202741052,
        "usd_rsd_cash": 99.60714285714286,
        "eur_usd_exch": 1.1488521817851785,
        "usd_kzt_bank": 481.0
    },
    "update_time": "2026-03-30 01:06:30",
    "update_time_display": "30.03 01:06"
}