{
    "rub2rsd": {
        "bank": {
            "current": 1.2542344669641532,
            "sparkline_full": "                            1.26  \n  ▆▆▆▅▂  ▁▁▂▂▂▃▄▅▅▅▅▆▆▇▇▇▇▇▆████  \n         1.16                     "
        },
        "korona": {
            "current": 1.2092596941138192,
            "diff_percent": -3.585834549675107
        },
        "crypto": {
            "current": 1.2491324792308445,
            "diff_percent": -0.4067810180386743
        },
        "forex": {
            "current": 1.3211794497396705,
            "diff_percent": 5.337517389197266
        }
    },
    "rub2eur": {
        "bank": {
            "current": 0.010830715910321672,
            "sparkline_full": "                            92.2  \n  ▆▆▆▅▂  ▁▁▂▂▂▃▄▅▅▅▅▅▆▆▇▇▇▆▆████  \n        99.8                      "
        },
        "korona": {
            "current": 0.010351984662830787,
            "diff_percent": -4.4201256080833415
        },
        "crypto": {
            "current": 0.010731356275023113,
            "diff_percent": -0.9173875127115936
        },
        "forex": {
            "current": 0.011253181787964965,
            "diff_percent": 3.9006274482805288
        }
    },
    "rub2usd": {
        "bank": {
            "current": 0.012709710218607015,
            "sparkline_full": "                            78.6  \n  ▆▆▆▅▃  ▁▁▂▂▂▂▃▄▄▄▅▅▅▅▆▆▆▆▆████  \n         85.0                     "
        },
        "korona": {
            "current": 0.011851614120684277,
            "diff_percent": -6.751500098456106
        },
        "crypto": {
            "current": 0.012567399531516744,
            "diff_percent": -1.119700486026256
        },
        "forex": {
            "current": 0.013170961717282673,
            "diff_percent": 3.629126791580072
        }
    },
    "xdr": {
        "rub2xdr": {
            "current_rate": 0.009180731679648864,
            "sparkline": "▃▃▄▃▂▃▂▁▁▁▁▁▂▃▃▄▄▅▅▅▆▆▆▆▆▆████"
        },
        "usd2xdr": {
            "current_rate": 0.68969,
            "sparkline": "▄▄▄▄▄▄▄▄▄▅▄▅▅▅▅▅▅▅▅▅▅▆▆▅▅▅▅▄▄▃"
        },
        "eur2xdr": {
            "current_rate": 0.8158342993683315,
            "sparkline": "▄▄▄▄▄▄▄▄▄▄▄▄▄▄▄▄▄▄▄▄▄▄▄▄▅▅▄▄▅▄"
        },
        "cny2xdr": {
            "current_rate": 0.09904642913561099,
            "sparkline": "▃▃▃▄▄▄▄▄▄▄▄▄▅▅▅▅▅▅▅▅▅▆▆▆▅▅▅▄▄▄"
        },
        "rsd2xdr": {
            "current_rate": 0.006948890766850685,
            "sparkline": "▄▄▄▄▄▄▄▄▅▄▄▄▄▄▄▄▅▄▄▄▄▄▄▅▅▅▅▅▅▄"
        }
    },
    "neer": {
        "rub": {
            "current_rate": 100.60199885558143,
            "sparkline": "▄▄▄▄▃▃▄▄▄▄▄▄▄▄▃▃▄▃▃▄▄▅▅▄▄▄▅▆▆▆"
        },
        "usd": {
            "current_rate": 102.11092989469603,
            "sparkline": "▅▅▅▅▅▅▅▅▅▅▅▅▅▅▅▅▅▅▅▅▅▅▅▅▅▅▅▄▄▄"
        },
        "eur": {
            "current_rate": 110.52841860826128,
            "sparkline": "▅▅▅▅▅▅▅▅▄▄▅▄▄▄▄▄▅▄▄▄▄▄▄▄▅▅▄▄▅▅"
        },
        "cny": {
            "current_rate": 107.33356888754922,
            "sparkline": "▄▄▄▄▄▄▄▄▅▅▄▄▅▅▅▅▅▅▅▅▅▅▅▅▅▅▅▅▄▄"
        },
        "rsd": {
            "current_rate": 110.0974388709456,
            "sparkline": "▅▅▅▅▅▅▅▅▅▅▅▅▅▅▅▅▅▄▄▅▅▅▄▅▄▅▅▅▅▅"
        }
    },
    "specific_rates": {
        "rub_kzt_bank": 6.45,
        "rub_kzt_crypto": 6.390522661776264,
        "kzt_rsd_bank": 0.19546640319457761,
        "rsd_eur_cash": 0.008443908323281062,
        "eur_rsd_cash": 116.81428571428572,
        "rsd_usd_cash": 0.009800718719372752,
        "usd_rsd_cash": 97.39999999999999,
        "eur_usd_exch": 1.1828999976342,
        "usd_kzt_bank": 501.5
    },
    "update_time": "2026-01-25 15:35:44",
    "update_time_display": "25.01 15:35"
}