{
    "rub2rsd": {
        "bank": {
            "current": 1.2051605063267952,
            "sparkline_full": "                 1.22             \n  ▁▂▃▂▁▁▁▁▃▅▅▅▅▅▇██▅▄▄▄▄▄▆▅▄▄▄▆▆  \n       1.16                       "
        },
        "korona": {
            "current": 1.1767789965299584,
            "diff_percent": -2.3549983299187796
        },
        "crypto": {
            "current": 1.2453121576632649,
            "diff_percent": 3.3316434720257955
        },
        "forex": {
            "current": 1.2701273154432444,
            "diff_percent": 5.390718396046796
        }
    },
    "rub2eur": {
        "bank": {
            "current": 0.010400416016640665,
            "sparkline_full": "                95.0              \n  ▁▂▃▂▁▁▁▂▃▄▅▅▅▅▇██▄▃▃▄▅▄▅▄▃▃▃▆▆  \n 100                              "
        },
        "korona": {
            "current": 0.010079477486337973,
            "diff_percent": -3.0858239688603852
        },
        "crypto": {
            "current": 0.010712327964255178,
            "diff_percent": 2.9990333763135397
        },
        "forex": {
            "current": 0.010834315463925619,
            "diff_percent": 4.171943185644829
        }
    },
    "rub2usd": {
        "bank": {
            "current": 0.012121212121212121,
            "sparkline_full": "                 81.4             \n  ▁▃▄▃▂▂▁▂▃▄▄▄▄▄▆▇█▅▃▃▄▄▃▅▄▃▃▃▅▆  \n       85.2                       "
        },
        "korona": {
            "current": 0.011506429635018451,
            "diff_percent": -5.0719555110977765
        },
        "crypto": {
            "current": 0.012459445758984588,
            "diff_percent": 2.790427511622853
        },
        "forex": {
            "current": 0.012528596521560461,
            "diff_percent": 3.360921302873803
        }
    },
    "xdr": {
        "rub2xdr": {
            "current_rate": 0.008838411926724894,
            "sparkline": "▁▁▂▁▁▁▁▁▃▄▅▄▅▅▇█▇▅▄▄▄▄▄▄▅▇▇▆▇█"
        },
        "usd2xdr": {
            "current_rate": 0.700447,
            "sparkline": "▄▄▄▃▃▄▄▄▅▅▆▅▅▅▆▅▅▅▅▅▄▅▅▅▅▅▅▅▅▅"
        },
        "eur2xdr": {
            "current_rate": 0.8157794515171386,
            "sparkline": "▅▅▅▄▄▄▄▄▄▄▅▄▄▄▄▅▅▅▅▅▄▄▄▄▅▅▄▅▅▄"
        },
        "cny2xdr": {
            "current_rate": 0.09864617074613413,
            "sparkline": "▄▄▄▃▄▄▄▄▅▅▆▅▅▅▅▅▅▅▄▄▄▅▅▅▅▅▅▅▅▅"
        },
        "rsd2xdr": {
            "current_rate": 0.006958681873273858,
            "sparkline": "▅▅▅▄▄▅▄▄▄▄▅▄▄▄▅▅▅▅▅▅▄▄▄▄▄▄▄▄▅▄"
        }
    },
    "neer": {
        "rub": {
            "current_rate": 97.08338077232214,
            "sparkline": "▁▁▃▄▂▂▄▁▃▄▄▄▄▄▆▇██▄▄█▄▄▄▄▇▇▇██"
        },
        "usd": {
            "current_rate": 103.97405090065689,
            "sparkline": "▄▄▄▄▄▄▄▄▅▄▅▅▅▅▅▅▅▄▄▄▄▅▅▅▅▅▅▅▄▄"
        },
        "eur": {
            "current_rate": 110.330357838757,
            "sparkline": "▅▅▅▅▅▅▄▅▄▄▄▄▄▄▄▄▄▅▄▄▄▄▄▄▄▄▄▄▄▄"
        },
        "cny": {
            "current_rate": 105.75186212519657,
            "sparkline": "▄▄▄▄▄▄▄▅▅▅▅▅▅▅▅▅▅▅▅▅▅▅▅▅▅▅▅▅▅▅"
        },
        "rsd": {
            "current_rate": 110.30451417224111,
            "sparkline": "▅▅▅▅▅▅▅▅▄▅▄▅▅▅▅▄▅▅▄▄▄▄▄▄▄▄▄▄▄▄"
        }
    },
    "update_time": "2025-10-29 06:35:50",
    "update_time_display": "29.10 06:35"
}