{
    "rub2rsd": {
        "bank": {
            "current": 1.2155414953815842,
            "sparkline_full": "          1.26                    \n  ▂▂▄▅▅▅▅▃▇███▇▄▂ ▄▅▅  ▄▅▄▃▃▂▁▁▁  \n                              1.22"
        },
        "korona": {
            "current": 1.1858388456349445,
            "diff_percent": -2.443573490456237
        },
        "crypto": {
            "current": 1.2299037868049665,
            "diff_percent": 1.1815550088541957
        },
        "forex": {
            "current": 1.2830436661800475,
            "diff_percent": 5.553259272096915
        }
    },
    "rub2eur": {
        "bank": {
            "current": 0.010482180293501047,
            "sparkline_full": "          92.2                    \n  ▂▃▄▅▅▄▄▃▇███▆▃▂▃▄▄▄▄▄▄▅▄▃▃▁▁▁▁  \n                             95.4 "
        },
        "korona": {
            "current": 0.010151488222385485,
            "diff_percent": -3.15480235844246
        },
        "crypto": {
            "current": 0.010532300037776287,
            "diff_percent": 0.47814236038578883
        },
        "forex": {
            "current": 0.010931616215660677,
            "diff_percent": 4.287618697402867
        }
    },
    "rub2usd": {
        "bank": {
            "current": 0.012442453651860147,
            "sparkline_full": "          78.6                    \n  ▁▁▂▂▂▃▃▃▇███▇▆▇████▆▆▅▆▅▅▅▃▄▄▃  \n 81.4                             "
        },
        "korona": {
            "current": 0.011776792111008882,
            "diff_percent": -5.349921803821613
        },
        "crypto": {
            "current": 0.012476074568318752,
            "diff_percent": 0.27021130557780854
        },
        "forex": {
            "current": 0.012909089031405233,
            "diff_percent": 3.7503485454038588
        }
    },
    "xdr": {
        "rub2xdr": {
            "current_rate": 0.00890522671941294,
            "sparkline": "▂▂▃▄▄▄▄▄▇███▅▃▃▃▅▅▄▃▄▄▄▄▃▃▃▂▁▁"
        },
        "usd2xdr": {
            "current_rate": 0.686599,
            "sparkline": "▇▇▇███▇▇▆▅▅▄▃▃▃▁▂▃▃▃▄▄▄▄▄▄▄▃▂▃"
        },
        "eur2xdr": {
            "current_rate": 0.8146303843575552,
            "sparkline": "▄▄▄▄▄▄▅▅▄▄▆▅▄▅▆▄▄▄▄▃▄▄▄▄▄▄▅▅▄▄"
        },
        "cny2xdr": {
            "current_rate": 0.09947106120970663,
            "sparkline": "▇▇▇▇▇▇▇▇▆▅▅▄▃▃▃▂▂▃▃▃▄▄▅▅▄▄▅▅▄▄"
        },
        "rsd2xdr": {
            "current_rate": 0.006940704322188893,
            "sparkline": "▄▄▄▄▄▄▅▅▄▄▅▅▄▅▆▄▄▄▄▃▄▄▄▄▄▄▅▅▄▄"
        }
    },
    "neer": {
        "rub": {
            "current_rate": 98.10681388142794,
            "sparkline": "▁▂▂▄▄▂▃▃▄███▇▆▃▄▆▆▇▇▄▄▅▅▅▄▄▃▂▂"
        },
        "usd": {
            "current_rate": 101.24461769358581,
            "sparkline": "▇▇▇▇▇▇▆▆▆▅▄▄▄▃▂▂▃▄▄▄▄▃▄▄▄▄▄▂▂▂"
        },
        "eur": {
            "current_rate": 110.41718513891793,
            "sparkline": "▄▄▄▃▃▄▅▅▄▄▅▅▅▆▆▆▆▅▅▅▄▄▄▄▄▅▄▅▅▄"
        },
        "cny": {
            "current_rate": 107.39956292293664,
            "sparkline": "▆▆▆▆▆▆▆▆▆▅▄▄▄▃▃▃▃▄▄▅▅▅▅▅▅▅▅▅▄▄"
        },
        "rsd": {
            "current_rate": 110.32492154089374,
            "sparkline": "▄▄▄▄▄▄▃▄▄▄▄▄▅▄▆▅▅▅▅▅▅▅▅▅▄▅▅▅▅▅"
        }
    },
    "specific_rates": {
        "rub_kzt_bank": 6.19,
        "rub_kzt_crypto": 6.219323172306898,
        "kzt_rsd_bank": 0.19775524646820455,
        "rsd_eur_cash": 0.008446965126101122,
        "eur_rsd_cash": 116.81428571428572,
        "rsd_usd_cash": 0.009931191033553237,
        "usd_rsd_cash": 96.82857142857142,
        "eur_usd_exch": 1.186471847989227,
        "usd_kzt_bank": 491.5
    },
    "update_time": "2026-02-12 08:24:15",
    "update_time_display": "12.02 08:24"
}