{
    "rub2rsd": {
        "bank": {
            "current": 1.1435076676413805,
            "sparkline_full": "  1.21                            \n  ▇██▆▆▆▇▇▇▆▆▆▆▆▆▆▆▄▄▄▃▂▁▁▂▂▃▃▂▂  \n                       1.13       "
        },
        "korona": {
            "current": 1.097920960881617,
            "diff_percent": -3.986567650551174
        },
        "crypto": {
            "current": 1.0954046267437951,
            "diff_percent": -4.206621630863527
        },
        "forex": {
            "current": 1.189389461347869,
            "diff_percent": 4.012373069707981
        }
    },
    "rub2eur": {
        "bank": {
            "current": 0.009859988168014198,
            "sparkline_full": "  96.5                            \n  ███▇▇▇▇▇▇▇▇▇▇▇▇▆▆▅▅▅▃▂▁▂▂▂▃▃▃▃  \n                       103        "
        },
        "korona": {
            "current": 0.009404033926180872,
            "diff_percent": -4.62428792067359
        },
        "crypto": {
            "current": 0.00941099838104578,
            "diff_percent": -4.553654419433694
        },
        "forex": {
            "current": 0.01015428248164381,
            "diff_percent": 2.9847329288315287
        }
    },
    "rub2usd": {
        "bank": {
            "current": 0.011684973124561814,
            "sparkline_full": "  82.0                            \n  ▇█▇▆▆▆▇▆▆▆▆▆▆▆▆▅▅▅▅▅▄▂▁▂▂▂▃▄▄▃  \n                       87.6       "
        },
        "korona": {
            "current": 0.01075338845133807,
            "diff_percent": -7.972501633448795
        },
        "crypto": {
            "current": 0.01113073086757297,
            "diff_percent": -4.743205235310521
        },
        "forex": {
            "current": 0.012048381480673795,
            "diff_percent": 3.110048711606334
        }
    },
    "xdr": {
        "rub2xdr": {
            "current_rate": 0.008261859994509109,
            "sparkline": "▇████▇███████▇▇▆▆▆▆▅▂▁▁▁▂▂▃▃▂▁"
        },
        "usd2xdr": {
            "current_rate": 0.689851,
            "sparkline": "▅▅▆▅▅▅▅▅▆▅▅▅▅▅▅▅▅▅▅▅▄▅▅▄▄▄▄▄▄▃"
        },
        "eur2xdr": {
            "current_rate": 0.8136330665848927,
            "sparkline": "▄▄▄▅▄▄▄▄▄▄▄▄▄▄▄▄▅▄▄▄▄▄▄▄▄▄▄▅▅▄"
        },
        "cny2xdr": {
            "current_rate": 0.09703774036094583,
            "sparkline": "▄▄▅▅▄▄▅▅▅▅▅▅▅▅▅▅▅▅▄▄▄▅▅▅▄▄▅▅▅▄"
        },
        "rsd2xdr": {
            "current_rate": 0.006946303345538645,
            "sparkline": "▄▄▄▅▄▄▄▄▄▄▄▄▄▄▄▄▅▄▄▄▄▄▄▄▄▄▄▅▅▄"
        }
    },
    "neer": {
        "rub": {
            "current_rate": 90.80843873752183,
            "sparkline": "████▇██████████▇▇▇▆▆▅▄▂▁▃▃▁▁▃▃"
        },
        "usd": {
            "current_rate": 102.99762657104878,
            "sparkline": "▅▅▅▅▅▅▅▅▅▅▅▅▅▅▅▅▅▅▅▅▄▅▅▄▄▄▄▄▄▄"
        },
        "eur": {
            "current_rate": 111.05014261814733,
            "sparkline": "▄▄▄▅▅▄▄▄▄▄▄▄▄▄▄▄▄▄▅▅▅▄▄▄▄▅▅▅▅▅"
        },
        "cny": {
            "current_rate": 104.31287410208833,
            "sparkline": "▄▄▅▄▄▄▅▅▅▅▅▅▅▅▅▅▅▅▅▅▅▅▅▅▅▅▅▄▄▄"
        },
        "rsd": {
            "current_rate": 110.88044573516042,
            "sparkline": "▄▄▄▄▄▅▄▄▄▄▄▄▄▅▄▄▄▄▄▄▅▅▅▅▅▄▄▅▅▅"
        }
    },
    "update_time": "2025-09-18 11:20:49",
    "update_time_display": "18.09 11:20"
}