{
    "rub2rsd": {
        "bank": {
            "current": 1.263777086067326,
            "sparkline_full": "                              1.26\n  ▃▂▄▁▁▁▁▁▁▃▂▃▃▂▂▃▅▅▃▃▃▃▄█▇▇▇▇▇█  \n    1.19                          "
        },
        "korona": {
            "current": 1.1996407173876205,
            "diff_percent": -5.074974802659845
        },
        "crypto": {
            "current": 1.282463529465309,
            "diff_percent": 1.4786186269710133
        },
        "forex": {
            "current": 1.2958858511257583,
            "diff_percent": 2.540698467508188
        }
    },
    "rub2eur": {
        "bank": {
            "current": 0.010741138560687433,
            "sparkline_full": "                        92.5      \n  ▃▂▃▂▁▁▂▂▂▃▃▄▃▃▃▄▅▅▄▃▃▃▆██▇▇▇▇▇  \n     97.7                         "
        },
        "korona": {
            "current": 0.010297345213627643,
            "diff_percent": -4.131716061126648
        },
        "crypto": {
            "current": 0.010823958106334455,
            "diff_percent": 0.7710499699737744
        },
        "forex": {
            "current": 0.01107614859011453,
            "diff_percent": 3.118943373966267
        }
    },
    "rub2usd": {
        "bank": {
            "current": 0.012144765606023802,
            "sparkline_full": "                              82.3\n  ▄▄▅▃▂▂▃▃▃▄▄▄▃▃▃▄▆▆▄▃▃▃▄▆▆▆▆▆▆▇  \n      85.5                        "
        },
        "korona": {
            "current": 0.011456974618902861,
            "diff_percent": -5.66327098795383
        },
        "crypto": {
            "current": 0.012213804867070008,
            "diff_percent": 0.5684692754544552
        },
        "forex": {
            "current": 0.012435691928116726,
            "diff_percent": 2.3954873361131357
        }
    },
    "xdr": {
        "rub2xdr": {
            "current_rate": 0.009091147399021575,
            "sparkline": "▂▃▂▁▁▁▂▂▁▂▂▂▂▂▁▃▄▄▃▁▂▂▃▄▅▅▄██▆"
        },
        "usd2xdr": {
            "current_rate": 0.729334,
            "sparkline": "▃▂▁▂▂▃▃▃▃▂▂▂▃▃▃▃▃▃▃▃▃▃▃▃▃▃▃██▄"
        },
        "eur2xdr": {
            "current_rate": 0.8207859731256612,
            "sparkline": "▄▅▄▃▃▄▄▄▄▄▃▃▄▄▄▄▄▄▃▃▃▃▂▂▃▃▃▇▇▄"
        },
        "cny2xdr": {
            "current_rate": 0.10109980593290824,
            "sparkline": "▂▂▁▁▂▂▂▂▂▂▂▂▂▂▂▂▂▃▃▃▃▃▃▃▃▃▃██▅"
        },
        "rsd2xdr": {
            "current_rate": 0.007015392128190874,
            "sparkline": "▄▄▄▄▄▄▄▄▄▄▄▃▄▄▄▄▄▄▄▄▄▄▃▂▂▂▂▇▇▄"
        }
    },
    "neer": {
        "rub": {
            "current_rate": 96.86713071402633,
            "sparkline": "▃▃▅▄▂▂▂▂▂▂▄▄▄▂▂▄▃▄▅▅▃▂▆▆▇▆▇▅▅▅"
        },
        "usd": {
            "current_rate": 105.812182954579,
            "sparkline": "▅▅▄▄▅▅▅▅▅▅▄▄▄▄▄▄▄▄▄▄▄▄▅▅▅▄▄▅▅▄"
        },
        "eur": {
            "current_rate": 107.4283556885521,
            "sparkline": "▆▅▆▆▅▅▆▆▅▅▅▅▅▄▅▄▄▅▄▄▄▄▃▃▃▃▃▃▃▃"
        },
        "cny": {
            "current_rate": 104.6109177557775,
            "sparkline": "▄▄▃▄▄▄▄▄▄▄▄▄▃▄▄▃▄▄▄▄▄▄▆▆▅▅▅▅▅▅"
        },
        "rsd": {
            "current_rate": 109.0057575646586,
            "sparkline": "▄▅▆▄▄▄▄▄▅▅▅▅▅▄▄▄▄▄▄▄▅▅▅▄▄▄▄▄▄▃"
        }
    },
    "update_time": "2025-05-19 18:20:41",
    "update_time_display": "19.05 18:20"
}