{
    "rub2rsd": {
        "bank": {
            "current": 1.2233347414202915,
            "sparkline_full": "                              1.22\n  ▂▁▁▁▁▁▁▁▁▁▂▂▂▂▃▄▄▄▃▃▂▃▄▆▆▆▆▆▇█  \n         1.14                     "
        },
        "korona": {
            "current": 1.177588197901428,
            "diff_percent": -3.739495165955297
        },
        "crypto": {
            "current": 1.2697307194333227,
            "diff_percent": 3.7925823932021636
        },
        "forex": {
            "current": 1.276738414106651,
            "diff_percent": 4.36541781069323
        }
    },
    "rub2eur": {
        "bank": {
            "current": 0.010507512871703267,
            "sparkline_full": "                              95.2\n  ▂▁▁▁▁▁▁▁▁▁▁▂▂▂▃▃▄▃▃▃▃▃▄▅▆▆▆▆▇█  \n        102                       "
        },
        "korona": {
            "current": 0.01008640854733557,
            "diff_percent": -4.007649855007365
        },
        "crypto": {
            "current": 0.010886638110628104,
            "diff_percent": 3.6081348988476787
        },
        "forex": {
            "current": 0.010895737149906907,
            "diff_percent": 3.694730455664044
        }
    },
    "rub2usd": {
        "bank": {
            "current": 0.012256403971074886,
            "sparkline_full": "                              81.6\n  ▃▂▂▂▂▂▁▂▁▁▁▁▁▂▃▄▅▄▃▃▃▃▄▅▅▅▅▅▆█  \n           86.2                   "
        },
        "korona": {
            "current": 0.011559553197742245,
            "diff_percent": -5.685605459621023
        },
        "crypto": {
            "current": 0.012674296398166668,
            "diff_percent": 3.409584312641847
        },
        "forex": {
            "current": 0.012506425175934137,
            "diff_percent": 2.039923010446626
        }
    },
    "xdr": {
        "rub2xdr": {
            "current_rate": 0.008907857061943506,
            "sparkline": "▂▂▁▁▁▁▁▁▁▁▁▁▂▂▂▃▃▃▃▃▂▃▄▅▆▅▆▆▇█"
        },
        "usd2xdr": {
            "current_rate": 0.702616,
            "sparkline": "▄▄▃▄▄▄▄▄▄▄▄▅▄▄▄▄▄▄▄▄▄▄▅▅▆▅▅▅▆▅"
        },
        "eur2xdr": {
            "current_rate": 0.8175543278427576,
            "sparkline": "▅▅▄▄▄▄▄▄▄▄▄▄▄▄▄▄▄▄▄▄▄▄▄▄▄▄▄▄▄▄"
        },
        "cny2xdr": {
            "current_rate": 0.09861138791034513,
            "sparkline": "▄▄▃▄▄▄▄▄▄▄▄▄▄▄▄▄▄▄▄▄▄▄▅▅▆▅▅▅▅▅"
        },
        "rsd2xdr": {
            "current_rate": 0.0069770416269462985,
            "sparkline": "▅▅▄▄▄▄▄▄▄▄▄▄▄▄▄▄▄▄▄▄▄▄▄▄▄▄▄▄▄▄"
        }
    },
    "neer": {
        "rub": {
            "current_rate": 97.04574966748463,
            "sparkline": "▂▂▂▂▂▂▂▁▂▁▂▂▂▂▃▃▄▅▄▄▆▃▄▅▆▆▅▆▆█"
        },
        "usd": {
            "current_rate": 104.31887474855151,
            "sparkline": "▄▄▄▄▄▄▄▄▄▅▅▅▅▅▄▄▄▄▄▄▅▅▅▅▅▅▅▅▅▅"
        },
        "eur": {
            "current_rate": 110.38490896937691,
            "sparkline": "▅▅▅▅▅▅▅▅▅▅▅▅▅▅▅▅▅▅▅▅▄▄▄▄▄▄▄▄▄▄"
        },
        "cny": {
            "current_rate": 105.49536777155718,
            "sparkline": "▄▄▄▄▄▄▄▄▄▄▅▄▄▄▄▄▄▄▄▄▅▅▅▅▅▅▅▅▅▅"
        },
        "rsd": {
            "current_rate": 110.44819534076507,
            "sparkline": "▄▅▄▅▄▄▄▅▅▅▄▅▄▅▄▅▄▄▄▄▅▅▄▄▄▄▄▄▄▄"
        }
    },
    "update_time": "2025-10-15 12:50:44",
    "update_time_display": "15.10 12:50"
}