{
    "rub2rsd": {
        "bank": {
            "current": 1.257483871171895,
            "sparkline_full": "                              1.26\n  ▁▁▁▁▁▃▂▃▃▂▂▃▅▅▃▃▃▃▄██▇▇███▇▇▇█  \n  1.19                            "
        },
        "korona": {
            "current": 1.1995384799493656,
            "diff_percent": -4.608042500658714
        },
        "crypto": {
            "current": 1.2894787889130834,
            "diff_percent": 2.544360088799487
        },
        "forex": {
            "current": 1.2995515981378258,
            "diff_percent": 3.3453889891030104
        }
    },
    "rub2eur": {
        "bank": {
            "current": 0.010744600838078867,
            "sparkline_full": "                    92.5          \n  ▁▁▂▂▂▃▃▄▃▂▂▄▅▆▃▃▃▃▆███▇▇▇▇████  \n 97.7                             "
        },
        "korona": {
            "current": 0.01028984327642604,
            "diff_percent": -4.232428626302858
        },
        "crypto": {
            "current": 0.01089200908527772,
            "diff_percent": 1.3719285566797277
        },
        "forex": {
            "current": 0.01107277349058968,
            "diff_percent": 3.054302876918132
        }
    },
    "rub2usd": {
        "bank": {
            "current": 0.01223091976516634,
            "sparkline_full": "                              81.8\n  ▁▁▂▂▂▄▄▄▂▂▂▃▅▅▃▂▂▂▄▅▆▆▅▅▅▆▆▆▇█  \n  85.5                            "
        },
        "korona": {
            "current": 0.011435975021365207,
            "diff_percent": -6.499468225318059
        },
        "crypto": {
            "current": 0.012373915083274688,
            "diff_percent": 1.1691297208538585
        },
        "forex": {
            "current": 0.012545351445475392,
            "diff_percent": 2.570793418206814
        }
    },
    "xdr": {
        "rub2xdr": {
            "current_rate": 0.009083216557625763,
            "sparkline": "▁▁▂▂▁▂▂▂▂▂▁▃▄▄▃▁▂▂▃▄▅▅▄██▅▆▅▅▆"
        },
        "usd2xdr": {
            "current_rate": 0.722135,
            "sparkline": "▂▂▂▂▂▂▂▂▂▂▂▂▂▂▂▂▂▂▂▂▂▂▂▇▇▄▄▃▂▃"
        },
        "eur2xdr": {
            "current_rate": 0.8203199103950998,
            "sparkline": "▃▄▄▄▄▄▃▃▄▄▄▄▄▄▃▃▃▃▂▂▃▃▃▇▇▄▄▄▄▄"
        },
        "cny2xdr": {
            "current_rate": 0.10056750132300922,
            "sparkline": "▁▂▂▂▂▁▁▂▂▂▂▂▂▂▃▃▃▃▃▃▃▃▃██▄▄▃▃▄"
        },
        "rsd2xdr": {
            "current_rate": 0.006989500509746154,
            "sparkline": "▄▄▄▄▄▄▄▃▄▄▄▄▄▄▄▄▄▄▃▂▂▂▂▇▇▄▄▄▄▄"
        }
    },
    "neer": {
        "rub": {
            "current_rate": 97.69246818476125,
            "sparkline": "▃▂▃▂▂▂▄▄▄▂▂▄▃▅▅▆▃▃▇▆▆▇▇▆▆▆▆▅▆▇"
        },
        "usd": {
            "current_rate": 105.01616560539071,
            "sparkline": "▅▅▅▅▅▅▅▅▅▅▅▄▄▄▅▅▅▅▅▅▅▅▅▅▅▄▄▄▄▄"
        },
        "eur": {
            "current_rate": 108.01174176179599,
            "sparkline": "▆▆▆▆▆▅▅▅▅▅▅▅▄▅▄▄▄▄▃▃▃▃▃▃▃▄▄▄▄▄"
        },
        "cny": {
            "current_rate": 103.96991197038454,
            "sparkline": "▄▄▄▄▄▄▄▄▃▄▄▃▄▄▄▄▄▄▆▆▅▅▅▅▅▅▅▄▄▄"
        },
        "rsd": {
            "current_rate": 109.34184833272498,
            "sparkline": "▅▅▅▅▅▅▅▅▅▅▅▅▅▅▅▄▆▆▆▄▃▄▄▄▄▄▅▄▄▄"
        }
    },
    "update_time": "2025-05-23 22:35:40",
    "update_time_display": "23.05 22:35"
}