{
    "rub2rsd": {
        "bank": {
            "current": 1.285380753258137,
            "sparkline_full": "                              1.29\n  ▂▁▁▁▂▃▃▁▂▂▂▃▆▅▅▅▅▅▅▅▅▅▅▅▅▅▄▄▆█  \n    1.20                          "
        },
        "korona": {
            "current": 1.2134501288161548,
            "diff_percent": -5.596055819231384
        },
        "crypto": {
            "current": 1.2738563768876603,
            "diff_percent": -0.8965729680691947
        },
        "forex": {
            "current": 1.3140545934369814,
            "diff_percent": 2.2307662617604183
        }
    },
    "rub2eur": {
        "bank": {
            "current": 0.010806137886319428,
            "sparkline_full": "                             92.1 \n  ▃▂▂▂▃▄▄▃▂▂▂▄▇▆▆▆▆▆▅▇▆▆▆▆▆▅▅▅▇▇  \n    96.4                          "
        },
        "korona": {
            "current": 0.010390398656529765,
            "diff_percent": -3.8472508324735424
        },
        "crypto": {
            "current": 0.010902429559706293,
            "diff_percent": 0.891083145522053
        },
        "forex": {
            "current": 0.011212075370647048,
            "diff_percent": 3.756545479967796
        }
    },
    "rub2usd": {
        "bank": {
            "current": 0.012610340479192938,
            "sparkline_full": "                              79.3\n  ▂▁▁▁▂▃▃▁▁▁▁▂▃▄▃▃▃▃▃▃▄▅▅▅▅▅▄▄▅█  \n    85.1                          "
        },
        "korona": {
            "current": 0.011443144633236823,
            "diff_percent": -9.255863058431995
        },
        "crypto": {
            "current": 0.012365985278810835,
            "diff_percent": -1.9377367390300784
        },
        "forex": {
            "current": 0.012739340356956317,
            "diff_percent": 1.0229690306635937
        }
    },
    "xdr": {
        "rub2xdr": {
            "current_rate": 0.00913976137214275,
            "sparkline": "▁▁▁▁▂▃▃▂▁▁▁▂▄▄▄▄██▅▅▅▅▅▆▆▅▄▄▆▆"
        },
        "usd2xdr": {
            "current_rate": 0.719753,
            "sparkline": "▂▂▂▂▂▂▂▂▂▂▂▂▂▂▂▂▇▇▄▄▃▂▂▃▃▂▂▂▂▂"
        },
        "eur2xdr": {
            "current_rate": 0.8151712390437931,
            "sparkline": "▃▄▃▃▄▄▄▃▃▃▃▂▂▂▂▂▇▇▄▄▄▃▄▄▄▄▃▃▃▄"
        },
        "cny2xdr": {
            "current_rate": 0.10002821207699256,
            "sparkline": "▁▁▁▁▁▁▂▂▂▂▂▂▃▃▃▃██▄▄▃▃▃▃▃▃▂▂▃▃"
        },
        "rsd2xdr": {
            "current_rate": 0.006955389386248563,
            "sparkline": "▃▄▄▄▄▄▄▄▄▄▃▃▁▁▂▂██▄▄▄▄▄▄▄▄▃▃▃▄"
        }
    },
    "neer": {
        "rub": {
            "current_rate": 100.25608583404146,
            "sparkline": "▃▃▁▁▂▂▃▄▄▂▂▅▅▄▅▅▄▄▄▄▄▅▅▅▅▄▄▄▅█"
        },
        "usd": {
            "current_rate": 104.76559768174937,
            "sparkline": "▅▅▅▅▄▄▄▅▅▅▅▅▆▅▅▅▅▅▅▅▄▄▄▄▄▄▃▄▄▄"
        },
        "eur": {
            "current_rate": 108.07740516995925,
            "sparkline": "▅▅▅▅▅▅▅▅▄▄▄▄▄▄▄▄▄▄▄▄▄▄▄▄▅▅▅▄▄▅"
        },
        "cny": {
            "current_rate": 103.9244273144807,
            "sparkline": "▄▄▄▄▃▄▄▄▄▄▄▆▆▅▅▅▅▅▅▅▄▄▄▄▄▄▄▄▅▄"
        },
        "rsd": {
            "current_rate": 109.3603869517723,
            "sparkline": "▅▅▅▅▅▅▅▅▄▅▅▅▄▄▄▄▄▄▄▅▅▄▅▄▄▅▅▄▄▄"
        }
    },
    "update_time": "2025-05-30 14:35:45",
    "update_time_display": "30.05 14:35"
}