{
    "rub2rsd": {
        "bank": {
            "current": 1.238637824486025,
            "sparkline_full": "                             1.24 \n  ▅▆▆▆▇▇▇▇▆▃  ▁▁▂▂▃▃▅▆▆▆▆▇▇█████  \n              1.16                "
        },
        "korona": {
            "current": 1.1931593520127681,
            "diff_percent": -3.671652162901472
        },
        "crypto": {
            "current": 1.2175878211468003,
            "diff_percent": -1.699447806541789
        },
        "forex": {
            "current": 1.2894713628562848,
            "diff_percent": 4.103987248359164
        }
    },
    "rub2eur": {
        "bank": {
            "current": 0.010592098294672175,
            "sparkline_full": "                            93.7  \n  ▄▆▅▆▇▇▇▇▆▃  ▁▁▂▂▂▃▅▆▆▆▆▇▇█████  \n             99.8                 "
        },
        "korona": {
            "current": 0.01021415612582778,
            "diff_percent": -3.568152016059926
        },
        "crypto": {
            "current": 0.010383398420468346,
            "diff_percent": -1.9703355123583475
        },
        "forex": {
            "current": 0.010989758157366754,
            "diff_percent": 3.7543067636995184
        }
    },
    "rub2usd": {
        "bank": {
            "current": 0.012414649286157667,
            "sparkline_full": "       80.3                       \n  ▅▇▇▇████▇▄  ▁▁▂▃▃▃▄▅▅▆▆▆▇▇▇▇██  \n              85.0                "
        },
        "korona": {
            "current": 0.01165113407838373,
            "diff_percent": -6.150114998619056
        },
        "crypto": {
            "current": 0.012146043615747852,
            "diff_percent": -2.1636186751510547
        },
        "forex": {
            "current": 0.012860313843099026,
            "diff_percent": 3.5898280061626506
        }
    },
    "xdr": {
        "rub2xdr": {
            "current_rate": 0.008999778501496273,
            "sparkline": "▃▆▅▃▄▄▄▅▄▃▄▃▁▁▁▁▂▂▄▄▅▆▆▆▇█████"
        },
        "usd2xdr": {
            "current_rate": 0.700606,
            "sparkline": "▄▄▃▃▃▄▄▄▄▄▄▄▄▄▅▄▅▅▅▅▅▅▅▅▅▅▆▆▆▅"
        },
        "eur2xdr": {
            "current_rate": 0.8189241630821021,
            "sparkline": "▅▅▄▄▄▄▄▄▄▄▄▄▄▄▄▄▄▄▄▄▄▅▄▅▄▄▄▄▅▅"
        },
        "cny2xdr": {
            "current_rate": 0.10065165859755483,
            "sparkline": "▃▃▃▂▃▃▃▃▄▄▄▄▄▄▅▅▅▅▅▅▆▆▆▆▆▆▆▇▆▆"
        },
        "rsd2xdr": {
            "current_rate": 0.006979432626996095,
            "sparkline": "▅▅▄▄▄▅▄▄▅▄▅▄▄▅▅▄▄▄▄▄▄▅▅▅▄▄▄▅▅▅"
        }
    },
    "neer": {
        "rub": {
            "current_rate": 99.1167948251466,
            "sparkline": "▂▃▄▄▅▅▅▅▆▅▅▅▅▅▅▅▅▅▅▄▄▅▅▅▅▅▆▆▆▇"
        },
        "usd": {
            "current_rate": 103.14214664689531,
            "sparkline": "▅▄▄▄▄▄▄▄▄▄▄▄▄▅▅▄▅▅▅▅▅▅▅▅▅▅▅▅▄▄"
        },
        "eur": {
            "current_rate": 109.91254990263769,
            "sparkline": "▅▅▅▅▅▅▅▅▅▅▅▅▄▄▄▄▄▄▄▄▄▄▄▄▄▄▄▄▄▄"
        },
        "cny": {
            "current_rate": 108.5148613529702,
            "sparkline": "▄▄▄▄▄▄▄▄▄▄▄▄▄▅▅▄▄▅▅▅▅▅▅▅▅▅▅▅▅▅"
        },
        "rsd": {
            "current_rate": 109.99831457478402,
            "sparkline": "▅▅▅▅▅▅▅▅▅▅▅▅▅▅▅▄▄▅▅▄▄▄▄▄▄▄▄▄▄▄"
        }
    },
    "specific_rates": {
        "rub_kzt_bank": 6.35,
        "rub_kzt_crypto": 6.224847353070774,
        "kzt_rsd_bank": 0.19560123358625864,
        "rsd_eur_cash": 0.008442889880593414,
        "eur_rsd_cash": 116.81428571428572,
        "rsd_usd_cash": 0.009764943851572854,
        "usd_rsd_cash": 98.58571428571429,
        "eur_usd_exch": 1.1688797456517674,
        "usd_kzt_bank": 505.5
    },
    "update_time": "2026-01-20 11:35:46",
    "update_time_display": "20.01 11:35"
}