{
    "rub2rsd": {
        "bank": {
            "current": 1.2467139990722467,
            "sparkline_full": "         1.26                     \n  ▅▅▆▆▆▅▅▅█▇▆▇▇▅▇▆▅▆▆▆▆▅▂▁▂▂▃▄▅▅  \n                        1.22      "
        },
        "korona": {
            "current": 1.2072675750109985,
            "diff_percent": -3.1640315333430618
        },
        "crypto": {
            "current": 1.230412797751873,
            "diff_percent": -1.307533350271537
        },
        "forex": {
            "current": 1.3013713934010092,
            "diff_percent": 4.384116515049665
        }
    },
    "rub2eur": {
        "bank": {
            "current": 0.010765421466250404,
            "sparkline_full": "         92.1                     \n  ▆▆▅▅▅▄▄▅▇▇▇▇▆▅▇▆▅▅▅▆▆▅▂▂▃▃▃▄▅▆  \n                       95.0       "
        },
        "korona": {
            "current": 0.010340621627503198,
            "diff_percent": -3.945965702122791
        },
        "crypto": {
            "current": 0.010566930990034466,
            "diff_percent": -1.8437780335698415
        },
        "forex": {
            "current": 0.011102503439636221,
            "diff_percent": 3.1311544507808597
        }
    },
    "rub2usd": {
        "bank": {
            "current": 0.01240694789081886,
            "sparkline_full": "                              80.6\n  ▂▄▄▄▄▄▃▃▅▆▅▅▅▅▆▆▅▅▅▅▆▅▃▄▄▄▅▆▇▇  \n 82.7                             "
        },
        "korona": {
            "current": 0.011477745919927096,
            "diff_percent": -7.489367885387615
        },
        "crypto": {
            "current": 0.012154498612460698,
            "diff_percent": -2.0347411835667795
        },
        "forex": {
            "current": 0.012703671615170217,
            "diff_percent": 2.3915932182719386
        }
    },
    "xdr": {
        "rub2xdr": {
            "current_rate": 0.00903589371829166,
            "sparkline": "▂▂▂▃▃▂▁▁▃▄▅█▄▃▂▂▃▃▃▃▃▃▁▁▁▁▁▂▂▂"
        },
        "usd2xdr": {
            "current_rate": 0.709327,
            "sparkline": "▄▃▄▄▄▃▃▃▃▃▃▇▄▃▃▃▃▃▃▃▃▃▃▂▂▂▂▂▂▂"
        },
        "eur2xdr": {
            "current_rate": 0.8138609249183646,
            "sparkline": "▃▃▃▃▃▃▃▂▃▃▃▇▄▃▃▃▃▃▃▃▃▃▄▃▃▃▃▃▃▃"
        },
        "cny2xdr": {
            "current_rate": 0.09866289259187137,
            "sparkline": "▄▃▄▄▄▃▃▃▃▃▃▇▄▃▃▃▃▃▃▃▃▃▃▂▂▂▂▂▂▂"
        },
        "rsd2xdr": {
            "current_rate": 0.006943362797208273,
            "sparkline": "▃▃▃▃▃▃▃▂▃▃▃▇▄▃▃▃▃▃▃▃▃▃▄▃▃▃▃▃▃▃"
        }
    },
    "neer": {
        "rub": {
            "current_rate": 98.35683083850694,
            "sparkline": "▂▃▃▃▃▂▃▃▄▆██▅▄▅▅▄▅▅▄▃▆▂▁▁▁▁▄▅▅"
        },
        "usd": {
            "current_rate": 104.21128947156917,
            "sparkline": "▆▆▅▄▅▄▅▅▆▅▅▅▅▅▅▄▄▄▄▄▄▄▄▃▃▃▄▃▄▄"
        },
        "eur": {
            "current_rate": 109.17841214327589,
            "sparkline": "▄▄▃▄▄▄▄▃▃▄▄▄▄▄▄▄▄▄▄▄▅▄▆▆▆▆▆▆▆▆"
        },
        "cny": {
            "current_rate": 103.65997912582138,
            "sparkline": "▅▅▅▄▅▄▅▅▅▅▅▅▄▅▅▄▅▄▄▄▄▅▄▄▄▄▄▄▄▄"
        },
        "rsd": {
            "current_rate": 109.86190885290699,
            "sparkline": "▄▄▄▃▃▅▄▄▃▄▄▄▃▄▆▅▄▄▄▄▃▄▅▅▅▅▅▅▅▅"
        }
    },
    "update_time": "2025-06-19 01:51:27",
    "update_time_display": "19.06 01:51"
}