{
    "rub2rsd": {
        "bank": {
            "current": 1.1634245848245928,
            "sparkline_full": "      1.26                        \n  ▇█████▇▅▃▃▃▄▄▃▃▃▃▃▄▅▅▅▆▆▆▆▅▂ ▁  \n                              1.16"
        },
        "korona": {
            "current": 1.1611284449226444,
            "diff_percent": -0.19736044191420526
        },
        "crypto": {
            "current": 1.1854735986359668,
            "diff_percent": 1.8951820426502606
        },
        "forex": {
            "current": 1.2665386446433717,
            "diff_percent": 8.862977554692577
        }
    },
    "rub2eur": {
        "bank": {
            "current": 0.010017028949213663,
            "sparkline_full": "      92.8                        \n  ▇█████▇▅▄▄▄▄▄▄▄▃▃▃▄▅▅▅▆▆▆▆▅▃ ▁  \n                              99.8"
        },
        "korona": {
            "current": 0.009934080521226105,
            "diff_percent": -0.8280741565997909
        },
        "crypto": {
            "current": 0.010164702391381808,
            "diff_percent": 1.474223973164592
        },
        "forex": {
            "current": 0.01077230400025156,
            "diff_percent": 7.539910834511332
        }
    },
    "rub2usd": {
        "bank": {
            "current": 0.011764705882352941,
            "sparkline_full": "      79.4                        \n  ▇█████▇▅▄▄▄▄▄▄▄▃▃▃▄▆▆▆▇▇▇▇▆▃ ▁  \n                              85.0"
        },
        "korona": {
            "current": 0.011387333555959247,
            "diff_percent": -3.2076647743464006
        },
        "crypto": {
            "current": 0.011915179515533664,
            "diff_percent": 1.279025882036146
        },
        "forex": {
            "current": 0.012783359134413187,
            "diff_percent": 8.658552642512086
        }
    },
    "xdr": {
        "rub2xdr": {
            "current_rate": 0.008804704643388785,
            "sparkline": "██████▆▃▂▂▂▂▂▁▁▁▁▁▂▄▃▂▃▃▃▄▃▂▃▃"
        },
        "usd2xdr": {
            "current_rate": 0.694966,
            "sparkline": "▅▅▅▅▅▅▅▅▅▄▄▄▄▄▄▄▄▅▄▄▄▄▄▄▄▄▄▄▄▄"
        },
        "eur2xdr": {
            "current_rate": 0.8173464695373592,
            "sparkline": "▅▄▄▄▄▄▅▅▅▅▄▄▄▄▄▄▄▄▅▅▄▄▄▄▄▄▄▄▄▅"
        },
        "cny2xdr": {
            "current_rate": 0.09937029040422095,
            "sparkline": "▅▅▅▅▅▅▅▅▄▄▄▄▄▄▄▄▄▅▅▅▄▄▄▅▅▄▅▅▅▅"
        },
        "rsd2xdr": {
            "current_rate": 0.006951785230262743,
            "sparkline": "▅▄▄▄▄▄▄▅▅▅▄▄▄▄▄▄▄▄▄▅▄▄▄▄▄▄▄▄▄▄"
        }
    },
    "neer": {
        "rub": {
            "current_rate": 96.94159353656752,
            "sparkline": "▅▇██▇▆▇▅▃▃▃▃▃▃▂▂▂▂▁▄▅▄▄▄▅▄▄▃▃▃"
        },
        "usd": {
            "current_rate": 103.03062979858016,
            "sparkline": "▅▅▅▅▅▅▅▅▅▄▅▄▄▅▅▅▅▅▅▄▄▄▄▄▄▄▄▄▄▄"
        },
        "eur": {
            "current_rate": 110.7103537780033,
            "sparkline": "▄▄▄▄▄▄▄▅▅▅▅▅▅▅▅▅▅▅▅▅▅▅▅▅▅▅▅▄▄▄"
        },
        "cny": {
            "current_rate": 107.36806731252504,
            "sparkline": "▄▄▄▄▄▄▄▄▄▄▄▄▄▅▅▅▅▅▅▄▄▄▄▅▄▄▅▅▅▅"
        },
        "rsd": {
            "current_rate": 110.40422820877775,
            "sparkline": "▄▄▄▄▄▄▄▄▅▅▅▅▄▅▅▅▅▅▅▅▅▅▅▅▅▅▅▅▅▅"
        }
    },
    "specific_rates": {
        "rub_kzt_bank": 6.0,
        "rub_kzt_crypto": 6.088656732437703,
        "kzt_rsd_bank": 0.19470199269409974,
        "rsd_eur_cash": 0.008451894633046908,
        "eur_rsd_cash": 116.88333333333333,
        "rsd_usd_cash": 0.009807126511932005,
        "usd_rsd_cash": 97.56666666666666,
        "eur_usd_exch": 1.1760956212783924,
        "usd_kzt_bank": 504.0
    },
    "update_time": "2026-01-02 04:05:47",
    "update_time_display": "02.01 04:05"
}