{
    "rub2rsd": {
        "bank": {
            "current": 1.2221759217903236,
            "sparkline_full": "              1.24                \n  ▄▄▅▅▅▅▆▇▇▇▇▆▇██▇▇▇▇▆▅▄▃▃▃▃▁▁▄▅  \n                           1.19   "
        },
        "korona": {
            "current": 1.1892103346584075,
            "diff_percent": -2.6972865807752084
        },
        "crypto": {
            "current": 1.1902121865069029,
            "diff_percent": -2.6153137787723884
        },
        "forex": {
            "current": 1.2660025182649197,
            "diff_percent": 3.5859482823386015
        }
    },
    "rub2eur": {
        "bank": {
            "current": 0.010546298249314492,
            "sparkline_full": "               93.4               \n  ▅▄▅▅▅▅▆▇▇▇▇▇▇██▇▇▇▇▇▅▄▃▃▃▃▁▁▄▆  \n                           97.6   "
        },
        "korona": {
            "current": 0.010175787233243647,
            "diff_percent": -3.5131854543837493
        },
        "crypto": {
            "current": 0.010280628348784739,
            "diff_percent": -2.519081996823116
        },
        "forex": {
            "current": 0.010805158755208571,
            "diff_percent": 2.454515316887664
        }
    },
    "rub2usd": {
        "bank": {
            "current": 0.012094823415578132,
            "sparkline_full": "           80.1                   \n  ▇▇▇▇▇▇█████████▇▇▇██▇▆▅▅▅▅▁▁▂▃  \n                            84.1  "
        },
        "korona": {
            "current": 0.011669412066318496,
            "diff_percent": -3.5173010356786674
        },
        "crypto": {
            "current": 0.011765502912500659,
            "diff_percent": -2.7228219194445473
        },
        "forex": {
            "current": 0.012450772757211176,
            "diff_percent": 2.9429891566220103
        }
    },
    "xdr": {
        "rub2xdr": {
            "current_rate": 0.0085602530885106,
            "sparkline": "▄█████▃▄▄▃▃▃▄▄▄▄▄▄▄▄▃▃▂▂▂▂▁▁▁▁"
        },
        "usd2xdr": {
            "current_rate": 0.694035,
            "sparkline": "▃▇▇▇▇▇▂▂▂▂▂▂▂▃▃▃▃▃▃▂▂▂▂▂▂▂▂▂▂▂"
        },
        "eur2xdr": {
            "current_rate": 0.7922376045038834,
            "sparkline": "▄█████▃▃▂▂▂▂▂▃▂▃▃▃▃▃▃▃▃▃▃▂▁▁▁▁"
        },
        "cny2xdr": {
            "current_rate": 0.09638759190385059,
            "sparkline": "▃▇▇▇▇▇▂▂▂▂▂▂▂▃▃▃▃▃▃▂▂▂▂▂▂▂▂▂▂▂"
        },
        "rsd2xdr": {
            "current_rate": 0.006761639858538818,
            "sparkline": "▄█████▃▃▂▂▂▂▃▃▂▃▃▃▃▃▃▃▃▃▃▂▁▁▁▁"
        }
    },
    "neer": {
        "rub": {
            "current_rate": 95.97849206404045,
            "sparkline": "▄▄▄▄▄▅▆▆▇▇▆▇▆▇█▇▆▆▆▆▆▅▅▃▃▅▅▁▃▃"
        },
        "usd": {
            "current_rate": 104.79982099357957,
            "sparkline": "▃▃▃▃▄▄▄▄▄▄▄▄▄▅▅▅▅▅▄▄▄▃▄▄▄▄▅▅▆▆"
        },
        "eur": {
            "current_rate": 109.27914122057649,
            "sparkline": "▅▅▅▅▅▅▅▅▅▅▅▅▅▄▄▅▅▅▅▅▅▅▅▆▆▅▄▄▃▃"
        },
        "cny": {
            "current_rate": 104.5127326658544,
            "sparkline": "▃▃▃▃▄▄▄▄▄▄▄▄▅▅▅▅▅▅▄▄▄▄▄▄▄▅▆▅▆▆"
        },
        "rsd": {
            "current_rate": 110.02821930047601,
            "sparkline": "▅▅▅▅▅▅▅▅▄▄▄▄▅▅▅▄▄▄▄▅▅▅▅▅▅▄▅▄▄▄"
        }
    },
    "update_time": "2025-08-01 00:21:30",
    "update_time_display": "01.08 00:21"
}