{
    "rub2rsd": {
        "bank": {
            "current": 1.2392966456809003,
            "sparkline_full": "         1.26                     \n  ▃▂▂▂▄▅▆▇█▇▇▇         ▁▁▁▁▁▂▄▅▅  \n                      1.21        "
        },
        "korona": {
            "current": 1.1952746936789944,
            "diff_percent": -3.5521722870248786
        },
        "crypto": {
            "current": 1.2001751201279773,
            "diff_percent": -3.156752315054366
        },
        "forex": {
            "current": 1.3514438549526786,
            "diff_percent": 9.049262713864758
        }
    },
    "rub2eur": {
        "bank": {
            "current": 0.010653030787258974,
            "sparkline_full": "           92.8                   \n  ▂▂▄▄▅▆▇████▇         ▂▁▂▂▂▂▄▄▅  \n                       95.5       "
        },
        "korona": {
            "current": 0.010237898875194813,
            "diff_percent": -3.8968432585462813
        },
        "crypto": {
            "current": 0.01027276591230535,
            "diff_percent": -3.569546381189663
        },
        "forex": {
            "current": 0.011536508990519544,
            "diff_percent": 8.29320989400697
        }
    },
    "rub2usd": {
        "bank": {
            "current": 0.012515644555694618,
            "sparkline_full": "                              79.9\n  ▁▂▂▂▄▅▅▆▆▆▆▅         ▅▅▅▅▅▅▆▇█  \n 82.2                             "
        },
        "korona": {
            "current": 0.01156419014782309,
            "diff_percent": -7.602120718893504
        },
        "crypto": {
            "current": 0.012043932448909722,
            "diff_percent": -3.7689797332113195
        },
        "forex": {
            "current": 0.01283649260810573,
            "diff_percent": 2.5635759387647865
        }
    },
    "xdr": {
        "rub2xdr": {
            "current_rate": 0.009390979110917774,
            "sparkline": "▂▁▁▁▂▂▂▃▃▃▃▃         ▂█████▁▂▆"
        },
        "usd2xdr": {
            "current_rate": 0.695413,
            "sparkline": "▃▂▂▂▂▂▂▃▃▃▃▃         ▃█████▁▁▁"
        },
        "eur2xdr": {
            "current_rate": 0.8140226058537361,
            "sparkline": "▂▁▁▁▁▁▁▁▁▁▁▁         ▃█████▁▁▁"
        },
        "cny2xdr": {
            "current_rate": 0.09691762016919153,
            "sparkline": "▃▂▂▂▂▂▂▂▂▂▂▂         ▃█████▁▁▁"
        },
        "rsd2xdr": {
            "current_rate": 0.00694884887485511,
            "sparkline": "▂▁▁▁▁▁▁▁▁▁▁▁         ▃█████▁▁▁"
        }
    },
    "neer": {
        "rub": {
            "current_rate": 97.84086669959004,
            "sparkline": "▃▅▂▂▄▆▆▆▆▇▆▇▆▆▅▅▅▅▅▃▄▃▂▃▂▃▃▄▅▅"
        },
        "usd": {
            "current_rate": 103.30912962848674,
            "sparkline": "▄▅▅▅▄▄▅▆▅▆▆▇▅▅▄▃▃▃▃▂▃▃▂▂▂▃▃▃▃▃"
        },
        "eur": {
            "current_rate": 110.5669712307087,
            "sparkline": "▄▃▃▃▃▃▃▃▃▄▄▃▄▄▅▅▅▅▅▆▆▆▆▆▆▆▆▆▆▆"
        },
        "cny": {
            "current_rate": 103.09437006102914,
            "sparkline": "▄▅▄▄▄▄▅▅▅▅▅▆▄▅▄▃▃▃▃▃▃▃▃▃▃▄▄▄▄▄"
        },
        "rsd": {
            "current_rate": 110.49952108598575,
            "sparkline": "▂▄▄▄▃▄▄▃▄▄▄▄▄▄▄▄▄▅▅▃▇▄▄▅▅▅▅▅▅▅"
        }
    },
    "update_time": "2025-07-11 03:51:28",
    "update_time_display": "11.07 03:51"
}