{
    "rub2rsd": {
        "bank": {
            "current": 1.2482069127588011,
            "sparkline_full": "                 1.26             \n  ▁▁▂▂▃▂▁▁▃▅▅▂▃▃▃▄███▇███▇▇▇███▇  \n 1.20                             "
        },
        "korona": {
            "current": 1.1922701635476385,
            "diff_percent": -4.481368324385467
        },
        "crypto": {
            "current": 1.2543973556540746,
            "diff_percent": 0.4959468524005605
        },
        "forex": {
            "current": 1.2917111569195514,
            "diff_percent": 3.485339146584014
        }
    },
    "rub2eur": {
        "bank": {
            "current": 0.01071007818357074,
            "sparkline_full": "                 92.5             \n  ▁▁▂▂▃▂▁▁▃▅▅▃▂▂▂▅██▇▇▇▇▇███▇▇▇▇  \n  96.9                            "
        },
        "korona": {
            "current": 0.010234078657061274,
            "diff_percent": -4.444407579018882
        },
        "crypto": {
            "current": 0.01074750628557572,
            "diff_percent": 0.3494661884204976
        },
        "forex": {
            "current": 0.011022701688557702,
            "diff_percent": 2.9189656660632615
        }
    },
    "rub2usd": {
        "bank": {
            "current": 0.012215978499877841,
            "sparkline_full": "                             81.8 \n  ▁▁▃▃▃▂▁▁▃▅▅▃▂▂▂▃▅▆▆▅▅▅▅▆▆▇▇███  \n 85.1                             "
        },
        "korona": {
            "current": 0.011346463387714594,
            "diff_percent": -7.11785070816834
        },
        "crypto": {
            "current": 0.01223352954998833,
            "diff_percent": 0.14367289620446902
        },
        "forex": {
            "current": 0.012545351445475392,
            "diff_percent": 2.6962469326615546
        }
    },
    "xdr": {
        "rub2xdr": {
            "current_rate": 0.00897660883139666,
            "sparkline": "▁▁▁▁▁▁▁▁▂▃▃▂▁▁▁▂▄▄▄▄██▅▅▅▅▅▆▆▄"
        },
        "usd2xdr": {
            "current_rate": 0.715806,
            "sparkline": "▂▂▂▂▂▂▂▂▂▂▂▂▂▂▂▂▂▂▂▂▇▇▄▄▃▂▂▃▃▂"
        },
        "eur2xdr": {
            "current_rate": 0.8143746501563206,
            "sparkline": "▄▄▄▃▃▄▃▃▄▄▄▃▃▃▃▂▂▂▂▂▇▇▄▄▄▃▄▄▄▃"
        },
        "cny2xdr": {
            "current_rate": 0.09959732850980937,
            "sparkline": "▁▁▁▁▁▂▂▂▂▂▂▃▃▃▃▃▃▃▃▃██▄▄▃▃▃▄▄▃"
        },
        "rsd2xdr": {
            "current_rate": 0.006949393278295985,
            "sparkline": "▄▄▄▄▃▄▄▄▄▄▄▄▄▄▃▃▁▁▂▂██▄▄▄▄▄▄▄▃"
        }
    },
    "neer": {
        "rub": {
            "current_rate": 97.08453748013527,
            "sparkline": "▂▂▂▄▄▄▂▂▄▃▅▅▆▂▂▇▇▆▇▇▆▆▇▇▅▇▇▇▇▆"
        },
        "usd": {
            "current_rate": 104.27034267179535,
            "sparkline": "▆▆▅▅▅▅▅▅▅▅▅▅▅▅▅▆▆▅▅▅▅▅▅▅▄▄▄▃▃▃"
        },
        "eur": {
            "current_rate": 108.25803846319107,
            "sparkline": "▆▆▆▆▆▅▅▅▅▄▅▄▄▄▄▃▃▃▃▃▃▃▄▄▄▄▄▄▄▄"
        },
        "cny": {
            "current_rate": 103.72626873119634,
            "sparkline": "▄▄▄▄▄▃▃▃▂▄▄▄▄▄▄▆▇▅▅▅▅▅▅▅▄▄▄▄▄▄"
        },
        "rsd": {
            "current_rate": 109.2516677196098,
            "sparkline": "▅▆▅▅▅▅▅▅▅▅▅▅▄▆▆▆▄▃▃▃▄▄▄▅▄▄▄▄▄▄"
        }
    },
    "update_time": "2025-05-26 16:35:52",
    "update_time_display": "26.05 16:35"
}